{
  "component": {
    "kind": "component",
    "name": "aws2-eks",
    "title": "AWS Elastic Kubernetes Service (EKS)",
    "description": "Manage AWS EKS cluster instances using AWS SDK version 2.x.",
    "deprecated": false,
    "firstVersion": "3.1.0",
    "label": "cloud,management",
    "javaType": "org.apache.camel.component.aws2.eks.EKS2Component",
    "supportLevel": "Stable",
    "groupId": "org.apache.camel",
    "artifactId": "camel-aws2-eks",
    "version": "3.20.3-SNAPSHOT",
    "scheme": "aws2-eks",
    "extendsScheme": "",
    "syntax": "aws2-eks:label",
    "async": false,
    "api": false,
    "consumerOnly": false,
    "producerOnly": true,
    "lenientProperties": false
  },
  "componentProperties": {
    "configuration": { "kind": "property", "displayName": "Configuration", "group": "producer", "label": "", "required": false, "type": "object", "javaType": "org.apache.camel.component.aws2.eks.EKS2Configuration", "deprecated": false, "autowired": false, "secret": false, "description": "Component configuration" },
    "eksClient": { "kind": "property", "displayName": "Eks Client", "group": "producer", "label": "", "required": false, "type": "object", "javaType": "software.amazon.awssdk.services.eks.EksClient", "deprecated": false, "deprecationNote": "", "autowired": true, "secret": false, "configurationClass": "org.apache.camel.component.aws2.eks.EKS2Configuration", "configurationField": "configuration", "description": "To use a existing configured AWS EKS as client" },
    "lazyStartProducer": { "kind": "property", "displayName": "Lazy Start Producer", "group": "producer", "label": "producer", "required": false, "type": "boolean", "javaType": "boolean", "deprecated": false, "autowired": false, "secret": false, "defaultValue": false, "description": "Whether the producer should be started lazy (on the first message). By starting lazy you can use this to allow CamelContext and routes to startup in situations where a producer may otherwise fail during starting and cause the route to fail being started. By deferring this startup to be lazy then the startup failure can be handled during routing messages via Camel's routing error handlers. Beware that when the first message is processed then creating and starting the producer may take a little time and prolong the total processing time of the processing." },
    "operation": { "kind": "property", "displayName": "Operation", "group": "producer", "label": "", "required": true, "type": "object", "javaType": "org.apache.camel.component.aws2.eks.EKS2Operations", "enum": [ "listClusters", "describeCluster", "createCluster", "deleteCluster" ], "deprecated": false, "deprecationNote": "", "autowired": false, "secret": false, "configurationClass": "org.apache.camel.component.aws2.eks.EKS2Configuration", "configurationField": "configuration", "description": "The operation to perform" },
    "overrideEndpoint": { "kind": "property", "displayName": "Override Endpoint", "group": "producer", "label": "", "required": false, "type": "boolean", "javaType": "boolean", "deprecated": false, "autowired": false, "secret": false, "defaultValue": false, "configurationClass": "org.apache.camel.component.aws2.eks.EKS2Configuration", "configurationField": "configuration", "description": "Set the need for overidding the endpoint. This option needs to be used in combination with uriEndpointOverride option" },
    "pojoRequest": { "kind": "property", "displayName": "Pojo Request", "group": "producer", "label": "", "required": false, "type": "boolean", "javaType": "boolean", "deprecated": false, "autowired": false, "secret": false, "defaultValue": false, "configurationClass": "org.apache.camel.component.aws2.eks.EKS2Configuration", "configurationField": "configuration", "description": "If we want to use a POJO request as body or not" },
    "proxyHost": { "kind": "property", "displayName": "Proxy Host", "group": "producer", "label": "", "required": false, "type": "string", "javaType": "java.lang.String", "deprecated": false, "autowired": false, "secret": false, "configurationClass": "org.apache.camel.component.aws2.eks.EKS2Configuration", "configurationField": "configuration", "description": "To define a proxy host when instantiating the EKS client" },
    "proxyPort": { "kind": "property", "displayName": "Proxy Port", "group": "producer", "label": "", "required": false, "type": "integer", "javaType": "java.lang.Integer", "deprecated": false, "autowired": false, "secret": false, "configurationClass": "org.apache.camel.component.aws2.eks.EKS2Configuration", "configurationField": "configuration", "description": "To define a proxy port when instantiating the EKS client" },
    "proxyProtocol": { "kind": "property", "displayName": "Proxy Protocol", "group": "producer", "label": "", "required": false, "type": "object", "javaType": "software.amazon.awssdk.core.Protocol", "enum": [ "HTTP", "HTTPS" ], "deprecated": false, "autowired": false, "secret": false, "defaultValue": "HTTPS", "configurationClass": "org.apache.camel.component.aws2.eks.EKS2Configuration", "configurationField": "configuration", "description": "To define a proxy protocol when instantiating the EKS client" },
    "region": { "kind": "property", "displayName": "Region", "group": "producer", "label": "", "required": false, "type": "string", "javaType": "java.lang.String", "deprecated": false, "autowired": false, "secret": false, "configurationClass": "org.apache.camel.component.aws2.eks.EKS2Configuration", "configurationField": "configuration", "description": "The region in which EKS client needs to work. When using this parameter, the configuration will expect the lowercase name of the region (for example ap-east-1) You'll need to use the name Region.EU_WEST_1.id()" },
    "trustAllCertificates": { "kind": "property", "displayName": "Trust All Certificates", "group": "producer", "label": "", "required": false, "type": "boolean", "javaType": "boolean", "deprecated": false, "autowired": false, "secret": false, "defaultValue": false, "configurationClass": "org.apache.camel.component.aws2.eks.EKS2Configuration", "configurationField": "configuration", "description": "If we want to trust all certificates in case of overriding the endpoint" },
    "uriEndpointOverride": { "kind": "property", "displayName": "Uri Endpoint Override", "group": "producer", "label": "", "required": false, "type": "string", "javaType": "java.lang.String", "deprecated": false, "autowired": false, "secret": false, "configurationClass": "org.apache.camel.component.aws2.eks.EKS2Configuration", "configurationField": "configuration", "description": "Set the overriding uri endpoint. This option needs to be used in combination with overrideEndpoint option" },
    "useDefaultCredentialsProvider": { "kind": "property", "displayName": "Use Default Credentials Provider", "group": "producer", "label": "", "required": false, "type": "boolean", "javaType": "boolean", "deprecated": false, "autowired": false, "secret": false, "defaultValue": false, "configurationClass": "org.apache.camel.component.aws2.eks.EKS2Configuration", "configurationField": "configuration", "description": "Set whether the EKS client should expect to load credentials through a default credentials provider or to expect static credentials to be passed in." },
    "autowiredEnabled": { "kind": "property", "displayName": "Autowired Enabled", "group": "advanced", "label": "advanced", "required": false, "type": "boolean", "javaType": "boolean", "deprecated": false, "autowired": false, "secret": false, "defaultValue": true, "description": "Whether autowiring is enabled. This is used for automatic autowiring options (the option must be marked as autowired) by looking up in the registry to find if there is a single instance of matching type, which then gets configured on the component. This can be used for automatic configuring JDBC data sources, JMS connection factories, AWS Clients, etc." },
    "accessKey": { "kind": "property", "displayName": "Access Key", "group": "security", "label": "security", "required": false, "type": "string", "javaType": "java.lang.String", "deprecated": false, "autowired": false, "secret": true, "configurationClass": "org.apache.camel.component.aws2.eks.EKS2Configuration", "configurationField": "configuration", "description": "Amazon AWS Access Key" },
    "secretKey": { "kind": "property", "displayName": "Secret Key", "group": "security", "label": "security", "required": false, "type": "string", "javaType": "java.lang.String", "deprecated": false, "autowired": false, "secret": true, "configurationClass": "org.apache.camel.component.aws2.eks.EKS2Configuration", "configurationField": "configuration", "description": "Amazon AWS Secret Key" }
  },
  "headers": {
    "CamelAwsEKSOperation": { "kind": "header", "displayName": "", "group": "producer", "label": "", "required": false, "javaType": "String", "deprecated": false, "deprecationNote": "", "autowired": false, "secret": false, "description": "The operation we want to perform", "constantName": "org.apache.camel.component.aws2.eks.EKS2Constants#OPERATION" },
    "CamelAwsEKSMaxResults": { "kind": "header", "displayName": "", "group": "producer", "label": "", "required": false, "javaType": "Integer", "deprecated": false, "deprecationNote": "", "autowired": false, "secret": false, "description": "The limit number of results while listing clusters", "constantName": "org.apache.camel.component.aws2.eks.EKS2Constants#MAX_RESULTS" },
    "CamelAwsEKSDescription": { "kind": "header", "displayName": "", "group": "producer", "label": "", "required": false, "javaType": "String", "deprecated": false, "deprecationNote": "", "autowired": false, "secret": false, "description": "A key description to use while performing a createKey operation", "constantName": "org.apache.camel.component.aws2.eks.EKS2Constants#DESCRIPTION" },
    "CamelAwsEKSClusterName": { "kind": "header", "displayName": "", "group": "producer", "label": "", "required": false, "javaType": "String", "deprecated": false, "deprecationNote": "", "autowired": false, "secret": false, "description": "The cluster name", "constantName": "org.apache.camel.component.aws2.eks.EKS2Constants#CLUSTER_NAME" },
    "CamelAwsEKSRoleARN": { "kind": "header", "displayName": "", "group": "producer", "label": "", "required": false, "javaType": "String", "deprecated": false, "deprecationNote": "", "autowired": false, "secret": false, "description": "The role ARN to use while creating the cluster", "constantName": "org.apache.camel.component.aws2.eks.EKS2Constants#ROLE_ARN" },
    "CamelAwsEKSVPCConfig": { "kind": "header", "displayName": "", "group": "producer", "label": "", "required": false, "javaType": "software.amazon.awssdk.services.eks.model.VpcConfigRequest", "deprecated": false, "deprecationNote": "", "autowired": false, "secret": false, "description": "The VPC config for the creations of an EKS cluster", "constantName": "org.apache.camel.component.aws2.eks.EKS2Constants#VPC_CONFIG" }
  },
  "properties": {
    "label": { "kind": "path", "displayName": "Label", "group": "producer", "label": "", "required": true, "type": "string", "javaType": "java.lang.String", "deprecated": false, "deprecationNote": "", "autowired": false, "secret": false, "configurationClass": "org.apache.camel.component.aws2.eks.EKS2Configuration", "configurationField": "configuration", "description": "Logical name" },
    "eksClient": { "kind": "parameter", "displayName": "Eks Client", "group": "producer", "label": "", "required": false, "type": "object", "javaType": "software.amazon.awssdk.services.eks.EksClient", "deprecated": false, "deprecationNote": "", "autowired": true, "secret": false, "configurationClass": "org.apache.camel.component.aws2.eks.EKS2Configuration", "configurationField": "configuration", "description": "To use a existing configured AWS EKS as client" },
    "operation": { "kind": "parameter", "displayName": "Operation", "group": "producer", "label": "", "required": true, "type": "object", "javaType": "org.apache.camel.component.aws2.eks.EKS2Operations", "enum": [ "listClusters", "describeCluster", "createCluster", "deleteCluster" ], "deprecated": false, "deprecationNote": "", "autowired": false, "secret": false, "configurationClass": "org.apache.camel.component.aws2.eks.EKS2Configuration", "configurationField": "configuration", "description": "The operation to perform" },
    "overrideEndpoint": { "kind": "parameter", "displayName": "Override Endpoint", "group": "producer", "label": "", "required": false, "type": "boolean", "javaType": "boolean", "deprecated": false, "autowired": false, "secret": false, "defaultValue": false, "configurationClass": "org.apache.camel.component.aws2.eks.EKS2Configuration", "configurationField": "configuration", "description": "Set the need for overidding the endpoint. This option needs to be used in combination with uriEndpointOverride option" },
    "pojoRequest": { "kind": "parameter", "displayName": "Pojo Request", "group": "producer", "label": "", "required": false, "type": "boolean", "javaType": "boolean", "deprecated": false, "autowired": false, "secret": false, "defaultValue": false, "configurationClass": "org.apache.camel.component.aws2.eks.EKS2Configuration", "configurationField": "configuration", "description": "If we want to use a POJO request as body or not" },
    "proxyHost": { "kind": "parameter", "displayName": "Proxy Host", "group": "producer", "label": "", "required": false, "type": "string", "javaType": "java.lang.String", "deprecated": false, "autowired": false, "secret": false, "configurationClass": "org.apache.camel.component.aws2.eks.EKS2Configuration", "configurationField": "configuration", "description": "To define a proxy host when instantiating the EKS client" },
    "proxyPort": { "kind": "parameter", "displayName": "Proxy Port", "group": "producer", "label": "", "required": false, "type": "integer", "javaType": "java.lang.Integer", "deprecated": false, "autowired": false, "secret": false, "configurationClass": "org.apache.camel.component.aws2.eks.EKS2Configuration", "configurationField": "configuration", "description": "To define a proxy port when instantiating the EKS client" },
    "proxyProtocol": { "kind": "parameter", "displayName": "Proxy Protocol", "group": "producer", "label": "", "required": false, "type": "object", "javaType": "software.amazon.awssdk.core.Protocol", "enum": [ "HTTP", "HTTPS" ], "deprecated": false, "autowired": false, "secret": false, "defaultValue": "HTTPS", "configurationClass": "org.apache.camel.component.aws2.eks.EKS2Configuration", "configurationField": "configuration", "description": "To define a proxy protocol when instantiating the EKS client" },
    "region": { "kind": "parameter", "displayName": "Region", "group": "producer", "label": "", "required": false, "type": "string", "javaType": "java.lang.String", "deprecated": false, "autowired": false, "secret": false, "configurationClass": "org.apache.camel.component.aws2.eks.EKS2Configuration", "configurationField": "configuration", "description": "The region in which EKS client needs to work. When using this parameter, the configuration will expect the lowercase name of the region (for example ap-east-1) You'll need to use the name Region.EU_WEST_1.id()" },
    "trustAllCertificates": { "kind": "parameter", "displayName": "Trust All Certificates", "group": "producer", "label": "", "required": false, "type": "boolean", "javaType": "boolean", "deprecated": false, "autowired": false, "secret": false, "defaultValue": false, "configurationClass": "org.apache.camel.component.aws2.eks.EKS2Configuration", "configurationField": "configuration", "description": "If we want to trust all certificates in case of overriding the endpoint" },
    "uriEndpointOverride": { "kind": "parameter", "displayName": "Uri Endpoint Override", "group": "producer", "label": "", "required": false, "type": "string", "javaType": "java.lang.String", "deprecated": false, "autowired": false, "secret": false, "configurationClass": "org.apache.camel.component.aws2.eks.EKS2Configuration", "configurationField": "configuration", "description": "Set the overriding uri endpoint. This option needs to be used in combination with overrideEndpoint option" },
    "useDefaultCredentialsProvider": { "kind": "parameter", "displayName": "Use Default Credentials Provider", "group": "producer", "label": "", "required": false, "type": "boolean", "javaType": "boolean", "deprecated": false, "autowired": false, "secret": false, "defaultValue": false, "configurationClass": "org.apache.camel.component.aws2.eks.EKS2Configuration", "configurationField": "configuration", "description": "Set whether the EKS client should expect to load credentials through a default credentials provider or to expect static credentials to be passed in." },
    "lazyStartProducer": { "kind": "parameter", "displayName": "Lazy Start Producer", "group": "producer (advanced)", "label": "producer,advanced", "required": false, "type": "boolean", "javaType": "boolean", "deprecated": false, "autowired": false, "secret": false, "defaultValue": false, "description": "Whether the producer should be started lazy (on the first message). By starting lazy you can use this to allow CamelContext and routes to startup in situations where a producer may otherwise fail during starting and cause the route to fail being started. By deferring this startup to be lazy then the startup failure can be handled during routing messages via Camel's routing error handlers. Beware that when the first message is processed then creating and starting the producer may take a little time and prolong the total processing time of the processing." },
    "accessKey": { "kind": "parameter", "displayName": "Access Key", "group": "security", "label": "security", "required": false, "type": "string", "javaType": "java.lang.String", "deprecated": false, "autowired": false, "secret": true, "configurationClass": "org.apache.camel.component.aws2.eks.EKS2Configuration", "configurationField": "configuration", "description": "Amazon AWS Access Key" },
    "secretKey": { "kind": "parameter", "displayName": "Secret Key", "group": "security", "label": "security", "required": false, "type": "string", "javaType": "java.lang.String", "deprecated": false, "autowired": false, "secret": true, "configurationClass": "org.apache.camel.component.aws2.eks.EKS2Configuration", "configurationField": "configuration", "description": "Amazon AWS Secret Key" }
  }
}
