{
  "component": {
    "kind": "component",
    "name": "aws2-eventbridge",
    "title": "AWS Eventbridge",
    "description": "Manage AWS Eventbridge cluster instances using AWS SDK version 2.x.",
    "deprecated": false,
    "firstVersion": "3.6.0",
    "label": "cloud,management",
    "javaType": "org.apache.camel.component.aws2.eventbridge.EventbridgeComponent",
    "supportLevel": "Stable",
    "groupId": "org.apache.camel",
    "artifactId": "camel-aws2-eventbridge",
    "version": "3.20.3-SNAPSHOT",
    "scheme": "aws2-eventbridge",
    "extendsScheme": "",
    "syntax": "aws2-eventbridge:\/\/eventbusNameOrArn",
    "async": false,
    "api": false,
    "consumerOnly": false,
    "producerOnly": true,
    "lenientProperties": false
  },
  "componentProperties": {
    "configuration": { "kind": "property", "displayName": "Configuration", "group": "producer", "label": "", "required": false, "type": "object", "javaType": "org.apache.camel.component.aws2.eventbridge.EventbridgeConfiguration", "deprecated": false, "autowired": false, "secret": false, "description": "Component configuration" },
    "eventbridgeClient": { "kind": "property", "displayName": "Eventbridge Client", "group": "producer", "label": "", "required": false, "type": "object", "javaType": "software.amazon.awssdk.services.eventbridge.EventBridgeClient", "deprecated": false, "deprecationNote": "", "autowired": true, "secret": false, "configurationClass": "org.apache.camel.component.aws2.eventbridge.EventbridgeConfiguration", "configurationField": "configuration", "description": "To use a existing configured AWS Eventbridge as client" },
    "eventPatternFile": { "kind": "property", "displayName": "Event Pattern File", "group": "producer", "label": "", "required": false, "type": "string", "javaType": "java.lang.String", "deprecated": false, "autowired": false, "secret": false, "configurationClass": "org.apache.camel.component.aws2.eventbridge.EventbridgeConfiguration", "configurationField": "configuration", "description": "EventPattern File" },
    "lazyStartProducer": { "kind": "property", "displayName": "Lazy Start Producer", "group": "producer", "label": "producer", "required": false, "type": "boolean", "javaType": "boolean", "deprecated": false, "autowired": false, "secret": false, "defaultValue": false, "description": "Whether the producer should be started lazy (on the first message). By starting lazy you can use this to allow CamelContext and routes to startup in situations where a producer may otherwise fail during starting and cause the route to fail being started. By deferring this startup to be lazy then the startup failure can be handled during routing messages via Camel's routing error handlers. Beware that when the first message is processed then creating and starting the producer may take a little time and prolong the total processing time of the processing." },
    "operation": { "kind": "property", "displayName": "Operation", "group": "producer", "label": "", "required": true, "type": "object", "javaType": "org.apache.camel.component.aws2.eventbridge.EventbridgeOperations", "enum": [ "putRule", "putTargets", "removeTargets", "deleteRule", "enableRule", "disableRule", "describeRule", "listRules", "listTargetsByRule", "listRuleNamesByTarget", "putEvent" ], "deprecated": false, "deprecationNote": "", "autowired": false, "secret": false, "defaultValue": "putRule", "configurationClass": "org.apache.camel.component.aws2.eventbridge.EventbridgeConfiguration", "configurationField": "configuration", "description": "The operation to perform" },
    "overrideEndpoint": { "kind": "property", "displayName": "Override Endpoint", "group": "producer", "label": "", "required": false, "type": "boolean", "javaType": "boolean", "deprecated": false, "autowired": false, "secret": false, "defaultValue": false, "configurationClass": "org.apache.camel.component.aws2.eventbridge.EventbridgeConfiguration", "configurationField": "configuration", "description": "Set the need for overidding the endpoint. This option needs to be used in combination with uriEndpointOverride option" },
    "pojoRequest": { "kind": "property", "displayName": "Pojo Request", "group": "producer", "label": "", "required": false, "type": "boolean", "javaType": "boolean", "deprecated": false, "autowired": false, "secret": false, "defaultValue": false, "configurationClass": "org.apache.camel.component.aws2.eventbridge.EventbridgeConfiguration", "configurationField": "configuration", "description": "If we want to use a POJO request as body or not" },
    "proxyHost": { "kind": "property", "displayName": "Proxy Host", "group": "producer", "label": "", "required": false, "type": "string", "javaType": "java.lang.String", "deprecated": false, "autowired": false, "secret": false, "configurationClass": "org.apache.camel.component.aws2.eventbridge.EventbridgeConfiguration", "configurationField": "configuration", "description": "To define a proxy host when instantiating the Eventbridge client" },
    "proxyPort": { "kind": "property", "displayName": "Proxy Port", "group": "producer", "label": "", "required": false, "type": "integer", "javaType": "java.lang.Integer", "deprecated": false, "autowired": false, "secret": false, "configurationClass": "org.apache.camel.component.aws2.eventbridge.EventbridgeConfiguration", "configurationField": "configuration", "description": "To define a proxy port when instantiating the Eventbridge client" },
    "proxyProtocol": { "kind": "property", "displayName": "Proxy Protocol", "group": "producer", "label": "", "required": false, "type": "object", "javaType": "software.amazon.awssdk.core.Protocol", "enum": [ "HTTP", "HTTPS" ], "deprecated": false, "autowired": false, "secret": false, "defaultValue": "HTTPS", "configurationClass": "org.apache.camel.component.aws2.eventbridge.EventbridgeConfiguration", "configurationField": "configuration", "description": "To define a proxy protocol when instantiating the Eventbridge client" },
    "region": { "kind": "property", "displayName": "Region", "group": "producer", "label": "", "required": false, "type": "string", "javaType": "java.lang.String", "deprecated": false, "autowired": false, "secret": false, "configurationClass": "org.apache.camel.component.aws2.eventbridge.EventbridgeConfiguration", "configurationField": "configuration", "description": "The region in which Eventbridge client needs to work. When using this parameter, the configuration will expect the lowercase name of the region (for example ap-east-1) You'll need to use the name Region.EU_WEST_1.id()" },
    "trustAllCertificates": { "kind": "property", "displayName": "Trust All Certificates", "group": "producer", "label": "", "required": false, "type": "boolean", "javaType": "boolean", "deprecated": false, "autowired": false, "secret": false, "defaultValue": false, "configurationClass": "org.apache.camel.component.aws2.eventbridge.EventbridgeConfiguration", "configurationField": "configuration", "description": "If we want to trust all certificates in case of overriding the endpoint" },
    "uriEndpointOverride": { "kind": "property", "displayName": "Uri Endpoint Override", "group": "producer", "label": "", "required": false, "type": "string", "javaType": "java.lang.String", "deprecated": false, "autowired": false, "secret": false, "configurationClass": "org.apache.camel.component.aws2.eventbridge.EventbridgeConfiguration", "configurationField": "configuration", "description": "Set the overriding uri endpoint. This option needs to be used in combination with overrideEndpoint option" },
    "useDefaultCredentialsProvider": { "kind": "property", "displayName": "Use Default Credentials Provider", "group": "producer", "label": "", "required": false, "type": "boolean", "javaType": "boolean", "deprecated": false, "autowired": false, "secret": false, "defaultValue": false, "configurationClass": "org.apache.camel.component.aws2.eventbridge.EventbridgeConfiguration", "configurationField": "configuration", "description": "Set whether the Eventbridge client should expect to load credentials through a default credentials provider or to expect static credentials to be passed in." },
    "autowiredEnabled": { "kind": "property", "displayName": "Autowired Enabled", "group": "advanced", "label": "advanced", "required": false, "type": "boolean", "javaType": "boolean", "deprecated": false, "autowired": false, "secret": false, "defaultValue": true, "description": "Whether autowiring is enabled. This is used for automatic autowiring options (the option must be marked as autowired) by looking up in the registry to find if there is a single instance of matching type, which then gets configured on the component. This can be used for automatic configuring JDBC data sources, JMS connection factories, AWS Clients, etc." },
    "accessKey": { "kind": "property", "displayName": "Access Key", "group": "security", "label": "security", "required": false, "type": "string", "javaType": "java.lang.String", "deprecated": false, "autowired": false, "secret": true, "configurationClass": "org.apache.camel.component.aws2.eventbridge.EventbridgeConfiguration", "configurationField": "configuration", "description": "Amazon AWS Access Key" },
    "secretKey": { "kind": "property", "displayName": "Secret Key", "group": "security", "label": "security", "required": false, "type": "string", "javaType": "java.lang.String", "deprecated": false, "autowired": false, "secret": true, "configurationClass": "org.apache.camel.component.aws2.eventbridge.EventbridgeConfiguration", "configurationField": "configuration", "description": "Amazon AWS Secret Key" }
  },
  "headers": {
    "CamelAwsEventbridgeOperation": { "kind": "header", "displayName": "", "group": "producer", "label": "", "required": false, "javaType": "String", "deprecated": false, "deprecationNote": "", "autowired": false, "secret": false, "description": "The operation we want to perform", "constantName": "org.apache.camel.component.aws2.eventbridge.EventbridgeConstants#OPERATION" },
    "CamelAwsEventbridgeRuleName": { "kind": "header", "displayName": "", "group": "producer", "label": "", "required": false, "javaType": "String", "deprecated": false, "deprecationNote": "", "autowired": false, "secret": false, "description": "The name of the rule.", "constantName": "org.apache.camel.component.aws2.eventbridge.EventbridgeConstants#RULE_NAME" },
    "CamelAwsEventbridgeRuleNamePrefix": { "kind": "header", "displayName": "", "group": "producer", "label": "", "required": false, "javaType": "String", "deprecated": false, "deprecationNote": "", "autowired": false, "secret": false, "description": "The prefix matching the rule name.", "constantName": "org.apache.camel.component.aws2.eventbridge.EventbridgeConstants#RULE_NAME_PREFIX" },
    "CamelAwsEventbridgeEventPattern": { "kind": "header", "displayName": "", "group": "producer", "label": "", "required": false, "javaType": "String", "deprecated": false, "deprecationNote": "", "autowired": false, "secret": false, "description": "The event pattern.", "constantName": "org.apache.camel.component.aws2.eventbridge.EventbridgeConstants#EVENT_PATTERN" },
    "CamelAwsEventbridgeTargets": { "kind": "header", "displayName": "", "group": "producer", "label": "", "required": false, "javaType": "Collection<Target>", "deprecated": false, "deprecationNote": "", "autowired": false, "secret": false, "description": "The targets to update or add to the rule.", "constantName": "org.apache.camel.component.aws2.eventbridge.EventbridgeConstants#TARGETS" },
    "CamelAwsEventbridgeTargetsIds": { "kind": "header", "displayName": "", "group": "producer", "label": "", "required": false, "javaType": "Collection<String>", "deprecated": false, "deprecationNote": "", "autowired": false, "secret": false, "description": "The IDs of the targets to remove from the rule.", "constantName": "org.apache.camel.component.aws2.eventbridge.EventbridgeConstants#TARGETS_IDS" },
    "CamelAwsEventbridgeTargetArn": { "kind": "header", "displayName": "", "group": "producer", "label": "", "required": false, "javaType": "String", "deprecated": false, "deprecationNote": "", "autowired": false, "secret": false, "description": "The Amazon Resource Name (ARN) of the target resource.", "constantName": "org.apache.camel.component.aws2.eventbridge.EventbridgeConstants#TARGET_ARN" },
    "CamelAwsEventbridgeResourcesArn": { "kind": "header", "displayName": "", "group": "producer", "label": "", "required": false, "javaType": "String", "deprecated": false, "deprecationNote": "", "autowired": false, "secret": false, "description": "Comma separated list of Amazon Resource Names (ARN) of the resources related to Event", "constantName": "org.apache.camel.component.aws2.eventbridge.EventbridgeConstants#EVENT_RESOURCES_ARN" },
    "CamelAwsEventbridgeSource": { "kind": "header", "displayName": "", "group": "producer", "label": "", "required": false, "javaType": "String", "deprecated": false, "deprecationNote": "", "autowired": false, "secret": false, "description": "The source related to Event", "constantName": "org.apache.camel.component.aws2.eventbridge.EventbridgeConstants#EVENT_SOURCE" },
    "CamelAwsEventbridgeDetailType": { "kind": "header", "displayName": "", "group": "producer", "label": "", "required": false, "javaType": "String", "deprecated": false, "deprecationNote": "", "autowired": false, "secret": false, "description": "The detail type related to Event", "constantName": "org.apache.camel.component.aws2.eventbridge.EventbridgeConstants#EVENT_DETAIL_TYPE" }
  },
  "properties": {
    "eventbusNameOrArn": { "kind": "path", "displayName": "Eventbus Name Or Arn", "group": "producer", "label": "", "required": true, "type": "string", "javaType": "java.lang.String", "deprecated": false, "deprecationNote": "", "autowired": false, "secret": false, "description": "Event bus name or ARN" },
    "eventbridgeClient": { "kind": "parameter", "displayName": "Eventbridge Client", "group": "producer", "label": "", "required": false, "type": "object", "javaType": "software.amazon.awssdk.services.eventbridge.EventBridgeClient", "deprecated": false, "deprecationNote": "", "autowired": true, "secret": false, "configurationClass": "org.apache.camel.component.aws2.eventbridge.EventbridgeConfiguration", "configurationField": "configuration", "description": "To use a existing configured AWS Eventbridge as client" },
    "eventPatternFile": { "kind": "parameter", "displayName": "Event Pattern File", "group": "producer", "label": "", "required": false, "type": "string", "javaType": "java.lang.String", "deprecated": false, "autowired": false, "secret": false, "configurationClass": "org.apache.camel.component.aws2.eventbridge.EventbridgeConfiguration", "configurationField": "configuration", "description": "EventPattern File" },
    "operation": { "kind": "parameter", "displayName": "Operation", "group": "producer", "label": "", "required": true, "type": "object", "javaType": "org.apache.camel.component.aws2.eventbridge.EventbridgeOperations", "enum": [ "putRule", "putTargets", "removeTargets", "deleteRule", "enableRule", "disableRule", "describeRule", "listRules", "listTargetsByRule", "listRuleNamesByTarget", "putEvent" ], "deprecated": false, "deprecationNote": "", "autowired": false, "secret": false, "defaultValue": "putRule", "configurationClass": "org.apache.camel.component.aws2.eventbridge.EventbridgeConfiguration", "configurationField": "configuration", "description": "The operation to perform" },
    "overrideEndpoint": { "kind": "parameter", "displayName": "Override Endpoint", "group": "producer", "label": "", "required": false, "type": "boolean", "javaType": "boolean", "deprecated": false, "autowired": false, "secret": false, "defaultValue": false, "configurationClass": "org.apache.camel.component.aws2.eventbridge.EventbridgeConfiguration", "configurationField": "configuration", "description": "Set the need for overidding the endpoint. This option needs to be used in combination with uriEndpointOverride option" },
    "pojoRequest": { "kind": "parameter", "displayName": "Pojo Request", "group": "producer", "label": "", "required": false, "type": "boolean", "javaType": "boolean", "deprecated": false, "autowired": false, "secret": false, "defaultValue": false, "configurationClass": "org.apache.camel.component.aws2.eventbridge.EventbridgeConfiguration", "configurationField": "configuration", "description": "If we want to use a POJO request as body or not" },
    "proxyHost": { "kind": "parameter", "displayName": "Proxy Host", "group": "producer", "label": "", "required": false, "type": "string", "javaType": "java.lang.String", "deprecated": false, "autowired": false, "secret": false, "configurationClass": "org.apache.camel.component.aws2.eventbridge.EventbridgeConfiguration", "configurationField": "configuration", "description": "To define a proxy host when instantiating the Eventbridge client" },
    "proxyPort": { "kind": "parameter", "displayName": "Proxy Port", "group": "producer", "label": "", "required": false, "type": "integer", "javaType": "java.lang.Integer", "deprecated": false, "autowired": false, "secret": false, "configurationClass": "org.apache.camel.component.aws2.eventbridge.EventbridgeConfiguration", "configurationField": "configuration", "description": "To define a proxy port when instantiating the Eventbridge client" },
    "proxyProtocol": { "kind": "parameter", "displayName": "Proxy Protocol", "group": "producer", "label": "", "required": false, "type": "object", "javaType": "software.amazon.awssdk.core.Protocol", "enum": [ "HTTP", "HTTPS" ], "deprecated": false, "autowired": false, "secret": false, "defaultValue": "HTTPS", "configurationClass": "org.apache.camel.component.aws2.eventbridge.EventbridgeConfiguration", "configurationField": "configuration", "description": "To define a proxy protocol when instantiating the Eventbridge client" },
    "region": { "kind": "parameter", "displayName": "Region", "group": "producer", "label": "", "required": false, "type": "string", "javaType": "java.lang.String", "deprecated": false, "autowired": false, "secret": false, "configurationClass": "org.apache.camel.component.aws2.eventbridge.EventbridgeConfiguration", "configurationField": "configuration", "description": "The region in which Eventbridge client needs to work. When using this parameter, the configuration will expect the lowercase name of the region (for example ap-east-1) You'll need to use the name Region.EU_WEST_1.id()" },
    "trustAllCertificates": { "kind": "parameter", "displayName": "Trust All Certificates", "group": "producer", "label": "", "required": false, "type": "boolean", "javaType": "boolean", "deprecated": false, "autowired": false, "secret": false, "defaultValue": false, "configurationClass": "org.apache.camel.component.aws2.eventbridge.EventbridgeConfiguration", "configurationField": "configuration", "description": "If we want to trust all certificates in case of overriding the endpoint" },
    "uriEndpointOverride": { "kind": "parameter", "displayName": "Uri Endpoint Override", "group": "producer", "label": "", "required": false, "type": "string", "javaType": "java.lang.String", "deprecated": false, "autowired": false, "secret": false, "configurationClass": "org.apache.camel.component.aws2.eventbridge.EventbridgeConfiguration", "configurationField": "configuration", "description": "Set the overriding uri endpoint. This option needs to be used in combination with overrideEndpoint option" },
    "useDefaultCredentialsProvider": { "kind": "parameter", "displayName": "Use Default Credentials Provider", "group": "producer", "label": "", "required": false, "type": "boolean", "javaType": "boolean", "deprecated": false, "autowired": false, "secret": false, "defaultValue": false, "configurationClass": "org.apache.camel.component.aws2.eventbridge.EventbridgeConfiguration", "configurationField": "configuration", "description": "Set whether the Eventbridge client should expect to load credentials through a default credentials provider or to expect static credentials to be passed in." },
    "lazyStartProducer": { "kind": "parameter", "displayName": "Lazy Start Producer", "group": "producer (advanced)", "label": "producer,advanced", "required": false, "type": "boolean", "javaType": "boolean", "deprecated": false, "autowired": false, "secret": false, "defaultValue": false, "description": "Whether the producer should be started lazy (on the first message). By starting lazy you can use this to allow CamelContext and routes to startup in situations where a producer may otherwise fail during starting and cause the route to fail being started. By deferring this startup to be lazy then the startup failure can be handled during routing messages via Camel's routing error handlers. Beware that when the first message is processed then creating and starting the producer may take a little time and prolong the total processing time of the processing." },
    "accessKey": { "kind": "parameter", "displayName": "Access Key", "group": "security", "label": "security", "required": false, "type": "string", "javaType": "java.lang.String", "deprecated": false, "autowired": false, "secret": true, "configurationClass": "org.apache.camel.component.aws2.eventbridge.EventbridgeConfiguration", "configurationField": "configuration", "description": "Amazon AWS Access Key" },
    "secretKey": { "kind": "parameter", "displayName": "Secret Key", "group": "security", "label": "security", "required": false, "type": "string", "javaType": "java.lang.String", "deprecated": false, "autowired": false, "secret": true, "configurationClass": "org.apache.camel.component.aws2.eventbridge.EventbridgeConfiguration", "configurationField": "configuration", "description": "Amazon AWS Secret Key" }
  }
}
