{
  "component": {
    "kind": "component",
    "name": "aws2-sqs",
    "title": "AWS Simple Queue Service (SQS)",
    "description": "Send and receive messages to\/from AWS SQS service using AWS SDK version 2.x.",
    "deprecated": false,
    "firstVersion": "3.1.0",
    "label": "cloud,messaging",
    "javaType": "org.apache.camel.component.aws2.sqs.Sqs2Component",
    "supportLevel": "Stable",
    "groupId": "org.apache.camel",
    "artifactId": "camel-aws2-sqs",
    "version": "3.20.3-SNAPSHOT",
    "scheme": "aws2-sqs",
    "extendsScheme": "",
    "syntax": "aws2-sqs:queueNameOrArn",
    "async": false,
    "api": false,
    "consumerOnly": false,
    "producerOnly": false,
    "lenientProperties": false
  },
  "componentProperties": {
    "amazonAWSHost": { "kind": "property", "displayName": "Amazon AWSHost", "group": "common", "label": "", "required": false, "type": "string", "javaType": "java.lang.String", "deprecated": false, "autowired": false, "secret": false, "defaultValue": "amazonaws.com", "configurationClass": "org.apache.camel.component.aws2.sqs.Sqs2Configuration", "configurationField": "configuration", "description": "The hostname of the Amazon AWS cloud." },
    "amazonSQSClient": { "kind": "property", "displayName": "Amazon SQSClient", "group": "common", "label": "", "required": false, "type": "object", "javaType": "software.amazon.awssdk.services.sqs.SqsClient", "deprecated": false, "deprecationNote": "", "autowired": true, "secret": false, "configurationClass": "org.apache.camel.component.aws2.sqs.Sqs2Configuration", "configurationField": "configuration", "description": "To use the AmazonSQS as client" },
    "autoCreateQueue": { "kind": "property", "displayName": "Auto Create Queue", "group": "common", "label": "", "required": false, "type": "boolean", "javaType": "boolean", "deprecated": false, "autowired": false, "secret": false, "defaultValue": false, "configurationClass": "org.apache.camel.component.aws2.sqs.Sqs2Configuration", "configurationField": "configuration", "description": "Setting the autocreation of the queue" },
    "configuration": { "kind": "property", "displayName": "Configuration", "group": "common", "label": "", "required": false, "type": "object", "javaType": "org.apache.camel.component.aws2.sqs.Sqs2Configuration", "deprecated": false, "autowired": false, "secret": false, "description": "The AWS SQS default configuration" },
    "overrideEndpoint": { "kind": "property", "displayName": "Override Endpoint", "group": "common", "label": "", "required": false, "type": "boolean", "javaType": "boolean", "deprecated": false, "autowired": false, "secret": false, "defaultValue": false, "configurationClass": "org.apache.camel.component.aws2.sqs.Sqs2Configuration", "configurationField": "configuration", "description": "Set the need for overriding the endpoint. This option needs to be used in combination with uriEndpointOverride option" },
    "protocol": { "kind": "property", "displayName": "Protocol", "group": "common", "label": "", "required": false, "type": "string", "javaType": "java.lang.String", "deprecated": false, "autowired": false, "secret": false, "defaultValue": "https", "configurationClass": "org.apache.camel.component.aws2.sqs.Sqs2Configuration", "configurationField": "configuration", "description": "The underlying protocol used to communicate with SQS" },
    "proxyProtocol": { "kind": "property", "displayName": "Proxy Protocol", "group": "common", "label": "", "required": false, "type": "object", "javaType": "software.amazon.awssdk.core.Protocol", "enum": [ "HTTP", "HTTPS" ], "deprecated": false, "autowired": false, "secret": false, "defaultValue": "HTTPS", "configurationClass": "org.apache.camel.component.aws2.sqs.Sqs2Configuration", "configurationField": "configuration", "description": "To define a proxy protocol when instantiating the SQS client" },
    "queueOwnerAWSAccountId": { "kind": "property", "displayName": "Queue Owner AWSAccount Id", "group": "common", "label": "", "required": false, "type": "string", "javaType": "java.lang.String", "deprecated": false, "autowired": false, "secret": true, "configurationClass": "org.apache.camel.component.aws2.sqs.Sqs2Configuration", "configurationField": "configuration", "description": "Specify the queue owner aws account id when you need to connect the queue with different account owner." },
    "region": { "kind": "property", "displayName": "Region", "group": "common", "label": "", "required": false, "type": "string", "javaType": "java.lang.String", "deprecated": false, "autowired": false, "secret": false, "configurationClass": "org.apache.camel.component.aws2.sqs.Sqs2Configuration", "configurationField": "configuration", "description": "The region in which SQS client needs to work. When using this parameter, the configuration will expect the lowercase name of the region (for example ap-east-1) You'll need to use the name Region.EU_WEST_1.id()" },
    "trustAllCertificates": { "kind": "property", "displayName": "Trust All Certificates", "group": "common", "label": "", "required": false, "type": "boolean", "javaType": "boolean", "deprecated": false, "autowired": false, "secret": false, "defaultValue": false, "configurationClass": "org.apache.camel.component.aws2.sqs.Sqs2Configuration", "configurationField": "configuration", "description": "If we want to trust all certificates in case of overriding the endpoint" },
    "uriEndpointOverride": { "kind": "property", "displayName": "Uri Endpoint Override", "group": "common", "label": "", "required": false, "type": "string", "javaType": "java.lang.String", "deprecated": false, "autowired": false, "secret": false, "configurationClass": "org.apache.camel.component.aws2.sqs.Sqs2Configuration", "configurationField": "configuration", "description": "Set the overriding uri endpoint. This option needs to be used in combination with overrideEndpoint option" },
    "useDefaultCredentialsProvider": { "kind": "property", "displayName": "Use Default Credentials Provider", "group": "common", "label": "", "required": false, "type": "boolean", "javaType": "boolean", "deprecated": false, "autowired": false, "secret": false, "defaultValue": false, "configurationClass": "org.apache.camel.component.aws2.sqs.Sqs2Configuration", "configurationField": "configuration", "description": "Set whether the SQS client should expect to load credentials on an AWS infra instance or to expect static credentials to be passed in." },
    "attributeNames": { "kind": "property", "displayName": "Attribute Names", "group": "consumer", "label": "consumer", "required": false, "type": "string", "javaType": "java.lang.String", "deprecated": false, "autowired": false, "secret": false, "configurationClass": "org.apache.camel.component.aws2.sqs.Sqs2Configuration", "configurationField": "configuration", "description": "A list of attribute names to receive when consuming. Multiple names can be separated by comma." },
    "bridgeErrorHandler": { "kind": "property", "displayName": "Bridge Error Handler", "group": "consumer", "label": "consumer", "required": false, "type": "boolean", "javaType": "boolean", "deprecated": false, "autowired": false, "secret": false, "defaultValue": false, "description": "Allows for bridging the consumer to the Camel routing Error Handler, which mean any exceptions occurred while the consumer is trying to pickup incoming messages, or the likes, will now be processed as a message and handled by the routing Error Handler. By default the consumer will use the org.apache.camel.spi.ExceptionHandler to deal with exceptions, that will be logged at WARN or ERROR level and ignored." },
    "concurrentConsumers": { "kind": "property", "displayName": "Concurrent Consumers", "group": "consumer", "label": "consumer", "required": false, "type": "integer", "javaType": "int", "deprecated": false, "autowired": false, "secret": false, "defaultValue": 1, "configurationClass": "org.apache.camel.component.aws2.sqs.Sqs2Configuration", "configurationField": "configuration", "description": "Allows you to use multiple threads to poll the sqs queue to increase throughput" },
    "defaultVisibilityTimeout": { "kind": "property", "displayName": "Default Visibility Timeout", "group": "consumer", "label": "consumer", "required": false, "type": "integer", "javaType": "java.lang.Integer", "deprecated": false, "autowired": false, "secret": false, "configurationClass": "org.apache.camel.component.aws2.sqs.Sqs2Configuration", "configurationField": "configuration", "description": "The default visibility timeout (in seconds)" },
    "deleteAfterRead": { "kind": "property", "displayName": "Delete After Read", "group": "consumer", "label": "consumer", "required": false, "type": "boolean", "javaType": "boolean", "deprecated": false, "autowired": false, "secret": false, "defaultValue": true, "configurationClass": "org.apache.camel.component.aws2.sqs.Sqs2Configuration", "configurationField": "configuration", "description": "Delete message from SQS after it has been read" },
    "deleteIfFiltered": { "kind": "property", "displayName": "Delete If Filtered", "group": "consumer", "label": "consumer", "required": false, "type": "boolean", "javaType": "boolean", "deprecated": false, "autowired": false, "secret": false, "defaultValue": true, "configurationClass": "org.apache.camel.component.aws2.sqs.Sqs2Configuration", "configurationField": "configuration", "description": "Whether or not to send the DeleteMessage to the SQS queue if the exchange has property with key Sqs2Constants#SQS_DELETE_FILTERED (CamelAwsSqsDeleteFiltered) set to true." },
    "extendMessageVisibility": { "kind": "property", "displayName": "Extend Message Visibility", "group": "consumer", "label": "consumer", "required": false, "type": "boolean", "javaType": "boolean", "deprecated": false, "autowired": false, "secret": false, "defaultValue": false, "configurationClass": "org.apache.camel.component.aws2.sqs.Sqs2Configuration", "configurationField": "configuration", "description": "If enabled then a scheduled background task will keep extending the message visibility on SQS. This is needed if it takes a long time to process the message. If set to true defaultVisibilityTimeout must be set. See details at Amazon docs." },
    "kmsDataKeyReusePeriodSeconds": { "kind": "property", "displayName": "Kms Data Key Reuse Period Seconds", "group": "consumer", "label": "consumer", "required": false, "type": "integer", "javaType": "java.lang.Integer", "deprecated": false, "autowired": false, "secret": false, "configurationClass": "org.apache.camel.component.aws2.sqs.Sqs2Configuration", "configurationField": "configuration", "description": "The length of time, in seconds, for which Amazon SQS can reuse a data key to encrypt or decrypt messages before calling AWS KMS again. An integer representing seconds, between 60 seconds (1 minute) and 86,400 seconds (24 hours). Default: 300 (5 minutes)." },
    "kmsMasterKeyId": { "kind": "property", "displayName": "Kms Master Key Id", "group": "consumer", "label": "consumer", "required": false, "type": "string", "javaType": "java.lang.String", "deprecated": false, "autowired": false, "secret": false, "configurationClass": "org.apache.camel.component.aws2.sqs.Sqs2Configuration", "configurationField": "configuration", "description": "The ID of an AWS-managed customer master key (CMK) for Amazon SQS or a custom CMK." },
    "messageAttributeNames": { "kind": "property", "displayName": "Message Attribute Names", "group": "consumer", "label": "consumer", "required": false, "type": "string", "javaType": "java.lang.String", "deprecated": false, "autowired": false, "secret": false, "configurationClass": "org.apache.camel.component.aws2.sqs.Sqs2Configuration", "configurationField": "configuration", "description": "A list of message attribute names to receive when consuming. Multiple names can be separated by comma." },
    "serverSideEncryptionEnabled": { "kind": "property", "displayName": "Server Side Encryption Enabled", "group": "consumer", "label": "consumer", "required": false, "type": "boolean", "javaType": "boolean", "deprecated": false, "autowired": false, "secret": false, "defaultValue": false, "configurationClass": "org.apache.camel.component.aws2.sqs.Sqs2Configuration", "configurationField": "configuration", "description": "Define if Server Side Encryption is enabled or not on the queue" },
    "visibilityTimeout": { "kind": "property", "displayName": "Visibility Timeout", "group": "consumer", "label": "consumer", "required": false, "type": "integer", "javaType": "java.lang.Integer", "deprecated": false, "autowired": false, "secret": false, "configurationClass": "org.apache.camel.component.aws2.sqs.Sqs2Configuration", "configurationField": "configuration", "description": "The duration (in seconds) that the received messages are hidden from subsequent retrieve requests after being retrieved by a ReceiveMessage request to set in the com.amazonaws.services.sqs.model.SetQueueAttributesRequest. This only make sense if its different from defaultVisibilityTimeout. It changes the queue visibility timeout attribute permanently." },
    "waitTimeSeconds": { "kind": "property", "displayName": "Wait Time Seconds", "group": "consumer", "label": "consumer", "required": false, "type": "integer", "javaType": "java.lang.Integer", "deprecated": false, "autowired": false, "secret": false, "configurationClass": "org.apache.camel.component.aws2.sqs.Sqs2Configuration", "configurationField": "configuration", "description": "Duration in seconds (0 to 20) that the ReceiveMessage action call will wait until a message is in the queue to include in the response." },
    "batchSeparator": { "kind": "property", "displayName": "Batch Separator", "group": "producer", "label": "producer", "required": false, "type": "string", "javaType": "java.lang.String", "deprecated": false, "autowired": false, "secret": false, "defaultValue": ",", "configurationClass": "org.apache.camel.component.aws2.sqs.Sqs2Configuration", "configurationField": "configuration", "description": "Set the separator when passing a String to send batch message operation" },
    "delaySeconds": { "kind": "property", "displayName": "Delay Seconds", "group": "producer", "label": "producer", "required": false, "type": "integer", "javaType": "java.lang.Integer", "deprecated": false, "autowired": false, "secret": false, "configurationClass": "org.apache.camel.component.aws2.sqs.Sqs2Configuration", "configurationField": "configuration", "description": "Delay sending messages for a number of seconds." },
    "lazyStartProducer": { "kind": "property", "displayName": "Lazy Start Producer", "group": "producer", "label": "producer", "required": false, "type": "boolean", "javaType": "boolean", "deprecated": false, "autowired": false, "secret": false, "defaultValue": false, "description": "Whether the producer should be started lazy (on the first message). By starting lazy you can use this to allow CamelContext and routes to startup in situations where a producer may otherwise fail during starting and cause the route to fail being started. By deferring this startup to be lazy then the startup failure can be handled during routing messages via Camel's routing error handlers. Beware that when the first message is processed then creating and starting the producer may take a little time and prolong the total processing time of the processing." },
    "messageDeduplicationIdStrategy": { "kind": "property", "displayName": "Message Deduplication Id Strategy", "group": "producer", "label": "producer", "required": false, "type": "string", "javaType": "java.lang.String", "enum": [ "useExchangeId", "useContentBasedDeduplication" ], "deprecated": false, "autowired": false, "secret": false, "defaultValue": "useExchangeId", "configurationClass": "org.apache.camel.component.aws2.sqs.Sqs2Configuration", "configurationField": "configuration", "description": "Only for FIFO queues. Strategy for setting the messageDeduplicationId on the message. Can be one of the following options: useExchangeId, useContentBasedDeduplication. For the useContentBasedDeduplication option, no messageDeduplicationId will be set on the message." },
    "messageGroupIdStrategy": { "kind": "property", "displayName": "Message Group Id Strategy", "group": "producer", "label": "producer", "required": false, "type": "string", "javaType": "java.lang.String", "enum": [ "useConstant", "useExchangeId", "usePropertyValue" ], "deprecated": false, "autowired": false, "secret": false, "configurationClass": "org.apache.camel.component.aws2.sqs.Sqs2Configuration", "configurationField": "configuration", "description": "Only for FIFO queues. Strategy for setting the messageGroupId on the message. Can be one of the following options: useConstant, useExchangeId, usePropertyValue. For the usePropertyValue option, the value of property CamelAwsMessageGroupId will be used." },
    "messageHeaderExceededLimit": { "kind": "property", "displayName": "Message Header Exceeded Limit", "group": "producer", "label": "producer", "required": false, "type": "string", "javaType": "java.lang.String", "enum": [ "WARN", "WARN_ONCE", "IGNORE", "FAIL" ], "deprecated": false, "autowired": false, "secret": false, "defaultValue": "WARN", "configurationClass": "org.apache.camel.component.aws2.sqs.Sqs2Configuration", "configurationField": "configuration", "description": "What to do if sending to AWS SQS has more messages than AWS allows (currently only maximum 10 message headers is allowed). WARN will log a WARN about the limit is for each additional header, so the message can be sent to AWS. WARN_ONCE will only log one time a WARN about the limit is hit, and drop additional headers, so the message can be sent to AWS. IGNORE will ignore (no logging) and drop additional headers, so the message can be sent to AWS. FAIL will cause an exception to be thrown and the message is not sent to AWS." },
    "operation": { "kind": "property", "displayName": "Operation", "group": "producer", "label": "producer", "required": false, "type": "object", "javaType": "org.apache.camel.component.aws2.sqs.Sqs2Operations", "enum": [ "sendBatchMessage", "deleteMessage", "listQueues", "purgeQueue", "deleteQueue" ], "deprecated": false, "autowired": false, "secret": false, "configurationClass": "org.apache.camel.component.aws2.sqs.Sqs2Configuration", "configurationField": "configuration", "description": "The operation to do in case the user don't want to send only a message" },
    "autowiredEnabled": { "kind": "property", "displayName": "Autowired Enabled", "group": "advanced", "label": "advanced", "required": false, "type": "boolean", "javaType": "boolean", "deprecated": false, "autowired": false, "secret": false, "defaultValue": true, "description": "Whether autowiring is enabled. This is used for automatic autowiring options (the option must be marked as autowired) by looking up in the registry to find if there is a single instance of matching type, which then gets configured on the component. This can be used for automatic configuring JDBC data sources, JMS connection factories, AWS Clients, etc." },
    "delayQueue": { "kind": "property", "displayName": "Delay Queue", "group": "advanced", "label": "advanced", "required": false, "type": "boolean", "javaType": "boolean", "deprecated": false, "autowired": false, "secret": false, "defaultValue": false, "configurationClass": "org.apache.camel.component.aws2.sqs.Sqs2Configuration", "configurationField": "configuration", "description": "Define if you want to apply delaySeconds option to the queue or on single messages" },
    "proxyHost": { "kind": "property", "displayName": "Proxy Host", "group": "proxy", "label": "proxy", "required": false, "type": "string", "javaType": "java.lang.String", "deprecated": false, "autowired": false, "secret": false, "configurationClass": "org.apache.camel.component.aws2.sqs.Sqs2Configuration", "configurationField": "configuration", "description": "To define a proxy host when instantiating the SQS client" },
    "proxyPort": { "kind": "property", "displayName": "Proxy Port", "group": "proxy", "label": "proxy", "required": false, "type": "integer", "javaType": "java.lang.Integer", "deprecated": false, "autowired": false, "secret": false, "configurationClass": "org.apache.camel.component.aws2.sqs.Sqs2Configuration", "configurationField": "configuration", "description": "To define a proxy port when instantiating the SQS client" },
    "maximumMessageSize": { "kind": "property", "displayName": "Maximum Message Size", "group": "queue", "label": "queue", "required": false, "type": "integer", "javaType": "java.lang.Integer", "deprecated": false, "autowired": false, "secret": false, "configurationClass": "org.apache.camel.component.aws2.sqs.Sqs2Configuration", "configurationField": "configuration", "description": "The maximumMessageSize (in bytes) an SQS message can contain for this queue." },
    "messageRetentionPeriod": { "kind": "property", "displayName": "Message Retention Period", "group": "queue", "label": "queue", "required": false, "type": "integer", "javaType": "java.lang.Integer", "deprecated": false, "autowired": false, "secret": false, "configurationClass": "org.apache.camel.component.aws2.sqs.Sqs2Configuration", "configurationField": "configuration", "description": "The messageRetentionPeriod (in seconds) a message will be retained by SQS for this queue." },
    "policy": { "kind": "property", "displayName": "Policy", "group": "queue", "label": "queue", "required": false, "type": "string", "javaType": "java.lang.String", "deprecated": false, "autowired": false, "secret": false, "configurationClass": "org.apache.camel.component.aws2.sqs.Sqs2Configuration", "configurationField": "configuration", "description": "The policy for this queue. It can be loaded by default from classpath, but you can prefix with classpath:, file:, or http: to load the resource from different systems." },
    "queueUrl": { "kind": "property", "displayName": "Queue Url", "group": "queue", "label": "queue", "required": false, "type": "string", "javaType": "java.lang.String", "deprecated": false, "autowired": false, "secret": false, "configurationClass": "org.apache.camel.component.aws2.sqs.Sqs2Configuration", "configurationField": "configuration", "description": "To define the queueUrl explicitly. All other parameters, which would influence the queueUrl, are ignored. This parameter is intended to be used, to connect to a mock implementation of SQS, for testing purposes." },
    "receiveMessageWaitTimeSeconds": { "kind": "property", "displayName": "Receive Message Wait Time Seconds", "group": "queue", "label": "queue", "required": false, "type": "integer", "javaType": "java.lang.Integer", "deprecated": false, "autowired": false, "secret": false, "configurationClass": "org.apache.camel.component.aws2.sqs.Sqs2Configuration", "configurationField": "configuration", "description": "If you do not specify WaitTimeSeconds in the request, the queue attribute ReceiveMessageWaitTimeSeconds is used to determine how long to wait." },
    "redrivePolicy": { "kind": "property", "displayName": "Redrive Policy", "group": "queue", "label": "queue", "required": false, "type": "string", "javaType": "java.lang.String", "deprecated": false, "autowired": false, "secret": false, "configurationClass": "org.apache.camel.component.aws2.sqs.Sqs2Configuration", "configurationField": "configuration", "description": "Specify the policy that send message to DeadLetter queue. See detail at Amazon docs." },
    "accessKey": { "kind": "property", "displayName": "Access Key", "group": "security", "label": "security", "required": false, "type": "string", "javaType": "java.lang.String", "deprecated": false, "autowired": false, "secret": true, "configurationClass": "org.apache.camel.component.aws2.sqs.Sqs2Configuration", "configurationField": "configuration", "description": "Amazon AWS Access Key" },
    "secretKey": { "kind": "property", "displayName": "Secret Key", "group": "security", "label": "security", "required": false, "type": "string", "javaType": "java.lang.String", "deprecated": false, "autowired": false, "secret": true, "configurationClass": "org.apache.camel.component.aws2.sqs.Sqs2Configuration", "configurationField": "configuration", "description": "Amazon AWS Secret Key" }
  },
  "headers": {
    "CamelAwsSqsAttributes": { "kind": "header", "displayName": "", "group": "consumer", "label": "consumer", "required": false, "javaType": "Map<MessageSystemAttributeName, String>", "deprecated": false, "deprecationNote": "", "autowired": false, "secret": false, "description": "A map of the attributes requested in ReceiveMessage to their respective values.", "constantName": "org.apache.camel.component.aws2.sqs.Sqs2Constants#ATTRIBUTES" },
    "CamelAwsSqsMessageAttributes": { "kind": "header", "displayName": "", "group": "consumer", "label": "consumer", "required": false, "javaType": "Map<String, MessageAttributeValue>", "deprecated": false, "deprecationNote": "", "autowired": false, "secret": false, "description": "The Amazon SQS message attributes.", "constantName": "org.apache.camel.component.aws2.sqs.Sqs2Constants#MESSAGE_ATTRIBUTES" },
    "CamelAwsSqsMD5OfBody": { "kind": "header", "displayName": "", "group": "common", "label": "", "required": false, "javaType": "String", "deprecated": false, "deprecationNote": "", "autowired": false, "secret": false, "description": "The MD5 checksum of the Amazon SQS message.", "constantName": "org.apache.camel.component.aws2.sqs.Sqs2Constants#MD5_OF_BODY" },
    "CamelAwsSqsMessageId": { "kind": "header", "displayName": "", "group": "common", "label": "", "required": false, "javaType": "String", "deprecated": false, "deprecationNote": "", "autowired": false, "secret": false, "description": "The Amazon SQS message ID.", "constantName": "org.apache.camel.component.aws2.sqs.Sqs2Constants#MESSAGE_ID" },
    "CamelAwsSqsReceiptHandle": { "kind": "header", "displayName": "", "group": "common", "label": "", "required": false, "javaType": "String", "deprecated": false, "deprecationNote": "", "autowired": false, "secret": false, "description": "The Amazon SQS message receipt handle.", "constantName": "org.apache.camel.component.aws2.sqs.Sqs2Constants#RECEIPT_HANDLE" },
    "CamelAwsSqsDelaySeconds": { "kind": "header", "displayName": "", "group": "producer", "label": "producer", "required": false, "javaType": "Integer", "deprecated": false, "deprecationNote": "", "autowired": false, "secret": false, "description": "The delay seconds that the Amazon SQS message can be see by others.", "constantName": "org.apache.camel.component.aws2.sqs.Sqs2Constants#DELAY_HEADER" },
    "CamelAwsSqsPrefix": { "kind": "header", "displayName": "", "group": "common", "label": "", "required": false, "javaType": "String", "deprecated": false, "deprecationNote": "", "autowired": false, "secret": false, "description": "A string to use for filtering the list results.", "constantName": "org.apache.camel.component.aws2.sqs.Sqs2Constants#SQS_QUEUE_PREFIX" },
    "CamelAwsSqsOperation": { "kind": "header", "displayName": "", "group": "common", "label": "", "required": false, "javaType": "String", "deprecated": false, "deprecationNote": "", "autowired": false, "secret": false, "description": "The operation we want to perform", "constantName": "org.apache.camel.component.aws2.sqs.Sqs2Constants#SQS_OPERATION" }
  },
  "properties": {
    "queueNameOrArn": { "kind": "path", "displayName": "Queue Name Or Arn", "group": "common", "label": "", "required": true, "type": "string", "javaType": "java.lang.String", "deprecated": false, "deprecationNote": "", "autowired": false, "secret": false, "description": "Queue name or ARN" },
    "amazonAWSHost": { "kind": "parameter", "displayName": "Amazon AWSHost", "group": "common", "label": "", "required": false, "type": "string", "javaType": "java.lang.String", "deprecated": false, "autowired": false, "secret": false, "defaultValue": "amazonaws.com", "configurationClass": "org.apache.camel.component.aws2.sqs.Sqs2Configuration", "configurationField": "configuration", "description": "The hostname of the Amazon AWS cloud." },
    "amazonSQSClient": { "kind": "parameter", "displayName": "Amazon SQSClient", "group": "common", "label": "", "required": false, "type": "object", "javaType": "software.amazon.awssdk.services.sqs.SqsClient", "deprecated": false, "deprecationNote": "", "autowired": true, "secret": false, "configurationClass": "org.apache.camel.component.aws2.sqs.Sqs2Configuration", "configurationField": "configuration", "description": "To use the AmazonSQS as client" },
    "autoCreateQueue": { "kind": "parameter", "displayName": "Auto Create Queue", "group": "common", "label": "", "required": false, "type": "boolean", "javaType": "boolean", "deprecated": false, "autowired": false, "secret": false, "defaultValue": false, "configurationClass": "org.apache.camel.component.aws2.sqs.Sqs2Configuration", "configurationField": "configuration", "description": "Setting the autocreation of the queue" },
    "headerFilterStrategy": { "kind": "parameter", "displayName": "Header Filter Strategy", "group": "common", "label": "", "required": false, "type": "object", "javaType": "org.apache.camel.spi.HeaderFilterStrategy", "deprecated": false, "autowired": false, "secret": false, "description": "To use a custom HeaderFilterStrategy to map headers to\/from Camel." },
    "overrideEndpoint": { "kind": "parameter", "displayName": "Override Endpoint", "group": "common", "label": "", "required": false, "type": "boolean", "javaType": "boolean", "deprecated": false, "autowired": false, "secret": false, "defaultValue": false, "configurationClass": "org.apache.camel.component.aws2.sqs.Sqs2Configuration", "configurationField": "configuration", "description": "Set the need for overriding the endpoint. This option needs to be used in combination with uriEndpointOverride option" },
    "protocol": { "kind": "parameter", "displayName": "Protocol", "group": "common", "label": "", "required": false, "type": "string", "javaType": "java.lang.String", "deprecated": false, "autowired": false, "secret": false, "defaultValue": "https", "configurationClass": "org.apache.camel.component.aws2.sqs.Sqs2Configuration", "configurationField": "configuration", "description": "The underlying protocol used to communicate with SQS" },
    "proxyProtocol": { "kind": "parameter", "displayName": "Proxy Protocol", "group": "common", "label": "", "required": false, "type": "object", "javaType": "software.amazon.awssdk.core.Protocol", "enum": [ "HTTP", "HTTPS" ], "deprecated": false, "autowired": false, "secret": false, "defaultValue": "HTTPS", "configurationClass": "org.apache.camel.component.aws2.sqs.Sqs2Configuration", "configurationField": "configuration", "description": "To define a proxy protocol when instantiating the SQS client" },
    "queueOwnerAWSAccountId": { "kind": "parameter", "displayName": "Queue Owner AWSAccount Id", "group": "common", "label": "", "required": false, "type": "string", "javaType": "java.lang.String", "deprecated": false, "autowired": false, "secret": true, "configurationClass": "org.apache.camel.component.aws2.sqs.Sqs2Configuration", "configurationField": "configuration", "description": "Specify the queue owner aws account id when you need to connect the queue with different account owner." },
    "region": { "kind": "parameter", "displayName": "Region", "group": "common", "label": "", "required": false, "type": "string", "javaType": "java.lang.String", "deprecated": false, "autowired": false, "secret": false, "configurationClass": "org.apache.camel.component.aws2.sqs.Sqs2Configuration", "configurationField": "configuration", "description": "The region in which SQS client needs to work. When using this parameter, the configuration will expect the lowercase name of the region (for example ap-east-1) You'll need to use the name Region.EU_WEST_1.id()" },
    "trustAllCertificates": { "kind": "parameter", "displayName": "Trust All Certificates", "group": "common", "label": "", "required": false, "type": "boolean", "javaType": "boolean", "deprecated": false, "autowired": false, "secret": false, "defaultValue": false, "configurationClass": "org.apache.camel.component.aws2.sqs.Sqs2Configuration", "configurationField": "configuration", "description": "If we want to trust all certificates in case of overriding the endpoint" },
    "uriEndpointOverride": { "kind": "parameter", "displayName": "Uri Endpoint Override", "group": "common", "label": "", "required": false, "type": "string", "javaType": "java.lang.String", "deprecated": false, "autowired": false, "secret": false, "configurationClass": "org.apache.camel.component.aws2.sqs.Sqs2Configuration", "configurationField": "configuration", "description": "Set the overriding uri endpoint. This option needs to be used in combination with overrideEndpoint option" },
    "useDefaultCredentialsProvider": { "kind": "parameter", "displayName": "Use Default Credentials Provider", "group": "common", "label": "", "required": false, "type": "boolean", "javaType": "boolean", "deprecated": false, "autowired": false, "secret": false, "defaultValue": false, "configurationClass": "org.apache.camel.component.aws2.sqs.Sqs2Configuration", "configurationField": "configuration", "description": "Set whether the SQS client should expect to load credentials on an AWS infra instance or to expect static credentials to be passed in." },
    "attributeNames": { "kind": "parameter", "displayName": "Attribute Names", "group": "consumer", "label": "consumer", "required": false, "type": "string", "javaType": "java.lang.String", "deprecated": false, "autowired": false, "secret": false, "configurationClass": "org.apache.camel.component.aws2.sqs.Sqs2Configuration", "configurationField": "configuration", "description": "A list of attribute names to receive when consuming. Multiple names can be separated by comma." },
    "concurrentConsumers": { "kind": "parameter", "displayName": "Concurrent Consumers", "group": "consumer", "label": "consumer", "required": false, "type": "integer", "javaType": "int", "deprecated": false, "autowired": false, "secret": false, "defaultValue": 1, "configurationClass": "org.apache.camel.component.aws2.sqs.Sqs2Configuration", "configurationField": "configuration", "description": "Allows you to use multiple threads to poll the sqs queue to increase throughput" },
    "defaultVisibilityTimeout": { "kind": "parameter", "displayName": "Default Visibility Timeout", "group": "consumer", "label": "consumer", "required": false, "type": "integer", "javaType": "java.lang.Integer", "deprecated": false, "autowired": false, "secret": false, "configurationClass": "org.apache.camel.component.aws2.sqs.Sqs2Configuration", "configurationField": "configuration", "description": "The default visibility timeout (in seconds)" },
    "deleteAfterRead": { "kind": "parameter", "displayName": "Delete After Read", "group": "consumer", "label": "consumer", "required": false, "type": "boolean", "javaType": "boolean", "deprecated": false, "autowired": false, "secret": false, "defaultValue": true, "configurationClass": "org.apache.camel.component.aws2.sqs.Sqs2Configuration", "configurationField": "configuration", "description": "Delete message from SQS after it has been read" },
    "deleteIfFiltered": { "kind": "parameter", "displayName": "Delete If Filtered", "group": "consumer", "label": "consumer", "required": false, "type": "boolean", "javaType": "boolean", "deprecated": false, "autowired": false, "secret": false, "defaultValue": true, "configurationClass": "org.apache.camel.component.aws2.sqs.Sqs2Configuration", "configurationField": "configuration", "description": "Whether or not to send the DeleteMessage to the SQS queue if the exchange has property with key Sqs2Constants#SQS_DELETE_FILTERED (CamelAwsSqsDeleteFiltered) set to true." },
    "extendMessageVisibility": { "kind": "parameter", "displayName": "Extend Message Visibility", "group": "consumer", "label": "consumer", "required": false, "type": "boolean", "javaType": "boolean", "deprecated": false, "autowired": false, "secret": false, "defaultValue": false, "configurationClass": "org.apache.camel.component.aws2.sqs.Sqs2Configuration", "configurationField": "configuration", "description": "If enabled then a scheduled background task will keep extending the message visibility on SQS. This is needed if it takes a long time to process the message. If set to true defaultVisibilityTimeout must be set. See details at Amazon docs." },
    "kmsDataKeyReusePeriodSeconds": { "kind": "parameter", "displayName": "Kms Data Key Reuse Period Seconds", "group": "consumer", "label": "consumer", "required": false, "type": "integer", "javaType": "java.lang.Integer", "deprecated": false, "autowired": false, "secret": false, "configurationClass": "org.apache.camel.component.aws2.sqs.Sqs2Configuration", "configurationField": "configuration", "description": "The length of time, in seconds, for which Amazon SQS can reuse a data key to encrypt or decrypt messages before calling AWS KMS again. An integer representing seconds, between 60 seconds (1 minute) and 86,400 seconds (24 hours). Default: 300 (5 minutes)." },
    "kmsMasterKeyId": { "kind": "parameter", "displayName": "Kms Master Key Id", "group": "consumer", "label": "consumer", "required": false, "type": "string", "javaType": "java.lang.String", "deprecated": false, "autowired": false, "secret": false, "configurationClass": "org.apache.camel.component.aws2.sqs.Sqs2Configuration", "configurationField": "configuration", "description": "The ID of an AWS-managed customer master key (CMK) for Amazon SQS or a custom CMK." },
    "maxMessagesPerPoll": { "kind": "parameter", "displayName": "Max Messages Per Poll", "group": "consumer", "label": "consumer", "required": false, "type": "integer", "javaType": "int", "deprecated": false, "autowired": false, "secret": false, "description": "Gets the maximum number of messages as a limit to poll at each polling. Is default unlimited, but use 0 or negative number to disable it as unlimited." },
    "messageAttributeNames": { "kind": "parameter", "displayName": "Message Attribute Names", "group": "consumer", "label": "consumer", "required": false, "type": "string", "javaType": "java.lang.String", "deprecated": false, "autowired": false, "secret": false, "configurationClass": "org.apache.camel.component.aws2.sqs.Sqs2Configuration", "configurationField": "configuration", "description": "A list of message attribute names to receive when consuming. Multiple names can be separated by comma." },
    "sendEmptyMessageWhenIdle": { "kind": "parameter", "displayName": "Send Empty Message When Idle", "group": "consumer", "label": "consumer", "required": false, "type": "boolean", "javaType": "boolean", "deprecated": false, "autowired": false, "secret": false, "defaultValue": false, "description": "If the polling consumer did not poll any files, you can enable this option to send an empty message (no body) instead." },
    "serverSideEncryptionEnabled": { "kind": "parameter", "displayName": "Server Side Encryption Enabled", "group": "consumer", "label": "consumer", "required": false, "type": "boolean", "javaType": "boolean", "deprecated": false, "autowired": false, "secret": false, "defaultValue": false, "configurationClass": "org.apache.camel.component.aws2.sqs.Sqs2Configuration", "configurationField": "configuration", "description": "Define if Server Side Encryption is enabled or not on the queue" },
    "visibilityTimeout": { "kind": "parameter", "displayName": "Visibility Timeout", "group": "consumer", "label": "consumer", "required": false, "type": "integer", "javaType": "java.lang.Integer", "deprecated": false, "autowired": false, "secret": false, "configurationClass": "org.apache.camel.component.aws2.sqs.Sqs2Configuration", "configurationField": "configuration", "description": "The duration (in seconds) that the received messages are hidden from subsequent retrieve requests after being retrieved by a ReceiveMessage request to set in the com.amazonaws.services.sqs.model.SetQueueAttributesRequest. This only make sense if its different from defaultVisibilityTimeout. It changes the queue visibility timeout attribute permanently." },
    "waitTimeSeconds": { "kind": "parameter", "displayName": "Wait Time Seconds", "group": "consumer", "label": "consumer", "required": false, "type": "integer", "javaType": "java.lang.Integer", "deprecated": false, "autowired": false, "secret": false, "configurationClass": "org.apache.camel.component.aws2.sqs.Sqs2Configuration", "configurationField": "configuration", "description": "Duration in seconds (0 to 20) that the ReceiveMessage action call will wait until a message is in the queue to include in the response." },
    "bridgeErrorHandler": { "kind": "parameter", "displayName": "Bridge Error Handler", "group": "consumer (advanced)", "label": "consumer,advanced", "required": false, "type": "boolean", "javaType": "boolean", "deprecated": false, "autowired": false, "secret": false, "defaultValue": false, "description": "Allows for bridging the consumer to the Camel routing Error Handler, which mean any exceptions occurred while the consumer is trying to pickup incoming messages, or the likes, will now be processed as a message and handled by the routing Error Handler. By default the consumer will use the org.apache.camel.spi.ExceptionHandler to deal with exceptions, that will be logged at WARN or ERROR level and ignored." },
    "exceptionHandler": { "kind": "parameter", "displayName": "Exception Handler", "group": "consumer (advanced)", "label": "consumer,advanced", "required": false, "type": "object", "javaType": "org.apache.camel.spi.ExceptionHandler", "optionalPrefix": "consumer.", "deprecated": false, "autowired": false, "secret": false, "description": "To let the consumer use a custom ExceptionHandler. Notice if the option bridgeErrorHandler is enabled then this option is not in use. By default the consumer will deal with exceptions, that will be logged at WARN or ERROR level and ignored." },
    "exchangePattern": { "kind": "parameter", "displayName": "Exchange Pattern", "group": "consumer (advanced)", "label": "consumer,advanced", "required": false, "type": "object", "javaType": "org.apache.camel.ExchangePattern", "enum": [ "InOnly", "InOut", "InOptionalOut" ], "deprecated": false, "autowired": false, "secret": false, "description": "Sets the exchange pattern when the consumer creates an exchange." },
    "pollStrategy": { "kind": "parameter", "displayName": "Poll Strategy", "group": "consumer (advanced)", "label": "consumer,advanced", "required": false, "type": "object", "javaType": "org.apache.camel.spi.PollingConsumerPollStrategy", "deprecated": false, "autowired": false, "secret": false, "description": "A pluggable org.apache.camel.PollingConsumerPollingStrategy allowing you to provide your custom implementation to control error handling usually occurred during the poll operation before an Exchange have been created and being routed in Camel." },
    "batchSeparator": { "kind": "parameter", "displayName": "Batch Separator", "group": "producer", "label": "producer", "required": false, "type": "string", "javaType": "java.lang.String", "deprecated": false, "autowired": false, "secret": false, "defaultValue": ",", "configurationClass": "org.apache.camel.component.aws2.sqs.Sqs2Configuration", "configurationField": "configuration", "description": "Set the separator when passing a String to send batch message operation" },
    "delaySeconds": { "kind": "parameter", "displayName": "Delay Seconds", "group": "producer", "label": "producer", "required": false, "type": "integer", "javaType": "java.lang.Integer", "deprecated": false, "autowired": false, "secret": false, "configurationClass": "org.apache.camel.component.aws2.sqs.Sqs2Configuration", "configurationField": "configuration", "description": "Delay sending messages for a number of seconds." },
    "messageDeduplicationIdStrategy": { "kind": "parameter", "displayName": "Message Deduplication Id Strategy", "group": "producer", "label": "producer", "required": false, "type": "string", "javaType": "java.lang.String", "enum": [ "useExchangeId", "useContentBasedDeduplication" ], "deprecated": false, "autowired": false, "secret": false, "defaultValue": "useExchangeId", "configurationClass": "org.apache.camel.component.aws2.sqs.Sqs2Configuration", "configurationField": "configuration", "description": "Only for FIFO queues. Strategy for setting the messageDeduplicationId on the message. Can be one of the following options: useExchangeId, useContentBasedDeduplication. For the useContentBasedDeduplication option, no messageDeduplicationId will be set on the message." },
    "messageGroupIdStrategy": { "kind": "parameter", "displayName": "Message Group Id Strategy", "group": "producer", "label": "producer", "required": false, "type": "string", "javaType": "java.lang.String", "enum": [ "useConstant", "useExchangeId", "usePropertyValue" ], "deprecated": false, "autowired": false, "secret": false, "configurationClass": "org.apache.camel.component.aws2.sqs.Sqs2Configuration", "configurationField": "configuration", "description": "Only for FIFO queues. Strategy for setting the messageGroupId on the message. Can be one of the following options: useConstant, useExchangeId, usePropertyValue. For the usePropertyValue option, the value of property CamelAwsMessageGroupId will be used." },
    "messageHeaderExceededLimit": { "kind": "parameter", "displayName": "Message Header Exceeded Limit", "group": "producer", "label": "producer", "required": false, "type": "string", "javaType": "java.lang.String", "enum": [ "WARN", "WARN_ONCE", "IGNORE", "FAIL" ], "deprecated": false, "autowired": false, "secret": false, "defaultValue": "WARN", "configurationClass": "org.apache.camel.component.aws2.sqs.Sqs2Configuration", "configurationField": "configuration", "description": "What to do if sending to AWS SQS has more messages than AWS allows (currently only maximum 10 message headers is allowed). WARN will log a WARN about the limit is for each additional header, so the message can be sent to AWS. WARN_ONCE will only log one time a WARN about the limit is hit, and drop additional headers, so the message can be sent to AWS. IGNORE will ignore (no logging) and drop additional headers, so the message can be sent to AWS. FAIL will cause an exception to be thrown and the message is not sent to AWS." },
    "operation": { "kind": "parameter", "displayName": "Operation", "group": "producer", "label": "producer", "required": false, "type": "object", "javaType": "org.apache.camel.component.aws2.sqs.Sqs2Operations", "enum": [ "sendBatchMessage", "deleteMessage", "listQueues", "purgeQueue", "deleteQueue" ], "deprecated": false, "autowired": false, "secret": false, "configurationClass": "org.apache.camel.component.aws2.sqs.Sqs2Configuration", "configurationField": "configuration", "description": "The operation to do in case the user don't want to send only a message" },
    "lazyStartProducer": { "kind": "parameter", "displayName": "Lazy Start Producer", "group": "producer (advanced)", "label": "producer,advanced", "required": false, "type": "boolean", "javaType": "boolean", "deprecated": false, "autowired": false, "secret": false, "defaultValue": false, "description": "Whether the producer should be started lazy (on the first message). By starting lazy you can use this to allow CamelContext and routes to startup in situations where a producer may otherwise fail during starting and cause the route to fail being started. By deferring this startup to be lazy then the startup failure can be handled during routing messages via Camel's routing error handlers. Beware that when the first message is processed then creating and starting the producer may take a little time and prolong the total processing time of the processing." },
    "delayQueue": { "kind": "parameter", "displayName": "Delay Queue", "group": "advanced", "label": "advanced", "required": false, "type": "boolean", "javaType": "boolean", "deprecated": false, "autowired": false, "secret": false, "defaultValue": false, "configurationClass": "org.apache.camel.component.aws2.sqs.Sqs2Configuration", "configurationField": "configuration", "description": "Define if you want to apply delaySeconds option to the queue or on single messages" },
    "proxyHost": { "kind": "parameter", "displayName": "Proxy Host", "group": "proxy", "label": "proxy", "required": false, "type": "string", "javaType": "java.lang.String", "deprecated": false, "autowired": false, "secret": false, "configurationClass": "org.apache.camel.component.aws2.sqs.Sqs2Configuration", "configurationField": "configuration", "description": "To define a proxy host when instantiating the SQS client" },
    "proxyPort": { "kind": "parameter", "displayName": "Proxy Port", "group": "proxy", "label": "proxy", "required": false, "type": "integer", "javaType": "java.lang.Integer", "deprecated": false, "autowired": false, "secret": false, "configurationClass": "org.apache.camel.component.aws2.sqs.Sqs2Configuration", "configurationField": "configuration", "description": "To define a proxy port when instantiating the SQS client" },
    "maximumMessageSize": { "kind": "parameter", "displayName": "Maximum Message Size", "group": "queue", "label": "queue", "required": false, "type": "integer", "javaType": "java.lang.Integer", "deprecated": false, "autowired": false, "secret": false, "configurationClass": "org.apache.camel.component.aws2.sqs.Sqs2Configuration", "configurationField": "configuration", "description": "The maximumMessageSize (in bytes) an SQS message can contain for this queue." },
    "messageRetentionPeriod": { "kind": "parameter", "displayName": "Message Retention Period", "group": "queue", "label": "queue", "required": false, "type": "integer", "javaType": "java.lang.Integer", "deprecated": false, "autowired": false, "secret": false, "configurationClass": "org.apache.camel.component.aws2.sqs.Sqs2Configuration", "configurationField": "configuration", "description": "The messageRetentionPeriod (in seconds) a message will be retained by SQS for this queue." },
    "policy": { "kind": "parameter", "displayName": "Policy", "group": "queue", "label": "queue", "required": false, "type": "string", "javaType": "java.lang.String", "deprecated": false, "autowired": false, "secret": false, "configurationClass": "org.apache.camel.component.aws2.sqs.Sqs2Configuration", "configurationField": "configuration", "description": "The policy for this queue. It can be loaded by default from classpath, but you can prefix with classpath:, file:, or http: to load the resource from different systems." },
    "queueUrl": { "kind": "parameter", "displayName": "Queue Url", "group": "queue", "label": "queue", "required": false, "type": "string", "javaType": "java.lang.String", "deprecated": false, "autowired": false, "secret": false, "configurationClass": "org.apache.camel.component.aws2.sqs.Sqs2Configuration", "configurationField": "configuration", "description": "To define the queueUrl explicitly. All other parameters, which would influence the queueUrl, are ignored. This parameter is intended to be used, to connect to a mock implementation of SQS, for testing purposes." },
    "receiveMessageWaitTimeSeconds": { "kind": "parameter", "displayName": "Receive Message Wait Time Seconds", "group": "queue", "label": "queue", "required": false, "type": "integer", "javaType": "java.lang.Integer", "deprecated": false, "autowired": false, "secret": false, "configurationClass": "org.apache.camel.component.aws2.sqs.Sqs2Configuration", "configurationField": "configuration", "description": "If you do not specify WaitTimeSeconds in the request, the queue attribute ReceiveMessageWaitTimeSeconds is used to determine how long to wait." },
    "redrivePolicy": { "kind": "parameter", "displayName": "Redrive Policy", "group": "queue", "label": "queue", "required": false, "type": "string", "javaType": "java.lang.String", "deprecated": false, "autowired": false, "secret": false, "configurationClass": "org.apache.camel.component.aws2.sqs.Sqs2Configuration", "configurationField": "configuration", "description": "Specify the policy that send message to DeadLetter queue. See detail at Amazon docs." },
    "backoffErrorThreshold": { "kind": "parameter", "displayName": "Backoff Error Threshold", "group": "scheduler", "label": "consumer,scheduler", "required": false, "type": "integer", "javaType": "int", "deprecated": false, "autowired": false, "secret": false, "description": "The number of subsequent error polls (failed due some error) that should happen before the backoffMultipler should kick-in." },
    "backoffIdleThreshold": { "kind": "parameter", "displayName": "Backoff Idle Threshold", "group": "scheduler", "label": "consumer,scheduler", "required": false, "type": "integer", "javaType": "int", "deprecated": false, "autowired": false, "secret": false, "description": "The number of subsequent idle polls that should happen before the backoffMultipler should kick-in." },
    "backoffMultiplier": { "kind": "parameter", "displayName": "Backoff Multiplier", "group": "scheduler", "label": "consumer,scheduler", "required": false, "type": "integer", "javaType": "int", "deprecated": false, "autowired": false, "secret": false, "description": "To let the scheduled polling consumer backoff if there has been a number of subsequent idles\/errors in a row. The multiplier is then the number of polls that will be skipped before the next actual attempt is happening again. When this option is in use then backoffIdleThreshold and\/or backoffErrorThreshold must also be configured." },
    "delay": { "kind": "parameter", "displayName": "Delay", "group": "scheduler", "label": "consumer,scheduler", "required": false, "type": "integer", "javaType": "long", "deprecated": false, "autowired": false, "secret": false, "defaultValue": 500, "description": "Milliseconds before the next poll." },
    "greedy": { "kind": "parameter", "displayName": "Greedy", "group": "scheduler", "label": "consumer,scheduler", "required": false, "type": "boolean", "javaType": "boolean", "deprecated": false, "autowired": false, "secret": false, "defaultValue": false, "description": "If greedy is enabled, then the ScheduledPollConsumer will run immediately again, if the previous run polled 1 or more messages." },
    "initialDelay": { "kind": "parameter", "displayName": "Initial Delay", "group": "scheduler", "label": "consumer,scheduler", "required": false, "type": "integer", "javaType": "long", "deprecated": false, "autowired": false, "secret": false, "defaultValue": 1000, "description": "Milliseconds before the first poll starts." },
    "repeatCount": { "kind": "parameter", "displayName": "Repeat Count", "group": "scheduler", "label": "consumer,scheduler", "required": false, "type": "integer", "javaType": "long", "deprecated": false, "autowired": false, "secret": false, "defaultValue": 0, "description": "Specifies a maximum limit of number of fires. So if you set it to 1, the scheduler will only fire once. If you set it to 5, it will only fire five times. A value of zero or negative means fire forever." },
    "runLoggingLevel": { "kind": "parameter", "displayName": "Run Logging Level", "group": "scheduler", "label": "consumer,scheduler", "required": false, "type": "object", "javaType": "org.apache.camel.LoggingLevel", "enum": [ "TRACE", "DEBUG", "INFO", "WARN", "ERROR", "OFF" ], "deprecated": false, "autowired": false, "secret": false, "defaultValue": "TRACE", "description": "The consumer logs a start\/complete log line when it polls. This option allows you to configure the logging level for that." },
    "scheduledExecutorService": { "kind": "parameter", "displayName": "Scheduled Executor Service", "group": "scheduler", "label": "consumer,scheduler", "required": false, "type": "object", "javaType": "java.util.concurrent.ScheduledExecutorService", "deprecated": false, "autowired": false, "secret": false, "description": "Allows for configuring a custom\/shared thread pool to use for the consumer. By default each consumer has its own single threaded thread pool." },
    "scheduler": { "kind": "parameter", "displayName": "Scheduler", "group": "scheduler", "label": "consumer,scheduler", "required": false, "type": "object", "javaType": "java.lang.Object", "deprecated": false, "autowired": false, "secret": false, "defaultValue": "none", "description": "To use a cron scheduler from either camel-spring or camel-quartz component. Use value spring or quartz for built in scheduler" },
    "schedulerProperties": { "kind": "parameter", "displayName": "Scheduler Properties", "group": "scheduler", "label": "consumer,scheduler", "required": false, "type": "object", "javaType": "java.util.Map<java.lang.String, java.lang.Object>", "prefix": "scheduler.", "multiValue": true, "deprecated": false, "autowired": false, "secret": false, "description": "To configure additional properties when using a custom scheduler or any of the Quartz, Spring based scheduler." },
    "startScheduler": { "kind": "parameter", "displayName": "Start Scheduler", "group": "scheduler", "label": "consumer,scheduler", "required": false, "type": "boolean", "javaType": "boolean", "deprecated": false, "autowired": false, "secret": false, "defaultValue": true, "description": "Whether the scheduler should be auto started." },
    "timeUnit": { "kind": "parameter", "displayName": "Time Unit", "group": "scheduler", "label": "consumer,scheduler", "required": false, "type": "object", "javaType": "java.util.concurrent.TimeUnit", "enum": [ "NANOSECONDS", "MICROSECONDS", "MILLISECONDS", "SECONDS", "MINUTES", "HOURS", "DAYS" ], "deprecated": false, "autowired": false, "secret": false, "defaultValue": "MILLISECONDS", "description": "Time unit for initialDelay and delay options." },
    "useFixedDelay": { "kind": "parameter", "displayName": "Use Fixed Delay", "group": "scheduler", "label": "consumer,scheduler", "required": false, "type": "boolean", "javaType": "boolean", "deprecated": false, "autowired": false, "secret": false, "defaultValue": true, "description": "Controls if fixed delay or fixed rate is used. See ScheduledExecutorService in JDK for details." },
    "accessKey": { "kind": "parameter", "displayName": "Access Key", "group": "security", "label": "security", "required": false, "type": "string", "javaType": "java.lang.String", "deprecated": false, "autowired": false, "secret": true, "configurationClass": "org.apache.camel.component.aws2.sqs.Sqs2Configuration", "configurationField": "configuration", "description": "Amazon AWS Access Key" },
    "secretKey": { "kind": "parameter", "displayName": "Secret Key", "group": "security", "label": "security", "required": false, "type": "string", "javaType": "java.lang.String", "deprecated": false, "autowired": false, "secret": true, "configurationClass": "org.apache.camel.component.aws2.sqs.Sqs2Configuration", "configurationField": "configuration", "description": "Amazon AWS Secret Key" }
  }
}
