{
  "component": {
    "kind": "component",
    "name": "azure-eventhubs",
    "title": "Azure Event Hubs",
    "description": "Send and receive events to\/from Azure Event Hubs using AMQP protocol.",
    "deprecated": false,
    "firstVersion": "3.5.0",
    "label": "cloud,messaging",
    "javaType": "org.apache.camel.component.azure.eventhubs.EventHubsComponent",
    "supportLevel": "Stable",
    "groupId": "org.apache.camel",
    "artifactId": "camel-azure-eventhubs",
    "version": "3.20.3-SNAPSHOT",
    "scheme": "azure-eventhubs",
    "extendsScheme": "",
    "syntax": "azure-eventhubs:namespace\/eventHubName",
    "async": false,
    "api": false,
    "consumerOnly": false,
    "producerOnly": false,
    "lenientProperties": false
  },
  "componentProperties": {
    "amqpRetryOptions": { "kind": "property", "displayName": "Amqp Retry Options", "group": "common", "label": "common", "required": false, "type": "object", "javaType": "com.azure.core.amqp.AmqpRetryOptions", "deprecated": false, "autowired": false, "secret": false, "configurationClass": "org.apache.camel.component.azure.eventhubs.EventHubsConfiguration", "configurationField": "configuration", "description": "Sets the retry policy for EventHubAsyncClient. If not specified, the default retry options are used." },
    "amqpTransportType": { "kind": "property", "displayName": "Amqp Transport Type", "group": "common", "label": "common", "required": false, "type": "object", "javaType": "com.azure.core.amqp.AmqpTransportType", "enum": [ "Amqp", "AmqpWebSockets" ], "deprecated": false, "autowired": false, "secret": false, "defaultValue": "AMQP", "configurationClass": "org.apache.camel.component.azure.eventhubs.EventHubsConfiguration", "configurationField": "configuration", "description": "Sets the transport type by which all the communication with Azure Event Hubs occurs. Default value is AmqpTransportType#AMQP." },
    "configuration": { "kind": "property", "displayName": "Configuration", "group": "common", "label": "", "required": false, "type": "object", "javaType": "org.apache.camel.component.azure.eventhubs.EventHubsConfiguration", "deprecated": false, "autowired": false, "secret": false, "description": "The component configurations" },
    "blobAccessKey": { "kind": "property", "displayName": "Blob Access Key", "group": "consumer", "label": "consumer", "required": false, "type": "string", "javaType": "java.lang.String", "deprecated": false, "autowired": false, "secret": true, "configurationClass": "org.apache.camel.component.azure.eventhubs.EventHubsConfiguration", "configurationField": "configuration", "description": "In case you chose the default BlobCheckpointStore, this sets access key for the associated azure account name to be used for authentication with azure blob services." },
    "blobAccountName": { "kind": "property", "displayName": "Blob Account Name", "group": "consumer", "label": "consumer", "required": false, "type": "string", "javaType": "java.lang.String", "deprecated": false, "autowired": false, "secret": false, "configurationClass": "org.apache.camel.component.azure.eventhubs.EventHubsConfiguration", "configurationField": "configuration", "description": "In case you chose the default BlobCheckpointStore, this sets Azure account name to be used for authentication with azure blob services." },
    "blobContainerName": { "kind": "property", "displayName": "Blob Container Name", "group": "consumer", "label": "consumer", "required": false, "type": "string", "javaType": "java.lang.String", "deprecated": false, "autowired": false, "secret": false, "configurationClass": "org.apache.camel.component.azure.eventhubs.EventHubsConfiguration", "configurationField": "configuration", "description": "In case you chose the default BlobCheckpointStore, this sets the blob container that shall be used by the BlobCheckpointStore to store the checkpoint offsets." },
    "blobStorageSharedKeyCredential": { "kind": "property", "displayName": "Blob Storage Shared Key Credential", "group": "consumer", "label": "consumer", "required": false, "type": "object", "javaType": "com.azure.storage.common.StorageSharedKeyCredential", "deprecated": false, "autowired": false, "secret": true, "configurationClass": "org.apache.camel.component.azure.eventhubs.EventHubsConfiguration", "configurationField": "configuration", "description": "In case you chose the default BlobCheckpointStore, StorageSharedKeyCredential can be injected to create the azure client, this holds the important authentication information." },
    "bridgeErrorHandler": { "kind": "property", "displayName": "Bridge Error Handler", "group": "consumer", "label": "consumer", "required": false, "type": "boolean", "javaType": "boolean", "deprecated": false, "autowired": false, "secret": false, "defaultValue": false, "description": "Allows for bridging the consumer to the Camel routing Error Handler, which mean any exceptions occurred while the consumer is trying to pickup incoming messages, or the likes, will now be processed as a message and handled by the routing Error Handler. By default the consumer will use the org.apache.camel.spi.ExceptionHandler to deal with exceptions, that will be logged at WARN or ERROR level and ignored." },
    "checkpointBatchSize": { "kind": "property", "displayName": "Checkpoint Batch Size", "group": "consumer", "label": "consumer", "required": false, "type": "integer", "javaType": "int", "deprecated": false, "autowired": false, "secret": false, "defaultValue": 500, "configurationClass": "org.apache.camel.component.azure.eventhubs.EventHubsConfiguration", "configurationField": "configuration", "description": "Sets the batch size between each checkpoint updates. Works jointly with checkpointBatchTimeout." },
    "checkpointBatchTimeout": { "kind": "property", "displayName": "Checkpoint Batch Timeout", "group": "consumer", "label": "consumer", "required": false, "type": "integer", "javaType": "int", "deprecated": false, "autowired": false, "secret": false, "defaultValue": 5000, "configurationClass": "org.apache.camel.component.azure.eventhubs.EventHubsConfiguration", "configurationField": "configuration", "description": "Sets the batch timeout between each checkpoint updates. Works jointly with checkpointBatchSize." },
    "checkpointStore": { "kind": "property", "displayName": "Checkpoint Store", "group": "consumer", "label": "consumer", "required": false, "type": "object", "javaType": "com.azure.messaging.eventhubs.CheckpointStore", "deprecated": false, "autowired": false, "secret": false, "defaultValue": "BlobCheckpointStore", "configurationClass": "org.apache.camel.component.azure.eventhubs.EventHubsConfiguration", "configurationField": "configuration", "description": "Sets the CheckpointStore the EventProcessorClient will use for storing partition ownership and checkpoint information. Users can, optionally, provide their own implementation of CheckpointStore which will store ownership and checkpoint information. By default it set to use com.azure.messaging.eventhubs.checkpointstore.blob.BlobCheckpointStore which stores all checkpoint offsets into Azure Blob Storage." },
    "consumerGroupName": { "kind": "property", "displayName": "Consumer Group Name", "group": "consumer", "label": "consumer", "required": false, "type": "string", "javaType": "java.lang.String", "deprecated": false, "autowired": false, "secret": false, "defaultValue": "$Default", "configurationClass": "org.apache.camel.component.azure.eventhubs.EventHubsConfiguration", "configurationField": "configuration", "description": "Sets the name of the consumer group this consumer is associated with. Events are read in the context of this group. The name of the consumer group that is created by default is {code $Default}." },
    "eventPosition": { "kind": "property", "displayName": "Event Position", "group": "consumer", "label": "consumer", "required": false, "type": "object", "javaType": "java.util.Map<java.lang.String, com.azure.messaging.eventhubs.models.EventPosition>", "deprecated": false, "autowired": false, "secret": false, "configurationClass": "org.apache.camel.component.azure.eventhubs.EventHubsConfiguration", "configurationField": "configuration", "description": "Sets the map containing the event position to use for each partition if a checkpoint for the partition does not exist in CheckpointStore. This map is keyed off of the partition id. If there is no checkpoint in CheckpointStore and there is no entry in this map, the processing of the partition will start from {link EventPosition#latest() latest} position." },
    "prefetchCount": { "kind": "property", "displayName": "Prefetch Count", "group": "consumer", "label": "consumer", "required": false, "type": "integer", "javaType": "int", "deprecated": false, "autowired": false, "secret": false, "defaultValue": 500, "configurationClass": "org.apache.camel.component.azure.eventhubs.EventHubsConfiguration", "configurationField": "configuration", "description": "Sets the count used by the receiver to control the number of events the Event Hub consumer will actively receive and queue locally without regard to whether a receive operation is currently active." },
    "lazyStartProducer": { "kind": "property", "displayName": "Lazy Start Producer", "group": "producer", "label": "producer", "required": false, "type": "boolean", "javaType": "boolean", "deprecated": false, "autowired": false, "secret": false, "defaultValue": false, "description": "Whether the producer should be started lazy (on the first message). By starting lazy you can use this to allow CamelContext and routes to startup in situations where a producer may otherwise fail during starting and cause the route to fail being started. By deferring this startup to be lazy then the startup failure can be handled during routing messages via Camel's routing error handlers. Beware that when the first message is processed then creating and starting the producer may take a little time and prolong the total processing time of the processing." },
    "partitionId": { "kind": "property", "displayName": "Partition Id", "group": "producer", "label": "producer", "required": false, "type": "string", "javaType": "java.lang.String", "deprecated": false, "autowired": false, "secret": false, "configurationClass": "org.apache.camel.component.azure.eventhubs.EventHubsConfiguration", "configurationField": "configuration", "description": "Sets the identifier of the Event Hub partition that the events will be sent to. If the identifier is not specified, the Event Hubs service will be responsible for routing events that are sent to an available partition." },
    "partitionKey": { "kind": "property", "displayName": "Partition Key", "group": "producer", "label": "producer", "required": false, "type": "string", "javaType": "java.lang.String", "deprecated": false, "autowired": false, "secret": false, "configurationClass": "org.apache.camel.component.azure.eventhubs.EventHubsConfiguration", "configurationField": "configuration", "description": "Sets a hashing key to be provided for the batch of events, which instructs the Event Hubs service to map this key to a specific partition. The selection of a partition is stable for a given partition hashing key. Should any other batches of events be sent using the same exact partition hashing key, the Event Hubs service will route them all to the same partition. This should be specified only when there is a need to group events by partition, but there is flexibility into which partition they are routed. If ensuring that a batch of events is sent only to a specific partition, it is recommended that the {link #setPartitionId(String) identifier of the position be specified directly} when sending the batch." },
    "producerAsyncClient": { "kind": "property", "displayName": "Producer Async Client", "group": "producer", "label": "producer", "required": false, "type": "object", "javaType": "com.azure.messaging.eventhubs.EventHubProducerAsyncClient", "deprecated": false, "deprecationNote": "", "autowired": true, "secret": false, "configurationClass": "org.apache.camel.component.azure.eventhubs.EventHubsConfiguration", "configurationField": "configuration", "description": "Sets the EventHubProducerAsyncClient.An asynchronous producer responsible for transmitting EventData to a specific Event Hub, grouped together in batches. Depending on the options specified when creating an {linkEventDataBatch}, the events may be automatically routed to an available partition or specific to a partition. Use by this component to produce the data in camel producer." },
    "autowiredEnabled": { "kind": "property", "displayName": "Autowired Enabled", "group": "advanced", "label": "advanced", "required": false, "type": "boolean", "javaType": "boolean", "deprecated": false, "autowired": false, "secret": false, "defaultValue": true, "description": "Whether autowiring is enabled. This is used for automatic autowiring options (the option must be marked as autowired) by looking up in the registry to find if there is a single instance of matching type, which then gets configured on the component. This can be used for automatic configuring JDBC data sources, JMS connection factories, AWS Clients, etc." },
    "connectionString": { "kind": "property", "displayName": "Connection String", "group": "security", "label": "security", "required": false, "type": "string", "javaType": "java.lang.String", "deprecated": false, "autowired": false, "secret": true, "configurationClass": "org.apache.camel.component.azure.eventhubs.EventHubsConfiguration", "configurationField": "configuration", "description": "Instead of supplying namespace, sharedAccessKey, sharedAccessName ... etc, you can just supply the connection string for your eventHub. The connection string for EventHubs already include all the necessary information to connection to your EventHub. To learn on how to generate the connection string, take a look at this documentation: https:\/\/docs.microsoft.com\/en-us\/azure\/event-hubs\/event-hubs-get-connection-string" },
    "sharedAccessKey": { "kind": "property", "displayName": "Shared Access Key", "group": "security", "label": "security", "required": false, "type": "string", "javaType": "java.lang.String", "deprecated": false, "autowired": false, "secret": true, "configurationClass": "org.apache.camel.component.azure.eventhubs.EventHubsConfiguration", "configurationField": "configuration", "description": "The generated value for the SharedAccessName." },
    "sharedAccessName": { "kind": "property", "displayName": "Shared Access Name", "group": "security", "label": "security", "required": false, "type": "string", "javaType": "java.lang.String", "deprecated": false, "autowired": false, "secret": false, "configurationClass": "org.apache.camel.component.azure.eventhubs.EventHubsConfiguration", "configurationField": "configuration", "description": "The name you chose for your EventHubs SAS keys." },
    "tokenCredential": { "kind": "property", "displayName": "Token Credential", "group": "security", "label": "security", "required": false, "type": "object", "javaType": "com.azure.core.credential.TokenCredential", "deprecated": false, "autowired": false, "secret": true, "configurationClass": "org.apache.camel.component.azure.eventhubs.EventHubsConfiguration", "configurationField": "configuration", "description": "Still another way of authentication (beside supplying namespace, sharedAccessKey, sharedAccessName or connection string) is through Azure-AD authentication using an implementation instance of TokenCredential." }
  },
  "headers": {
    "CamelAzureEventHubsPartitionKey": { "kind": "header", "displayName": "", "group": "common", "label": "", "required": false, "javaType": "String", "deprecated": false, "deprecationNote": "", "autowired": false, "secret": false, "description": "(producer) Overrides the hashing key to be provided for the batch of events, which instructs the Event Hubs service to map this key to a specific partition. (consumer) It sets the partition hashing key if it was set when originally publishing the event. If it exists, this value was used to compute a hash to select a partition to send the message to. This is only present on a received EventData.", "constantName": "org.apache.camel.component.azure.eventhubs.EventHubsConstants#PARTITION_KEY" },
    "CamelAzureEventHubsPartitionId": { "kind": "header", "displayName": "", "group": "common", "label": "", "required": false, "javaType": "String", "deprecated": false, "deprecationNote": "", "autowired": false, "secret": false, "description": "(producer) Overrides the identifier of the Event Hub partition that the events will be sent to. (consumer) It sets the partition id of the Event Hub.", "constantName": "org.apache.camel.component.azure.eventhubs.EventHubsConstants#PARTITION_ID" },
    "CamelAzureEventHubsOffset": { "kind": "header", "displayName": "", "group": "consumer", "label": "consumer", "required": false, "javaType": "Integer", "deprecated": false, "deprecationNote": "", "autowired": false, "secret": false, "description": "It sets the offset of the event when it was received from the associated Event Hub partition. This is only present on a received EventData.", "constantName": "org.apache.camel.component.azure.eventhubs.EventHubsConstants#OFFSET" },
    "CamelAzureEventHubsEnqueuedTime": { "kind": "header", "displayName": "", "group": "consumer", "label": "consumer", "required": false, "javaType": "Instant", "deprecated": false, "deprecationNote": "", "autowired": false, "secret": false, "description": "It sets the instant, in UTC, of when the event was enqueued in the Event Hub partition. This is only present on a received EventData.", "constantName": "org.apache.camel.component.azure.eventhubs.EventHubsConstants#ENQUEUED_TIME" },
    "CamelAzureEventHubsSequenceNumber": { "kind": "header", "displayName": "", "group": "consumer", "label": "consumer", "required": false, "javaType": "Long", "deprecated": false, "deprecationNote": "", "autowired": false, "secret": false, "description": "It sets the sequence number assigned to the event when it was enqueued in the associated Event Hub partition. This is unique for every message received in the Event Hub partition. This is only present on a received EventData.", "constantName": "org.apache.camel.component.azure.eventhubs.EventHubsConstants#SEQUENCE_NUMBER" },
    "CamelAzureEventHubsMetadata": { "kind": "header", "displayName": "", "group": "consumer", "label": "consumer", "required": false, "javaType": "Map<String, Object>", "deprecated": false, "deprecationNote": "", "autowired": false, "secret": false, "description": "The set of free-form event properties which may be used for passing metadata associated with the event with the event body during Event Hubs operations.", "constantName": "org.apache.camel.component.azure.eventhubs.EventHubsConstants#METADATA" },
    "CamelMessageTimestamp": { "kind": "header", "displayName": "", "group": "consumer", "label": "consumer", "required": false, "javaType": "long", "deprecated": false, "deprecationNote": "", "autowired": false, "secret": false, "description": "The timestamp of the message", "constantName": "org.apache.camel.component.azure.eventhubs.EventHubsConstants#MESSAGE_TIMESTAMP" },
    "CamelAzureEventHubsCheckpointUpdatedBy": { "kind": "header", "displayName": "", "group": "consumer", "label": "consumer", "required": false, "javaType": "String", "deprecated": false, "deprecationNote": "", "autowired": false, "secret": false, "description": "It sets the reason for the checkpoint to have been updated. This is only present on a received EventData.", "constantName": "org.apache.camel.component.azure.eventhubs.EventHubsConstants#CHECKPOINT_UPDATED_BY" }
  },
  "properties": {
    "namespace": { "kind": "path", "displayName": "Namespace", "group": "common", "label": "", "required": false, "type": "string", "javaType": "java.lang.String", "deprecated": false, "autowired": false, "secret": false, "configurationClass": "org.apache.camel.component.azure.eventhubs.EventHubsConfiguration", "configurationField": "configuration", "description": "EventHubs namespace created in Azure Portal." },
    "eventHubName": { "kind": "path", "displayName": "Event Hub Name", "group": "common", "label": "", "required": false, "type": "string", "javaType": "java.lang.String", "deprecated": false, "autowired": false, "secret": false, "configurationClass": "org.apache.camel.component.azure.eventhubs.EventHubsConfiguration", "configurationField": "configuration", "description": "EventHubs name under a specific namespace." },
    "amqpRetryOptions": { "kind": "parameter", "displayName": "Amqp Retry Options", "group": "common", "label": "common", "required": false, "type": "object", "javaType": "com.azure.core.amqp.AmqpRetryOptions", "deprecated": false, "autowired": false, "secret": false, "configurationClass": "org.apache.camel.component.azure.eventhubs.EventHubsConfiguration", "configurationField": "configuration", "description": "Sets the retry policy for EventHubAsyncClient. If not specified, the default retry options are used." },
    "amqpTransportType": { "kind": "parameter", "displayName": "Amqp Transport Type", "group": "common", "label": "common", "required": false, "type": "object", "javaType": "com.azure.core.amqp.AmqpTransportType", "enum": [ "Amqp", "AmqpWebSockets" ], "deprecated": false, "autowired": false, "secret": false, "defaultValue": "AMQP", "configurationClass": "org.apache.camel.component.azure.eventhubs.EventHubsConfiguration", "configurationField": "configuration", "description": "Sets the transport type by which all the communication with Azure Event Hubs occurs. Default value is AmqpTransportType#AMQP." },
    "blobAccessKey": { "kind": "parameter", "displayName": "Blob Access Key", "group": "consumer", "label": "consumer", "required": false, "type": "string", "javaType": "java.lang.String", "deprecated": false, "autowired": false, "secret": true, "configurationClass": "org.apache.camel.component.azure.eventhubs.EventHubsConfiguration", "configurationField": "configuration", "description": "In case you chose the default BlobCheckpointStore, this sets access key for the associated azure account name to be used for authentication with azure blob services." },
    "blobAccountName": { "kind": "parameter", "displayName": "Blob Account Name", "group": "consumer", "label": "consumer", "required": false, "type": "string", "javaType": "java.lang.String", "deprecated": false, "autowired": false, "secret": false, "configurationClass": "org.apache.camel.component.azure.eventhubs.EventHubsConfiguration", "configurationField": "configuration", "description": "In case you chose the default BlobCheckpointStore, this sets Azure account name to be used for authentication with azure blob services." },
    "blobContainerName": { "kind": "parameter", "displayName": "Blob Container Name", "group": "consumer", "label": "consumer", "required": false, "type": "string", "javaType": "java.lang.String", "deprecated": false, "autowired": false, "secret": false, "configurationClass": "org.apache.camel.component.azure.eventhubs.EventHubsConfiguration", "configurationField": "configuration", "description": "In case you chose the default BlobCheckpointStore, this sets the blob container that shall be used by the BlobCheckpointStore to store the checkpoint offsets." },
    "blobStorageSharedKeyCredential": { "kind": "parameter", "displayName": "Blob Storage Shared Key Credential", "group": "consumer", "label": "consumer", "required": false, "type": "object", "javaType": "com.azure.storage.common.StorageSharedKeyCredential", "deprecated": false, "autowired": false, "secret": true, "configurationClass": "org.apache.camel.component.azure.eventhubs.EventHubsConfiguration", "configurationField": "configuration", "description": "In case you chose the default BlobCheckpointStore, StorageSharedKeyCredential can be injected to create the azure client, this holds the important authentication information." },
    "checkpointBatchSize": { "kind": "parameter", "displayName": "Checkpoint Batch Size", "group": "consumer", "label": "consumer", "required": false, "type": "integer", "javaType": "int", "deprecated": false, "autowired": false, "secret": false, "defaultValue": 500, "configurationClass": "org.apache.camel.component.azure.eventhubs.EventHubsConfiguration", "configurationField": "configuration", "description": "Sets the batch size between each checkpoint updates. Works jointly with checkpointBatchTimeout." },
    "checkpointBatchTimeout": { "kind": "parameter", "displayName": "Checkpoint Batch Timeout", "group": "consumer", "label": "consumer", "required": false, "type": "integer", "javaType": "int", "deprecated": false, "autowired": false, "secret": false, "defaultValue": 5000, "configurationClass": "org.apache.camel.component.azure.eventhubs.EventHubsConfiguration", "configurationField": "configuration", "description": "Sets the batch timeout between each checkpoint updates. Works jointly with checkpointBatchSize." },
    "checkpointStore": { "kind": "parameter", "displayName": "Checkpoint Store", "group": "consumer", "label": "consumer", "required": false, "type": "object", "javaType": "com.azure.messaging.eventhubs.CheckpointStore", "deprecated": false, "autowired": false, "secret": false, "defaultValue": "BlobCheckpointStore", "configurationClass": "org.apache.camel.component.azure.eventhubs.EventHubsConfiguration", "configurationField": "configuration", "description": "Sets the CheckpointStore the EventProcessorClient will use for storing partition ownership and checkpoint information. Users can, optionally, provide their own implementation of CheckpointStore which will store ownership and checkpoint information. By default it set to use com.azure.messaging.eventhubs.checkpointstore.blob.BlobCheckpointStore which stores all checkpoint offsets into Azure Blob Storage." },
    "consumerGroupName": { "kind": "parameter", "displayName": "Consumer Group Name", "group": "consumer", "label": "consumer", "required": false, "type": "string", "javaType": "java.lang.String", "deprecated": false, "autowired": false, "secret": false, "defaultValue": "$Default", "configurationClass": "org.apache.camel.component.azure.eventhubs.EventHubsConfiguration", "configurationField": "configuration", "description": "Sets the name of the consumer group this consumer is associated with. Events are read in the context of this group. The name of the consumer group that is created by default is {code $Default}." },
    "eventPosition": { "kind": "parameter", "displayName": "Event Position", "group": "consumer", "label": "consumer", "required": false, "type": "object", "javaType": "java.util.Map<java.lang.String, com.azure.messaging.eventhubs.models.EventPosition>", "deprecated": false, "autowired": false, "secret": false, "configurationClass": "org.apache.camel.component.azure.eventhubs.EventHubsConfiguration", "configurationField": "configuration", "description": "Sets the map containing the event position to use for each partition if a checkpoint for the partition does not exist in CheckpointStore. This map is keyed off of the partition id. If there is no checkpoint in CheckpointStore and there is no entry in this map, the processing of the partition will start from {link EventPosition#latest() latest} position." },
    "prefetchCount": { "kind": "parameter", "displayName": "Prefetch Count", "group": "consumer", "label": "consumer", "required": false, "type": "integer", "javaType": "int", "deprecated": false, "autowired": false, "secret": false, "defaultValue": 500, "configurationClass": "org.apache.camel.component.azure.eventhubs.EventHubsConfiguration", "configurationField": "configuration", "description": "Sets the count used by the receiver to control the number of events the Event Hub consumer will actively receive and queue locally without regard to whether a receive operation is currently active." },
    "bridgeErrorHandler": { "kind": "parameter", "displayName": "Bridge Error Handler", "group": "consumer (advanced)", "label": "consumer,advanced", "required": false, "type": "boolean", "javaType": "boolean", "deprecated": false, "autowired": false, "secret": false, "defaultValue": false, "description": "Allows for bridging the consumer to the Camel routing Error Handler, which mean any exceptions occurred while the consumer is trying to pickup incoming messages, or the likes, will now be processed as a message and handled by the routing Error Handler. By default the consumer will use the org.apache.camel.spi.ExceptionHandler to deal with exceptions, that will be logged at WARN or ERROR level and ignored." },
    "exceptionHandler": { "kind": "parameter", "displayName": "Exception Handler", "group": "consumer (advanced)", "label": "consumer,advanced", "required": false, "type": "object", "javaType": "org.apache.camel.spi.ExceptionHandler", "optionalPrefix": "consumer.", "deprecated": false, "autowired": false, "secret": false, "description": "To let the consumer use a custom ExceptionHandler. Notice if the option bridgeErrorHandler is enabled then this option is not in use. By default the consumer will deal with exceptions, that will be logged at WARN or ERROR level and ignored." },
    "exchangePattern": { "kind": "parameter", "displayName": "Exchange Pattern", "group": "consumer (advanced)", "label": "consumer,advanced", "required": false, "type": "object", "javaType": "org.apache.camel.ExchangePattern", "enum": [ "InOnly", "InOut", "InOptionalOut" ], "deprecated": false, "autowired": false, "secret": false, "description": "Sets the exchange pattern when the consumer creates an exchange." },
    "partitionId": { "kind": "parameter", "displayName": "Partition Id", "group": "producer", "label": "producer", "required": false, "type": "string", "javaType": "java.lang.String", "deprecated": false, "autowired": false, "secret": false, "configurationClass": "org.apache.camel.component.azure.eventhubs.EventHubsConfiguration", "configurationField": "configuration", "description": "Sets the identifier of the Event Hub partition that the events will be sent to. If the identifier is not specified, the Event Hubs service will be responsible for routing events that are sent to an available partition." },
    "partitionKey": { "kind": "parameter", "displayName": "Partition Key", "group": "producer", "label": "producer", "required": false, "type": "string", "javaType": "java.lang.String", "deprecated": false, "autowired": false, "secret": false, "configurationClass": "org.apache.camel.component.azure.eventhubs.EventHubsConfiguration", "configurationField": "configuration", "description": "Sets a hashing key to be provided for the batch of events, which instructs the Event Hubs service to map this key to a specific partition. The selection of a partition is stable for a given partition hashing key. Should any other batches of events be sent using the same exact partition hashing key, the Event Hubs service will route them all to the same partition. This should be specified only when there is a need to group events by partition, but there is flexibility into which partition they are routed. If ensuring that a batch of events is sent only to a specific partition, it is recommended that the {link #setPartitionId(String) identifier of the position be specified directly} when sending the batch." },
    "producerAsyncClient": { "kind": "parameter", "displayName": "Producer Async Client", "group": "producer", "label": "producer", "required": false, "type": "object", "javaType": "com.azure.messaging.eventhubs.EventHubProducerAsyncClient", "deprecated": false, "deprecationNote": "", "autowired": true, "secret": false, "configurationClass": "org.apache.camel.component.azure.eventhubs.EventHubsConfiguration", "configurationField": "configuration", "description": "Sets the EventHubProducerAsyncClient.An asynchronous producer responsible for transmitting EventData to a specific Event Hub, grouped together in batches. Depending on the options specified when creating an {linkEventDataBatch}, the events may be automatically routed to an available partition or specific to a partition. Use by this component to produce the data in camel producer." },
    "lazyStartProducer": { "kind": "parameter", "displayName": "Lazy Start Producer", "group": "producer (advanced)", "label": "producer,advanced", "required": false, "type": "boolean", "javaType": "boolean", "deprecated": false, "autowired": false, "secret": false, "defaultValue": false, "description": "Whether the producer should be started lazy (on the first message). By starting lazy you can use this to allow CamelContext and routes to startup in situations where a producer may otherwise fail during starting and cause the route to fail being started. By deferring this startup to be lazy then the startup failure can be handled during routing messages via Camel's routing error handlers. Beware that when the first message is processed then creating and starting the producer may take a little time and prolong the total processing time of the processing." },
    "connectionString": { "kind": "parameter", "displayName": "Connection String", "group": "security", "label": "security", "required": false, "type": "string", "javaType": "java.lang.String", "deprecated": false, "autowired": false, "secret": true, "configurationClass": "org.apache.camel.component.azure.eventhubs.EventHubsConfiguration", "configurationField": "configuration", "description": "Instead of supplying namespace, sharedAccessKey, sharedAccessName ... etc, you can just supply the connection string for your eventHub. The connection string for EventHubs already include all the necessary information to connection to your EventHub. To learn on how to generate the connection string, take a look at this documentation: https:\/\/docs.microsoft.com\/en-us\/azure\/event-hubs\/event-hubs-get-connection-string" },
    "sharedAccessKey": { "kind": "parameter", "displayName": "Shared Access Key", "group": "security", "label": "security", "required": false, "type": "string", "javaType": "java.lang.String", "deprecated": false, "autowired": false, "secret": true, "configurationClass": "org.apache.camel.component.azure.eventhubs.EventHubsConfiguration", "configurationField": "configuration", "description": "The generated value for the SharedAccessName." },
    "sharedAccessName": { "kind": "parameter", "displayName": "Shared Access Name", "group": "security", "label": "security", "required": false, "type": "string", "javaType": "java.lang.String", "deprecated": false, "autowired": false, "secret": false, "configurationClass": "org.apache.camel.component.azure.eventhubs.EventHubsConfiguration", "configurationField": "configuration", "description": "The name you chose for your EventHubs SAS keys." },
    "tokenCredential": { "kind": "parameter", "displayName": "Token Credential", "group": "security", "label": "security", "required": false, "type": "object", "javaType": "com.azure.core.credential.TokenCredential", "deprecated": false, "autowired": false, "secret": true, "configurationClass": "org.apache.camel.component.azure.eventhubs.EventHubsConfiguration", "configurationField": "configuration", "description": "Still another way of authentication (beside supplying namespace, sharedAccessKey, sharedAccessName or connection string) is through Azure-AD authentication using an implementation instance of TokenCredential." }
  }
}
