{
  "component": {
    "kind": "component",
    "name": "coap+tcp",
    "title": "CoAP",
    "description": "Send and receive messages to\/from COAP capable devices.",
    "deprecated": false,
    "firstVersion": "2.16.0",
    "label": "iot",
    "javaType": "org.apache.camel.coap.CoAPComponent",
    "supportLevel": "Stable",
    "groupId": "org.apache.camel",
    "artifactId": "camel-coap",
    "version": "3.20.3-SNAPSHOT",
    "scheme": "coap+tcp",
    "extendsScheme": "",
    "alternativeSchemes": "coap,coaps,coap+tcp,coaps+tcp",
    "syntax": "coap+tcp:uri",
    "async": false,
    "api": false,
    "consumerOnly": false,
    "producerOnly": false,
    "lenientProperties": false
  },
  "componentProperties": {
    "bridgeErrorHandler": { "kind": "property", "displayName": "Bridge Error Handler", "group": "consumer", "label": "consumer", "required": false, "type": "boolean", "javaType": "boolean", "deprecated": false, "autowired": false, "secret": false, "defaultValue": false, "description": "Allows for bridging the consumer to the Camel routing Error Handler, which mean any exceptions occurred while the consumer is trying to pickup incoming messages, or the likes, will now be processed as a message and handled by the routing Error Handler. By default the consumer will use the org.apache.camel.spi.ExceptionHandler to deal with exceptions, that will be logged at WARN or ERROR level and ignored." },
    "lazyStartProducer": { "kind": "property", "displayName": "Lazy Start Producer", "group": "producer", "label": "producer", "required": false, "type": "boolean", "javaType": "boolean", "deprecated": false, "autowired": false, "secret": false, "defaultValue": false, "description": "Whether the producer should be started lazy (on the first message). By starting lazy you can use this to allow CamelContext and routes to startup in situations where a producer may otherwise fail during starting and cause the route to fail being started. By deferring this startup to be lazy then the startup failure can be handled during routing messages via Camel's routing error handlers. Beware that when the first message is processed then creating and starting the producer may take a little time and prolong the total processing time of the processing." },
    "autowiredEnabled": { "kind": "property", "displayName": "Autowired Enabled", "group": "advanced", "label": "advanced", "required": false, "type": "boolean", "javaType": "boolean", "deprecated": false, "autowired": false, "secret": false, "defaultValue": true, "description": "Whether autowiring is enabled. This is used for automatic autowiring options (the option must be marked as autowired) by looking up in the registry to find if there is a single instance of matching type, which then gets configured on the component. This can be used for automatic configuring JDBC data sources, JMS connection factories, AWS Clients, etc." }
  },
  "headers": {
    "CamelCoapMethod": { "kind": "header", "displayName": "", "group": "common", "label": "", "required": false, "javaType": "String", "deprecated": false, "deprecationNote": "", "autowired": false, "secret": false, "description": "The request method that the CoAP producer should use when calling the target CoAP server URI. Valid options are DELETE, GET, PING, POST & PUT.", "constantName": "org.apache.camel.coap.CoAPConstants#COAP_METHOD" },
    "CamelCoapResponseCode": { "kind": "header", "displayName": "", "group": "common", "label": "", "required": false, "javaType": "String", "deprecated": false, "deprecationNote": "", "autowired": false, "secret": false, "description": "The CoAP response code sent by the external server. See RFC 7252 for details of what each code means.", "constantName": "org.apache.camel.coap.CoAPConstants#COAP_RESPONSE_CODE" },
    "CamelCoapUri": { "kind": "header", "displayName": "", "group": "common", "label": "", "required": false, "javaType": "String", "deprecated": false, "deprecationNote": "", "autowired": false, "secret": false, "description": "The URI of a CoAP server to call. Will override any existing URI configured directly on the endpoint.", "constantName": "org.apache.camel.coap.CoAPConstants#COAP_URI" },
    "Content-Type": { "kind": "header", "displayName": "", "group": "common", "label": "", "required": false, "javaType": "String", "deprecated": false, "deprecationNote": "", "autowired": false, "secret": false, "description": "The content type", "constantName": "org.apache.camel.coap.CoAPConstants#CONTENT_TYPE" }
  },
  "properties": {
    "uri": { "kind": "path", "displayName": "Uri", "group": "common", "label": "", "required": false, "type": "string", "javaType": "java.net.URI", "deprecated": false, "autowired": false, "secret": false, "description": "The URI for the CoAP endpoint" },
    "coapMethodRestrict": { "kind": "parameter", "displayName": "Coap Method Restrict", "group": "consumer", "label": "consumer", "required": false, "type": "string", "javaType": "java.lang.String", "enum": [ "DELETE", "GET", "POST", "PUT" ], "deprecated": false, "autowired": false, "secret": false, "description": "Comma separated list of methods that the CoAP consumer will bind to. The default is to bind to all methods (DELETE, GET, POST, PUT)." },
    "bridgeErrorHandler": { "kind": "parameter", "displayName": "Bridge Error Handler", "group": "consumer (advanced)", "label": "consumer,advanced", "required": false, "type": "boolean", "javaType": "boolean", "deprecated": false, "autowired": false, "secret": false, "defaultValue": false, "description": "Allows for bridging the consumer to the Camel routing Error Handler, which mean any exceptions occurred while the consumer is trying to pickup incoming messages, or the likes, will now be processed as a message and handled by the routing Error Handler. By default the consumer will use the org.apache.camel.spi.ExceptionHandler to deal with exceptions, that will be logged at WARN or ERROR level and ignored." },
    "exceptionHandler": { "kind": "parameter", "displayName": "Exception Handler", "group": "consumer (advanced)", "label": "consumer,advanced", "required": false, "type": "object", "javaType": "org.apache.camel.spi.ExceptionHandler", "optionalPrefix": "consumer.", "deprecated": false, "autowired": false, "secret": false, "description": "To let the consumer use a custom ExceptionHandler. Notice if the option bridgeErrorHandler is enabled then this option is not in use. By default the consumer will deal with exceptions, that will be logged at WARN or ERROR level and ignored." },
    "exchangePattern": { "kind": "parameter", "displayName": "Exchange Pattern", "group": "consumer (advanced)", "label": "consumer,advanced", "required": false, "type": "object", "javaType": "org.apache.camel.ExchangePattern", "enum": [ "InOnly", "InOut", "InOptionalOut" ], "deprecated": false, "autowired": false, "secret": false, "description": "Sets the exchange pattern when the consumer creates an exchange." },
    "lazyStartProducer": { "kind": "parameter", "displayName": "Lazy Start Producer", "group": "producer (advanced)", "label": "producer,advanced", "required": false, "type": "boolean", "javaType": "boolean", "deprecated": false, "autowired": false, "secret": false, "defaultValue": false, "description": "Whether the producer should be started lazy (on the first message). By starting lazy you can use this to allow CamelContext and routes to startup in situations where a producer may otherwise fail during starting and cause the route to fail being started. By deferring this startup to be lazy then the startup failure can be handled during routing messages via Camel's routing error handlers. Beware that when the first message is processed then creating and starting the producer may take a little time and prolong the total processing time of the processing." },
    "alias": { "kind": "parameter", "displayName": "Alias", "group": "security", "label": "security", "required": false, "type": "string", "javaType": "java.lang.String", "enum": [ "NONE", "WANT", "REQUIRE" ], "deprecated": false, "autowired": false, "secret": false, "description": "Sets the alias used to query the KeyStore for the private key and certificate. This parameter is used when we are enabling TLS with certificates on the service side, and similarly on the client side when TLS is used with certificates and client authentication. If the parameter is not specified then the default behavior is to use the first alias in the keystore that contains a key entry. This configuration parameter does not apply to configuring TLS via a Raw Public Key or a Pre-Shared Key." },
    "cipherSuites": { "kind": "parameter", "displayName": "Cipher Suites", "group": "security", "label": "security", "required": false, "type": "string", "javaType": "java.lang.String", "deprecated": false, "autowired": false, "secret": false, "description": "Sets the cipherSuites String. This is a comma separated String of ciphersuites to configure. If it is not specified, then it falls back to getting the ciphersuites from the sslContextParameters object." },
    "clientAuthentication": { "kind": "parameter", "displayName": "Client Authentication", "group": "security", "label": "security", "required": false, "type": "string", "javaType": "java.lang.String", "deprecated": false, "autowired": false, "secret": false, "description": "Sets the configuration options for server-side client-authentication requirements. The value must be one of NONE, WANT, REQUIRE. If this value is not specified, then it falls back to checking the sslContextParameters.getServerParameters().getClientAuthentication() value." },
    "privateKey": { "kind": "parameter", "displayName": "Private Key", "group": "security", "label": "security", "required": false, "type": "object", "javaType": "java.security.PrivateKey", "deprecated": false, "autowired": false, "secret": true, "description": "Set the configured private key for use with Raw Public Key." },
    "pskStore": { "kind": "parameter", "displayName": "Psk Store", "group": "security", "label": "security", "required": false, "type": "object", "javaType": "org.eclipse.californium.scandium.dtls.pskstore.PskStore", "deprecated": false, "autowired": false, "secret": false, "description": "Set the PskStore to use for pre-shared key." },
    "publicKey": { "kind": "parameter", "displayName": "Public Key", "group": "security", "label": "security", "required": false, "type": "object", "javaType": "java.security.PublicKey", "deprecated": false, "autowired": false, "secret": false, "description": "Set the configured public key for use with Raw Public Key." },
    "recommendedCipherSuitesOnly": { "kind": "parameter", "displayName": "Recommended Cipher Suites Only", "group": "security", "label": "security", "required": false, "type": "boolean", "javaType": "boolean", "deprecated": false, "autowired": false, "secret": false, "defaultValue": true, "description": "The CBC cipher suites are not recommended. If you want to use them, you first need to set the recommendedCipherSuitesOnly option to false." },
    "sslContextParameters": { "kind": "parameter", "displayName": "Ssl Context Parameters", "group": "security", "label": "security", "required": false, "type": "object", "javaType": "org.apache.camel.support.jsse.SSLContextParameters", "deprecated": false, "autowired": false, "secret": false, "description": "Set the SSLContextParameters object for setting up TLS. This is required for coapstcp, and for coaps when we are using certificates for TLS (as opposed to RPK or PKS)." },
    "trustedRpkStore": { "kind": "parameter", "displayName": "Trusted Rpk Store", "group": "security", "label": "security", "required": false, "type": "object", "javaType": "org.eclipse.californium.scandium.dtls.rpkstore.TrustedRpkStore", "deprecated": false, "autowired": false, "secret": false, "description": "Set the TrustedRpkStore to use to determine trust in raw public keys." }
  }
}
