{
  "component": {
    "kind": "component",
    "name": "disruptor",
    "title": "Disruptor",
    "description": "Provides asynchronous SEDA behavior using LMAX Disruptor.",
    "deprecated": false,
    "firstVersion": "2.12.0",
    "label": "endpoint",
    "javaType": "org.apache.camel.component.disruptor.DisruptorComponent",
    "supportLevel": "Stable",
    "groupId": "org.apache.camel",
    "artifactId": "camel-disruptor",
    "version": "3.20.3-SNAPSHOT",
    "scheme": "disruptor",
    "extendsScheme": "",
    "alternativeSchemes": "disruptor,disruptor-vm",
    "syntax": "disruptor:name",
    "async": true,
    "api": false,
    "consumerOnly": false,
    "producerOnly": false,
    "lenientProperties": false
  },
  "componentProperties": {
    "bufferSize": { "kind": "property", "displayName": "Buffer Size", "group": "common", "label": "", "required": false, "type": "integer", "javaType": "int", "deprecated": false, "autowired": false, "secret": false, "defaultValue": 1024, "description": "To configure the ring buffer size" },
    "bridgeErrorHandler": { "kind": "property", "displayName": "Bridge Error Handler", "group": "consumer", "label": "consumer", "required": false, "type": "boolean", "javaType": "boolean", "deprecated": false, "autowired": false, "secret": false, "defaultValue": false, "description": "Allows for bridging the consumer to the Camel routing Error Handler, which mean any exceptions occurred while the consumer is trying to pickup incoming messages, or the likes, will now be processed as a message and handled by the routing Error Handler. By default the consumer will use the org.apache.camel.spi.ExceptionHandler to deal with exceptions, that will be logged at WARN or ERROR level and ignored." },
    "defaultConcurrentConsumers": { "kind": "property", "displayName": "Default Concurrent Consumers", "group": "consumer", "label": "consumer", "required": false, "type": "integer", "javaType": "int", "deprecated": false, "autowired": false, "secret": false, "defaultValue": 1, "description": "To configure the default number of concurrent consumers" },
    "defaultMultipleConsumers": { "kind": "property", "displayName": "Default Multiple Consumers", "group": "consumer", "label": "consumer", "required": false, "type": "boolean", "javaType": "boolean", "deprecated": false, "autowired": false, "secret": false, "defaultValue": false, "description": "To configure the default value for multiple consumers" },
    "defaultWaitStrategy": { "kind": "property", "displayName": "Default Wait Strategy", "group": "consumer", "label": "consumer", "required": false, "type": "object", "javaType": "org.apache.camel.component.disruptor.DisruptorWaitStrategy", "enum": [ "Blocking", "Sleeping", "BusySpin", "Yielding" ], "deprecated": false, "autowired": false, "secret": false, "defaultValue": "Blocking", "description": "To configure the default value for DisruptorWaitStrategy The default value is Blocking." },
    "defaultBlockWhenFull": { "kind": "property", "displayName": "Default Block When Full", "group": "producer", "label": "producer", "required": false, "type": "boolean", "javaType": "boolean", "deprecated": false, "autowired": false, "secret": false, "defaultValue": true, "description": "To configure the default value for block when full The default value is true." },
    "defaultProducerType": { "kind": "property", "displayName": "Default Producer Type", "group": "producer", "label": "producer", "required": false, "type": "object", "javaType": "org.apache.camel.component.disruptor.DisruptorProducerType", "enum": [ "Single", "Multi" ], "deprecated": false, "autowired": false, "secret": false, "defaultValue": "Multi", "description": "To configure the default value for DisruptorProducerType The default value is Multi." },
    "lazyStartProducer": { "kind": "property", "displayName": "Lazy Start Producer", "group": "producer", "label": "producer", "required": false, "type": "boolean", "javaType": "boolean", "deprecated": false, "autowired": false, "secret": false, "defaultValue": false, "description": "Whether the producer should be started lazy (on the first message). By starting lazy you can use this to allow CamelContext and routes to startup in situations where a producer may otherwise fail during starting and cause the route to fail being started. By deferring this startup to be lazy then the startup failure can be handled during routing messages via Camel's routing error handlers. Beware that when the first message is processed then creating and starting the producer may take a little time and prolong the total processing time of the processing." },
    "autowiredEnabled": { "kind": "property", "displayName": "Autowired Enabled", "group": "advanced", "label": "advanced", "required": false, "type": "boolean", "javaType": "boolean", "deprecated": false, "autowired": false, "secret": false, "defaultValue": true, "description": "Whether autowiring is enabled. This is used for automatic autowiring options (the option must be marked as autowired) by looking up in the registry to find if there is a single instance of matching type, which then gets configured on the component. This can be used for automatic configuring JDBC data sources, JMS connection factories, AWS Clients, etc." }
  },
  "properties": {
    "name": { "kind": "path", "displayName": "Name", "group": "common", "label": "", "required": true, "type": "string", "javaType": "java.lang.String", "deprecated": false, "deprecationNote": "", "autowired": false, "secret": false, "description": "Name of queue" },
    "size": { "kind": "parameter", "displayName": "Size", "group": "common", "label": "", "required": false, "type": "integer", "javaType": "int", "deprecated": false, "autowired": false, "secret": false, "defaultValue": 1024, "description": "The maximum capacity of the Disruptors ringbuffer Will be effectively increased to the nearest power of two. Notice: Mind if you use this option, then its the first endpoint being created with the queue name, that determines the size. To make sure all endpoints use same size, then configure the size option on all of them, or the first endpoint being created." },
    "concurrentConsumers": { "kind": "parameter", "displayName": "Concurrent Consumers", "group": "consumer", "label": "consumer", "required": false, "type": "integer", "javaType": "int", "deprecated": false, "autowired": false, "secret": false, "defaultValue": 1, "description": "Number of concurrent threads processing exchanges." },
    "multipleConsumers": { "kind": "parameter", "displayName": "Multiple Consumers", "group": "consumer", "label": "consumer", "required": false, "type": "boolean", "javaType": "boolean", "deprecated": false, "autowired": false, "secret": false, "defaultValue": false, "description": "Specifies whether multiple consumers are allowed. If enabled, you can use Disruptor for Publish-Subscribe messaging. That is, you can send a message to the queue and have each consumer receive a copy of the message. When enabled, this option should be specified on every consumer endpoint." },
    "waitStrategy": { "kind": "parameter", "displayName": "Wait Strategy", "group": "consumer", "label": "consumer", "required": false, "type": "object", "javaType": "org.apache.camel.component.disruptor.DisruptorWaitStrategy", "enum": [ "Blocking", "Sleeping", "BusySpin", "Yielding" ], "deprecated": false, "autowired": false, "secret": false, "defaultValue": "Blocking", "description": "Defines the strategy used by consumer threads to wait on new exchanges to be published. The options allowed are:Blocking, Sleeping, BusySpin and Yielding." },
    "bridgeErrorHandler": { "kind": "parameter", "displayName": "Bridge Error Handler", "group": "consumer (advanced)", "label": "consumer,advanced", "required": false, "type": "boolean", "javaType": "boolean", "deprecated": false, "autowired": false, "secret": false, "defaultValue": false, "description": "Allows for bridging the consumer to the Camel routing Error Handler, which mean any exceptions occurred while the consumer is trying to pickup incoming messages, or the likes, will now be processed as a message and handled by the routing Error Handler. By default the consumer will use the org.apache.camel.spi.ExceptionHandler to deal with exceptions, that will be logged at WARN or ERROR level and ignored." },
    "exceptionHandler": { "kind": "parameter", "displayName": "Exception Handler", "group": "consumer (advanced)", "label": "consumer,advanced", "required": false, "type": "object", "javaType": "org.apache.camel.spi.ExceptionHandler", "optionalPrefix": "consumer.", "deprecated": false, "autowired": false, "secret": false, "description": "To let the consumer use a custom ExceptionHandler. Notice if the option bridgeErrorHandler is enabled then this option is not in use. By default the consumer will deal with exceptions, that will be logged at WARN or ERROR level and ignored." },
    "exchangePattern": { "kind": "parameter", "displayName": "Exchange Pattern", "group": "consumer (advanced)", "label": "consumer,advanced", "required": false, "type": "object", "javaType": "org.apache.camel.ExchangePattern", "enum": [ "InOnly", "InOut", "InOptionalOut" ], "deprecated": false, "autowired": false, "secret": false, "description": "Sets the exchange pattern when the consumer creates an exchange." },
    "blockWhenFull": { "kind": "parameter", "displayName": "Block When Full", "group": "producer", "label": "producer", "required": false, "type": "boolean", "javaType": "boolean", "deprecated": false, "autowired": false, "secret": false, "defaultValue": false, "description": "Whether a thread that sends messages to a full Disruptor will block until the ringbuffer's capacity is no longer exhausted. By default, the calling thread will block and wait until the message can be accepted. By disabling this option, an exception will be thrown stating that the queue is full." },
    "producerType": { "kind": "parameter", "displayName": "Producer Type", "group": "producer", "label": "producer", "required": false, "type": "object", "javaType": "org.apache.camel.component.disruptor.DisruptorProducerType", "enum": [ "Single", "Multi" ], "deprecated": false, "autowired": false, "secret": false, "defaultValue": "Multi", "description": "Defines the producers allowed on the Disruptor. The options allowed are: Multi to allow multiple producers and Single to enable certain optimizations only allowed when one concurrent producer (on one thread or otherwise synchronized) is active." },
    "timeout": { "kind": "parameter", "displayName": "Timeout", "group": "producer", "label": "producer", "required": false, "type": "duration", "javaType": "long", "deprecated": false, "autowired": false, "secret": false, "defaultValue": "30000", "description": "Timeout (in milliseconds) before a producer will stop waiting for an asynchronous task to complete. You can disable timeout by using 0 or a negative value." },
    "waitForTaskToComplete": { "kind": "parameter", "displayName": "Wait For Task To Complete", "group": "producer", "label": "producer", "required": false, "type": "object", "javaType": "org.apache.camel.WaitForTaskToComplete", "enum": [ "Never", "IfReplyExpected", "Always" ], "deprecated": false, "autowired": false, "secret": false, "defaultValue": "IfReplyExpected", "description": "Option to specify whether the caller should wait for the async task to complete or not before continuing. The following three options are supported: Always, Never or IfReplyExpected. The first two values are self-explanatory. The last value, IfReplyExpected, will only wait if the message is Request Reply based." },
    "lazyStartProducer": { "kind": "parameter", "displayName": "Lazy Start Producer", "group": "producer (advanced)", "label": "producer,advanced", "required": false, "type": "boolean", "javaType": "boolean", "deprecated": false, "autowired": false, "secret": false, "defaultValue": false, "description": "Whether the producer should be started lazy (on the first message). By starting lazy you can use this to allow CamelContext and routes to startup in situations where a producer may otherwise fail during starting and cause the route to fail being started. By deferring this startup to be lazy then the startup failure can be handled during routing messages via Camel's routing error handlers. Beware that when the first message is processed then creating and starting the producer may take a little time and prolong the total processing time of the processing." }
  }
}
