{
  "component": {
    "kind": "component",
    "name": "file",
    "title": "File",
    "description": "Read and write files.",
    "deprecated": false,
    "firstVersion": "1.0.0",
    "label": "file,core",
    "javaType": "org.apache.camel.component.file.FileComponent",
    "supportLevel": "Stable",
    "groupId": "org.apache.camel",
    "artifactId": "camel-file",
    "version": "3.20.3-SNAPSHOT",
    "scheme": "file",
    "extendsScheme": "",
    "syntax": "file:directoryName",
    "async": false,
    "api": false,
    "consumerOnly": false,
    "producerOnly": false,
    "lenientProperties": false
  },
  "componentProperties": {
    "bridgeErrorHandler": { "kind": "property", "displayName": "Bridge Error Handler", "group": "consumer", "label": "consumer", "required": false, "type": "boolean", "javaType": "boolean", "deprecated": false, "autowired": false, "secret": false, "defaultValue": false, "description": "Allows for bridging the consumer to the Camel routing Error Handler, which mean any exceptions occurred while the consumer is trying to pickup incoming messages, or the likes, will now be processed as a message and handled by the routing Error Handler. By default the consumer will use the org.apache.camel.spi.ExceptionHandler to deal with exceptions, that will be logged at WARN or ERROR level and ignored." },
    "lazyStartProducer": { "kind": "property", "displayName": "Lazy Start Producer", "group": "producer", "label": "producer", "required": false, "type": "boolean", "javaType": "boolean", "deprecated": false, "autowired": false, "secret": false, "defaultValue": false, "description": "Whether the producer should be started lazy (on the first message). By starting lazy you can use this to allow CamelContext and routes to startup in situations where a producer may otherwise fail during starting and cause the route to fail being started. By deferring this startup to be lazy then the startup failure can be handled during routing messages via Camel's routing error handlers. Beware that when the first message is processed then creating and starting the producer may take a little time and prolong the total processing time of the processing." },
    "autowiredEnabled": { "kind": "property", "displayName": "Autowired Enabled", "group": "advanced", "label": "advanced", "required": false, "type": "boolean", "javaType": "boolean", "deprecated": false, "autowired": false, "secret": false, "defaultValue": true, "description": "Whether autowiring is enabled. This is used for automatic autowiring options (the option must be marked as autowired) by looking up in the registry to find if there is a single instance of matching type, which then gets configured on the component. This can be used for automatic configuring JDBC data sources, JMS connection factories, AWS Clients, etc." }
  },
  "headers": {
    "CamelFileLength": { "kind": "header", "displayName": "", "group": "consumer", "label": "consumer", "required": false, "javaType": "long", "deprecated": false, "deprecationNote": "", "autowired": false, "secret": false, "description": "A long value containing the file size.", "constantName": "org.apache.camel.component.file.FileConstants#FILE_LENGTH" },
    "CamelFileLastModified": { "kind": "header", "displayName": "", "group": "consumer", "label": "consumer", "required": false, "javaType": "long", "deprecated": false, "deprecationNote": "", "autowired": false, "secret": false, "description": "A Long value containing the last modified timestamp of the file.", "constantName": "org.apache.camel.component.file.FileConstants#FILE_LAST_MODIFIED" },
    "CamelFileLocalWorkPath": { "kind": "header", "displayName": "", "group": "producer", "label": "producer", "required": false, "javaType": "File", "deprecated": false, "deprecationNote": "", "autowired": false, "secret": false, "description": "The local work path", "constantName": "org.apache.camel.component.file.FileConstants#FILE_LOCAL_WORK_PATH" },
    "CamelFileNameOnly": { "kind": "header", "displayName": "", "group": "common", "label": "", "required": false, "javaType": "String", "deprecated": false, "deprecationNote": "", "autowired": false, "secret": false, "description": "Only the file name (the name with no leading paths).", "constantName": "org.apache.camel.component.file.FileConstants#FILE_NAME_ONLY" },
    "CamelFileName": { "kind": "header", "displayName": "", "group": "common", "label": "", "required": false, "javaType": "String", "deprecated": false, "deprecationNote": "", "autowired": false, "secret": false, "description": "(producer) Specifies the name of the file to write (relative to the endpoint directory). This name can be a String; a String with a xref:languages:file-language.adocFile Language or xref:languages:simple-language.adocSimple expression; or an Expression object. If it's null then Camel will auto-generate a filename based on the message unique ID. (consumer) Name of the consumed file as a relative file path with offset from the starting directory configured on the endpoint.", "constantName": "org.apache.camel.component.file.FileConstants#FILE_NAME" },
    "CamelFileNameConsumed": { "kind": "header", "displayName": "", "group": "consumer", "label": "consumer", "required": false, "javaType": "String", "deprecated": false, "deprecationNote": "", "autowired": false, "secret": false, "description": "The name of the file that has been consumed", "constantName": "org.apache.camel.component.file.FileConstants#FILE_NAME_CONSUMED" },
    "CamelFileAbsolute": { "kind": "header", "displayName": "", "group": "consumer", "label": "consumer", "required": false, "javaType": "Boolean", "deprecated": false, "deprecationNote": "", "autowired": false, "secret": false, "description": "A boolean option specifying whether the consumed file denotes an absolute path or not. Should normally be false for relative paths. Absolute paths should normally not be used but we added to the move option to allow moving files to absolute paths. But can be used elsewhere as well.", "constantName": "org.apache.camel.component.file.FileConstants#FILE_ABSOLUTE" },
    "CamelFileAbsolutePath": { "kind": "header", "displayName": "", "group": "consumer", "label": "consumer", "required": false, "javaType": "String", "deprecated": false, "deprecationNote": "", "autowired": false, "secret": false, "description": "The absolute path to the file. For relative files this path holds the relative path instead.", "constantName": "org.apache.camel.component.file.FileConstants#FILE_ABSOLUTE_PATH" },
    "CamelFileExtendedAttributes": { "kind": "header", "displayName": "", "group": "consumer", "label": "consumer", "required": false, "javaType": "Map<String, Object>", "deprecated": false, "deprecationNote": "", "autowired": false, "secret": false, "description": "The extended attributes of the file", "constantName": "org.apache.camel.component.file.FileConstants#FILE_EXTENDED_ATTRIBUTES" },
    "CamelFileContentType": { "kind": "header", "displayName": "", "group": "consumer", "label": "consumer", "required": false, "javaType": "String", "deprecated": false, "deprecationNote": "", "autowired": false, "secret": false, "description": "The content type of the file", "constantName": "org.apache.camel.component.file.FileConstants#FILE_CONTENT_TYPE" },
    "CamelFilePath": { "kind": "header", "displayName": "", "group": "consumer", "label": "consumer", "required": false, "javaType": "String", "deprecated": false, "deprecationNote": "", "autowired": false, "secret": false, "description": "The file path. For relative files this is the starting directory the relative filename. For absolute files this is the absolute path.", "constantName": "org.apache.camel.component.file.FileConstants#FILE_PATH" },
    "CamelFileRelativePath": { "kind": "header", "displayName": "", "group": "consumer", "label": "consumer", "required": false, "javaType": "String", "deprecated": false, "deprecationNote": "", "autowired": false, "secret": false, "description": "The relative path.", "constantName": "org.apache.camel.component.file.FileConstants#FILE_RELATIVE_PATH" },
    "CamelFileParent": { "kind": "header", "displayName": "", "group": "common", "label": "", "required": false, "javaType": "String", "deprecated": false, "deprecationNote": "", "autowired": false, "secret": false, "description": "The parent path.", "constantName": "org.apache.camel.component.file.FileConstants#FILE_PARENT" },
    "CamelFileNameProduced": { "kind": "header", "displayName": "", "group": "producer", "label": "producer", "required": false, "javaType": "String", "deprecated": false, "deprecationNote": "", "autowired": false, "secret": false, "description": "The actual absolute filepath (path name) for the output file that was written. This header is set by Camel and its purpose is providing end-users with the name of the file that was written.", "constantName": "org.apache.camel.component.file.FileConstants#FILE_NAME_PRODUCED" },
    "CamelOverruleFileName": { "kind": "header", "displayName": "", "group": "producer", "label": "producer", "required": false, "javaType": "Object", "deprecated": false, "deprecationNote": "", "autowired": false, "secret": false, "description": "Is used for overruling CamelFileName header and use the value instead (but only once, as the producer will remove this header after writing the file). The value can be only be a String. Notice that if the option fileName has been configured, then this is still being evaluated.", "constantName": "org.apache.camel.component.file.FileConstants#OVERRULE_FILE_NAME" },
    "CamelFileInitialOffset": { "kind": "header", "displayName": "", "group": "consumer", "label": "consumer", "required": false, "javaType": "long", "deprecated": false, "deprecationNote": "", "autowired": false, "secret": false, "description": "A long value containing the initial offset.", "constantName": "org.apache.camel.component.file.FileConstants#INITIAL_OFFSET" }
  },
  "properties": {
    "directoryName": { "kind": "path", "displayName": "Directory Name", "group": "common", "label": "", "required": true, "type": "string", "javaType": "java.io.File", "deprecated": false, "deprecationNote": "", "autowired": false, "secret": false, "description": "The starting directory" },
    "charset": { "kind": "parameter", "displayName": "Charset", "group": "common", "label": "", "required": false, "type": "string", "javaType": "java.lang.String", "deprecated": false, "autowired": false, "secret": false, "description": "This option is used to specify the encoding of the file. You can use this on the consumer, to specify the encodings of the files, which allow Camel to know the charset it should load the file content in case the file content is being accessed. Likewise when writing a file, you can use this option to specify which charset to write the file as well. Do mind that when writing the file Camel may have to read the message content into memory to be able to convert the data into the configured charset, so do not use this if you have big messages." },
    "doneFileName": { "kind": "parameter", "displayName": "Done File Name", "group": "common", "label": "", "required": false, "type": "string", "javaType": "java.lang.String", "deprecated": false, "autowired": false, "secret": false, "description": "Producer: If provided, then Camel will write a 2nd done file when the original file has been written. The done file will be empty. This option configures what file name to use. Either you can specify a fixed name. Or you can use dynamic placeholders. The done file will always be written in the same folder as the original file. Consumer: If provided, Camel will only consume files if a done file exists. This option configures what file name to use. Either you can specify a fixed name. Or you can use dynamic placeholders.The done file is always expected in the same folder as the original file. Only ${file.name} and ${file.name.next} is supported as dynamic placeholders." },
    "fileName": { "kind": "parameter", "displayName": "File Name", "group": "common", "label": "", "required": false, "type": "string", "javaType": "java.lang.String", "deprecated": false, "autowired": false, "secret": false, "description": "Use Expression such as File Language to dynamically set the filename. For consumers, it's used as a filename filter. For producers, it's used to evaluate the filename to write. If an expression is set, it take precedence over the CamelFileName header. (Note: The header itself can also be an Expression). The expression options support both String and Expression types. If the expression is a String type, it is always evaluated using the File Language. If the expression is an Expression type, the specified Expression type is used - this allows you, for instance, to use OGNL expressions. For the consumer, you can use it to filter filenames, so you can for instance consume today's file using the File Language syntax: mydata-${date:now:yyyyMMdd}.txt. The producers support the CamelOverruleFileName header which takes precedence over any existing CamelFileName header; the CamelOverruleFileName is a header that is used only once, and makes it easier as this avoids to temporary store CamelFileName and have to restore it afterwards." },
    "delete": { "kind": "parameter", "displayName": "Delete", "group": "consumer", "label": "consumer", "required": false, "type": "boolean", "javaType": "boolean", "deprecated": false, "autowired": false, "secret": false, "defaultValue": false, "description": "If true, the file will be deleted after it is processed successfully." },
    "moveFailed": { "kind": "parameter", "displayName": "Move Failed", "group": "consumer", "label": "consumer", "required": false, "type": "string", "javaType": "java.lang.String", "deprecated": false, "autowired": false, "secret": false, "description": "Sets the move failure expression based on Simple language. For example, to move files into a .error subdirectory use: .error. Note: When moving the files to the fail location Camel will handle the error and will not pick up the file again." },
    "noop": { "kind": "parameter", "displayName": "Noop", "group": "consumer", "label": "consumer", "required": false, "type": "boolean", "javaType": "boolean", "deprecated": false, "autowired": false, "secret": false, "defaultValue": false, "description": "If true, the file is not moved or deleted in any way. This option is good for readonly data, or for ETL type requirements. If noop=true, Camel will set idempotent=true as well, to avoid consuming the same files over and over again." },
    "preMove": { "kind": "parameter", "displayName": "Pre Move", "group": "consumer", "label": "consumer", "required": false, "type": "string", "javaType": "java.lang.String", "deprecated": false, "autowired": false, "secret": false, "description": "Expression (such as File Language) used to dynamically set the filename when moving it before processing. For example to move in-progress files into the order directory set this value to order." },
    "preSort": { "kind": "parameter", "displayName": "Pre Sort", "group": "consumer", "label": "consumer", "required": false, "type": "boolean", "javaType": "boolean", "deprecated": false, "autowired": false, "secret": false, "defaultValue": false, "description": "When pre-sort is enabled then the consumer will sort the file and directory names during polling, that was retrieved from the file system. You may want to do this in case you need to operate on the files in a sorted order. The pre-sort is executed before the consumer starts to filter, and accept files to process by Camel. This option is default=false meaning disabled." },
    "recursive": { "kind": "parameter", "displayName": "Recursive", "group": "consumer", "label": "consumer", "required": false, "type": "boolean", "javaType": "boolean", "deprecated": false, "autowired": false, "secret": false, "defaultValue": false, "description": "If a directory, will look for files in all the sub-directories as well." },
    "sendEmptyMessageWhenIdle": { "kind": "parameter", "displayName": "Send Empty Message When Idle", "group": "consumer", "label": "consumer", "required": false, "type": "boolean", "javaType": "boolean", "deprecated": false, "autowired": false, "secret": false, "defaultValue": false, "description": "If the polling consumer did not poll any files, you can enable this option to send an empty message (no body) instead." },
    "bridgeErrorHandler": { "kind": "parameter", "displayName": "Bridge Error Handler", "group": "consumer (advanced)", "label": "consumer,advanced", "required": false, "type": "boolean", "javaType": "boolean", "deprecated": false, "autowired": false, "secret": false, "defaultValue": false, "description": "Allows for bridging the consumer to the Camel routing Error Handler, which mean any exceptions occurred while the consumer is trying to pickup incoming messages, or the likes, will now be processed as a message and handled by the routing Error Handler. By default the consumer will use the org.apache.camel.spi.ExceptionHandler to deal with exceptions, that will be logged at WARN or ERROR level and ignored." },
    "directoryMustExist": { "kind": "parameter", "displayName": "Directory Must Exist", "group": "consumer (advanced)", "label": "consumer,advanced", "required": false, "type": "boolean", "javaType": "boolean", "deprecated": false, "autowired": false, "secret": false, "defaultValue": false, "description": "Similar to the startingDirectoryMustExist option but this applies during polling (after starting the consumer)." },
    "exceptionHandler": { "kind": "parameter", "displayName": "Exception Handler", "group": "consumer (advanced)", "label": "consumer,advanced", "required": false, "type": "object", "javaType": "org.apache.camel.spi.ExceptionHandler", "optionalPrefix": "consumer.", "deprecated": false, "autowired": false, "secret": false, "description": "To let the consumer use a custom ExceptionHandler. Notice if the option bridgeErrorHandler is enabled then this option is not in use. By default the consumer will deal with exceptions, that will be logged at WARN or ERROR level and ignored." },
    "exchangePattern": { "kind": "parameter", "displayName": "Exchange Pattern", "group": "consumer (advanced)", "label": "consumer,advanced", "required": false, "type": "object", "javaType": "org.apache.camel.ExchangePattern", "enum": [ "InOnly", "InOut", "InOptionalOut" ], "deprecated": false, "autowired": false, "secret": false, "description": "Sets the exchange pattern when the consumer creates an exchange." },
    "extendedAttributes": { "kind": "parameter", "displayName": "Extended Attributes", "group": "consumer (advanced)", "label": "consumer,advanced", "required": false, "type": "string", "javaType": "java.lang.String", "deprecated": false, "autowired": false, "secret": false, "description": "To define which file attributes of interest. Like posix:permissions,posix:owner,basic:lastAccessTime, it supports basic wildcard like posix:, basic:lastAccessTime" },
    "inProgressRepository": { "kind": "parameter", "displayName": "In Progress Repository", "group": "consumer (advanced)", "label": "consumer,advanced", "required": false, "type": "object", "javaType": "org.apache.camel.spi.IdempotentRepository", "deprecated": false, "autowired": false, "secret": false, "description": "A pluggable in-progress repository org.apache.camel.spi.IdempotentRepository. The in-progress repository is used to account the current in progress files being consumed. By default a memory based repository is used." },
    "localWorkDirectory": { "kind": "parameter", "displayName": "Local Work Directory", "group": "consumer (advanced)", "label": "consumer,advanced", "required": false, "type": "string", "javaType": "java.lang.String", "deprecated": false, "autowired": false, "secret": false, "description": "When consuming, a local work directory can be used to store the remote file content directly in local files, to avoid loading the content into memory. This is beneficial, if you consume a very big remote file and thus can conserve memory." },
    "onCompletionExceptionHandler": { "kind": "parameter", "displayName": "On Completion Exception Handler", "group": "consumer (advanced)", "label": "consumer,advanced", "required": false, "type": "object", "javaType": "org.apache.camel.spi.ExceptionHandler", "deprecated": false, "autowired": false, "secret": false, "description": "To use a custom org.apache.camel.spi.ExceptionHandler to handle any thrown exceptions that happens during the file on completion process where the consumer does either a commit or rollback. The default implementation will log any exception at WARN level and ignore." },
    "pollStrategy": { "kind": "parameter", "displayName": "Poll Strategy", "group": "consumer (advanced)", "label": "consumer,advanced", "required": false, "type": "object", "javaType": "org.apache.camel.spi.PollingConsumerPollStrategy", "deprecated": false, "autowired": false, "secret": false, "description": "A pluggable org.apache.camel.PollingConsumerPollingStrategy allowing you to provide your custom implementation to control error handling usually occurred during the poll operation before an Exchange have been created and being routed in Camel." },
    "probeContentType": { "kind": "parameter", "displayName": "Probe Content Type", "group": "consumer (advanced)", "label": "consumer,advanced", "required": false, "type": "boolean", "javaType": "boolean", "deprecated": false, "autowired": false, "secret": false, "defaultValue": false, "description": "Whether to enable probing of the content type. If enable then the consumer uses Files#probeContentType(java.nio.file.Path) to determine the content-type of the file, and store that as a header with key Exchange#FILE_CONTENT_TYPE on the Message." },
    "processStrategy": { "kind": "parameter", "displayName": "Process Strategy", "group": "consumer (advanced)", "label": "consumer,advanced", "required": false, "type": "object", "javaType": "org.apache.camel.component.file.GenericFileProcessStrategy<java.io.File>", "deprecated": false, "autowired": false, "secret": false, "description": "A pluggable org.apache.camel.component.file.GenericFileProcessStrategy allowing you to implement your own readLock option or similar. Can also be used when special conditions must be met before a file can be consumed, such as a special ready file exists. If this option is set then the readLock option does not apply." },
    "startingDirectoryMustExist": { "kind": "parameter", "displayName": "Starting Directory Must Exist", "group": "consumer (advanced)", "label": "consumer,advanced", "required": false, "type": "boolean", "javaType": "boolean", "deprecated": false, "autowired": false, "secret": false, "defaultValue": false, "description": "Whether the starting directory must exist. Mind that the autoCreate option is default enabled, which means the starting directory is normally auto created if it doesn't exist. You can disable autoCreate and enable this to ensure the starting directory must exist. Will thrown an exception if the directory doesn't exist." },
    "startingDirectoryMustHaveAccess": { "kind": "parameter", "displayName": "Starting Directory Must Have Access", "group": "consumer (advanced)", "label": "consumer,advanced", "required": false, "type": "boolean", "javaType": "boolean", "deprecated": false, "autowired": false, "secret": false, "defaultValue": false, "description": "Whether the starting directory has access permissions. Mind that the startingDirectoryMustExist parameter must be set to true in order to verify that the directory exists. Will thrown an exception if the directory doesn't have read and write permissions." },
    "appendChars": { "kind": "parameter", "displayName": "Append Chars", "group": "producer", "label": "producer", "required": false, "type": "string", "javaType": "java.lang.String", "deprecated": false, "autowired": false, "secret": false, "description": "Used to append characters (text) after writing files. This can for example be used to add new lines or other separators when writing and appending new files or existing files. To specify new-line (slash-n or slash-r) or tab (slash-t) characters then escape with an extra slash, eg slash-slash-n." },
    "fileExist": { "kind": "parameter", "displayName": "File Exist", "group": "producer", "label": "producer", "required": false, "type": "object", "javaType": "org.apache.camel.component.file.GenericFileExist", "enum": [ "Override", "Append", "Fail", "Ignore", "Move", "TryRename" ], "deprecated": false, "autowired": false, "secret": false, "defaultValue": "Override", "description": "What to do if a file already exists with the same name. Override, which is the default, replaces the existing file. - Append - adds content to the existing file. - Fail - throws a GenericFileOperationException, indicating that there is already an existing file. - Ignore - silently ignores the problem and does not override the existing file, but assumes everything is okay. - Move - option requires to use the moveExisting option to be configured as well. The option eagerDeleteTargetFile can be used to control what to do if an moving the file, and there exists already an existing file, otherwise causing the move operation to fail. The Move option will move any existing files, before writing the target file. - TryRename is only applicable if tempFileName option is in use. This allows to try renaming the file from the temporary name to the actual name, without doing any exists check. This check may be faster on some file systems and especially FTP servers." },
    "flatten": { "kind": "parameter", "displayName": "Flatten", "group": "producer", "label": "producer", "required": false, "type": "boolean", "javaType": "boolean", "deprecated": false, "autowired": false, "secret": false, "defaultValue": false, "description": "Flatten is used to flatten the file name path to strip any leading paths, so it's just the file name. This allows you to consume recursively into sub-directories, but when you eg write the files to another directory they will be written in a single directory. Setting this to true on the producer enforces that any file name in CamelFileName header will be stripped for any leading paths." },
    "jailStartingDirectory": { "kind": "parameter", "displayName": "Jail Starting Directory", "group": "producer", "label": "producer", "required": false, "type": "boolean", "javaType": "boolean", "deprecated": false, "autowired": false, "secret": false, "defaultValue": true, "description": "Used for jailing (restricting) writing files to the starting directory (and sub) only. This is enabled by default to not allow Camel to write files to outside directories (to be more secured out of the box). You can turn this off to allow writing files to directories outside the starting directory, such as parent or root folders." },
    "moveExisting": { "kind": "parameter", "displayName": "Move Existing", "group": "producer", "label": "producer", "required": false, "type": "string", "javaType": "java.lang.String", "deprecated": false, "autowired": false, "secret": false, "description": "Expression (such as File Language) used to compute file name to use when fileExist=Move is configured. To move files into a backup subdirectory just enter backup. This option only supports the following File Language tokens: file:name, file:name.ext, file:name.noext, file:onlyname, file:onlyname.noext, file:ext, and file:parent. Notice the file:parent is not supported by the FTP component, as the FTP component can only move any existing files to a relative directory based on current dir as base." },
    "tempFileName": { "kind": "parameter", "displayName": "Temp File Name", "group": "producer", "label": "producer", "required": false, "type": "string", "javaType": "java.lang.String", "deprecated": false, "autowired": false, "secret": false, "description": "The same as tempPrefix option but offering a more fine grained control on the naming of the temporary filename as it uses the File Language. The location for tempFilename is relative to the final file location in the option 'fileName', not the target directory in the base uri. For example if option fileName includes a directory prefix: dir\/finalFilename then tempFileName is relative to that subdirectory dir." },
    "tempPrefix": { "kind": "parameter", "displayName": "Temp Prefix", "group": "producer", "label": "producer", "required": false, "type": "string", "javaType": "java.lang.String", "deprecated": false, "autowired": false, "secret": false, "description": "This option is used to write the file using a temporary name and then, after the write is complete, rename it to the real name. Can be used to identify files being written and also avoid consumers (not using exclusive read locks) reading in progress files. Is often used by FTP when uploading big files." },
    "allowNullBody": { "kind": "parameter", "displayName": "Allow Null Body", "group": "producer (advanced)", "label": "producer,advanced", "required": false, "type": "boolean", "javaType": "boolean", "deprecated": false, "autowired": false, "secret": false, "defaultValue": false, "description": "Used to specify if a null body is allowed during file writing. If set to true then an empty file will be created, when set to false, and attempting to send a null body to the file component, a GenericFileWriteException of 'Cannot write null body to file.' will be thrown. If the fileExist option is set to 'Override', then the file will be truncated, and if set to append the file will remain unchanged." },
    "chmod": { "kind": "parameter", "displayName": "Chmod", "group": "producer (advanced)", "label": "producer,advanced", "required": false, "type": "string", "javaType": "java.lang.String", "deprecated": false, "autowired": false, "secret": false, "description": "Specify the file permissions which is sent by the producer, the chmod value must be between 000 and 777; If there is a leading digit like in 0755 we will ignore it." },
    "chmodDirectory": { "kind": "parameter", "displayName": "Chmod Directory", "group": "producer (advanced)", "label": "producer,advanced", "required": false, "type": "string", "javaType": "java.lang.String", "deprecated": false, "autowired": false, "secret": false, "description": "Specify the directory permissions used when the producer creates missing directories, the chmod value must be between 000 and 777; If there is a leading digit like in 0755 we will ignore it." },
    "eagerDeleteTargetFile": { "kind": "parameter", "displayName": "Eager Delete Target File", "group": "producer (advanced)", "label": "producer,advanced", "required": false, "type": "boolean", "javaType": "boolean", "deprecated": false, "autowired": false, "secret": false, "defaultValue": true, "description": "Whether or not to eagerly delete any existing target file. This option only applies when you use fileExists=Override and the tempFileName option as well. You can use this to disable (set it to false) deleting the target file before the temp file is written. For example you may write big files and want the target file to exists during the temp file is being written. This ensure the target file is only deleted until the very last moment, just before the temp file is being renamed to the target filename. This option is also used to control whether to delete any existing files when fileExist=Move is enabled, and an existing file exists. If this option copyAndDeleteOnRenameFails false, then an exception will be thrown if an existing file existed, if its true, then the existing file is deleted before the move operation." },
    "forceWrites": { "kind": "parameter", "displayName": "Force Writes", "group": "producer (advanced)", "label": "producer,advanced", "required": false, "type": "boolean", "javaType": "boolean", "deprecated": false, "autowired": false, "secret": false, "defaultValue": true, "description": "Whether to force syncing writes to the file system. You can turn this off if you do not want this level of guarantee, for example if writing to logs \/ audit logs etc; this would yield better performance." },
    "keepLastModified": { "kind": "parameter", "displayName": "Keep Last Modified", "group": "producer (advanced)", "label": "producer,advanced", "required": false, "type": "boolean", "javaType": "boolean", "deprecated": false, "autowired": false, "secret": false, "defaultValue": false, "description": "Will keep the last modified timestamp from the source file (if any). Will use the FileConstants.FILE_LAST_MODIFIED header to located the timestamp. This header can contain either a java.util.Date or long with the timestamp. If the timestamp exists and the option is enabled it will set this timestamp on the written file. Note: This option only applies to the file producer. You cannot use this option with any of the ftp producers." },
    "lazyStartProducer": { "kind": "parameter", "displayName": "Lazy Start Producer", "group": "producer (advanced)", "label": "producer,advanced", "required": false, "type": "boolean", "javaType": "boolean", "deprecated": false, "autowired": false, "secret": false, "defaultValue": false, "description": "Whether the producer should be started lazy (on the first message). By starting lazy you can use this to allow CamelContext and routes to startup in situations where a producer may otherwise fail during starting and cause the route to fail being started. By deferring this startup to be lazy then the startup failure can be handled during routing messages via Camel's routing error handlers. Beware that when the first message is processed then creating and starting the producer may take a little time and prolong the total processing time of the processing." },
    "moveExistingFileStrategy": { "kind": "parameter", "displayName": "Move Existing File Strategy", "group": "producer (advanced)", "label": "producer,advanced", "required": false, "type": "object", "javaType": "org.apache.camel.component.file.strategy.FileMoveExistingStrategy", "deprecated": false, "autowired": false, "secret": false, "description": "Strategy (Custom Strategy) used to move file with special naming token to use when fileExist=Move is configured. By default, there is an implementation used if no custom strategy is provided" },
    "autoCreate": { "kind": "parameter", "displayName": "Auto Create", "group": "advanced", "label": "advanced", "required": false, "type": "boolean", "javaType": "boolean", "deprecated": false, "autowired": false, "secret": false, "defaultValue": true, "description": "Automatically create missing directories in the file's pathname. For the file consumer, that means creating the starting directory. For the file producer, it means the directory the files should be written to." },
    "bufferSize": { "kind": "parameter", "displayName": "Buffer Size", "group": "advanced", "label": "advanced", "required": false, "type": "integer", "javaType": "int", "deprecated": false, "autowired": false, "secret": false, "defaultValue": 131072, "description": "Buffer size in bytes used for writing files (or in case of FTP for downloading and uploading files)." },
    "copyAndDeleteOnRenameFail": { "kind": "parameter", "displayName": "Copy And Delete On Rename Fail", "group": "advanced", "label": "advanced", "required": false, "type": "boolean", "javaType": "boolean", "deprecated": false, "autowired": false, "secret": false, "defaultValue": true, "description": "Whether to fallback and do a copy and delete file, in case the file could not be renamed directly. This option is not available for the FTP component." },
    "renameUsingCopy": { "kind": "parameter", "displayName": "Rename Using Copy", "group": "advanced", "label": "advanced", "required": false, "type": "boolean", "javaType": "boolean", "deprecated": false, "autowired": false, "secret": false, "defaultValue": false, "description": "Perform rename operations using a copy and delete strategy. This is primarily used in environments where the regular rename operation is unreliable (e.g. across different file systems or networks). This option takes precedence over the copyAndDeleteOnRenameFail parameter that will automatically fall back to the copy and delete strategy, but only after additional delays." },
    "synchronous": { "kind": "parameter", "displayName": "Synchronous", "group": "advanced", "label": "advanced", "required": false, "type": "boolean", "javaType": "boolean", "deprecated": false, "autowired": false, "secret": false, "defaultValue": false, "description": "Sets whether synchronous processing should be strictly used" },
    "antExclude": { "kind": "parameter", "displayName": "Ant Exclude", "group": "filter", "label": "consumer,filter", "required": false, "type": "string", "javaType": "java.lang.String", "deprecated": false, "autowired": false, "secret": false, "description": "Ant style filter exclusion. If both antInclude and antExclude are used, antExclude takes precedence over antInclude. Multiple exclusions may be specified in comma-delimited format." },
    "antFilterCaseSensitive": { "kind": "parameter", "displayName": "Ant Filter Case Sensitive", "group": "filter", "label": "consumer,filter", "required": false, "type": "boolean", "javaType": "boolean", "deprecated": false, "autowired": false, "secret": false, "defaultValue": true, "description": "Sets case sensitive flag on ant filter." },
    "antInclude": { "kind": "parameter", "displayName": "Ant Include", "group": "filter", "label": "consumer,filter", "required": false, "type": "string", "javaType": "java.lang.String", "deprecated": false, "autowired": false, "secret": false, "description": "Ant style filter inclusion. Multiple inclusions may be specified in comma-delimited format." },
    "eagerMaxMessagesPerPoll": { "kind": "parameter", "displayName": "Eager Max Messages Per Poll", "group": "filter", "label": "consumer,filter", "required": false, "type": "boolean", "javaType": "boolean", "deprecated": false, "autowired": false, "secret": false, "defaultValue": true, "description": "Allows for controlling whether the limit from maxMessagesPerPoll is eager or not. If eager then the limit is during the scanning of files. Where as false would scan all files, and then perform sorting. Setting this option to false allows for sorting all files first, and then limit the poll. Mind that this requires a higher memory usage as all file details are in memory to perform the sorting." },
    "exclude": { "kind": "parameter", "displayName": "Exclude", "group": "filter", "label": "consumer,filter", "required": false, "type": "string", "javaType": "java.lang.String", "deprecated": false, "autowired": false, "secret": false, "description": "Is used to exclude files, if filename matches the regex pattern (matching is case in-sensitive). Notice if you use symbols such as plus sign and others you would need to configure this using the RAW() syntax if configuring this as an endpoint uri. See more details at configuring endpoint uris" },
    "excludeExt": { "kind": "parameter", "displayName": "Exclude Ext", "group": "filter", "label": "consumer,filter", "required": false, "type": "string", "javaType": "java.lang.String", "deprecated": false, "autowired": false, "secret": false, "description": "Is used to exclude files matching file extension name (case insensitive). For example to exclude bak files, then use excludeExt=bak. Multiple extensions can be separated by comma, for example to exclude bak and dat files, use excludeExt=bak,dat. Note that the file extension includes all parts, for example having a file named mydata.tar.gz will have extension as tar.gz. For more flexibility then use the include\/exclude options." },
    "filter": { "kind": "parameter", "displayName": "Filter", "group": "filter", "label": "consumer,filter", "required": false, "type": "object", "javaType": "org.apache.camel.component.file.GenericFileFilter<java.io.File>", "deprecated": false, "autowired": false, "secret": false, "description": "Pluggable filter as a org.apache.camel.component.file.GenericFileFilter class. Will skip files if filter returns false in its accept() method." },
    "filterDirectory": { "kind": "parameter", "displayName": "Filter Directory", "group": "filter", "label": "consumer,filter", "required": false, "type": "string", "javaType": "java.lang.String", "deprecated": false, "autowired": false, "secret": false, "description": "Filters the directory based on Simple language. For example to filter on current date, you can use a simple date pattern such as ${date:now:yyyMMdd}" },
    "filterFile": { "kind": "parameter", "displayName": "Filter File", "group": "filter", "label": "consumer,filter", "required": false, "type": "string", "javaType": "java.lang.String", "deprecated": false, "autowired": false, "secret": false, "description": "Filters the file based on Simple language. For example to filter on file size, you can use ${file:size} 5000" },
    "idempotent": { "kind": "parameter", "displayName": "Idempotent", "group": "filter", "label": "consumer,filter", "required": false, "type": "boolean", "javaType": "java.lang.Boolean", "deprecated": false, "autowired": false, "secret": false, "defaultValue": "false", "description": "Option to use the Idempotent Consumer EIP pattern to let Camel skip already processed files. Will by default use a memory based LRUCache that holds 1000 entries. If noop=true then idempotent will be enabled as well to avoid consuming the same files over and over again." },
    "idempotentKey": { "kind": "parameter", "displayName": "Idempotent Key", "group": "filter", "label": "consumer,filter", "required": false, "type": "string", "javaType": "java.lang.String", "deprecated": false, "autowired": false, "secret": false, "description": "To use a custom idempotent key. By default the absolute path of the file is used. You can use the File Language, for example to use the file name and file size, you can do: idempotentKey=${file:name}-${file:size}" },
    "idempotentRepository": { "kind": "parameter", "displayName": "Idempotent Repository", "group": "filter", "label": "consumer,filter", "required": false, "type": "object", "javaType": "org.apache.camel.spi.IdempotentRepository", "deprecated": false, "autowired": false, "secret": false, "description": "A pluggable repository org.apache.camel.spi.IdempotentRepository which by default use MemoryIdempotentRepository if none is specified and idempotent is true." },
    "include": { "kind": "parameter", "displayName": "Include", "group": "filter", "label": "consumer,filter", "required": false, "type": "string", "javaType": "java.lang.String", "deprecated": false, "autowired": false, "secret": false, "description": "Is used to include files, if filename matches the regex pattern (matching is case in-sensitive). Notice if you use symbols such as plus sign and others you would need to configure this using the RAW() syntax if configuring this as an endpoint uri. See more details at configuring endpoint uris" },
    "includeExt": { "kind": "parameter", "displayName": "Include Ext", "group": "filter", "label": "consumer,filter", "required": false, "type": "string", "javaType": "java.lang.String", "deprecated": false, "autowired": false, "secret": false, "description": "Is used to include files matching file extension name (case insensitive). For example to include txt files, then use includeExt=txt. Multiple extensions can be separated by comma, for example to include txt and xml files, use includeExt=txt,xml. Note that the file extension includes all parts, for example having a file named mydata.tar.gz will have extension as tar.gz. For more flexibility then use the include\/exclude options." },
    "maxDepth": { "kind": "parameter", "displayName": "Max Depth", "group": "filter", "label": "consumer,filter", "required": false, "type": "integer", "javaType": "int", "deprecated": false, "autowired": false, "secret": false, "defaultValue": 2147483647, "description": "The maximum depth to traverse when recursively processing a directory." },
    "maxMessagesPerPoll": { "kind": "parameter", "displayName": "Max Messages Per Poll", "group": "filter", "label": "consumer,filter", "required": false, "type": "integer", "javaType": "int", "deprecated": false, "autowired": false, "secret": false, "description": "To define a maximum messages to gather per poll. By default no maximum is set. Can be used to set a limit of e.g. 1000 to avoid when starting up the server that there are thousands of files. Set a value of 0 or negative to disabled it. Notice: If this option is in use then the File and FTP components will limit before any sorting. For example if you have 100000 files and use maxMessagesPerPoll=500, then only the first 500 files will be picked up, and then sorted. You can use the eagerMaxMessagesPerPoll option and set this to false to allow to scan all files first and then sort afterwards." },
    "minDepth": { "kind": "parameter", "displayName": "Min Depth", "group": "filter", "label": "consumer,filter", "required": false, "type": "integer", "javaType": "int", "deprecated": false, "autowired": false, "secret": false, "description": "The minimum depth to start processing when recursively processing a directory. Using minDepth=1 means the base directory. Using minDepth=2 means the first sub directory." },
    "move": { "kind": "parameter", "displayName": "Move", "group": "filter", "label": "consumer,filter", "required": false, "type": "string", "javaType": "java.lang.String", "deprecated": false, "autowired": false, "secret": false, "description": "Expression (such as Simple Language) used to dynamically set the filename when moving it after processing. To move files into a .done subdirectory just enter .done." },
    "exclusiveReadLockStrategy": { "kind": "parameter", "displayName": "Exclusive Read Lock Strategy", "group": "lock", "label": "consumer,lock", "required": false, "type": "object", "javaType": "org.apache.camel.component.file.GenericFileExclusiveReadLockStrategy<java.io.File>", "deprecated": false, "autowired": false, "secret": false, "description": "Pluggable read-lock as a org.apache.camel.component.file.GenericFileExclusiveReadLockStrategy implementation." },
    "readLock": { "kind": "parameter", "displayName": "Read Lock", "group": "lock", "label": "consumer,lock", "required": false, "type": "string", "javaType": "java.lang.String", "enum": [ "none", "markerFile", "fileLock", "rename", "changed", "idempotent", "idempotent-changed", "idempotent-rename" ], "deprecated": false, "autowired": false, "secret": false, "defaultValue": "none", "description": "Used by consumer, to only poll the files if it has exclusive read-lock on the file (i.e. the file is not in-progress or being written). Camel will wait until the file lock is granted. This option provides the build in strategies: - none - No read lock is in use - markerFile - Camel creates a marker file (fileName.camelLock) and then holds a lock on it. This option is not available for the FTP component - changed - Changed is using file length\/modification timestamp to detect whether the file is currently being copied or not. Will at least use 1 sec to determine this, so this option cannot consume files as fast as the others, but can be more reliable as the JDK IO API cannot always determine whether a file is currently being used by another process. The option readLockCheckInterval can be used to set the check frequency. - fileLock - is for using java.nio.channels.FileLock. This option is not avail for Windows OS and the FTP component. This approach should be avoided when accessing a remote file system via a mount\/share unless that file system supports distributed file locks. - rename - rename is for using a try to rename the file as a test if we can get exclusive read-lock. - idempotent - (only for file component) idempotent is for using a idempotentRepository as the read-lock. This allows to use read locks that supports clustering if the idempotent repository implementation supports that. - idempotent-changed - (only for file component) idempotent-changed is for using a idempotentRepository and changed as the combined read-lock. This allows to use read locks that supports clustering if the idempotent repository implementation supports that. - idempotent-rename - (only for file component) idempotent-rename is for using a idempotentRepository and rename as the combined read-lock. This allows to use read locks that supports clustering if the idempotent repository implementation supports that.Notice: The various read locks is not all suited to work in clustered mode, where concurrent consumers on different nodes is competing for the same files on a shared file system. The markerFile using a close to atomic operation to create the empty marker file, but its not guaranteed to work in a cluster. The fileLock may work better but then the file system need to support distributed file locks, and so on. Using the idempotent read lock can support clustering if the idempotent repository supports clustering, such as Hazelcast Component or Infinispan." },
    "readLockCheckInterval": { "kind": "parameter", "displayName": "Read Lock Check Interval", "group": "lock", "label": "consumer,lock", "required": false, "type": "integer", "javaType": "long", "deprecated": false, "autowired": false, "secret": false, "defaultValue": 1000, "description": "Interval in millis for the read-lock, if supported by the read lock. This interval is used for sleeping between attempts to acquire the read lock. For example when using the changed read lock, you can set a higher interval period to cater for slow writes. The default of 1 sec. may be too fast if the producer is very slow writing the file. Notice: For FTP the default readLockCheckInterval is 5000. The readLockTimeout value must be higher than readLockCheckInterval, but a rule of thumb is to have a timeout that is at least 2 or more times higher than the readLockCheckInterval. This is needed to ensure that amble time is allowed for the read lock process to try to grab the lock before the timeout was hit." },
    "readLockDeleteOrphanLockFiles": { "kind": "parameter", "displayName": "Read Lock Delete Orphan Lock Files", "group": "lock", "label": "consumer,lock", "required": false, "type": "boolean", "javaType": "boolean", "deprecated": false, "autowired": false, "secret": false, "defaultValue": true, "description": "Whether or not read lock with marker files should upon startup delete any orphan read lock files, which may have been left on the file system, if Camel was not properly shutdown (such as a JVM crash). If turning this option to false then any orphaned lock file will cause Camel to not attempt to pickup that file, this could also be due another node is concurrently reading files from the same shared directory." },
    "readLockIdempotentReleaseAsync": { "kind": "parameter", "displayName": "Read Lock Idempotent Release Async", "group": "lock", "label": "consumer,lock", "required": false, "type": "boolean", "javaType": "boolean", "deprecated": false, "autowired": false, "secret": false, "defaultValue": false, "description": "Whether the delayed release task should be synchronous or asynchronous. See more details at the readLockIdempotentReleaseDelay option." },
    "readLockIdempotentReleaseAsyncPoolSize": { "kind": "parameter", "displayName": "Read Lock Idempotent Release Async Pool Size", "group": "lock", "label": "consumer,lock", "required": false, "type": "integer", "javaType": "int", "deprecated": false, "autowired": false, "secret": false, "description": "The number of threads in the scheduled thread pool when using asynchronous release tasks. Using a default of 1 core threads should be sufficient in almost all use-cases, only set this to a higher value if either updating the idempotent repository is slow, or there are a lot of files to process. This option is not in-use if you use a shared thread pool by configuring the readLockIdempotentReleaseExecutorService option. See more details at the readLockIdempotentReleaseDelay option." },
    "readLockIdempotentReleaseDelay": { "kind": "parameter", "displayName": "Read Lock Idempotent Release Delay", "group": "lock", "label": "consumer,lock", "required": false, "type": "integer", "javaType": "int", "deprecated": false, "autowired": false, "secret": false, "description": "Whether to delay the release task for a period of millis. This can be used to delay the release tasks to expand the window when a file is regarded as read-locked, in an active\/active cluster scenario with a shared idempotent repository, to ensure other nodes cannot potentially scan and acquire the same file, due to race-conditions. By expanding the time-window of the release tasks helps prevents these situations. Note delaying is only needed if you have configured readLockRemoveOnCommit to true." },
    "readLockIdempotentReleaseExecutorService": { "kind": "parameter", "displayName": "Read Lock Idempotent Release Executor Service", "group": "lock", "label": "consumer,lock", "required": false, "type": "object", "javaType": "java.util.concurrent.ScheduledExecutorService", "deprecated": false, "autowired": false, "secret": false, "description": "To use a custom and shared thread pool for asynchronous release tasks. See more details at the readLockIdempotentReleaseDelay option." },
    "readLockLoggingLevel": { "kind": "parameter", "displayName": "Read Lock Logging Level", "group": "lock", "label": "consumer,lock", "required": false, "type": "object", "javaType": "org.apache.camel.LoggingLevel", "enum": [ "TRACE", "DEBUG", "INFO", "WARN", "ERROR", "OFF" ], "deprecated": false, "autowired": false, "secret": false, "defaultValue": "DEBUG", "description": "Logging level used when a read lock could not be acquired. By default a DEBUG is logged. You can change this level, for example to OFF to not have any logging. This option is only applicable for readLock of types: changed, fileLock, idempotent, idempotent-changed, idempotent-rename, rename." },
    "readLockMarkerFile": { "kind": "parameter", "displayName": "Read Lock Marker File", "group": "lock", "label": "consumer,lock", "required": false, "type": "boolean", "javaType": "boolean", "deprecated": false, "autowired": false, "secret": false, "defaultValue": true, "description": "Whether to use marker file with the changed, rename, or exclusive read lock types. By default a marker file is used as well to guard against other processes picking up the same files. This behavior can be turned off by setting this option to false. For example if you do not want to write marker files to the file systems by the Camel application." },
    "readLockMinAge": { "kind": "parameter", "displayName": "Read Lock Min Age", "group": "lock", "label": "consumer,lock", "required": false, "type": "integer", "javaType": "long", "deprecated": false, "autowired": false, "secret": false, "defaultValue": 0, "description": "This option is applied only for readLock=changed. It allows to specify a minimum age the file must be before attempting to acquire the read lock. For example use readLockMinAge=300s to require the file is at last 5 minutes old. This can speedup the changed read lock as it will only attempt to acquire files which are at least that given age." },
    "readLockMinLength": { "kind": "parameter", "displayName": "Read Lock Min Length", "group": "lock", "label": "consumer,lock", "required": false, "type": "integer", "javaType": "long", "deprecated": false, "autowired": false, "secret": false, "defaultValue": 1, "description": "This option is applied only for readLock=changed. It allows you to configure a minimum file length. By default Camel expects the file to contain data, and thus the default value is 1. You can set this option to zero, to allow consuming zero-length files." },
    "readLockRemoveOnCommit": { "kind": "parameter", "displayName": "Read Lock Remove On Commit", "group": "lock", "label": "consumer,lock", "required": false, "type": "boolean", "javaType": "boolean", "deprecated": false, "autowired": false, "secret": false, "defaultValue": false, "description": "This option is applied only for readLock=idempotent. It allows to specify whether to remove the file name entry from the idempotent repository when processing the file is succeeded and a commit happens. By default the file is not removed which ensures that any race-condition do not occur so another active node may attempt to grab the file. Instead the idempotent repository may support eviction strategies that you can configure to evict the file name entry after X minutes - this ensures no problems with race conditions. See more details at the readLockIdempotentReleaseDelay option." },
    "readLockRemoveOnRollback": { "kind": "parameter", "displayName": "Read Lock Remove On Rollback", "group": "lock", "label": "consumer,lock", "required": false, "type": "boolean", "javaType": "boolean", "deprecated": false, "autowired": false, "secret": false, "defaultValue": true, "description": "This option is applied only for readLock=idempotent. It allows to specify whether to remove the file name entry from the idempotent repository when processing the file failed and a rollback happens. If this option is false, then the file name entry is confirmed (as if the file did a commit)." },
    "readLockTimeout": { "kind": "parameter", "displayName": "Read Lock Timeout", "group": "lock", "label": "consumer,lock", "required": false, "type": "integer", "javaType": "long", "deprecated": false, "autowired": false, "secret": false, "defaultValue": 10000, "description": "Optional timeout in millis for the read-lock, if supported by the read-lock. If the read-lock could not be granted and the timeout triggered, then Camel will skip the file. At next poll Camel, will try the file again, and this time maybe the read-lock could be granted. Use a value of 0 or lower to indicate forever. Currently fileLock, changed and rename support the timeout. Notice: For FTP the default readLockTimeout value is 20000 instead of 10000. The readLockTimeout value must be higher than readLockCheckInterval, but a rule of thumb is to have a timeout that is at least 2 or more times higher than the readLockCheckInterval. This is needed to ensure that amble time is allowed for the read lock process to try to grab the lock before the timeout was hit." },
    "backoffErrorThreshold": { "kind": "parameter", "displayName": "Backoff Error Threshold", "group": "scheduler", "label": "consumer,scheduler", "required": false, "type": "integer", "javaType": "int", "deprecated": false, "autowired": false, "secret": false, "description": "The number of subsequent error polls (failed due some error) that should happen before the backoffMultipler should kick-in." },
    "backoffIdleThreshold": { "kind": "parameter", "displayName": "Backoff Idle Threshold", "group": "scheduler", "label": "consumer,scheduler", "required": false, "type": "integer", "javaType": "int", "deprecated": false, "autowired": false, "secret": false, "description": "The number of subsequent idle polls that should happen before the backoffMultipler should kick-in." },
    "backoffMultiplier": { "kind": "parameter", "displayName": "Backoff Multiplier", "group": "scheduler", "label": "consumer,scheduler", "required": false, "type": "integer", "javaType": "int", "deprecated": false, "autowired": false, "secret": false, "description": "To let the scheduled polling consumer backoff if there has been a number of subsequent idles\/errors in a row. The multiplier is then the number of polls that will be skipped before the next actual attempt is happening again. When this option is in use then backoffIdleThreshold and\/or backoffErrorThreshold must also be configured." },
    "delay": { "kind": "parameter", "displayName": "Delay", "group": "scheduler", "label": "consumer,scheduler", "required": false, "type": "integer", "javaType": "long", "deprecated": false, "autowired": false, "secret": false, "defaultValue": 500, "description": "Milliseconds before the next poll." },
    "greedy": { "kind": "parameter", "displayName": "Greedy", "group": "scheduler", "label": "consumer,scheduler", "required": false, "type": "boolean", "javaType": "boolean", "deprecated": false, "autowired": false, "secret": false, "defaultValue": false, "description": "If greedy is enabled, then the ScheduledPollConsumer will run immediately again, if the previous run polled 1 or more messages." },
    "initialDelay": { "kind": "parameter", "displayName": "Initial Delay", "group": "scheduler", "label": "consumer,scheduler", "required": false, "type": "integer", "javaType": "long", "deprecated": false, "autowired": false, "secret": false, "defaultValue": 1000, "description": "Milliseconds before the first poll starts." },
    "repeatCount": { "kind": "parameter", "displayName": "Repeat Count", "group": "scheduler", "label": "consumer,scheduler", "required": false, "type": "integer", "javaType": "long", "deprecated": false, "autowired": false, "secret": false, "defaultValue": 0, "description": "Specifies a maximum limit of number of fires. So if you set it to 1, the scheduler will only fire once. If you set it to 5, it will only fire five times. A value of zero or negative means fire forever." },
    "runLoggingLevel": { "kind": "parameter", "displayName": "Run Logging Level", "group": "scheduler", "label": "consumer,scheduler", "required": false, "type": "object", "javaType": "org.apache.camel.LoggingLevel", "enum": [ "TRACE", "DEBUG", "INFO", "WARN", "ERROR", "OFF" ], "deprecated": false, "autowired": false, "secret": false, "defaultValue": "TRACE", "description": "The consumer logs a start\/complete log line when it polls. This option allows you to configure the logging level for that." },
    "scheduledExecutorService": { "kind": "parameter", "displayName": "Scheduled Executor Service", "group": "scheduler", "label": "consumer,scheduler", "required": false, "type": "object", "javaType": "java.util.concurrent.ScheduledExecutorService", "deprecated": false, "autowired": false, "secret": false, "description": "Allows for configuring a custom\/shared thread pool to use for the consumer. By default each consumer has its own single threaded thread pool." },
    "scheduler": { "kind": "parameter", "displayName": "Scheduler", "group": "scheduler", "label": "consumer,scheduler", "required": false, "type": "object", "javaType": "java.lang.Object", "deprecated": false, "autowired": false, "secret": false, "defaultValue": "none", "description": "To use a cron scheduler from either camel-spring or camel-quartz component. Use value spring or quartz for built in scheduler" },
    "schedulerProperties": { "kind": "parameter", "displayName": "Scheduler Properties", "group": "scheduler", "label": "consumer,scheduler", "required": false, "type": "object", "javaType": "java.util.Map<java.lang.String, java.lang.Object>", "prefix": "scheduler.", "multiValue": true, "deprecated": false, "autowired": false, "secret": false, "description": "To configure additional properties when using a custom scheduler or any of the Quartz, Spring based scheduler." },
    "startScheduler": { "kind": "parameter", "displayName": "Start Scheduler", "group": "scheduler", "label": "consumer,scheduler", "required": false, "type": "boolean", "javaType": "boolean", "deprecated": false, "autowired": false, "secret": false, "defaultValue": true, "description": "Whether the scheduler should be auto started." },
    "timeUnit": { "kind": "parameter", "displayName": "Time Unit", "group": "scheduler", "label": "consumer,scheduler", "required": false, "type": "object", "javaType": "java.util.concurrent.TimeUnit", "enum": [ "NANOSECONDS", "MICROSECONDS", "MILLISECONDS", "SECONDS", "MINUTES", "HOURS", "DAYS" ], "deprecated": false, "autowired": false, "secret": false, "defaultValue": "MILLISECONDS", "description": "Time unit for initialDelay and delay options." },
    "useFixedDelay": { "kind": "parameter", "displayName": "Use Fixed Delay", "group": "scheduler", "label": "consumer,scheduler", "required": false, "type": "boolean", "javaType": "boolean", "deprecated": false, "autowired": false, "secret": false, "defaultValue": true, "description": "Controls if fixed delay or fixed rate is used. See ScheduledExecutorService in JDK for details." },
    "shuffle": { "kind": "parameter", "displayName": "Shuffle", "group": "sort", "label": "consumer,sort", "required": false, "type": "boolean", "javaType": "boolean", "deprecated": false, "autowired": false, "secret": false, "defaultValue": false, "description": "To shuffle the list of files (sort in random order)" },
    "sortBy": { "kind": "parameter", "displayName": "Sort By", "group": "sort", "label": "consumer,sort", "required": false, "type": "string", "javaType": "java.lang.String", "deprecated": false, "autowired": false, "secret": false, "description": "Built-in sort by using the File Language. Supports nested sorts, so you can have a sort by file name and as a 2nd group sort by modified date." },
    "sorter": { "kind": "parameter", "displayName": "Sorter", "group": "sort", "label": "consumer,sort", "required": false, "type": "object", "javaType": "java.util.Comparator<org.apache.camel.component.file.GenericFile<java.io.File>>", "deprecated": false, "autowired": false, "secret": false, "description": "Pluggable sorter as a java.util.Comparator class." }
  }
}
