{
  "component": {
    "kind": "component",
    "name": "fop",
    "title": "FOP",
    "description": "Render messages into PDF and other output formats supported by Apache FOP.",
    "deprecated": false,
    "firstVersion": "2.10.0",
    "label": "file,transformation",
    "javaType": "org.apache.camel.component.fop.FopComponent",
    "supportLevel": "Stable",
    "groupId": "org.apache.camel",
    "artifactId": "camel-fop",
    "version": "3.20.3-SNAPSHOT",
    "scheme": "fop",
    "extendsScheme": "",
    "syntax": "fop:outputType",
    "async": false,
    "api": false,
    "consumerOnly": false,
    "producerOnly": true,
    "lenientProperties": false
  },
  "componentProperties": {
    "lazyStartProducer": { "kind": "property", "displayName": "Lazy Start Producer", "group": "producer", "label": "producer", "required": false, "type": "boolean", "javaType": "boolean", "deprecated": false, "autowired": false, "secret": false, "defaultValue": false, "description": "Whether the producer should be started lazy (on the first message). By starting lazy you can use this to allow CamelContext and routes to startup in situations where a producer may otherwise fail during starting and cause the route to fail being started. By deferring this startup to be lazy then the startup failure can be handled during routing messages via Camel's routing error handlers. Beware that when the first message is processed then creating and starting the producer may take a little time and prolong the total processing time of the processing." },
    "autowiredEnabled": { "kind": "property", "displayName": "Autowired Enabled", "group": "advanced", "label": "advanced", "required": false, "type": "boolean", "javaType": "boolean", "deprecated": false, "autowired": false, "secret": false, "defaultValue": true, "description": "Whether autowiring is enabled. This is used for automatic autowiring options (the option must be marked as autowired) by looking up in the registry to find if there is a single instance of matching type, which then gets configured on the component. This can be used for automatic configuring JDBC data sources, JMS connection factories, AWS Clients, etc." }
  },
  "headers": {
    "CamelFop.Output.Format": { "kind": "header", "displayName": "", "group": "producer", "label": "", "required": false, "javaType": "String", "deprecated": false, "deprecationNote": "", "autowired": false, "secret": false, "description": "The output format", "constantName": "org.apache.camel.component.fop.FopConstants#CAMEL_FOP_OUTPUT_FORMAT" }
  },
  "properties": {
    "outputType": { "kind": "path", "displayName": "Output Type", "group": "producer", "label": "", "required": true, "type": "object", "javaType": "org.apache.camel.component.fop.FopOutputType", "enum": [ "pdf", "ps", "pcl", "png", "jpeg", "svg", "xml", "mif", "rtf", "txt" ], "deprecated": false, "deprecationNote": "", "autowired": false, "secret": false, "description": "The primary output format is PDF but other output formats are also supported." },
    "fopFactory": { "kind": "parameter", "displayName": "Fop Factory", "group": "producer", "label": "", "required": false, "type": "object", "javaType": "org.apache.fop.apps.FopFactory", "deprecated": false, "autowired": false, "secret": false, "description": "Allows to use a custom configured or implementation of org.apache.fop.apps.FopFactory." },
    "userConfigURL": { "kind": "parameter", "displayName": "User Config URL", "group": "producer", "label": "", "required": false, "type": "string", "javaType": "java.lang.String", "deprecated": false, "autowired": false, "secret": false, "description": "The location of a configuration file which can be loaded from classpath or file system." },
    "lazyStartProducer": { "kind": "parameter", "displayName": "Lazy Start Producer", "group": "producer (advanced)", "label": "producer,advanced", "required": false, "type": "boolean", "javaType": "boolean", "deprecated": false, "autowired": false, "secret": false, "defaultValue": false, "description": "Whether the producer should be started lazy (on the first message). By starting lazy you can use this to allow CamelContext and routes to startup in situations where a producer may otherwise fail during starting and cause the route to fail being started. By deferring this startup to be lazy then the startup failure can be handled during routing messages via Camel's routing error handlers. Beware that when the first message is processed then creating and starting the producer may take a little time and prolong the total processing time of the processing." }
  }
}
