{
  "component": {
    "kind": "component",
    "name": "google-calendar",
    "title": "Google Calendar",
    "description": "Perform various operations on a Google Calendar.",
    "deprecated": false,
    "firstVersion": "2.15.0",
    "label": "api,cloud",
    "javaType": "org.apache.camel.component.google.calendar.GoogleCalendarComponent",
    "supportLevel": "Stable",
    "groupId": "org.apache.camel",
    "artifactId": "camel-google-calendar",
    "version": "3.20.3-SNAPSHOT",
    "scheme": "google-calendar",
    "extendsScheme": "",
    "syntax": "google-calendar:apiName\/methodName",
    "async": false,
    "api": true,
    "apiSyntax": "apiName\/methodName",
    "consumerOnly": false,
    "producerOnly": false,
    "lenientProperties": false
  },
  "componentProperties": {
    "applicationName": { "kind": "property", "displayName": "Application Name", "group": "common", "label": "", "required": false, "type": "string", "javaType": "java.lang.String", "deprecated": false, "autowired": false, "secret": false, "configurationClass": "org.apache.camel.component.google.calendar.GoogleCalendarConfiguration", "configurationField": "configuration", "description": "Google calendar application name. Example would be camel-google-calendar\/1.0" },
    "clientId": { "kind": "property", "displayName": "Client Id", "group": "common", "label": "", "required": false, "type": "string", "javaType": "java.lang.String", "deprecated": false, "autowired": false, "secret": false, "configurationClass": "org.apache.camel.component.google.calendar.GoogleCalendarConfiguration", "configurationField": "configuration", "description": "Client ID of the calendar application" },
    "configuration": { "kind": "property", "displayName": "Configuration", "group": "common", "label": "", "required": false, "type": "object", "javaType": "org.apache.camel.component.google.calendar.GoogleCalendarConfiguration", "deprecated": false, "autowired": false, "secret": false, "description": "To use the shared configuration" },
    "delegate": { "kind": "property", "displayName": "Delegate", "group": "common", "label": "", "required": false, "type": "string", "javaType": "java.lang.String", "deprecated": false, "autowired": false, "secret": false, "configurationClass": "org.apache.camel.component.google.calendar.GoogleCalendarConfiguration", "configurationField": "configuration", "description": "Delegate for wide-domain service account" },
    "scopes": { "kind": "property", "displayName": "Scopes", "group": "common", "label": "", "required": false, "type": "array", "javaType": "java.util.List<java.lang.String>", "deprecated": false, "autowired": false, "secret": false, "defaultValue": "https:\/\/www.googleapis.com\/auth\/calendar", "configurationClass": "org.apache.camel.component.google.calendar.GoogleCalendarConfiguration", "configurationField": "configuration", "description": "Specifies the level of permissions you want a calendar application to have to a user account. You can separate multiple scopes by comma. See https:\/\/developers.google.com\/google-apps\/calendar\/auth for more info." },
    "bridgeErrorHandler": { "kind": "property", "displayName": "Bridge Error Handler", "group": "consumer", "label": "consumer", "required": false, "type": "boolean", "javaType": "boolean", "deprecated": false, "autowired": false, "secret": false, "defaultValue": false, "description": "Allows for bridging the consumer to the Camel routing Error Handler, which mean any exceptions occurred while the consumer is trying to pickup incoming messages, or the likes, will now be processed as a message and handled by the routing Error Handler. By default the consumer will use the org.apache.camel.spi.ExceptionHandler to deal with exceptions, that will be logged at WARN or ERROR level and ignored." },
    "lazyStartProducer": { "kind": "property", "displayName": "Lazy Start Producer", "group": "producer", "label": "producer", "required": false, "type": "boolean", "javaType": "boolean", "deprecated": false, "autowired": false, "secret": false, "defaultValue": false, "description": "Whether the producer should be started lazy (on the first message). By starting lazy you can use this to allow CamelContext and routes to startup in situations where a producer may otherwise fail during starting and cause the route to fail being started. By deferring this startup to be lazy then the startup failure can be handled during routing messages via Camel's routing error handlers. Beware that when the first message is processed then creating and starting the producer may take a little time and prolong the total processing time of the processing." },
    "autowiredEnabled": { "kind": "property", "displayName": "Autowired Enabled", "group": "advanced", "label": "advanced", "required": false, "type": "boolean", "javaType": "boolean", "deprecated": false, "autowired": false, "secret": false, "defaultValue": true, "description": "Whether autowiring is enabled. This is used for automatic autowiring options (the option must be marked as autowired) by looking up in the registry to find if there is a single instance of matching type, which then gets configured on the component. This can be used for automatic configuring JDBC data sources, JMS connection factories, AWS Clients, etc." },
    "clientFactory": { "kind": "property", "displayName": "Client Factory", "group": "advanced", "label": "advanced", "required": false, "type": "object", "javaType": "org.apache.camel.component.google.calendar.GoogleCalendarClientFactory", "deprecated": false, "autowired": false, "secret": false, "description": "To use the GoogleCalendarClientFactory as factory for creating the client. Will by default use BatchGoogleCalendarClientFactory" },
    "accessToken": { "kind": "property", "displayName": "Access Token", "group": "security", "label": "security", "required": false, "type": "string", "javaType": "java.lang.String", "deprecated": false, "autowired": false, "secret": true, "configurationClass": "org.apache.camel.component.google.calendar.GoogleCalendarConfiguration", "configurationField": "configuration", "description": "OAuth 2 access token. This typically expires after an hour so refreshToken is recommended for long term usage." },
    "clientSecret": { "kind": "property", "displayName": "Client Secret", "group": "security", "label": "security", "required": false, "type": "string", "javaType": "java.lang.String", "deprecated": false, "autowired": false, "secret": true, "configurationClass": "org.apache.camel.component.google.calendar.GoogleCalendarConfiguration", "configurationField": "configuration", "description": "Client secret of the calendar application" },
    "emailAddress": { "kind": "property", "displayName": "Email Address", "group": "security", "label": "security", "required": false, "type": "string", "javaType": "java.lang.String", "deprecated": false, "autowired": false, "secret": true, "configurationClass": "org.apache.camel.component.google.calendar.GoogleCalendarConfiguration", "configurationField": "configuration", "description": "The emailAddress of the Google Service Account." },
    "p12FileName": { "kind": "property", "displayName": "P12 File Name", "group": "security", "label": "security", "required": false, "type": "string", "javaType": "java.lang.String", "deprecated": false, "autowired": false, "secret": true, "configurationClass": "org.apache.camel.component.google.calendar.GoogleCalendarConfiguration", "configurationField": "configuration", "description": "The name of the p12 file which has the private key to use with the Google Service Account." },
    "refreshToken": { "kind": "property", "displayName": "Refresh Token", "group": "security", "label": "security", "required": false, "type": "string", "javaType": "java.lang.String", "deprecated": false, "autowired": false, "secret": true, "configurationClass": "org.apache.camel.component.google.calendar.GoogleCalendarConfiguration", "configurationField": "configuration", "description": "OAuth 2 refresh token. Using this, the Google Calendar component can obtain a new accessToken whenever the current one expires - a necessity if the application is long-lived." },
    "serviceAccountKey": { "kind": "property", "displayName": "Service Account Key", "group": "security", "label": "security", "required": false, "type": "string", "javaType": "java.lang.String", "deprecated": false, "autowired": false, "secret": false, "configurationClass": "org.apache.camel.component.google.calendar.GoogleCalendarConfiguration", "configurationField": "configuration", "description": "Service account key in json format to authenticate an application as a service account. Accept base64 adding the prefix base64:" },
    "user": { "kind": "property", "displayName": "User", "group": "security", "label": "security", "required": false, "type": "string", "javaType": "java.lang.String", "deprecated": false, "autowired": false, "secret": true, "configurationClass": "org.apache.camel.component.google.calendar.GoogleCalendarConfiguration", "configurationField": "configuration", "description": "The email address of the user the application is trying to impersonate in the service account flow" }
  },
  "properties": {
    "apiName": { "kind": "path", "displayName": "Api Name", "group": "common", "label": "", "required": true, "type": "object", "javaType": "org.apache.camel.component.google.calendar.internal.GoogleCalendarApiName", "enum": [ "ACL", "LIST", "CALENDARS", "CHANNELS", "COLORS", "FREEBUSY", "EVENTS", "SETTINGS" ], "deprecated": false, "deprecationNote": "", "autowired": false, "secret": false, "configurationClass": "org.apache.camel.component.google.calendar.GoogleCalendarConfiguration", "configurationField": "configuration", "description": "What kind of operation to perform" },
    "methodName": { "kind": "path", "displayName": "Method Name", "group": "common", "label": "", "required": true, "type": "string", "javaType": "java.lang.String", "enum": [ "calendarImport", "clear", "delete", "get", "insert", "instances", "list", "move", "patch", "query", "quickAdd", "stop", "update", "watch" ], "deprecated": false, "deprecationNote": "", "autowired": false, "secret": false, "configurationClass": "org.apache.camel.component.google.calendar.GoogleCalendarConfiguration", "configurationField": "configuration", "description": "What sub operation to use for the selected operation" },
    "applicationName": { "kind": "parameter", "displayName": "Application Name", "group": "common", "label": "", "required": false, "type": "string", "javaType": "java.lang.String", "deprecated": false, "autowired": false, "secret": false, "configurationClass": "org.apache.camel.component.google.calendar.GoogleCalendarConfiguration", "configurationField": "configuration", "description": "Google calendar application name. Example would be camel-google-calendar\/1.0" },
    "clientId": { "kind": "parameter", "displayName": "Client Id", "group": "common", "label": "", "required": false, "type": "string", "javaType": "java.lang.String", "deprecated": false, "autowired": false, "secret": false, "configurationClass": "org.apache.camel.component.google.calendar.GoogleCalendarConfiguration", "configurationField": "configuration", "description": "Client ID of the calendar application" },
    "delegate": { "kind": "parameter", "displayName": "Delegate", "group": "common", "label": "", "required": false, "type": "string", "javaType": "java.lang.String", "deprecated": false, "autowired": false, "secret": false, "configurationClass": "org.apache.camel.component.google.calendar.GoogleCalendarConfiguration", "configurationField": "configuration", "description": "Delegate for wide-domain service account" },
    "inBody": { "kind": "parameter", "displayName": "In Body", "group": "common", "label": "", "required": false, "type": "string", "javaType": "java.lang.String", "deprecated": false, "autowired": false, "secret": false, "description": "Sets the name of a parameter to be passed in the exchange In Body" },
    "scopes": { "kind": "parameter", "displayName": "Scopes", "group": "common", "label": "", "required": false, "type": "array", "javaType": "java.util.List<java.lang.String>", "deprecated": false, "autowired": false, "secret": false, "defaultValue": "https:\/\/www.googleapis.com\/auth\/calendar", "configurationClass": "org.apache.camel.component.google.calendar.GoogleCalendarConfiguration", "configurationField": "configuration", "description": "Specifies the level of permissions you want a calendar application to have to a user account. You can separate multiple scopes by comma. See https:\/\/developers.google.com\/google-apps\/calendar\/auth for more info." },
    "sendEmptyMessageWhenIdle": { "kind": "parameter", "displayName": "Send Empty Message When Idle", "group": "consumer", "label": "consumer", "required": false, "type": "boolean", "javaType": "boolean", "deprecated": false, "autowired": false, "secret": false, "defaultValue": false, "description": "If the polling consumer did not poll any files, you can enable this option to send an empty message (no body) instead." },
    "bridgeErrorHandler": { "kind": "parameter", "displayName": "Bridge Error Handler", "group": "consumer (advanced)", "label": "consumer,advanced", "required": false, "type": "boolean", "javaType": "boolean", "deprecated": false, "autowired": false, "secret": false, "defaultValue": false, "description": "Allows for bridging the consumer to the Camel routing Error Handler, which mean any exceptions occurred while the consumer is trying to pickup incoming messages, or the likes, will now be processed as a message and handled by the routing Error Handler. By default the consumer will use the org.apache.camel.spi.ExceptionHandler to deal with exceptions, that will be logged at WARN or ERROR level and ignored." },
    "exceptionHandler": { "kind": "parameter", "displayName": "Exception Handler", "group": "consumer (advanced)", "label": "consumer,advanced", "required": false, "type": "object", "javaType": "org.apache.camel.spi.ExceptionHandler", "optionalPrefix": "consumer.", "deprecated": false, "autowired": false, "secret": false, "description": "To let the consumer use a custom ExceptionHandler. Notice if the option bridgeErrorHandler is enabled then this option is not in use. By default the consumer will deal with exceptions, that will be logged at WARN or ERROR level and ignored." },
    "exchangePattern": { "kind": "parameter", "displayName": "Exchange Pattern", "group": "consumer (advanced)", "label": "consumer,advanced", "required": false, "type": "object", "javaType": "org.apache.camel.ExchangePattern", "enum": [ "InOnly", "InOut", "InOptionalOut" ], "deprecated": false, "autowired": false, "secret": false, "description": "Sets the exchange pattern when the consumer creates an exchange." },
    "pollStrategy": { "kind": "parameter", "displayName": "Poll Strategy", "group": "consumer (advanced)", "label": "consumer,advanced", "required": false, "type": "object", "javaType": "org.apache.camel.spi.PollingConsumerPollStrategy", "deprecated": false, "autowired": false, "secret": false, "description": "A pluggable org.apache.camel.PollingConsumerPollingStrategy allowing you to provide your custom implementation to control error handling usually occurred during the poll operation before an Exchange have been created and being routed in Camel." },
    "lazyStartProducer": { "kind": "parameter", "displayName": "Lazy Start Producer", "group": "producer (advanced)", "label": "producer,advanced", "required": false, "type": "boolean", "javaType": "boolean", "deprecated": false, "autowired": false, "secret": false, "defaultValue": false, "description": "Whether the producer should be started lazy (on the first message). By starting lazy you can use this to allow CamelContext and routes to startup in situations where a producer may otherwise fail during starting and cause the route to fail being started. By deferring this startup to be lazy then the startup failure can be handled during routing messages via Camel's routing error handlers. Beware that when the first message is processed then creating and starting the producer may take a little time and prolong the total processing time of the processing." },
    "backoffErrorThreshold": { "kind": "parameter", "displayName": "Backoff Error Threshold", "group": "scheduler", "label": "consumer,scheduler", "required": false, "type": "integer", "javaType": "int", "deprecated": false, "autowired": false, "secret": false, "description": "The number of subsequent error polls (failed due some error) that should happen before the backoffMultipler should kick-in." },
    "backoffIdleThreshold": { "kind": "parameter", "displayName": "Backoff Idle Threshold", "group": "scheduler", "label": "consumer,scheduler", "required": false, "type": "integer", "javaType": "int", "deprecated": false, "autowired": false, "secret": false, "description": "The number of subsequent idle polls that should happen before the backoffMultipler should kick-in." },
    "backoffMultiplier": { "kind": "parameter", "displayName": "Backoff Multiplier", "group": "scheduler", "label": "consumer,scheduler", "required": false, "type": "integer", "javaType": "int", "deprecated": false, "autowired": false, "secret": false, "description": "To let the scheduled polling consumer backoff if there has been a number of subsequent idles\/errors in a row. The multiplier is then the number of polls that will be skipped before the next actual attempt is happening again. When this option is in use then backoffIdleThreshold and\/or backoffErrorThreshold must also be configured." },
    "delay": { "kind": "parameter", "displayName": "Delay", "group": "scheduler", "label": "consumer,scheduler", "required": false, "type": "integer", "javaType": "long", "deprecated": false, "autowired": false, "secret": false, "defaultValue": 500, "description": "Milliseconds before the next poll." },
    "greedy": { "kind": "parameter", "displayName": "Greedy", "group": "scheduler", "label": "consumer,scheduler", "required": false, "type": "boolean", "javaType": "boolean", "deprecated": false, "autowired": false, "secret": false, "defaultValue": false, "description": "If greedy is enabled, then the ScheduledPollConsumer will run immediately again, if the previous run polled 1 or more messages." },
    "initialDelay": { "kind": "parameter", "displayName": "Initial Delay", "group": "scheduler", "label": "consumer,scheduler", "required": false, "type": "integer", "javaType": "long", "deprecated": false, "autowired": false, "secret": false, "defaultValue": 1000, "description": "Milliseconds before the first poll starts." },
    "repeatCount": { "kind": "parameter", "displayName": "Repeat Count", "group": "scheduler", "label": "consumer,scheduler", "required": false, "type": "integer", "javaType": "long", "deprecated": false, "autowired": false, "secret": false, "defaultValue": 0, "description": "Specifies a maximum limit of number of fires. So if you set it to 1, the scheduler will only fire once. If you set it to 5, it will only fire five times. A value of zero or negative means fire forever." },
    "runLoggingLevel": { "kind": "parameter", "displayName": "Run Logging Level", "group": "scheduler", "label": "consumer,scheduler", "required": false, "type": "object", "javaType": "org.apache.camel.LoggingLevel", "enum": [ "TRACE", "DEBUG", "INFO", "WARN", "ERROR", "OFF" ], "deprecated": false, "autowired": false, "secret": false, "defaultValue": "TRACE", "description": "The consumer logs a start\/complete log line when it polls. This option allows you to configure the logging level for that." },
    "scheduledExecutorService": { "kind": "parameter", "displayName": "Scheduled Executor Service", "group": "scheduler", "label": "consumer,scheduler", "required": false, "type": "object", "javaType": "java.util.concurrent.ScheduledExecutorService", "deprecated": false, "autowired": false, "secret": false, "description": "Allows for configuring a custom\/shared thread pool to use for the consumer. By default each consumer has its own single threaded thread pool." },
    "scheduler": { "kind": "parameter", "displayName": "Scheduler", "group": "scheduler", "label": "consumer,scheduler", "required": false, "type": "object", "javaType": "java.lang.Object", "deprecated": false, "autowired": false, "secret": false, "defaultValue": "none", "description": "To use a cron scheduler from either camel-spring or camel-quartz component. Use value spring or quartz for built in scheduler" },
    "schedulerProperties": { "kind": "parameter", "displayName": "Scheduler Properties", "group": "scheduler", "label": "consumer,scheduler", "required": false, "type": "object", "javaType": "java.util.Map<java.lang.String, java.lang.Object>", "prefix": "scheduler.", "multiValue": true, "deprecated": false, "autowired": false, "secret": false, "description": "To configure additional properties when using a custom scheduler or any of the Quartz, Spring based scheduler." },
    "startScheduler": { "kind": "parameter", "displayName": "Start Scheduler", "group": "scheduler", "label": "consumer,scheduler", "required": false, "type": "boolean", "javaType": "boolean", "deprecated": false, "autowired": false, "secret": false, "defaultValue": true, "description": "Whether the scheduler should be auto started." },
    "timeUnit": { "kind": "parameter", "displayName": "Time Unit", "group": "scheduler", "label": "consumer,scheduler", "required": false, "type": "object", "javaType": "java.util.concurrent.TimeUnit", "enum": [ "NANOSECONDS", "MICROSECONDS", "MILLISECONDS", "SECONDS", "MINUTES", "HOURS", "DAYS" ], "deprecated": false, "autowired": false, "secret": false, "defaultValue": "MILLISECONDS", "description": "Time unit for initialDelay and delay options." },
    "useFixedDelay": { "kind": "parameter", "displayName": "Use Fixed Delay", "group": "scheduler", "label": "consumer,scheduler", "required": false, "type": "boolean", "javaType": "boolean", "deprecated": false, "autowired": false, "secret": false, "defaultValue": true, "description": "Controls if fixed delay or fixed rate is used. See ScheduledExecutorService in JDK for details." },
    "accessToken": { "kind": "parameter", "displayName": "Access Token", "group": "security", "label": "security", "required": false, "type": "string", "javaType": "java.lang.String", "deprecated": false, "autowired": false, "secret": true, "configurationClass": "org.apache.camel.component.google.calendar.GoogleCalendarConfiguration", "configurationField": "configuration", "description": "OAuth 2 access token. This typically expires after an hour so refreshToken is recommended for long term usage." },
    "clientSecret": { "kind": "parameter", "displayName": "Client Secret", "group": "security", "label": "security", "required": false, "type": "string", "javaType": "java.lang.String", "deprecated": false, "autowired": false, "secret": true, "configurationClass": "org.apache.camel.component.google.calendar.GoogleCalendarConfiguration", "configurationField": "configuration", "description": "Client secret of the calendar application" },
    "emailAddress": { "kind": "parameter", "displayName": "Email Address", "group": "security", "label": "security", "required": false, "type": "string", "javaType": "java.lang.String", "deprecated": false, "autowired": false, "secret": true, "configurationClass": "org.apache.camel.component.google.calendar.GoogleCalendarConfiguration", "configurationField": "configuration", "description": "The emailAddress of the Google Service Account." },
    "p12FileName": { "kind": "parameter", "displayName": "P12 File Name", "group": "security", "label": "security", "required": false, "type": "string", "javaType": "java.lang.String", "deprecated": false, "autowired": false, "secret": true, "configurationClass": "org.apache.camel.component.google.calendar.GoogleCalendarConfiguration", "configurationField": "configuration", "description": "The name of the p12 file which has the private key to use with the Google Service Account." },
    "refreshToken": { "kind": "parameter", "displayName": "Refresh Token", "group": "security", "label": "security", "required": false, "type": "string", "javaType": "java.lang.String", "deprecated": false, "autowired": false, "secret": true, "configurationClass": "org.apache.camel.component.google.calendar.GoogleCalendarConfiguration", "configurationField": "configuration", "description": "OAuth 2 refresh token. Using this, the Google Calendar component can obtain a new accessToken whenever the current one expires - a necessity if the application is long-lived." },
    "serviceAccountKey": { "kind": "parameter", "displayName": "Service Account Key", "group": "security", "label": "security", "required": false, "type": "string", "javaType": "java.lang.String", "deprecated": false, "autowired": false, "secret": false, "configurationClass": "org.apache.camel.component.google.calendar.GoogleCalendarConfiguration", "configurationField": "configuration", "description": "Service account key in json format to authenticate an application as a service account. Accept base64 adding the prefix base64:" },
    "user": { "kind": "parameter", "displayName": "User", "group": "security", "label": "security", "required": false, "type": "string", "javaType": "java.lang.String", "deprecated": false, "autowired": false, "secret": true, "configurationClass": "org.apache.camel.component.google.calendar.GoogleCalendarConfiguration", "configurationField": "configuration", "description": "The email address of the user the application is trying to impersonate in the service account flow" }
  },
  "apis": {
    "acl": { "consumerOnly": false, "producerOnly": false, "description": "The acl collection of methods", "methods": { "delete": { "description": "Deletes an access control rule", "signatures": [ "com.google.api.services.calendar.Calendar$Acl$Delete delete(String calendarId, String ruleId)" ] }, "get": { "description": "Returns an access control rule", "signatures": [ "com.google.api.services.calendar.Calendar$Acl$Get get(String calendarId, String ruleId)" ] }, "insert": { "description": "Creates an access control rule", "signatures": [ "com.google.api.services.calendar.Calendar$Acl$Insert insert(String calendarId, com.google.api.services.calendar.model.AclRule content)" ] }, "list": { "description": "Returns the rules in the access control list for the calendar", "signatures": [ "com.google.api.services.calendar.Calendar$Acl$List list(String calendarId)" ] }, "patch": { "description": "Updates an access control rule", "signatures": [ "com.google.api.services.calendar.Calendar$Acl$Patch patch(String calendarId, String ruleId, com.google.api.services.calendar.model.AclRule content)" ] }, "update": { "description": "Updates an access control rule", "signatures": [ "com.google.api.services.calendar.Calendar$Acl$Update update(String calendarId, String ruleId, com.google.api.services.calendar.model.AclRule content)" ] }, "watch": { "description": "Watch for changes to ACL resources", "signatures": [ "com.google.api.services.calendar.Calendar$Acl$Watch watch(String calendarId, com.google.api.services.calendar.model.Channel content)" ] } } },
    "calendars": { "consumerOnly": false, "producerOnly": false, "description": "The calendars collection of methods", "methods": { "clear": { "description": "Clears a primary calendar", "signatures": [ "com.google.api.services.calendar.Calendar$Calendars$Clear clear(String calendarId)" ] }, "delete": { "description": "Deletes a secondary calendar", "signatures": [ "com.google.api.services.calendar.Calendar$Calendars$Delete delete(String calendarId)" ] }, "get": { "description": "Returns metadata for a calendar", "signatures": [ "com.google.api.services.calendar.Calendar$Calendars$Get get(String calendarId)" ] }, "insert": { "description": "Creates a secondary calendar", "signatures": [ "com.google.api.services.calendar.Calendar$Calendars$Insert insert(com.google.api.services.calendar.model.Calendar content)" ] }, "patch": { "description": "Updates metadata for a calendar", "signatures": [ "com.google.api.services.calendar.Calendar$Calendars$Patch patch(String calendarId, com.google.api.services.calendar.model.Calendar content)" ] }, "update": { "description": "Updates metadata for a calendar", "signatures": [ "com.google.api.services.calendar.Calendar$Calendars$Update update(String calendarId, com.google.api.services.calendar.model.Calendar content)" ] } } },
    "channels": { "consumerOnly": false, "producerOnly": false, "description": "The channels collection of methods", "methods": { "stop": { "description": "Stop watching resources through this channel", "signatures": [ "com.google.api.services.calendar.Calendar$Channels$Stop stop(com.google.api.services.calendar.model.Channel content)" ] } } },
    "events": { "consumerOnly": false, "producerOnly": false, "description": "The events collection of methods", "methods": { "calendarImport": { "description": "Imports an event", "signatures": [ "com.google.api.services.calendar.Calendar$Events$CalendarImport calendarImport(String calendarId, com.google.api.services.calendar.model.Event content)" ] }, "delete": { "description": "Deletes an event", "signatures": [ "com.google.api.services.calendar.Calendar$Events$Delete delete(String calendarId, String eventId)" ] }, "get": { "description": "Returns an event", "signatures": [ "com.google.api.services.calendar.Calendar$Events$Get get(String calendarId, String eventId)" ] }, "insert": { "description": "Creates an event", "signatures": [ "com.google.api.services.calendar.Calendar$Events$Insert insert(String calendarId, com.google.api.services.calendar.model.Event content)" ] }, "instances": { "description": "Returns instances of the specified recurring event", "signatures": [ "com.google.api.services.calendar.Calendar$Events$Instances instances(String calendarId, String eventId)" ] }, "list": { "description": "Returns events on the specified calendar", "signatures": [ "com.google.api.services.calendar.Calendar$Events$List list(String calendarId)" ] }, "move": { "description": "Moves an event to another calendar, i", "signatures": [ "com.google.api.services.calendar.Calendar$Events$Move move(String calendarId, String eventId, String destination)" ] }, "patch": { "description": "Updates an event", "signatures": [ "com.google.api.services.calendar.Calendar$Events$Patch patch(String calendarId, String eventId, com.google.api.services.calendar.model.Event content)" ] }, "quickAdd": { "description": "Creates an event based on a simple text string", "signatures": [ "com.google.api.services.calendar.Calendar$Events$QuickAdd quickAdd(String calendarId, String text)" ] }, "update": { "description": "Updates an event", "signatures": [ "com.google.api.services.calendar.Calendar$Events$Update update(String calendarId, String eventId, com.google.api.services.calendar.model.Event content)" ] }, "watch": { "description": "Watch for changes to Events resources", "signatures": [ "com.google.api.services.calendar.Calendar$Events$Watch watch(String calendarId, com.google.api.services.calendar.model.Channel content)" ] } } },
    "freebusy": { "consumerOnly": false, "producerOnly": false, "description": "The freebusy collection of methods", "methods": { "query": { "description": "Returns free\/busy information for a set of calendars", "signatures": [ "com.google.api.services.calendar.Calendar$Freebusy$Query query(com.google.api.services.calendar.model.FreeBusyRequest content)" ] } } },
    "list": { "consumerOnly": false, "producerOnly": false, "description": "The calendarList collection of methods", "methods": { "delete": { "description": "Removes a calendar from the user's calendar list", "signatures": [ "com.google.api.services.calendar.Calendar$CalendarList$Delete delete(String calendarId)" ] }, "get": { "description": "Returns a calendar from the user's calendar list", "signatures": [ "com.google.api.services.calendar.Calendar$CalendarList$Get get(String calendarId)" ] }, "insert": { "description": "Inserts an existing calendar into the user's calendar list", "signatures": [ "com.google.api.services.calendar.Calendar$CalendarList$Insert insert(com.google.api.services.calendar.model.CalendarListEntry content)" ] }, "patch": { "description": "Updates an existing calendar on the user's calendar list", "signatures": [ "com.google.api.services.calendar.Calendar$CalendarList$Patch patch(String calendarId, com.google.api.services.calendar.model.CalendarListEntry content)" ] }, "update": { "description": "Updates an existing calendar on the user's calendar list", "signatures": [ "com.google.api.services.calendar.Calendar$CalendarList$Update update(String calendarId, com.google.api.services.calendar.model.CalendarListEntry content)" ] }, "watch": { "description": "Watch for changes to CalendarList resources", "signatures": [ "com.google.api.services.calendar.Calendar$CalendarList$Watch watch(com.google.api.services.calendar.model.Channel content)" ] } } },
    "settings": { "consumerOnly": false, "producerOnly": false, "description": "The settings collection of methods", "methods": { "get": { "description": "Returns a single user setting", "signatures": [ "com.google.api.services.calendar.Calendar$Settings$Get get(String setting)" ] }, "watch": { "description": "Watch for changes to Settings resources", "signatures": [ "com.google.api.services.calendar.Calendar$Settings$Watch watch(com.google.api.services.calendar.model.Channel content)" ] } } }
  },
  "apiProperties": {
    "acl": { "methods": { "delete": { "properties": { "calendarId": { "kind": "parameter", "displayName": "Calendar Id", "group": "common", "label": "", "required": false, "type": "string", "javaType": "java.lang.String", "deprecated": false, "autowired": false, "secret": false, "description": "Calendar identifier. To retrieve calendar IDs call the calendarList.list method. If you want to access the primary calendar of the currently logged in user, use the primary keyword.", "optional": false }, "ruleId": { "kind": "parameter", "displayName": "Rule Id", "group": "common", "label": "", "required": false, "type": "string", "javaType": "java.lang.String", "deprecated": false, "autowired": false, "secret": false, "description": "ACL rule identifier", "optional": false } } }, "get": { "properties": { "calendarId": { "kind": "parameter", "displayName": "Calendar Id", "group": "common", "label": "", "required": false, "type": "string", "javaType": "java.lang.String", "deprecated": false, "autowired": false, "secret": false, "description": "Calendar identifier. To retrieve calendar IDs call the calendarList.list method. If you want to access the primary calendar of the currently logged in user, use the primary keyword.", "optional": false }, "ruleId": { "kind": "parameter", "displayName": "Rule Id", "group": "common", "label": "", "required": false, "type": "string", "javaType": "java.lang.String", "deprecated": false, "autowired": false, "secret": false, "description": "ACL rule identifier", "optional": false } } }, "insert": { "properties": { "calendarId": { "kind": "parameter", "displayName": "Calendar Id", "group": "common", "label": "", "required": false, "type": "string", "javaType": "java.lang.String", "deprecated": false, "autowired": false, "secret": false, "description": "Calendar identifier. To retrieve calendar IDs call the calendarList.list method. If you want to access the primary calendar of the currently logged in user, use the primary keyword.", "optional": false }, "content": { "kind": "parameter", "displayName": "Content", "group": "common", "label": "", "required": false, "type": "object", "javaType": "com.google.api.services.calendar.model.AclRule", "deprecated": false, "autowired": false, "secret": false, "description": "The com.google.api.services.calendar.model.AclRule", "optional": false } } }, "list": { "properties": { "calendarId": { "kind": "parameter", "displayName": "Calendar Id", "group": "common", "label": "", "required": false, "type": "string", "javaType": "java.lang.String", "deprecated": false, "autowired": false, "secret": false, "description": "Calendar identifier. To retrieve calendar IDs call the calendarList.list method. If you want to access the primary calendar of the currently logged in user, use the primary keyword.", "optional": false } } }, "patch": { "properties": { "calendarId": { "kind": "parameter", "displayName": "Calendar Id", "group": "common", "label": "", "required": false, "type": "string", "javaType": "java.lang.String", "deprecated": false, "autowired": false, "secret": false, "description": "Calendar identifier. To retrieve calendar IDs call the calendarList.list method. If you want to access the primary calendar of the currently logged in user, use the primary keyword.", "optional": false }, "content": { "kind": "parameter", "displayName": "Content", "group": "common", "label": "", "required": false, "type": "object", "javaType": "com.google.api.services.calendar.model.AclRule", "deprecated": false, "autowired": false, "secret": false, "description": "The com.google.api.services.calendar.model.AclRule", "optional": false }, "ruleId": { "kind": "parameter", "displayName": "Rule Id", "group": "common", "label": "", "required": false, "type": "string", "javaType": "java.lang.String", "deprecated": false, "autowired": false, "secret": false, "description": "ACL rule identifier", "optional": false } } }, "update": { "properties": { "calendarId": { "kind": "parameter", "displayName": "Calendar Id", "group": "common", "label": "", "required": false, "type": "string", "javaType": "java.lang.String", "deprecated": false, "autowired": false, "secret": false, "description": "Calendar identifier. To retrieve calendar IDs call the calendarList.list method. If you want to access the primary calendar of the currently logged in user, use the primary keyword.", "optional": false }, "content": { "kind": "parameter", "displayName": "Content", "group": "common", "label": "", "required": false, "type": "object", "javaType": "com.google.api.services.calendar.model.AclRule", "deprecated": false, "autowired": false, "secret": false, "description": "The com.google.api.services.calendar.model.AclRule", "optional": false }, "ruleId": { "kind": "parameter", "displayName": "Rule Id", "group": "common", "label": "", "required": false, "type": "string", "javaType": "java.lang.String", "deprecated": false, "autowired": false, "secret": false, "description": "ACL rule identifier", "optional": false } } }, "watch": { "properties": { "calendarId": { "kind": "parameter", "displayName": "Calendar Id", "group": "common", "label": "", "required": false, "type": "string", "javaType": "java.lang.String", "deprecated": false, "autowired": false, "secret": false, "description": "Calendar identifier. To retrieve calendar IDs call the calendarList.list method. If you want to access the primary calendar of the currently logged in user, use the primary keyword.", "optional": false }, "contentChannel": { "kind": "parameter", "displayName": "Content Channel", "group": "common", "label": "", "required": false, "type": "object", "javaType": "com.google.api.services.calendar.model.Channel", "deprecated": false, "autowired": false, "secret": false, "description": "The com.google.api.services.calendar.model.Channel", "optional": false } } } } },
    "calendars": { "methods": { "clear": { "properties": { "calendarId": { "kind": "parameter", "displayName": "Calendar Id", "group": "common", "label": "", "required": false, "type": "string", "javaType": "java.lang.String", "deprecated": false, "autowired": false, "secret": false, "description": "Calendar identifier. To retrieve calendar IDs call the calendarList.list method. If you want to access the primary calendar of the currently logged in user, use the primary keyword.", "optional": false } } }, "delete": { "properties": { "calendarId": { "kind": "parameter", "displayName": "Calendar Id", "group": "common", "label": "", "required": false, "type": "string", "javaType": "java.lang.String", "deprecated": false, "autowired": false, "secret": false, "description": "Calendar identifier. To retrieve calendar IDs call the calendarList.list method. If you want to access the primary calendar of the currently logged in user, use the primary keyword.", "optional": false } } }, "get": { "properties": { "calendarId": { "kind": "parameter", "displayName": "Calendar Id", "group": "common", "label": "", "required": false, "type": "string", "javaType": "java.lang.String", "deprecated": false, "autowired": false, "secret": false, "description": "Calendar identifier. To retrieve calendar IDs call the calendarList.list method. If you want to access the primary calendar of the currently logged in user, use the primary keyword.", "optional": false } } }, "insert": { "properties": { "content": { "kind": "parameter", "displayName": "Content", "group": "common", "label": "", "required": false, "type": "object", "javaType": "com.google.api.services.calendar.model.Calendar", "deprecated": false, "autowired": false, "secret": false, "description": "The com.google.api.services.calendar.model.Calendar", "optional": false } } }, "patch": { "properties": { "calendarId": { "kind": "parameter", "displayName": "Calendar Id", "group": "common", "label": "", "required": false, "type": "string", "javaType": "java.lang.String", "deprecated": false, "autowired": false, "secret": false, "description": "Calendar identifier. To retrieve calendar IDs call the calendarList.list method. If you want to access the primary calendar of the currently logged in user, use the primary keyword.", "optional": false }, "content": { "kind": "parameter", "displayName": "Content", "group": "common", "label": "", "required": false, "type": "object", "javaType": "com.google.api.services.calendar.model.Calendar", "deprecated": false, "autowired": false, "secret": false, "description": "The com.google.api.services.calendar.model.Calendar", "optional": false } } }, "update": { "properties": { "calendarId": { "kind": "parameter", "displayName": "Calendar Id", "group": "common", "label": "", "required": false, "type": "string", "javaType": "java.lang.String", "deprecated": false, "autowired": false, "secret": false, "description": "Calendar identifier. To retrieve calendar IDs call the calendarList.list method. If you want to access the primary calendar of the currently logged in user, use the primary keyword.", "optional": false }, "content": { "kind": "parameter", "displayName": "Content", "group": "common", "label": "", "required": false, "type": "object", "javaType": "com.google.api.services.calendar.model.Calendar", "deprecated": false, "autowired": false, "secret": false, "description": "The com.google.api.services.calendar.model.Calendar", "optional": false } } } } },
    "channels": { "methods": { "stop": { "properties": { "contentChannel": { "kind": "parameter", "displayName": "Content Channel", "group": "common", "label": "", "required": false, "type": "object", "javaType": "com.google.api.services.calendar.model.Channel", "deprecated": false, "autowired": false, "secret": false, "description": "The com.google.api.services.calendar.model.Channel", "optional": false } } } } },
    "events": { "methods": { "calendarImport": { "properties": { "calendarId": { "kind": "parameter", "displayName": "Calendar Id", "group": "common", "label": "", "required": false, "type": "string", "javaType": "java.lang.String", "deprecated": false, "autowired": false, "secret": false, "description": "Calendar identifier. To retrieve calendar IDs call the calendarList.list method. If you want to access the primary calendar of the currently logged in user, use the primary keyword.", "optional": false }, "content": { "kind": "parameter", "displayName": "Content", "group": "common", "label": "", "required": false, "type": "object", "javaType": "com.google.api.services.calendar.model.Event", "deprecated": false, "autowired": false, "secret": false, "description": "The com.google.api.services.calendar.model.Event", "optional": false } } }, "delete": { "properties": { "calendarId": { "kind": "parameter", "displayName": "Calendar Id", "group": "common", "label": "", "required": false, "type": "string", "javaType": "java.lang.String", "deprecated": false, "autowired": false, "secret": false, "description": "Calendar identifier. To retrieve calendar IDs call the calendarList.list method. If you want to access the primary calendar of the currently logged in user, use the primary keyword.", "optional": false }, "eventId": { "kind": "parameter", "displayName": "Event Id", "group": "common", "label": "", "required": false, "type": "string", "javaType": "java.lang.String", "deprecated": false, "autowired": false, "secret": false, "description": "Event identifier", "optional": false } } }, "get": { "properties": { "calendarId": { "kind": "parameter", "displayName": "Calendar Id", "group": "common", "label": "", "required": false, "type": "string", "javaType": "java.lang.String", "deprecated": false, "autowired": false, "secret": false, "description": "Calendar identifier. To retrieve calendar IDs call the calendarList.list method. If you want to access the primary calendar of the currently logged in user, use the primary keyword.", "optional": false }, "eventId": { "kind": "parameter", "displayName": "Event Id", "group": "common", "label": "", "required": false, "type": "string", "javaType": "java.lang.String", "deprecated": false, "autowired": false, "secret": false, "description": "Event identifier", "optional": false } } }, "insert": { "properties": { "calendarId": { "kind": "parameter", "displayName": "Calendar Id", "group": "common", "label": "", "required": false, "type": "string", "javaType": "java.lang.String", "deprecated": false, "autowired": false, "secret": false, "description": "Calendar identifier. To retrieve calendar IDs call the calendarList.list method. If you want to access the primary calendar of the currently logged in user, use the primary keyword.", "optional": false }, "content": { "kind": "parameter", "displayName": "Content", "group": "common", "label": "", "required": false, "type": "object", "javaType": "com.google.api.services.calendar.model.Event", "deprecated": false, "autowired": false, "secret": false, "description": "The com.google.api.services.calendar.model.Event", "optional": false } } }, "instances": { "properties": { "calendarId": { "kind": "parameter", "displayName": "Calendar Id", "group": "common", "label": "", "required": false, "type": "string", "javaType": "java.lang.String", "deprecated": false, "autowired": false, "secret": false, "description": "Calendar identifier. To retrieve calendar IDs call the calendarList.list method. If you want to access the primary calendar of the currently logged in user, use the primary keyword.", "optional": false }, "eventId": { "kind": "parameter", "displayName": "Event Id", "group": "common", "label": "", "required": false, "type": "string", "javaType": "java.lang.String", "deprecated": false, "autowired": false, "secret": false, "description": "Recurring event identifier", "optional": false } } }, "list": { "properties": { "calendarId": { "kind": "parameter", "displayName": "Calendar Id", "group": "common", "label": "", "required": false, "type": "string", "javaType": "java.lang.String", "deprecated": false, "autowired": false, "secret": false, "description": "Calendar identifier. To retrieve calendar IDs call the calendarList.list method. If you want to access the primary calendar of the currently logged in user, use the primary keyword.", "optional": false } } }, "move": { "properties": { "calendarId": { "kind": "parameter", "displayName": "Calendar Id", "group": "common", "label": "", "required": false, "type": "string", "javaType": "java.lang.String", "deprecated": false, "autowired": false, "secret": false, "description": "Calendar identifier of the source calendar where the event currently is on", "optional": false }, "destination": { "kind": "parameter", "displayName": "Destination", "group": "common", "label": "", "required": false, "type": "string", "javaType": "java.lang.String", "deprecated": false, "autowired": false, "secret": false, "description": "Calendar identifier of the target calendar where the event is to be moved to", "optional": false }, "eventId": { "kind": "parameter", "displayName": "Event Id", "group": "common", "label": "", "required": false, "type": "string", "javaType": "java.lang.String", "deprecated": false, "autowired": false, "secret": false, "description": "Event identifier", "optional": false } } }, "patch": { "properties": { "calendarId": { "kind": "parameter", "displayName": "Calendar Id", "group": "common", "label": "", "required": false, "type": "string", "javaType": "java.lang.String", "deprecated": false, "autowired": false, "secret": false, "description": "Calendar identifier. To retrieve calendar IDs call the calendarList.list method. If you want to access the primary calendar of the currently logged in user, use the primary keyword.", "optional": false }, "content": { "kind": "parameter", "displayName": "Content", "group": "common", "label": "", "required": false, "type": "object", "javaType": "com.google.api.services.calendar.model.Event", "deprecated": false, "autowired": false, "secret": false, "description": "The com.google.api.services.calendar.model.Event", "optional": false }, "eventId": { "kind": "parameter", "displayName": "Event Id", "group": "common", "label": "", "required": false, "type": "string", "javaType": "java.lang.String", "deprecated": false, "autowired": false, "secret": false, "description": "Event identifier", "optional": false } } }, "quickAdd": { "properties": { "calendarId": { "kind": "parameter", "displayName": "Calendar Id", "group": "common", "label": "", "required": false, "type": "string", "javaType": "java.lang.String", "deprecated": false, "autowired": false, "secret": false, "description": "Calendar identifier. To retrieve calendar IDs call the calendarList.list method. If you want to access the primary calendar of the currently logged in user, use the primary keyword.", "optional": false }, "text": { "kind": "parameter", "displayName": "Text", "group": "common", "label": "", "required": false, "type": "string", "javaType": "java.lang.String", "deprecated": false, "autowired": false, "secret": false, "description": "The text describing the event to be created", "optional": false } } }, "update": { "properties": { "calendarId": { "kind": "parameter", "displayName": "Calendar Id", "group": "common", "label": "", "required": false, "type": "string", "javaType": "java.lang.String", "deprecated": false, "autowired": false, "secret": false, "description": "Calendar identifier. To retrieve calendar IDs call the calendarList.list method. If you want to access the primary calendar of the currently logged in user, use the primary keyword.", "optional": false }, "content": { "kind": "parameter", "displayName": "Content", "group": "common", "label": "", "required": false, "type": "object", "javaType": "com.google.api.services.calendar.model.Event", "deprecated": false, "autowired": false, "secret": false, "description": "The com.google.api.services.calendar.model.Event", "optional": false }, "eventId": { "kind": "parameter", "displayName": "Event Id", "group": "common", "label": "", "required": false, "type": "string", "javaType": "java.lang.String", "deprecated": false, "autowired": false, "secret": false, "description": "Event identifier", "optional": false } } }, "watch": { "properties": { "calendarId": { "kind": "parameter", "displayName": "Calendar Id", "group": "common", "label": "", "required": false, "type": "string", "javaType": "java.lang.String", "deprecated": false, "autowired": false, "secret": false, "description": "Calendar identifier. To retrieve calendar IDs call the calendarList.list method. If you want to access the primary calendar of the currently logged in user, use the primary keyword.", "optional": false }, "contentChannel": { "kind": "parameter", "displayName": "Content Channel", "group": "common", "label": "", "required": false, "type": "object", "javaType": "com.google.api.services.calendar.model.Channel", "deprecated": false, "autowired": false, "secret": false, "description": "The com.google.api.services.calendar.model.Channel", "optional": false } } } } },
    "freebusy": { "methods": { "query": { "properties": { "content": { "kind": "parameter", "displayName": "Content", "group": "common", "label": "", "required": false, "type": "object", "javaType": "com.google.api.services.calendar.model.FreeBusyRequest", "deprecated": false, "autowired": false, "secret": false, "description": "The com.google.api.services.calendar.model.FreeBusyRequest", "optional": false } } } } },
    "list": { "methods": { "delete": { "properties": { "calendarId": { "kind": "parameter", "displayName": "Calendar Id", "group": "common", "label": "", "required": false, "type": "string", "javaType": "java.lang.String", "deprecated": false, "autowired": false, "secret": false, "description": "Calendar identifier. To retrieve calendar IDs call the calendarList.list method. If you want to access the primary calendar of the currently logged in user, use the primary keyword.", "optional": false } } }, "get": { "properties": { "calendarId": { "kind": "parameter", "displayName": "Calendar Id", "group": "common", "label": "", "required": false, "type": "string", "javaType": "java.lang.String", "deprecated": false, "autowired": false, "secret": false, "description": "Calendar identifier. To retrieve calendar IDs call the calendarList.list method. If you want to access the primary calendar of the currently logged in user, use the primary keyword.", "optional": false } } }, "insert": { "properties": { "content": { "kind": "parameter", "displayName": "Content", "group": "common", "label": "", "required": false, "type": "object", "javaType": "com.google.api.services.calendar.model.CalendarListEntry", "deprecated": false, "autowired": false, "secret": false, "description": "The com.google.api.services.calendar.model.CalendarListEntry", "optional": false } } }, "patch": { "properties": { "calendarId": { "kind": "parameter", "displayName": "Calendar Id", "group": "common", "label": "", "required": false, "type": "string", "javaType": "java.lang.String", "deprecated": false, "autowired": false, "secret": false, "description": "Calendar identifier. To retrieve calendar IDs call the calendarList.list method. If you want to access the primary calendar of the currently logged in user, use the primary keyword.", "optional": false }, "content": { "kind": "parameter", "displayName": "Content", "group": "common", "label": "", "required": false, "type": "object", "javaType": "com.google.api.services.calendar.model.CalendarListEntry", "deprecated": false, "autowired": false, "secret": false, "description": "The com.google.api.services.calendar.model.CalendarListEntry", "optional": false } } }, "update": { "properties": { "calendarId": { "kind": "parameter", "displayName": "Calendar Id", "group": "common", "label": "", "required": false, "type": "string", "javaType": "java.lang.String", "deprecated": false, "autowired": false, "secret": false, "description": "Calendar identifier. To retrieve calendar IDs call the calendarList.list method. If you want to access the primary calendar of the currently logged in user, use the primary keyword.", "optional": false }, "content": { "kind": "parameter", "displayName": "Content", "group": "common", "label": "", "required": false, "type": "object", "javaType": "com.google.api.services.calendar.model.CalendarListEntry", "deprecated": false, "autowired": false, "secret": false, "description": "The com.google.api.services.calendar.model.CalendarListEntry", "optional": false } } }, "watch": { "properties": { "contentChannel": { "kind": "parameter", "displayName": "Content Channel", "group": "common", "label": "", "required": false, "type": "object", "javaType": "com.google.api.services.calendar.model.Channel", "deprecated": false, "autowired": false, "secret": false, "description": "The com.google.api.services.calendar.model.Channel", "optional": false } } } } },
    "settings": { "methods": { "get": { "properties": { "setting": { "kind": "parameter", "displayName": "Setting", "group": "common", "label": "", "required": false, "type": "string", "javaType": "java.lang.String", "deprecated": false, "autowired": false, "secret": false, "description": "The id of the user setting", "optional": false } } }, "watch": { "properties": { "contentChannel": { "kind": "parameter", "displayName": "Content Channel", "group": "common", "label": "", "required": false, "type": "object", "javaType": "com.google.api.services.calendar.model.Channel", "deprecated": false, "autowired": false, "secret": false, "description": "The com.google.api.services.calendar.model.Channel", "optional": false } } } } }
  }
}
