{
  "component": {
    "kind": "component",
    "name": "google-calendar-stream",
    "title": "Google Calendar Stream",
    "description": "Poll for changes in a Google Calendar.",
    "deprecated": false,
    "firstVersion": "2.23.0",
    "label": "cloud",
    "javaType": "org.apache.camel.component.google.calendar.stream.GoogleCalendarStreamComponent",
    "supportLevel": "Stable",
    "groupId": "org.apache.camel",
    "artifactId": "camel-google-calendar",
    "version": "3.20.3-SNAPSHOT",
    "scheme": "google-calendar-stream",
    "extendsScheme": "",
    "syntax": "google-calendar-stream:index",
    "async": false,
    "api": false,
    "consumerOnly": true,
    "producerOnly": false,
    "lenientProperties": false
  },
  "componentProperties": {
    "applicationName": { "kind": "property", "displayName": "Application Name", "group": "consumer", "label": "", "required": false, "type": "string", "javaType": "java.lang.String", "deprecated": false, "autowired": false, "secret": false, "configurationClass": "org.apache.camel.component.google.calendar.stream.GoogleCalendarStreamConfiguration", "configurationField": "configuration", "description": "Google Calendar application name. Example would be camel-google-calendar\/1.0" },
    "bridgeErrorHandler": { "kind": "property", "displayName": "Bridge Error Handler", "group": "consumer", "label": "consumer", "required": false, "type": "boolean", "javaType": "boolean", "deprecated": false, "autowired": false, "secret": false, "defaultValue": false, "description": "Allows for bridging the consumer to the Camel routing Error Handler, which mean any exceptions occurred while the consumer is trying to pickup incoming messages, or the likes, will now be processed as a message and handled by the routing Error Handler. By default the consumer will use the org.apache.camel.spi.ExceptionHandler to deal with exceptions, that will be logged at WARN or ERROR level and ignored." },
    "calendarId": { "kind": "property", "displayName": "Calendar Id", "group": "consumer", "label": "", "required": false, "type": "string", "javaType": "java.lang.String", "deprecated": false, "autowired": false, "secret": false, "defaultValue": "primary", "configurationClass": "org.apache.camel.component.google.calendar.stream.GoogleCalendarStreamConfiguration", "configurationField": "configuration", "description": "The calendarId to be used" },
    "clientId": { "kind": "property", "displayName": "Client Id", "group": "consumer", "label": "", "required": false, "type": "string", "javaType": "java.lang.String", "deprecated": false, "autowired": false, "secret": false, "configurationClass": "org.apache.camel.component.google.calendar.stream.GoogleCalendarStreamConfiguration", "configurationField": "configuration", "description": "Client ID of the calendar application" },
    "configuration": { "kind": "property", "displayName": "Configuration", "group": "consumer", "label": "", "required": false, "type": "object", "javaType": "org.apache.camel.component.google.calendar.stream.GoogleCalendarStreamConfiguration", "deprecated": false, "autowired": false, "secret": false, "description": "The configuration" },
    "considerLastUpdate": { "kind": "property", "displayName": "Consider Last Update", "group": "consumer", "label": "", "required": false, "type": "boolean", "javaType": "boolean", "deprecated": false, "autowired": false, "secret": false, "defaultValue": false, "configurationClass": "org.apache.camel.component.google.calendar.stream.GoogleCalendarStreamConfiguration", "configurationField": "configuration", "description": "Take into account the lastUpdate of the last event polled as start date for the next poll" },
    "consumeFromNow": { "kind": "property", "displayName": "Consume From Now", "group": "consumer", "label": "", "required": false, "type": "boolean", "javaType": "boolean", "deprecated": false, "autowired": false, "secret": false, "defaultValue": true, "configurationClass": "org.apache.camel.component.google.calendar.stream.GoogleCalendarStreamConfiguration", "configurationField": "configuration", "description": "Consume events in the selected calendar from now on" },
    "delegate": { "kind": "property", "displayName": "Delegate", "group": "consumer", "label": "", "required": false, "type": "string", "javaType": "java.lang.String", "deprecated": false, "autowired": false, "secret": false, "configurationClass": "org.apache.camel.component.google.calendar.stream.GoogleCalendarStreamConfiguration", "configurationField": "configuration", "description": "Delegate for wide-domain service account" },
    "maxResults": { "kind": "property", "displayName": "Max Results", "group": "consumer", "label": "", "required": false, "type": "integer", "javaType": "int", "deprecated": false, "autowired": false, "secret": false, "defaultValue": 10, "configurationClass": "org.apache.camel.component.google.calendar.stream.GoogleCalendarStreamConfiguration", "configurationField": "configuration", "description": "Max results to be returned" },
    "query": { "kind": "property", "displayName": "Query", "group": "consumer", "label": "", "required": false, "type": "string", "javaType": "java.lang.String", "deprecated": false, "autowired": false, "secret": false, "configurationClass": "org.apache.camel.component.google.calendar.stream.GoogleCalendarStreamConfiguration", "configurationField": "configuration", "description": "The query to execute on calendar" },
    "scopes": { "kind": "property", "displayName": "Scopes", "group": "consumer", "label": "", "required": false, "type": "array", "javaType": "java.util.List<java.lang.String>", "deprecated": false, "autowired": false, "secret": false, "configurationClass": "org.apache.camel.component.google.calendar.stream.GoogleCalendarStreamConfiguration", "configurationField": "configuration", "description": "Specifies the level of permissions you want a calendar application to have to a user account. See https:\/\/developers.google.com\/calendar\/auth for more info." },
    "syncFlow": { "kind": "property", "displayName": "Sync Flow", "group": "consumer", "label": "", "required": false, "type": "boolean", "javaType": "boolean", "deprecated": false, "autowired": false, "secret": false, "defaultValue": false, "configurationClass": "org.apache.camel.component.google.calendar.stream.GoogleCalendarStreamConfiguration", "configurationField": "configuration", "description": "Sync events, see https:\/\/developers.google.com\/calendar\/v3\/sync Note: not compatible with: 'query' and 'considerLastUpdate' parameters" },
    "autowiredEnabled": { "kind": "property", "displayName": "Autowired Enabled", "group": "advanced", "label": "advanced", "required": false, "type": "boolean", "javaType": "boolean", "deprecated": false, "autowired": false, "secret": false, "defaultValue": true, "description": "Whether autowiring is enabled. This is used for automatic autowiring options (the option must be marked as autowired) by looking up in the registry to find if there is a single instance of matching type, which then gets configured on the component. This can be used for automatic configuring JDBC data sources, JMS connection factories, AWS Clients, etc." },
    "clientFactory": { "kind": "property", "displayName": "Client Factory", "group": "advanced", "label": "advanced", "required": false, "type": "object", "javaType": "org.apache.camel.component.google.calendar.GoogleCalendarClientFactory", "deprecated": false, "autowired": false, "secret": false, "description": "The client Factory" },
    "accessToken": { "kind": "property", "displayName": "Access Token", "group": "security", "label": "security", "required": false, "type": "string", "javaType": "java.lang.String", "deprecated": false, "autowired": false, "secret": true, "configurationClass": "org.apache.camel.component.google.calendar.stream.GoogleCalendarStreamConfiguration", "configurationField": "configuration", "description": "OAuth 2 access token. This typically expires after an hour so refreshToken is recommended for long term usage." },
    "clientSecret": { "kind": "property", "displayName": "Client Secret", "group": "security", "label": "security", "required": false, "type": "string", "javaType": "java.lang.String", "deprecated": false, "autowired": false, "secret": true, "configurationClass": "org.apache.camel.component.google.calendar.stream.GoogleCalendarStreamConfiguration", "configurationField": "configuration", "description": "Client secret of the calendar application" },
    "emailAddress": { "kind": "property", "displayName": "Email Address", "group": "security", "label": "security", "required": false, "type": "string", "javaType": "java.lang.String", "deprecated": false, "autowired": false, "secret": true, "configurationClass": "org.apache.camel.component.google.calendar.stream.GoogleCalendarStreamConfiguration", "configurationField": "configuration", "description": "The emailAddress of the Google Service Account." },
    "p12FileName": { "kind": "property", "displayName": "P12 File Name", "group": "security", "label": "security", "required": false, "type": "string", "javaType": "java.lang.String", "deprecated": false, "autowired": false, "secret": true, "configurationClass": "org.apache.camel.component.google.calendar.stream.GoogleCalendarStreamConfiguration", "configurationField": "configuration", "description": "The name of the p12 file which has the private key to use with the Google Service Account." },
    "refreshToken": { "kind": "property", "displayName": "Refresh Token", "group": "security", "label": "security", "required": false, "type": "string", "javaType": "java.lang.String", "deprecated": false, "autowired": false, "secret": true, "configurationClass": "org.apache.camel.component.google.calendar.stream.GoogleCalendarStreamConfiguration", "configurationField": "configuration", "description": "OAuth 2 refresh token. Using this, the Google Calendar component can obtain a new accessToken whenever the current one expires - a necessity if the application is long-lived." },
    "serviceAccountKey": { "kind": "property", "displayName": "Service Account Key", "group": "security", "label": "security", "required": false, "type": "string", "javaType": "java.lang.String", "deprecated": false, "autowired": false, "secret": false, "configurationClass": "org.apache.camel.component.google.calendar.stream.GoogleCalendarStreamConfiguration", "configurationField": "configuration", "description": "Service account key in json format to authenticate an application as a service account. Accept base64 adding the prefix base64:" },
    "user": { "kind": "property", "displayName": "User", "group": "security", "label": "security", "required": false, "type": "string", "javaType": "java.lang.String", "deprecated": false, "autowired": false, "secret": true, "configurationClass": "org.apache.camel.component.google.calendar.stream.GoogleCalendarStreamConfiguration", "configurationField": "configuration", "description": "The email address of the user the application is trying to impersonate in the service account flow." }
  },
  "headers": {
    "CamelGoogleCalendarEventId": { "kind": "header", "displayName": "", "group": "consumer", "label": "", "required": false, "javaType": "String", "deprecated": false, "deprecationNote": "", "autowired": false, "secret": false, "description": "The calendar event id", "constantName": "org.apache.camel.component.google.calendar.stream.GoogleCalendarStreamConstants#EVENT_ID" }
  },
  "properties": {
    "index": { "kind": "path", "displayName": "Index", "group": "consumer", "label": "", "required": true, "type": "string", "javaType": "java.lang.String", "deprecated": false, "deprecationNote": "", "autowired": false, "secret": false, "configurationClass": "org.apache.camel.component.google.calendar.stream.GoogleCalendarStreamConfiguration", "configurationField": "configuration", "description": "Specifies an index for the endpoint" },
    "applicationName": { "kind": "parameter", "displayName": "Application Name", "group": "consumer", "label": "", "required": false, "type": "string", "javaType": "java.lang.String", "deprecated": false, "autowired": false, "secret": false, "configurationClass": "org.apache.camel.component.google.calendar.stream.GoogleCalendarStreamConfiguration", "configurationField": "configuration", "description": "Google Calendar application name. Example would be camel-google-calendar\/1.0" },
    "calendarId": { "kind": "parameter", "displayName": "Calendar Id", "group": "consumer", "label": "", "required": false, "type": "string", "javaType": "java.lang.String", "deprecated": false, "autowired": false, "secret": false, "defaultValue": "primary", "configurationClass": "org.apache.camel.component.google.calendar.stream.GoogleCalendarStreamConfiguration", "configurationField": "configuration", "description": "The calendarId to be used" },
    "clientId": { "kind": "parameter", "displayName": "Client Id", "group": "consumer", "label": "", "required": false, "type": "string", "javaType": "java.lang.String", "deprecated": false, "autowired": false, "secret": false, "configurationClass": "org.apache.camel.component.google.calendar.stream.GoogleCalendarStreamConfiguration", "configurationField": "configuration", "description": "Client ID of the calendar application" },
    "considerLastUpdate": { "kind": "parameter", "displayName": "Consider Last Update", "group": "consumer", "label": "", "required": false, "type": "boolean", "javaType": "boolean", "deprecated": false, "autowired": false, "secret": false, "defaultValue": false, "configurationClass": "org.apache.camel.component.google.calendar.stream.GoogleCalendarStreamConfiguration", "configurationField": "configuration", "description": "Take into account the lastUpdate of the last event polled as start date for the next poll" },
    "consumeFromNow": { "kind": "parameter", "displayName": "Consume From Now", "group": "consumer", "label": "", "required": false, "type": "boolean", "javaType": "boolean", "deprecated": false, "autowired": false, "secret": false, "defaultValue": true, "configurationClass": "org.apache.camel.component.google.calendar.stream.GoogleCalendarStreamConfiguration", "configurationField": "configuration", "description": "Consume events in the selected calendar from now on" },
    "delegate": { "kind": "parameter", "displayName": "Delegate", "group": "consumer", "label": "", "required": false, "type": "string", "javaType": "java.lang.String", "deprecated": false, "autowired": false, "secret": false, "configurationClass": "org.apache.camel.component.google.calendar.stream.GoogleCalendarStreamConfiguration", "configurationField": "configuration", "description": "Delegate for wide-domain service account" },
    "maxResults": { "kind": "parameter", "displayName": "Max Results", "group": "consumer", "label": "", "required": false, "type": "integer", "javaType": "int", "deprecated": false, "autowired": false, "secret": false, "defaultValue": 10, "configurationClass": "org.apache.camel.component.google.calendar.stream.GoogleCalendarStreamConfiguration", "configurationField": "configuration", "description": "Max results to be returned" },
    "query": { "kind": "parameter", "displayName": "Query", "group": "consumer", "label": "", "required": false, "type": "string", "javaType": "java.lang.String", "deprecated": false, "autowired": false, "secret": false, "configurationClass": "org.apache.camel.component.google.calendar.stream.GoogleCalendarStreamConfiguration", "configurationField": "configuration", "description": "The query to execute on calendar" },
    "scopes": { "kind": "parameter", "displayName": "Scopes", "group": "consumer", "label": "", "required": false, "type": "array", "javaType": "java.util.List<java.lang.String>", "deprecated": false, "autowired": false, "secret": false, "configurationClass": "org.apache.camel.component.google.calendar.stream.GoogleCalendarStreamConfiguration", "configurationField": "configuration", "description": "Specifies the level of permissions you want a calendar application to have to a user account. See https:\/\/developers.google.com\/calendar\/auth for more info." },
    "sendEmptyMessageWhenIdle": { "kind": "parameter", "displayName": "Send Empty Message When Idle", "group": "consumer", "label": "consumer", "required": false, "type": "boolean", "javaType": "boolean", "deprecated": false, "autowired": false, "secret": false, "defaultValue": false, "description": "If the polling consumer did not poll any files, you can enable this option to send an empty message (no body) instead." },
    "syncFlow": { "kind": "parameter", "displayName": "Sync Flow", "group": "consumer", "label": "", "required": false, "type": "boolean", "javaType": "boolean", "deprecated": false, "autowired": false, "secret": false, "defaultValue": false, "configurationClass": "org.apache.camel.component.google.calendar.stream.GoogleCalendarStreamConfiguration", "configurationField": "configuration", "description": "Sync events, see https:\/\/developers.google.com\/calendar\/v3\/sync Note: not compatible with: 'query' and 'considerLastUpdate' parameters" },
    "bridgeErrorHandler": { "kind": "parameter", "displayName": "Bridge Error Handler", "group": "consumer (advanced)", "label": "consumer,advanced", "required": false, "type": "boolean", "javaType": "boolean", "deprecated": false, "autowired": false, "secret": false, "defaultValue": false, "description": "Allows for bridging the consumer to the Camel routing Error Handler, which mean any exceptions occurred while the consumer is trying to pickup incoming messages, or the likes, will now be processed as a message and handled by the routing Error Handler. By default the consumer will use the org.apache.camel.spi.ExceptionHandler to deal with exceptions, that will be logged at WARN or ERROR level and ignored." },
    "exceptionHandler": { "kind": "parameter", "displayName": "Exception Handler", "group": "consumer (advanced)", "label": "consumer,advanced", "required": false, "type": "object", "javaType": "org.apache.camel.spi.ExceptionHandler", "optionalPrefix": "consumer.", "deprecated": false, "autowired": false, "secret": false, "description": "To let the consumer use a custom ExceptionHandler. Notice if the option bridgeErrorHandler is enabled then this option is not in use. By default the consumer will deal with exceptions, that will be logged at WARN or ERROR level and ignored." },
    "exchangePattern": { "kind": "parameter", "displayName": "Exchange Pattern", "group": "consumer (advanced)", "label": "consumer,advanced", "required": false, "type": "object", "javaType": "org.apache.camel.ExchangePattern", "enum": [ "InOnly", "InOut", "InOptionalOut" ], "deprecated": false, "autowired": false, "secret": false, "description": "Sets the exchange pattern when the consumer creates an exchange." },
    "pollStrategy": { "kind": "parameter", "displayName": "Poll Strategy", "group": "consumer (advanced)", "label": "consumer,advanced", "required": false, "type": "object", "javaType": "org.apache.camel.spi.PollingConsumerPollStrategy", "deprecated": false, "autowired": false, "secret": false, "description": "A pluggable org.apache.camel.PollingConsumerPollingStrategy allowing you to provide your custom implementation to control error handling usually occurred during the poll operation before an Exchange have been created and being routed in Camel." },
    "backoffErrorThreshold": { "kind": "parameter", "displayName": "Backoff Error Threshold", "group": "scheduler", "label": "consumer,scheduler", "required": false, "type": "integer", "javaType": "int", "deprecated": false, "autowired": false, "secret": false, "description": "The number of subsequent error polls (failed due some error) that should happen before the backoffMultipler should kick-in." },
    "backoffIdleThreshold": { "kind": "parameter", "displayName": "Backoff Idle Threshold", "group": "scheduler", "label": "consumer,scheduler", "required": false, "type": "integer", "javaType": "int", "deprecated": false, "autowired": false, "secret": false, "description": "The number of subsequent idle polls that should happen before the backoffMultipler should kick-in." },
    "backoffMultiplier": { "kind": "parameter", "displayName": "Backoff Multiplier", "group": "scheduler", "label": "consumer,scheduler", "required": false, "type": "integer", "javaType": "int", "deprecated": false, "autowired": false, "secret": false, "description": "To let the scheduled polling consumer backoff if there has been a number of subsequent idles\/errors in a row. The multiplier is then the number of polls that will be skipped before the next actual attempt is happening again. When this option is in use then backoffIdleThreshold and\/or backoffErrorThreshold must also be configured." },
    "delay": { "kind": "parameter", "displayName": "Delay", "group": "scheduler", "label": "consumer,scheduler", "required": false, "type": "integer", "javaType": "long", "deprecated": false, "autowired": false, "secret": false, "defaultValue": 500, "description": "Milliseconds before the next poll." },
    "greedy": { "kind": "parameter", "displayName": "Greedy", "group": "scheduler", "label": "consumer,scheduler", "required": false, "type": "boolean", "javaType": "boolean", "deprecated": false, "autowired": false, "secret": false, "defaultValue": false, "description": "If greedy is enabled, then the ScheduledPollConsumer will run immediately again, if the previous run polled 1 or more messages." },
    "initialDelay": { "kind": "parameter", "displayName": "Initial Delay", "group": "scheduler", "label": "consumer,scheduler", "required": false, "type": "integer", "javaType": "long", "deprecated": false, "autowired": false, "secret": false, "defaultValue": 1000, "description": "Milliseconds before the first poll starts." },
    "repeatCount": { "kind": "parameter", "displayName": "Repeat Count", "group": "scheduler", "label": "consumer,scheduler", "required": false, "type": "integer", "javaType": "long", "deprecated": false, "autowired": false, "secret": false, "defaultValue": 0, "description": "Specifies a maximum limit of number of fires. So if you set it to 1, the scheduler will only fire once. If you set it to 5, it will only fire five times. A value of zero or negative means fire forever." },
    "runLoggingLevel": { "kind": "parameter", "displayName": "Run Logging Level", "group": "scheduler", "label": "consumer,scheduler", "required": false, "type": "object", "javaType": "org.apache.camel.LoggingLevel", "enum": [ "TRACE", "DEBUG", "INFO", "WARN", "ERROR", "OFF" ], "deprecated": false, "autowired": false, "secret": false, "defaultValue": "TRACE", "description": "The consumer logs a start\/complete log line when it polls. This option allows you to configure the logging level for that." },
    "scheduledExecutorService": { "kind": "parameter", "displayName": "Scheduled Executor Service", "group": "scheduler", "label": "consumer,scheduler", "required": false, "type": "object", "javaType": "java.util.concurrent.ScheduledExecutorService", "deprecated": false, "autowired": false, "secret": false, "description": "Allows for configuring a custom\/shared thread pool to use for the consumer. By default each consumer has its own single threaded thread pool." },
    "scheduler": { "kind": "parameter", "displayName": "Scheduler", "group": "scheduler", "label": "consumer,scheduler", "required": false, "type": "object", "javaType": "java.lang.Object", "deprecated": false, "autowired": false, "secret": false, "defaultValue": "none", "description": "To use a cron scheduler from either camel-spring or camel-quartz component. Use value spring or quartz for built in scheduler" },
    "schedulerProperties": { "kind": "parameter", "displayName": "Scheduler Properties", "group": "scheduler", "label": "consumer,scheduler", "required": false, "type": "object", "javaType": "java.util.Map<java.lang.String, java.lang.Object>", "prefix": "scheduler.", "multiValue": true, "deprecated": false, "autowired": false, "secret": false, "description": "To configure additional properties when using a custom scheduler or any of the Quartz, Spring based scheduler." },
    "startScheduler": { "kind": "parameter", "displayName": "Start Scheduler", "group": "scheduler", "label": "consumer,scheduler", "required": false, "type": "boolean", "javaType": "boolean", "deprecated": false, "autowired": false, "secret": false, "defaultValue": true, "description": "Whether the scheduler should be auto started." },
    "timeUnit": { "kind": "parameter", "displayName": "Time Unit", "group": "scheduler", "label": "consumer,scheduler", "required": false, "type": "object", "javaType": "java.util.concurrent.TimeUnit", "enum": [ "NANOSECONDS", "MICROSECONDS", "MILLISECONDS", "SECONDS", "MINUTES", "HOURS", "DAYS" ], "deprecated": false, "autowired": false, "secret": false, "defaultValue": "MILLISECONDS", "description": "Time unit for initialDelay and delay options." },
    "useFixedDelay": { "kind": "parameter", "displayName": "Use Fixed Delay", "group": "scheduler", "label": "consumer,scheduler", "required": false, "type": "boolean", "javaType": "boolean", "deprecated": false, "autowired": false, "secret": false, "defaultValue": true, "description": "Controls if fixed delay or fixed rate is used. See ScheduledExecutorService in JDK for details." },
    "accessToken": { "kind": "parameter", "displayName": "Access Token", "group": "security", "label": "security", "required": false, "type": "string", "javaType": "java.lang.String", "deprecated": false, "autowired": false, "secret": true, "configurationClass": "org.apache.camel.component.google.calendar.stream.GoogleCalendarStreamConfiguration", "configurationField": "configuration", "description": "OAuth 2 access token. This typically expires after an hour so refreshToken is recommended for long term usage." },
    "clientSecret": { "kind": "parameter", "displayName": "Client Secret", "group": "security", "label": "security", "required": false, "type": "string", "javaType": "java.lang.String", "deprecated": false, "autowired": false, "secret": true, "configurationClass": "org.apache.camel.component.google.calendar.stream.GoogleCalendarStreamConfiguration", "configurationField": "configuration", "description": "Client secret of the calendar application" },
    "emailAddress": { "kind": "parameter", "displayName": "Email Address", "group": "security", "label": "security", "required": false, "type": "string", "javaType": "java.lang.String", "deprecated": false, "autowired": false, "secret": true, "configurationClass": "org.apache.camel.component.google.calendar.stream.GoogleCalendarStreamConfiguration", "configurationField": "configuration", "description": "The emailAddress of the Google Service Account." },
    "p12FileName": { "kind": "parameter", "displayName": "P12 File Name", "group": "security", "label": "security", "required": false, "type": "string", "javaType": "java.lang.String", "deprecated": false, "autowired": false, "secret": true, "configurationClass": "org.apache.camel.component.google.calendar.stream.GoogleCalendarStreamConfiguration", "configurationField": "configuration", "description": "The name of the p12 file which has the private key to use with the Google Service Account." },
    "refreshToken": { "kind": "parameter", "displayName": "Refresh Token", "group": "security", "label": "security", "required": false, "type": "string", "javaType": "java.lang.String", "deprecated": false, "autowired": false, "secret": true, "configurationClass": "org.apache.camel.component.google.calendar.stream.GoogleCalendarStreamConfiguration", "configurationField": "configuration", "description": "OAuth 2 refresh token. Using this, the Google Calendar component can obtain a new accessToken whenever the current one expires - a necessity if the application is long-lived." },
    "serviceAccountKey": { "kind": "parameter", "displayName": "Service Account Key", "group": "security", "label": "security", "required": false, "type": "string", "javaType": "java.lang.String", "deprecated": false, "autowired": false, "secret": false, "configurationClass": "org.apache.camel.component.google.calendar.stream.GoogleCalendarStreamConfiguration", "configurationField": "configuration", "description": "Service account key in json format to authenticate an application as a service account. Accept base64 adding the prefix base64:" },
    "user": { "kind": "parameter", "displayName": "User", "group": "security", "label": "security", "required": false, "type": "string", "javaType": "java.lang.String", "deprecated": false, "autowired": false, "secret": true, "configurationClass": "org.apache.camel.component.google.calendar.stream.GoogleCalendarStreamConfiguration", "configurationField": "configuration", "description": "The email address of the user the application is trying to impersonate in the service account flow." }
  }
}
