{
  "component": {
    "kind": "component",
    "name": "google-drive",
    "title": "Google Drive",
    "description": "Manage files in Google Drive.",
    "deprecated": false,
    "firstVersion": "2.14.0",
    "label": "file,cloud,api",
    "javaType": "org.apache.camel.component.google.drive.GoogleDriveComponent",
    "supportLevel": "Stable",
    "groupId": "org.apache.camel",
    "artifactId": "camel-google-drive",
    "version": "3.20.3-SNAPSHOT",
    "scheme": "google-drive",
    "extendsScheme": "",
    "syntax": "google-drive:apiName\/methodName",
    "async": false,
    "api": true,
    "apiSyntax": "apiName\/methodName",
    "consumerOnly": false,
    "producerOnly": false,
    "lenientProperties": false
  },
  "componentProperties": {
    "applicationName": { "kind": "property", "displayName": "Application Name", "group": "common", "label": "", "required": false, "type": "string", "javaType": "java.lang.String", "deprecated": false, "autowired": false, "secret": false, "configurationClass": "org.apache.camel.component.google.drive.GoogleDriveConfiguration", "configurationField": "configuration", "description": "Google drive application name. Example would be camel-google-drive\/1.0" },
    "clientId": { "kind": "property", "displayName": "Client Id", "group": "common", "label": "", "required": false, "type": "string", "javaType": "java.lang.String", "deprecated": false, "autowired": false, "secret": false, "configurationClass": "org.apache.camel.component.google.drive.GoogleDriveConfiguration", "configurationField": "configuration", "description": "Client ID of the drive application" },
    "configuration": { "kind": "property", "displayName": "Configuration", "group": "common", "label": "", "required": false, "type": "object", "javaType": "org.apache.camel.component.google.drive.GoogleDriveConfiguration", "deprecated": false, "autowired": false, "secret": false, "description": "To use the shared configuration" },
    "delegate": { "kind": "property", "displayName": "Delegate", "group": "common", "label": "", "required": false, "type": "string", "javaType": "java.lang.String", "deprecated": false, "autowired": false, "secret": false, "configurationClass": "org.apache.camel.component.google.drive.GoogleDriveConfiguration", "configurationField": "configuration", "description": "Delegate for wide-domain service account" },
    "scopes": { "kind": "property", "displayName": "Scopes", "group": "common", "label": "", "required": false, "type": "array", "javaType": "java.util.List<java.lang.String>", "deprecated": false, "autowired": false, "secret": false, "configurationClass": "org.apache.camel.component.google.drive.GoogleDriveConfiguration", "configurationField": "configuration", "description": "Specifies the level of permissions you want a drive application to have to a user account. See https:\/\/developers.google.com\/drive\/web\/scopes for more info." },
    "bridgeErrorHandler": { "kind": "property", "displayName": "Bridge Error Handler", "group": "consumer", "label": "consumer", "required": false, "type": "boolean", "javaType": "boolean", "deprecated": false, "autowired": false, "secret": false, "defaultValue": false, "description": "Allows for bridging the consumer to the Camel routing Error Handler, which mean any exceptions occurred while the consumer is trying to pickup incoming messages, or the likes, will now be processed as a message and handled by the routing Error Handler. By default the consumer will use the org.apache.camel.spi.ExceptionHandler to deal with exceptions, that will be logged at WARN or ERROR level and ignored." },
    "lazyStartProducer": { "kind": "property", "displayName": "Lazy Start Producer", "group": "producer", "label": "producer", "required": false, "type": "boolean", "javaType": "boolean", "deprecated": false, "autowired": false, "secret": false, "defaultValue": false, "description": "Whether the producer should be started lazy (on the first message). By starting lazy you can use this to allow CamelContext and routes to startup in situations where a producer may otherwise fail during starting and cause the route to fail being started. By deferring this startup to be lazy then the startup failure can be handled during routing messages via Camel's routing error handlers. Beware that when the first message is processed then creating and starting the producer may take a little time and prolong the total processing time of the processing." },
    "autowiredEnabled": { "kind": "property", "displayName": "Autowired Enabled", "group": "advanced", "label": "advanced", "required": false, "type": "boolean", "javaType": "boolean", "deprecated": false, "autowired": false, "secret": false, "defaultValue": true, "description": "Whether autowiring is enabled. This is used for automatic autowiring options (the option must be marked as autowired) by looking up in the registry to find if there is a single instance of matching type, which then gets configured on the component. This can be used for automatic configuring JDBC data sources, JMS connection factories, AWS Clients, etc." },
    "clientFactory": { "kind": "property", "displayName": "Client Factory", "group": "advanced", "label": "advanced", "required": false, "type": "object", "javaType": "org.apache.camel.component.google.drive.GoogleDriveClientFactory", "deprecated": false, "autowired": false, "secret": false, "description": "To use the GoogleCalendarClientFactory as factory for creating the client. Will by default use BatchGoogleDriveClientFactory" },
    "accessToken": { "kind": "property", "displayName": "Access Token", "group": "security", "label": "security", "required": false, "type": "string", "javaType": "java.lang.String", "deprecated": false, "autowired": false, "secret": true, "configurationClass": "org.apache.camel.component.google.drive.GoogleDriveConfiguration", "configurationField": "configuration", "description": "OAuth 2 access token. This typically expires after an hour so refreshToken is recommended for long term usage." },
    "clientSecret": { "kind": "property", "displayName": "Client Secret", "group": "security", "label": "security", "required": false, "type": "string", "javaType": "java.lang.String", "deprecated": false, "autowired": false, "secret": true, "configurationClass": "org.apache.camel.component.google.drive.GoogleDriveConfiguration", "configurationField": "configuration", "description": "Client secret of the drive application" },
    "refreshToken": { "kind": "property", "displayName": "Refresh Token", "group": "security", "label": "security", "required": false, "type": "string", "javaType": "java.lang.String", "deprecated": false, "autowired": false, "secret": true, "configurationClass": "org.apache.camel.component.google.drive.GoogleDriveConfiguration", "configurationField": "configuration", "description": "OAuth 2 refresh token. Using this, the Google Calendar component can obtain a new accessToken whenever the current one expires - a necessity if the application is long-lived." },
    "serviceAccountKey": { "kind": "property", "displayName": "Service Account Key", "group": "security", "label": "security", "required": false, "type": "string", "javaType": "java.lang.String", "deprecated": false, "autowired": false, "secret": false, "configurationClass": "org.apache.camel.component.google.drive.GoogleDriveConfiguration", "configurationField": "configuration", "description": "Service account key in json format to authenticate an application as a service account. Accept base64 adding the prefix base64:" }
  },
  "properties": {
    "apiName": { "kind": "path", "displayName": "Api Name", "group": "common", "label": "", "required": true, "type": "object", "javaType": "org.apache.camel.component.google.drive.internal.GoogleDriveApiName", "enum": [ "DRIVE_ABOUT", "DRIVE_APPS", "DRIVE_CHANGES", "DRIVE_CHANNELS", "DRIVE_CHILDREN", "DRIVE_COMMENTS", "DRIVE_FILES", "DRIVE_PARENTS", "DRIVE_PERMISSIONS", "DRIVE_PROPERTIES", "DRIVE_DRIVES", "DRIVE_TEAMDRIVES", "DRIVE_REPLIES", "DRIVE_REVISIONS" ], "deprecated": false, "deprecationNote": "", "autowired": false, "secret": false, "configurationClass": "org.apache.camel.component.google.drive.GoogleDriveConfiguration", "configurationField": "configuration", "description": "What kind of operation to perform" },
    "methodName": { "kind": "path", "displayName": "Method Name", "group": "common", "label": "", "required": true, "type": "string", "javaType": "java.lang.String", "enum": [ "copy", "delete", "get", "getIdForEmail", "insert", "list", "patch", "stop", "touch", "trash", "untrash", "update", "watch" ], "deprecated": false, "deprecationNote": "", "autowired": false, "secret": false, "configurationClass": "org.apache.camel.component.google.drive.GoogleDriveConfiguration", "configurationField": "configuration", "description": "What sub operation to use for the selected operation" },
    "applicationName": { "kind": "parameter", "displayName": "Application Name", "group": "common", "label": "", "required": false, "type": "string", "javaType": "java.lang.String", "deprecated": false, "autowired": false, "secret": false, "configurationClass": "org.apache.camel.component.google.drive.GoogleDriveConfiguration", "configurationField": "configuration", "description": "Google drive application name. Example would be camel-google-drive\/1.0" },
    "clientFactory": { "kind": "parameter", "displayName": "Client Factory", "group": "common", "label": "", "required": false, "type": "object", "javaType": "org.apache.camel.component.google.drive.GoogleDriveClientFactory", "deprecated": false, "autowired": false, "secret": false, "description": "To use the GoogleCalendarClientFactory as factory for creating the client. Will by default use BatchGoogleDriveClientFactory" },
    "clientId": { "kind": "parameter", "displayName": "Client Id", "group": "common", "label": "", "required": false, "type": "string", "javaType": "java.lang.String", "deprecated": false, "autowired": false, "secret": false, "configurationClass": "org.apache.camel.component.google.drive.GoogleDriveConfiguration", "configurationField": "configuration", "description": "Client ID of the drive application" },
    "delegate": { "kind": "parameter", "displayName": "Delegate", "group": "common", "label": "", "required": false, "type": "string", "javaType": "java.lang.String", "deprecated": false, "autowired": false, "secret": false, "configurationClass": "org.apache.camel.component.google.drive.GoogleDriveConfiguration", "configurationField": "configuration", "description": "Delegate for wide-domain service account" },
    "inBody": { "kind": "parameter", "displayName": "In Body", "group": "common", "label": "", "required": false, "type": "string", "javaType": "java.lang.String", "deprecated": false, "autowired": false, "secret": false, "description": "Sets the name of a parameter to be passed in the exchange In Body" },
    "scopes": { "kind": "parameter", "displayName": "Scopes", "group": "common", "label": "", "required": false, "type": "array", "javaType": "java.util.List<java.lang.String>", "deprecated": false, "autowired": false, "secret": false, "configurationClass": "org.apache.camel.component.google.drive.GoogleDriveConfiguration", "configurationField": "configuration", "description": "Specifies the level of permissions you want a drive application to have to a user account. See https:\/\/developers.google.com\/drive\/web\/scopes for more info." },
    "sendEmptyMessageWhenIdle": { "kind": "parameter", "displayName": "Send Empty Message When Idle", "group": "consumer", "label": "consumer", "required": false, "type": "boolean", "javaType": "boolean", "deprecated": false, "autowired": false, "secret": false, "defaultValue": false, "description": "If the polling consumer did not poll any files, you can enable this option to send an empty message (no body) instead." },
    "bridgeErrorHandler": { "kind": "parameter", "displayName": "Bridge Error Handler", "group": "consumer (advanced)", "label": "consumer,advanced", "required": false, "type": "boolean", "javaType": "boolean", "deprecated": false, "autowired": false, "secret": false, "defaultValue": false, "description": "Allows for bridging the consumer to the Camel routing Error Handler, which mean any exceptions occurred while the consumer is trying to pickup incoming messages, or the likes, will now be processed as a message and handled by the routing Error Handler. By default the consumer will use the org.apache.camel.spi.ExceptionHandler to deal with exceptions, that will be logged at WARN or ERROR level and ignored." },
    "exceptionHandler": { "kind": "parameter", "displayName": "Exception Handler", "group": "consumer (advanced)", "label": "consumer,advanced", "required": false, "type": "object", "javaType": "org.apache.camel.spi.ExceptionHandler", "optionalPrefix": "consumer.", "deprecated": false, "autowired": false, "secret": false, "description": "To let the consumer use a custom ExceptionHandler. Notice if the option bridgeErrorHandler is enabled then this option is not in use. By default the consumer will deal with exceptions, that will be logged at WARN or ERROR level and ignored." },
    "exchangePattern": { "kind": "parameter", "displayName": "Exchange Pattern", "group": "consumer (advanced)", "label": "consumer,advanced", "required": false, "type": "object", "javaType": "org.apache.camel.ExchangePattern", "enum": [ "InOnly", "InOut", "InOptionalOut" ], "deprecated": false, "autowired": false, "secret": false, "description": "Sets the exchange pattern when the consumer creates an exchange." },
    "pollStrategy": { "kind": "parameter", "displayName": "Poll Strategy", "group": "consumer (advanced)", "label": "consumer,advanced", "required": false, "type": "object", "javaType": "org.apache.camel.spi.PollingConsumerPollStrategy", "deprecated": false, "autowired": false, "secret": false, "description": "A pluggable org.apache.camel.PollingConsumerPollingStrategy allowing you to provide your custom implementation to control error handling usually occurred during the poll operation before an Exchange have been created and being routed in Camel." },
    "lazyStartProducer": { "kind": "parameter", "displayName": "Lazy Start Producer", "group": "producer (advanced)", "label": "producer,advanced", "required": false, "type": "boolean", "javaType": "boolean", "deprecated": false, "autowired": false, "secret": false, "defaultValue": false, "description": "Whether the producer should be started lazy (on the first message). By starting lazy you can use this to allow CamelContext and routes to startup in situations where a producer may otherwise fail during starting and cause the route to fail being started. By deferring this startup to be lazy then the startup failure can be handled during routing messages via Camel's routing error handlers. Beware that when the first message is processed then creating and starting the producer may take a little time and prolong the total processing time of the processing." },
    "backoffErrorThreshold": { "kind": "parameter", "displayName": "Backoff Error Threshold", "group": "scheduler", "label": "consumer,scheduler", "required": false, "type": "integer", "javaType": "int", "deprecated": false, "autowired": false, "secret": false, "description": "The number of subsequent error polls (failed due some error) that should happen before the backoffMultipler should kick-in." },
    "backoffIdleThreshold": { "kind": "parameter", "displayName": "Backoff Idle Threshold", "group": "scheduler", "label": "consumer,scheduler", "required": false, "type": "integer", "javaType": "int", "deprecated": false, "autowired": false, "secret": false, "description": "The number of subsequent idle polls that should happen before the backoffMultipler should kick-in." },
    "backoffMultiplier": { "kind": "parameter", "displayName": "Backoff Multiplier", "group": "scheduler", "label": "consumer,scheduler", "required": false, "type": "integer", "javaType": "int", "deprecated": false, "autowired": false, "secret": false, "description": "To let the scheduled polling consumer backoff if there has been a number of subsequent idles\/errors in a row. The multiplier is then the number of polls that will be skipped before the next actual attempt is happening again. When this option is in use then backoffIdleThreshold and\/or backoffErrorThreshold must also be configured." },
    "delay": { "kind": "parameter", "displayName": "Delay", "group": "scheduler", "label": "consumer,scheduler", "required": false, "type": "integer", "javaType": "long", "deprecated": false, "autowired": false, "secret": false, "defaultValue": 500, "description": "Milliseconds before the next poll." },
    "greedy": { "kind": "parameter", "displayName": "Greedy", "group": "scheduler", "label": "consumer,scheduler", "required": false, "type": "boolean", "javaType": "boolean", "deprecated": false, "autowired": false, "secret": false, "defaultValue": false, "description": "If greedy is enabled, then the ScheduledPollConsumer will run immediately again, if the previous run polled 1 or more messages." },
    "initialDelay": { "kind": "parameter", "displayName": "Initial Delay", "group": "scheduler", "label": "consumer,scheduler", "required": false, "type": "integer", "javaType": "long", "deprecated": false, "autowired": false, "secret": false, "defaultValue": 1000, "description": "Milliseconds before the first poll starts." },
    "repeatCount": { "kind": "parameter", "displayName": "Repeat Count", "group": "scheduler", "label": "consumer,scheduler", "required": false, "type": "integer", "javaType": "long", "deprecated": false, "autowired": false, "secret": false, "defaultValue": 0, "description": "Specifies a maximum limit of number of fires. So if you set it to 1, the scheduler will only fire once. If you set it to 5, it will only fire five times. A value of zero or negative means fire forever." },
    "runLoggingLevel": { "kind": "parameter", "displayName": "Run Logging Level", "group": "scheduler", "label": "consumer,scheduler", "required": false, "type": "object", "javaType": "org.apache.camel.LoggingLevel", "enum": [ "TRACE", "DEBUG", "INFO", "WARN", "ERROR", "OFF" ], "deprecated": false, "autowired": false, "secret": false, "defaultValue": "TRACE", "description": "The consumer logs a start\/complete log line when it polls. This option allows you to configure the logging level for that." },
    "scheduledExecutorService": { "kind": "parameter", "displayName": "Scheduled Executor Service", "group": "scheduler", "label": "consumer,scheduler", "required": false, "type": "object", "javaType": "java.util.concurrent.ScheduledExecutorService", "deprecated": false, "autowired": false, "secret": false, "description": "Allows for configuring a custom\/shared thread pool to use for the consumer. By default each consumer has its own single threaded thread pool." },
    "scheduler": { "kind": "parameter", "displayName": "Scheduler", "group": "scheduler", "label": "consumer,scheduler", "required": false, "type": "object", "javaType": "java.lang.Object", "deprecated": false, "autowired": false, "secret": false, "defaultValue": "none", "description": "To use a cron scheduler from either camel-spring or camel-quartz component. Use value spring or quartz for built in scheduler" },
    "schedulerProperties": { "kind": "parameter", "displayName": "Scheduler Properties", "group": "scheduler", "label": "consumer,scheduler", "required": false, "type": "object", "javaType": "java.util.Map<java.lang.String, java.lang.Object>", "prefix": "scheduler.", "multiValue": true, "deprecated": false, "autowired": false, "secret": false, "description": "To configure additional properties when using a custom scheduler or any of the Quartz, Spring based scheduler." },
    "startScheduler": { "kind": "parameter", "displayName": "Start Scheduler", "group": "scheduler", "label": "consumer,scheduler", "required": false, "type": "boolean", "javaType": "boolean", "deprecated": false, "autowired": false, "secret": false, "defaultValue": true, "description": "Whether the scheduler should be auto started." },
    "timeUnit": { "kind": "parameter", "displayName": "Time Unit", "group": "scheduler", "label": "consumer,scheduler", "required": false, "type": "object", "javaType": "java.util.concurrent.TimeUnit", "enum": [ "NANOSECONDS", "MICROSECONDS", "MILLISECONDS", "SECONDS", "MINUTES", "HOURS", "DAYS" ], "deprecated": false, "autowired": false, "secret": false, "defaultValue": "MILLISECONDS", "description": "Time unit for initialDelay and delay options." },
    "useFixedDelay": { "kind": "parameter", "displayName": "Use Fixed Delay", "group": "scheduler", "label": "consumer,scheduler", "required": false, "type": "boolean", "javaType": "boolean", "deprecated": false, "autowired": false, "secret": false, "defaultValue": true, "description": "Controls if fixed delay or fixed rate is used. See ScheduledExecutorService in JDK for details." },
    "accessToken": { "kind": "parameter", "displayName": "Access Token", "group": "security", "label": "security", "required": false, "type": "string", "javaType": "java.lang.String", "deprecated": false, "autowired": false, "secret": true, "configurationClass": "org.apache.camel.component.google.drive.GoogleDriveConfiguration", "configurationField": "configuration", "description": "OAuth 2 access token. This typically expires after an hour so refreshToken is recommended for long term usage." },
    "clientSecret": { "kind": "parameter", "displayName": "Client Secret", "group": "security", "label": "security", "required": false, "type": "string", "javaType": "java.lang.String", "deprecated": false, "autowired": false, "secret": true, "configurationClass": "org.apache.camel.component.google.drive.GoogleDriveConfiguration", "configurationField": "configuration", "description": "Client secret of the drive application" },
    "refreshToken": { "kind": "parameter", "displayName": "Refresh Token", "group": "security", "label": "security", "required": false, "type": "string", "javaType": "java.lang.String", "deprecated": false, "autowired": false, "secret": true, "configurationClass": "org.apache.camel.component.google.drive.GoogleDriveConfiguration", "configurationField": "configuration", "description": "OAuth 2 refresh token. Using this, the Google Calendar component can obtain a new accessToken whenever the current one expires - a necessity if the application is long-lived." },
    "serviceAccountKey": { "kind": "parameter", "displayName": "Service Account Key", "group": "security", "label": "security", "required": false, "type": "string", "javaType": "java.lang.String", "deprecated": false, "autowired": false, "secret": false, "configurationClass": "org.apache.camel.component.google.drive.GoogleDriveConfiguration", "configurationField": "configuration", "description": "Service account key in json format to authenticate an application as a service account. Accept base64 adding the prefix base64:" }
  },
  "apis": {
    "drive-apps": { "consumerOnly": false, "producerOnly": false, "description": "The apps collection of methods", "methods": { "get": { "description": "Gets a specific app", "signatures": [ "com.google.api.services.drive.Drive$Apps$Get get(String appId)" ] } } },
    "drive-changes": { "consumerOnly": false, "producerOnly": false, "description": "The changes collection of methods", "methods": { "get": { "description": "Deprecated - Use changes", "signatures": [ "com.google.api.services.drive.Drive$Changes$Get get(String changeId)" ] }, "watch": { "description": "Subscribe to changes for a user", "signatures": [ "com.google.api.services.drive.Drive$Changes$Watch watch(com.google.api.services.drive.model.Channel content)" ] } } },
    "drive-channels": { "consumerOnly": false, "producerOnly": false, "description": "The channels collection of methods", "methods": { "stop": { "description": "Stop watching resources through this channel", "signatures": [ "com.google.api.services.drive.Drive$Channels$Stop stop(com.google.api.services.drive.model.Channel content)" ] } } },
    "drive-children": { "consumerOnly": false, "producerOnly": false, "description": "The children collection of methods", "methods": { "delete": { "description": "Removes a child from a folder", "signatures": [ "com.google.api.services.drive.Drive$Children$Delete delete(String folderId, String childId)" ] }, "get": { "description": "Gets a specific child reference", "signatures": [ "com.google.api.services.drive.Drive$Children$Get get(String folderId, String childId)" ] }, "insert": { "description": "Inserts a file into a folder", "signatures": [ "com.google.api.services.drive.Drive$Children$Insert insert(String folderId, com.google.api.services.drive.model.ChildReference content)" ] }, "list": { "description": "Lists a folder's children", "signatures": [ "com.google.api.services.drive.Drive$Children$List list(String folderId)" ] } } },
    "drive-comments": { "consumerOnly": false, "producerOnly": false, "description": "The comments collection of methods", "methods": { "delete": { "description": "Deletes a comment", "signatures": [ "com.google.api.services.drive.Drive$Comments$Delete delete(String fileId, String commentId)" ] }, "get": { "description": "Gets a comment by ID", "signatures": [ "com.google.api.services.drive.Drive$Comments$Get get(String fileId, String commentId)" ] }, "insert": { "description": "Creates a new comment on the given file", "signatures": [ "com.google.api.services.drive.Drive$Comments$Insert insert(String fileId, com.google.api.services.drive.model.Comment content)" ] }, "list": { "description": "Lists a file's comments", "signatures": [ "com.google.api.services.drive.Drive$Comments$List list(String fileId)" ] }, "patch": { "description": "Updates an existing comment", "signatures": [ "com.google.api.services.drive.Drive$Comments$Patch patch(String fileId, String commentId, com.google.api.services.drive.model.Comment content)" ] }, "update": { "description": "Updates an existing comment", "signatures": [ "com.google.api.services.drive.Drive$Comments$Update update(String fileId, String commentId, com.google.api.services.drive.model.Comment content)" ] } } },
    "drive-drives": { "consumerOnly": false, "producerOnly": false, "description": "The drives collection of methods", "methods": { "delete": { "description": "Permanently deletes a shared drive for which the user is an organizer", "signatures": [ "com.google.api.services.drive.Drive$Drives$Delete delete(String driveId)" ] }, "get": { "description": "Gets a shared drive's metadata by ID", "signatures": [ "com.google.api.services.drive.Drive$Drives$Get get(String driveId)" ] }, "hide": { "description": "Hides a shared drive from the default view", "signatures": [ "com.google.api.services.drive.Drive$Drives$Hide hide(String driveId)" ] }, "insert": { "description": "Creates a new shared drive", "signatures": [ "com.google.api.services.drive.Drive$Drives$Insert insert(String requestId, com.google.api.services.drive.model.Drive content)" ] }, "unhide": { "description": "Restores a shared drive to the default view", "signatures": [ "com.google.api.services.drive.Drive$Drives$Unhide unhide(String driveId)" ] }, "update": { "description": "Updates the metadata for a shared drive", "signatures": [ "com.google.api.services.drive.Drive$Drives$Update update(String driveId, com.google.api.services.drive.model.Drive content)" ] } } },
    "drive-files": { "consumerOnly": false, "producerOnly": false, "description": "The files collection of methods", "methods": { "copy": { "description": "Creates a copy of the specified file", "signatures": [ "com.google.api.services.drive.Drive$Files$Copy copy(String fileId, com.google.api.services.drive.model.File content)" ] }, "delete": { "description": "Permanently deletes a file by ID", "signatures": [ "com.google.api.services.drive.Drive$Files$Delete delete(String fileId)" ] }, "export": { "description": "Exports a Google Workspace document to the requested MIME type and returns exported byte content", "signatures": [ "com.google.api.services.drive.Drive$Files$Export export(String fileId, String mimeType)" ] }, "get": { "description": "Gets a file's metadata or content by ID", "signatures": [ "com.google.api.services.drive.Drive$Files$Get get(String fileId)" ] }, "insert": { "description": "Insert a new file", "signatures": [ "com.google.api.services.drive.Drive$Files$Insert insert(com.google.api.services.drive.model.File content)", "com.google.api.services.drive.Drive$Files$Insert insert(com.google.api.services.drive.model.File content, com.google.api.client.http.AbstractInputStreamContent mediaContent)" ] }, "patch": { "description": "Updates a file's metadata and\/or content", "signatures": [ "com.google.api.services.drive.Drive$Files$Patch patch(String fileId, com.google.api.services.drive.model.File content)" ] }, "touch": { "description": "Set the file's updated time to the current server time", "signatures": [ "com.google.api.services.drive.Drive$Files$Touch touch(String fileId)" ] }, "trash": { "description": "Moves a file to the trash", "signatures": [ "com.google.api.services.drive.Drive$Files$Trash trash(String fileId)" ] }, "untrash": { "description": "Restores a file from the trash", "signatures": [ "com.google.api.services.drive.Drive$Files$Untrash untrash(String fileId)" ] }, "update": { "description": "Updates a file's metadata and\/or content", "signatures": [ "com.google.api.services.drive.Drive$Files$Update update(String fileId, com.google.api.services.drive.model.File content)", "com.google.api.services.drive.Drive$Files$Update update(String fileId, com.google.api.services.drive.model.File content, com.google.api.client.http.AbstractInputStreamContent mediaContent)" ] }, "watch": { "description": "Subscribe to changes on a file", "signatures": [ "com.google.api.services.drive.Drive$Files$Watch watch(String fileId, com.google.api.services.drive.model.Channel content)" ] } } },
    "drive-parents": { "consumerOnly": false, "producerOnly": false, "description": "The parents collection of methods", "methods": { "delete": { "description": "Removes a parent from a file", "signatures": [ "com.google.api.services.drive.Drive$Parents$Delete delete(String fileId, String parentId)" ] }, "get": { "description": "Gets a specific parent reference", "signatures": [ "com.google.api.services.drive.Drive$Parents$Get get(String fileId, String parentId)" ] }, "insert": { "description": "Adds a parent folder for a file", "signatures": [ "com.google.api.services.drive.Drive$Parents$Insert insert(String fileId, com.google.api.services.drive.model.ParentReference content)" ] }, "list": { "description": "Lists a file's parents", "signatures": [ "com.google.api.services.drive.Drive$Parents$List list(String fileId)" ] } } },
    "drive-permissions": { "consumerOnly": false, "producerOnly": false, "description": "The permissions collection of methods", "methods": { "delete": { "description": "Deletes a permission from a file or shared drive", "signatures": [ "com.google.api.services.drive.Drive$Permissions$Delete delete(String fileId, String permissionId)" ] }, "get": { "description": "Gets a permission by ID", "signatures": [ "com.google.api.services.drive.Drive$Permissions$Get get(String fileId, String permissionId)" ] }, "getIdForEmail": { "description": "Returns the permission ID for an email address", "signatures": [ "com.google.api.services.drive.Drive$Permissions$GetIdForEmail getIdForEmail(String email)" ] }, "insert": { "description": "Inserts a permission for a file or shared drive", "signatures": [ "com.google.api.services.drive.Drive$Permissions$Insert insert(String fileId, com.google.api.services.drive.model.Permission content)" ] }, "list": { "description": "Lists a file's or shared drive's permissions", "signatures": [ "com.google.api.services.drive.Drive$Permissions$List list(String fileId)" ] }, "patch": { "description": "Updates a permission using patch semantics", "signatures": [ "com.google.api.services.drive.Drive$Permissions$Patch patch(String fileId, String permissionId, com.google.api.services.drive.model.Permission content)" ] }, "update": { "description": "Updates a permission", "signatures": [ "com.google.api.services.drive.Drive$Permissions$Update update(String fileId, String permissionId, com.google.api.services.drive.model.Permission content)" ] } } },
    "drive-properties": { "consumerOnly": false, "producerOnly": false, "description": "The properties collection of methods", "methods": { "delete": { "description": "Deletes a property", "signatures": [ "com.google.api.services.drive.Drive$Properties$Delete delete(String fileId, String propertyKey)" ] }, "get": { "description": "Gets a property by its key", "signatures": [ "com.google.api.services.drive.Drive$Properties$Get get(String fileId, String propertyKey)" ] }, "insert": { "description": "Adds a property to a file, or updates it if it already exists", "signatures": [ "com.google.api.services.drive.Drive$Properties$Insert insert(String fileId, com.google.api.services.drive.model.Property content)" ] }, "list": { "description": "Lists a file's properties", "signatures": [ "com.google.api.services.drive.Drive$Properties$List list(String fileId)" ] }, "patch": { "description": "Updates a property", "signatures": [ "com.google.api.services.drive.Drive$Properties$Patch patch(String fileId, String propertyKey, com.google.api.services.drive.model.Property content)" ] }, "update": { "description": "Updates a property", "signatures": [ "com.google.api.services.drive.Drive$Properties$Update update(String fileId, String propertyKey, com.google.api.services.drive.model.Property content)" ] } } },
    "drive-replies": { "consumerOnly": false, "producerOnly": false, "description": "The replies collection of methods", "methods": { "delete": { "description": "Deletes a reply", "signatures": [ "com.google.api.services.drive.Drive$Replies$Delete delete(String fileId, String commentId, String replyId)" ] }, "get": { "description": "Gets a reply", "signatures": [ "com.google.api.services.drive.Drive$Replies$Get get(String fileId, String commentId, String replyId)" ] }, "insert": { "description": "Creates a new reply to the given comment", "signatures": [ "com.google.api.services.drive.Drive$Replies$Insert insert(String fileId, String commentId, com.google.api.services.drive.model.CommentReply content)" ] }, "list": { "description": "Lists all of the replies to a comment", "signatures": [ "com.google.api.services.drive.Drive$Replies$List list(String fileId, String commentId)" ] }, "patch": { "description": "Updates an existing reply", "signatures": [ "com.google.api.services.drive.Drive$Replies$Patch patch(String fileId, String commentId, String replyId, com.google.api.services.drive.model.CommentReply content)" ] }, "update": { "description": "Updates an existing reply", "signatures": [ "com.google.api.services.drive.Drive$Replies$Update update(String fileId, String commentId, String replyId, com.google.api.services.drive.model.CommentReply content)" ] } } },
    "drive-revisions": { "consumerOnly": false, "producerOnly": false, "description": "The revisions collection of methods", "methods": { "delete": { "description": "Permanently deletes a file version", "signatures": [ "com.google.api.services.drive.Drive$Revisions$Delete delete(String fileId, String revisionId)" ] }, "get": { "description": "Gets a specific revision", "signatures": [ "com.google.api.services.drive.Drive$Revisions$Get get(String fileId, String revisionId)" ] }, "list": { "description": "Lists a file's revisions", "signatures": [ "com.google.api.services.drive.Drive$Revisions$List list(String fileId)" ] }, "patch": { "description": "Updates a revision", "signatures": [ "com.google.api.services.drive.Drive$Revisions$Patch patch(String fileId, String revisionId, com.google.api.services.drive.model.Revision content)" ] }, "update": { "description": "Updates a revision", "signatures": [ "com.google.api.services.drive.Drive$Revisions$Update update(String fileId, String revisionId, com.google.api.services.drive.model.Revision content)" ] } } },
    "drive-teamdrives": { "consumerOnly": false, "producerOnly": false, "description": "The teamdrives collection of methods", "methods": { "delete": { "description": "Deprecated use drives", "signatures": [ "com.google.api.services.drive.Drive$Teamdrives$Delete delete(String teamDriveId)" ] }, "get": { "description": "Deprecated use drives", "signatures": [ "com.google.api.services.drive.Drive$Teamdrives$Get get(String teamDriveId)" ] }, "insert": { "description": "Deprecated use drives", "signatures": [ "com.google.api.services.drive.Drive$Teamdrives$Insert insert(String requestId, com.google.api.services.drive.model.TeamDrive content)" ] }, "update": { "description": "Deprecated use drives", "signatures": [ "com.google.api.services.drive.Drive$Teamdrives$Update update(String teamDriveId, com.google.api.services.drive.model.TeamDrive content)" ] } } }
  },
  "apiProperties": {
    "drive-apps": { "methods": { "get": { "properties": { "appId": { "kind": "parameter", "displayName": "App Id", "group": "common", "label": "", "required": false, "type": "string", "javaType": "java.lang.String", "deprecated": false, "autowired": false, "secret": false, "description": "The ID of the app", "optional": false } } } } },
    "drive-changes": { "methods": { "get": { "properties": { "changeId": { "kind": "parameter", "displayName": "Change Id", "group": "common", "label": "", "required": false, "type": "string", "javaType": "java.lang.String", "deprecated": false, "autowired": false, "secret": false, "description": "The ID of the change", "optional": false } } }, "watch": { "properties": { "contentChannel": { "kind": "parameter", "displayName": "Content Channel", "group": "common", "label": "", "required": false, "type": "object", "javaType": "com.google.api.services.drive.model.Channel", "deprecated": false, "autowired": false, "secret": false, "description": "The com.google.api.services.drive.model.Channel", "optional": false } } } } },
    "drive-channels": { "methods": { "stop": { "properties": { "contentChannel": { "kind": "parameter", "displayName": "Content Channel", "group": "common", "label": "", "required": false, "type": "object", "javaType": "com.google.api.services.drive.model.Channel", "deprecated": false, "autowired": false, "secret": false, "description": "The com.google.api.services.drive.model.Channel", "optional": false } } } } },
    "drive-children": { "methods": { "delete": { "properties": { "childId": { "kind": "parameter", "displayName": "Child Id", "group": "common", "label": "", "required": false, "type": "string", "javaType": "java.lang.String", "deprecated": false, "autowired": false, "secret": false, "description": "The ID of the child", "optional": false }, "folderId": { "kind": "parameter", "displayName": "Folder Id", "group": "common", "label": "", "required": false, "type": "string", "javaType": "java.lang.String", "deprecated": false, "autowired": false, "secret": false, "description": "The ID of the folder", "optional": false } } }, "get": { "properties": { "childId": { "kind": "parameter", "displayName": "Child Id", "group": "common", "label": "", "required": false, "type": "string", "javaType": "java.lang.String", "deprecated": false, "autowired": false, "secret": false, "description": "The ID of the child", "optional": false }, "folderId": { "kind": "parameter", "displayName": "Folder Id", "group": "common", "label": "", "required": false, "type": "string", "javaType": "java.lang.String", "deprecated": false, "autowired": false, "secret": false, "description": "The ID of the folder", "optional": false } } }, "insert": { "properties": { "content": { "kind": "parameter", "displayName": "Content", "group": "common", "label": "", "required": false, "type": "object", "javaType": "com.google.api.services.drive.model.ChildReference", "deprecated": false, "autowired": false, "secret": false, "description": "The com.google.api.services.drive.model.ChildReference", "optional": false }, "folderId": { "kind": "parameter", "displayName": "Folder Id", "group": "common", "label": "", "required": false, "type": "string", "javaType": "java.lang.String", "deprecated": false, "autowired": false, "secret": false, "description": "The ID of the folder", "optional": false } } }, "list": { "properties": { "folderId": { "kind": "parameter", "displayName": "Folder Id", "group": "common", "label": "", "required": false, "type": "string", "javaType": "java.lang.String", "deprecated": false, "autowired": false, "secret": false, "description": "The ID of the folder", "optional": false } } } } },
    "drive-comments": { "methods": { "delete": { "properties": { "commentId": { "kind": "parameter", "displayName": "Comment Id", "group": "common", "label": "", "required": false, "type": "string", "javaType": "java.lang.String", "deprecated": false, "autowired": false, "secret": false, "description": "The ID of the comment", "optional": false }, "fileId": { "kind": "parameter", "displayName": "File Id", "group": "common", "label": "", "required": false, "type": "string", "javaType": "java.lang.String", "deprecated": false, "autowired": false, "secret": false, "description": "The ID of the file", "optional": false } } }, "get": { "properties": { "commentId": { "kind": "parameter", "displayName": "Comment Id", "group": "common", "label": "", "required": false, "type": "string", "javaType": "java.lang.String", "deprecated": false, "autowired": false, "secret": false, "description": "The ID of the comment", "optional": false }, "fileId": { "kind": "parameter", "displayName": "File Id", "group": "common", "label": "", "required": false, "type": "string", "javaType": "java.lang.String", "deprecated": false, "autowired": false, "secret": false, "description": "The ID of the file", "optional": false } } }, "insert": { "properties": { "content": { "kind": "parameter", "displayName": "Content", "group": "common", "label": "", "required": false, "type": "object", "javaType": "com.google.api.services.drive.model.Comment", "deprecated": false, "autowired": false, "secret": false, "description": "The com.google.api.services.drive.model.Comment", "optional": false }, "fileId": { "kind": "parameter", "displayName": "File Id", "group": "common", "label": "", "required": false, "type": "string", "javaType": "java.lang.String", "deprecated": false, "autowired": false, "secret": false, "description": "The ID of the file", "optional": false } } }, "list": { "properties": { "fileId": { "kind": "parameter", "displayName": "File Id", "group": "common", "label": "", "required": false, "type": "string", "javaType": "java.lang.String", "deprecated": false, "autowired": false, "secret": false, "description": "The ID of the file", "optional": false } } }, "patch": { "properties": { "commentId": { "kind": "parameter", "displayName": "Comment Id", "group": "common", "label": "", "required": false, "type": "string", "javaType": "java.lang.String", "deprecated": false, "autowired": false, "secret": false, "description": "The ID of the comment", "optional": false }, "content": { "kind": "parameter", "displayName": "Content", "group": "common", "label": "", "required": false, "type": "object", "javaType": "com.google.api.services.drive.model.Comment", "deprecated": false, "autowired": false, "secret": false, "description": "The com.google.api.services.drive.model.Comment", "optional": false }, "fileId": { "kind": "parameter", "displayName": "File Id", "group": "common", "label": "", "required": false, "type": "string", "javaType": "java.lang.String", "deprecated": false, "autowired": false, "secret": false, "description": "The ID of the file", "optional": false } } }, "update": { "properties": { "commentId": { "kind": "parameter", "displayName": "Comment Id", "group": "common", "label": "", "required": false, "type": "string", "javaType": "java.lang.String", "deprecated": false, "autowired": false, "secret": false, "description": "The ID of the comment", "optional": false }, "content": { "kind": "parameter", "displayName": "Content", "group": "common", "label": "", "required": false, "type": "object", "javaType": "com.google.api.services.drive.model.Comment", "deprecated": false, "autowired": false, "secret": false, "description": "The com.google.api.services.drive.model.Comment", "optional": false }, "fileId": { "kind": "parameter", "displayName": "File Id", "group": "common", "label": "", "required": false, "type": "string", "javaType": "java.lang.String", "deprecated": false, "autowired": false, "secret": false, "description": "The ID of the file", "optional": false } } } } },
    "drive-drives": { "methods": { "delete": { "properties": { "driveId": { "kind": "parameter", "displayName": "Drive Id", "group": "common", "label": "", "required": false, "type": "string", "javaType": "java.lang.String", "deprecated": false, "autowired": false, "secret": false, "description": "The ID of the shared drive", "optional": false } } }, "get": { "properties": { "driveId": { "kind": "parameter", "displayName": "Drive Id", "group": "common", "label": "", "required": false, "type": "string", "javaType": "java.lang.String", "deprecated": false, "autowired": false, "secret": false, "description": "The ID of the shared drive", "optional": false } } }, "hide": { "properties": { "driveId": { "kind": "parameter", "displayName": "Drive Id", "group": "common", "label": "", "required": false, "type": "string", "javaType": "java.lang.String", "deprecated": false, "autowired": false, "secret": false, "description": "The ID of the shared drive", "optional": false } } }, "insert": { "properties": { "content": { "kind": "parameter", "displayName": "Content", "group": "common", "label": "", "required": false, "type": "object", "javaType": "com.google.api.services.drive.model.Drive", "deprecated": false, "autowired": false, "secret": false, "description": "The com.google.api.services.drive.model.Drive", "optional": false }, "requestId": { "kind": "parameter", "displayName": "Request Id", "group": "common", "label": "", "required": false, "type": "string", "javaType": "java.lang.String", "deprecated": false, "autowired": false, "secret": false, "description": "An ID, such as a random UUID, which uniquely identifies this user's request for idempotent creation of a shared drive. A repeated request by the same user and with the same request ID will avoid creating duplicates by attempting to create the same shared drive. If the shared drive already exists a 409 error will be returned.", "optional": false } } }, "unhide": { "properties": { "driveId": { "kind": "parameter", "displayName": "Drive Id", "group": "common", "label": "", "required": false, "type": "string", "javaType": "java.lang.String", "deprecated": false, "autowired": false, "secret": false, "description": "The ID of the shared drive", "optional": false } } }, "update": { "properties": { "content": { "kind": "parameter", "displayName": "Content", "group": "common", "label": "", "required": false, "type": "object", "javaType": "com.google.api.services.drive.model.Drive", "deprecated": false, "autowired": false, "secret": false, "description": "The com.google.api.services.drive.model.Drive", "optional": false }, "driveId": { "kind": "parameter", "displayName": "Drive Id", "group": "common", "label": "", "required": false, "type": "string", "javaType": "java.lang.String", "deprecated": false, "autowired": false, "secret": false, "description": "The ID of the shared drive", "optional": false } } } } },
    "drive-files": { "methods": { "copy": { "properties": { "content": { "kind": "parameter", "displayName": "Content", "group": "common", "label": "", "required": false, "type": "object", "javaType": "com.google.api.services.drive.model.File", "deprecated": false, "autowired": false, "secret": false, "description": "The com.google.api.services.drive.model.File", "optional": false }, "fileId": { "kind": "parameter", "displayName": "File Id", "group": "common", "label": "", "required": false, "type": "string", "javaType": "java.lang.String", "deprecated": false, "autowired": false, "secret": false, "description": "The ID of the file to copy", "optional": false } } }, "delete": { "properties": { "fileId": { "kind": "parameter", "displayName": "File Id", "group": "common", "label": "", "required": false, "type": "string", "javaType": "java.lang.String", "deprecated": false, "autowired": false, "secret": false, "description": "The ID of the file to delete", "optional": false } } }, "export": { "properties": { "fileId": { "kind": "parameter", "displayName": "File Id", "group": "common", "label": "", "required": false, "type": "string", "javaType": "java.lang.String", "deprecated": false, "autowired": false, "secret": false, "description": "The ID of the file", "optional": false }, "mimeType": { "kind": "parameter", "displayName": "Mime Type", "group": "common", "label": "", "required": false, "type": "string", "javaType": "java.lang.String", "deprecated": false, "autowired": false, "secret": false, "description": "The MIME type of the format requested for this export", "optional": false } } }, "get": { "properties": { "fileId": { "kind": "parameter", "displayName": "File Id", "group": "common", "label": "", "required": false, "type": "string", "javaType": "java.lang.String", "deprecated": false, "autowired": false, "secret": false, "description": "The ID for the file in question", "optional": false } } }, "insert": { "properties": { "content": { "kind": "parameter", "displayName": "Content", "group": "common", "label": "", "required": false, "type": "object", "javaType": "com.google.api.services.drive.model.File", "deprecated": false, "autowired": false, "secret": false, "description": "The com.google.api.services.drive.model.File media metadata or null if none", "optional": false }, "mediaContent": { "kind": "parameter", "displayName": "Media Content", "group": "common", "label": "", "required": false, "type": "object", "javaType": "com.google.api.client.http.AbstractInputStreamContent", "deprecated": false, "autowired": false, "secret": false, "description": "The media HTTP content or null if none", "optional": false } } }, "patch": { "properties": { "content": { "kind": "parameter", "displayName": "Content", "group": "common", "label": "", "required": false, "type": "object", "javaType": "com.google.api.services.drive.model.File", "deprecated": false, "autowired": false, "secret": false, "description": "The com.google.api.services.drive.model.File", "optional": false }, "fileId": { "kind": "parameter", "displayName": "File Id", "group": "common", "label": "", "required": false, "type": "string", "javaType": "java.lang.String", "deprecated": false, "autowired": false, "secret": false, "description": "The ID of the file to update", "optional": false } } }, "touch": { "properties": { "fileId": { "kind": "parameter", "displayName": "File Id", "group": "common", "label": "", "required": false, "type": "string", "javaType": "java.lang.String", "deprecated": false, "autowired": false, "secret": false, "description": "The ID of the file to update", "optional": false } } }, "trash": { "properties": { "fileId": { "kind": "parameter", "displayName": "File Id", "group": "common", "label": "", "required": false, "type": "string", "javaType": "java.lang.String", "deprecated": false, "autowired": false, "secret": false, "description": "The ID of the file to trash", "optional": false } } }, "untrash": { "properties": { "fileId": { "kind": "parameter", "displayName": "File Id", "group": "common", "label": "", "required": false, "type": "string", "javaType": "java.lang.String", "deprecated": false, "autowired": false, "secret": false, "description": "The ID of the file to untrash", "optional": false } } }, "update": { "properties": { "content": { "kind": "parameter", "displayName": "Content", "group": "common", "label": "", "required": false, "type": "object", "javaType": "com.google.api.services.drive.model.File", "deprecated": false, "autowired": false, "secret": false, "description": "The com.google.api.services.drive.model.File media metadata or null if none", "optional": false }, "fileId": { "kind": "parameter", "displayName": "File Id", "group": "common", "label": "", "required": false, "type": "string", "javaType": "java.lang.String", "deprecated": false, "autowired": false, "secret": false, "description": "The ID of the file to update", "optional": false }, "mediaContent": { "kind": "parameter", "displayName": "Media Content", "group": "common", "label": "", "required": false, "type": "object", "javaType": "com.google.api.client.http.AbstractInputStreamContent", "deprecated": false, "autowired": false, "secret": false, "description": "The media HTTP content or null if none", "optional": false } } }, "watch": { "properties": { "contentChannel": { "kind": "parameter", "displayName": "Content Channel", "group": "common", "label": "", "required": false, "type": "object", "javaType": "com.google.api.services.drive.model.Channel", "deprecated": false, "autowired": false, "secret": false, "description": "The com.google.api.services.drive.model.Channel", "optional": false }, "fileId": { "kind": "parameter", "displayName": "File Id", "group": "common", "label": "", "required": false, "type": "string", "javaType": "java.lang.String", "deprecated": false, "autowired": false, "secret": false, "description": "The ID for the file in question", "optional": false } } } } },
    "drive-parents": { "methods": { "delete": { "properties": { "fileId": { "kind": "parameter", "displayName": "File Id", "group": "common", "label": "", "required": false, "type": "string", "javaType": "java.lang.String", "deprecated": false, "autowired": false, "secret": false, "description": "The ID of the file", "optional": false }, "parentId": { "kind": "parameter", "displayName": "Parent Id", "group": "common", "label": "", "required": false, "type": "string", "javaType": "java.lang.String", "deprecated": false, "autowired": false, "secret": false, "description": "The ID of the parent", "optional": false } } }, "get": { "properties": { "fileId": { "kind": "parameter", "displayName": "File Id", "group": "common", "label": "", "required": false, "type": "string", "javaType": "java.lang.String", "deprecated": false, "autowired": false, "secret": false, "description": "The ID of the file", "optional": false }, "parentId": { "kind": "parameter", "displayName": "Parent Id", "group": "common", "label": "", "required": false, "type": "string", "javaType": "java.lang.String", "deprecated": false, "autowired": false, "secret": false, "description": "The ID of the parent", "optional": false } } }, "insert": { "properties": { "content": { "kind": "parameter", "displayName": "Content", "group": "common", "label": "", "required": false, "type": "object", "javaType": "com.google.api.services.drive.model.ParentReference", "deprecated": false, "autowired": false, "secret": false, "description": "The com.google.api.services.drive.model.ParentReference", "optional": false }, "fileId": { "kind": "parameter", "displayName": "File Id", "group": "common", "label": "", "required": false, "type": "string", "javaType": "java.lang.String", "deprecated": false, "autowired": false, "secret": false, "description": "The ID of the file", "optional": false } } }, "list": { "properties": { "fileId": { "kind": "parameter", "displayName": "File Id", "group": "common", "label": "", "required": false, "type": "string", "javaType": "java.lang.String", "deprecated": false, "autowired": false, "secret": false, "description": "The ID of the file", "optional": false } } } } },
    "drive-permissions": { "methods": { "delete": { "properties": { "fileId": { "kind": "parameter", "displayName": "File Id", "group": "common", "label": "", "required": false, "type": "string", "javaType": "java.lang.String", "deprecated": false, "autowired": false, "secret": false, "description": "The ID for the file or shared drive", "optional": false }, "permissionId": { "kind": "parameter", "displayName": "Permission Id", "group": "common", "label": "", "required": false, "type": "string", "javaType": "java.lang.String", "deprecated": false, "autowired": false, "secret": false, "description": "The ID for the permission", "optional": false } } }, "get": { "properties": { "fileId": { "kind": "parameter", "displayName": "File Id", "group": "common", "label": "", "required": false, "type": "string", "javaType": "java.lang.String", "deprecated": false, "autowired": false, "secret": false, "description": "The ID for the file or shared drive", "optional": false }, "permissionId": { "kind": "parameter", "displayName": "Permission Id", "group": "common", "label": "", "required": false, "type": "string", "javaType": "java.lang.String", "deprecated": false, "autowired": false, "secret": false, "description": "The ID for the permission", "optional": false } } }, "getIdForEmail": { "properties": { "email": { "kind": "parameter", "displayName": "Email", "group": "common", "label": "", "required": false, "type": "string", "javaType": "java.lang.String", "deprecated": false, "autowired": false, "secret": false, "description": "The email address for which to return a permission ID", "optional": false } } }, "insert": { "properties": { "content": { "kind": "parameter", "displayName": "Content", "group": "common", "label": "", "required": false, "type": "object", "javaType": "com.google.api.services.drive.model.Permission", "deprecated": false, "autowired": false, "secret": false, "description": "The com.google.api.services.drive.model.Permission", "optional": false }, "fileId": { "kind": "parameter", "displayName": "File Id", "group": "common", "label": "", "required": false, "type": "string", "javaType": "java.lang.String", "deprecated": false, "autowired": false, "secret": false, "description": "The ID for the file or shared drive", "optional": false } } }, "list": { "properties": { "fileId": { "kind": "parameter", "displayName": "File Id", "group": "common", "label": "", "required": false, "type": "string", "javaType": "java.lang.String", "deprecated": false, "autowired": false, "secret": false, "description": "The ID for the file or shared drive", "optional": false } } }, "patch": { "properties": { "content": { "kind": "parameter", "displayName": "Content", "group": "common", "label": "", "required": false, "type": "object", "javaType": "com.google.api.services.drive.model.Permission", "deprecated": false, "autowired": false, "secret": false, "description": "The com.google.api.services.drive.model.Permission", "optional": false }, "fileId": { "kind": "parameter", "displayName": "File Id", "group": "common", "label": "", "required": false, "type": "string", "javaType": "java.lang.String", "deprecated": false, "autowired": false, "secret": false, "description": "The ID for the file or shared drive", "optional": false }, "permissionId": { "kind": "parameter", "displayName": "Permission Id", "group": "common", "label": "", "required": false, "type": "string", "javaType": "java.lang.String", "deprecated": false, "autowired": false, "secret": false, "description": "The ID for the permission", "optional": false } } }, "update": { "properties": { "content": { "kind": "parameter", "displayName": "Content", "group": "common", "label": "", "required": false, "type": "object", "javaType": "com.google.api.services.drive.model.Permission", "deprecated": false, "autowired": false, "secret": false, "description": "The com.google.api.services.drive.model.Permission", "optional": false }, "fileId": { "kind": "parameter", "displayName": "File Id", "group": "common", "label": "", "required": false, "type": "string", "javaType": "java.lang.String", "deprecated": false, "autowired": false, "secret": false, "description": "The ID for the file or shared drive", "optional": false }, "permissionId": { "kind": "parameter", "displayName": "Permission Id", "group": "common", "label": "", "required": false, "type": "string", "javaType": "java.lang.String", "deprecated": false, "autowired": false, "secret": false, "description": "The ID for the permission", "optional": false } } } } },
    "drive-properties": { "methods": { "delete": { "properties": { "fileId": { "kind": "parameter", "displayName": "File Id", "group": "common", "label": "", "required": false, "type": "string", "javaType": "java.lang.String", "deprecated": false, "autowired": false, "secret": false, "description": "The ID of the file", "optional": false }, "propertyKey": { "kind": "parameter", "displayName": "Property Key", "group": "common", "label": "", "required": false, "type": "string", "javaType": "java.lang.String", "deprecated": false, "autowired": false, "secret": false, "description": "The key of the property", "optional": false } } }, "get": { "properties": { "fileId": { "kind": "parameter", "displayName": "File Id", "group": "common", "label": "", "required": false, "type": "string", "javaType": "java.lang.String", "deprecated": false, "autowired": false, "secret": false, "description": "The ID of the file", "optional": false }, "propertyKey": { "kind": "parameter", "displayName": "Property Key", "group": "common", "label": "", "required": false, "type": "string", "javaType": "java.lang.String", "deprecated": false, "autowired": false, "secret": false, "description": "The key of the property", "optional": false } } }, "insert": { "properties": { "content": { "kind": "parameter", "displayName": "Content", "group": "common", "label": "", "required": false, "type": "object", "javaType": "com.google.api.services.drive.model.Property", "deprecated": false, "autowired": false, "secret": false, "description": "The com.google.api.services.drive.model.Property", "optional": false }, "fileId": { "kind": "parameter", "displayName": "File Id", "group": "common", "label": "", "required": false, "type": "string", "javaType": "java.lang.String", "deprecated": false, "autowired": false, "secret": false, "description": "The ID of the file", "optional": false } } }, "list": { "properties": { "fileId": { "kind": "parameter", "displayName": "File Id", "group": "common", "label": "", "required": false, "type": "string", "javaType": "java.lang.String", "deprecated": false, "autowired": false, "secret": false, "description": "The ID of the file", "optional": false } } }, "patch": { "properties": { "content": { "kind": "parameter", "displayName": "Content", "group": "common", "label": "", "required": false, "type": "object", "javaType": "com.google.api.services.drive.model.Property", "deprecated": false, "autowired": false, "secret": false, "description": "The com.google.api.services.drive.model.Property", "optional": false }, "fileId": { "kind": "parameter", "displayName": "File Id", "group": "common", "label": "", "required": false, "type": "string", "javaType": "java.lang.String", "deprecated": false, "autowired": false, "secret": false, "description": "The ID of the file", "optional": false }, "propertyKey": { "kind": "parameter", "displayName": "Property Key", "group": "common", "label": "", "required": false, "type": "string", "javaType": "java.lang.String", "deprecated": false, "autowired": false, "secret": false, "description": "The key of the property", "optional": false } } }, "update": { "properties": { "content": { "kind": "parameter", "displayName": "Content", "group": "common", "label": "", "required": false, "type": "object", "javaType": "com.google.api.services.drive.model.Property", "deprecated": false, "autowired": false, "secret": false, "description": "The com.google.api.services.drive.model.Property", "optional": false }, "fileId": { "kind": "parameter", "displayName": "File Id", "group": "common", "label": "", "required": false, "type": "string", "javaType": "java.lang.String", "deprecated": false, "autowired": false, "secret": false, "description": "The ID of the file", "optional": false }, "propertyKey": { "kind": "parameter", "displayName": "Property Key", "group": "common", "label": "", "required": false, "type": "string", "javaType": "java.lang.String", "deprecated": false, "autowired": false, "secret": false, "description": "The key of the property", "optional": false } } } } },
    "drive-replies": { "methods": { "delete": { "properties": { "commentId": { "kind": "parameter", "displayName": "Comment Id", "group": "common", "label": "", "required": false, "type": "string", "javaType": "java.lang.String", "deprecated": false, "autowired": false, "secret": false, "description": "The ID of the comment", "optional": false }, "fileId": { "kind": "parameter", "displayName": "File Id", "group": "common", "label": "", "required": false, "type": "string", "javaType": "java.lang.String", "deprecated": false, "autowired": false, "secret": false, "description": "The ID of the file", "optional": false }, "replyId": { "kind": "parameter", "displayName": "Reply Id", "group": "common", "label": "", "required": false, "type": "string", "javaType": "java.lang.String", "deprecated": false, "autowired": false, "secret": false, "description": "The ID of the reply", "optional": false } } }, "get": { "properties": { "commentId": { "kind": "parameter", "displayName": "Comment Id", "group": "common", "label": "", "required": false, "type": "string", "javaType": "java.lang.String", "deprecated": false, "autowired": false, "secret": false, "description": "The ID of the comment", "optional": false }, "fileId": { "kind": "parameter", "displayName": "File Id", "group": "common", "label": "", "required": false, "type": "string", "javaType": "java.lang.String", "deprecated": false, "autowired": false, "secret": false, "description": "The ID of the file", "optional": false }, "replyId": { "kind": "parameter", "displayName": "Reply Id", "group": "common", "label": "", "required": false, "type": "string", "javaType": "java.lang.String", "deprecated": false, "autowired": false, "secret": false, "description": "The ID of the reply", "optional": false } } }, "insert": { "properties": { "commentId": { "kind": "parameter", "displayName": "Comment Id", "group": "common", "label": "", "required": false, "type": "string", "javaType": "java.lang.String", "deprecated": false, "autowired": false, "secret": false, "description": "The ID of the comment", "optional": false }, "content": { "kind": "parameter", "displayName": "Content", "group": "common", "label": "", "required": false, "type": "object", "javaType": "com.google.api.services.drive.model.CommentReply", "deprecated": false, "autowired": false, "secret": false, "description": "The com.google.api.services.drive.model.CommentReply", "optional": false }, "fileId": { "kind": "parameter", "displayName": "File Id", "group": "common", "label": "", "required": false, "type": "string", "javaType": "java.lang.String", "deprecated": false, "autowired": false, "secret": false, "description": "The ID of the file", "optional": false } } }, "list": { "properties": { "commentId": { "kind": "parameter", "displayName": "Comment Id", "group": "common", "label": "", "required": false, "type": "string", "javaType": "java.lang.String", "deprecated": false, "autowired": false, "secret": false, "description": "The ID of the comment", "optional": false }, "fileId": { "kind": "parameter", "displayName": "File Id", "group": "common", "label": "", "required": false, "type": "string", "javaType": "java.lang.String", "deprecated": false, "autowired": false, "secret": false, "description": "The ID of the file", "optional": false } } }, "patch": { "properties": { "commentId": { "kind": "parameter", "displayName": "Comment Id", "group": "common", "label": "", "required": false, "type": "string", "javaType": "java.lang.String", "deprecated": false, "autowired": false, "secret": false, "description": "The ID of the comment", "optional": false }, "content": { "kind": "parameter", "displayName": "Content", "group": "common", "label": "", "required": false, "type": "object", "javaType": "com.google.api.services.drive.model.CommentReply", "deprecated": false, "autowired": false, "secret": false, "description": "The com.google.api.services.drive.model.CommentReply", "optional": false }, "fileId": { "kind": "parameter", "displayName": "File Id", "group": "common", "label": "", "required": false, "type": "string", "javaType": "java.lang.String", "deprecated": false, "autowired": false, "secret": false, "description": "The ID of the file", "optional": false }, "replyId": { "kind": "parameter", "displayName": "Reply Id", "group": "common", "label": "", "required": false, "type": "string", "javaType": "java.lang.String", "deprecated": false, "autowired": false, "secret": false, "description": "The ID of the reply", "optional": false } } }, "update": { "properties": { "commentId": { "kind": "parameter", "displayName": "Comment Id", "group": "common", "label": "", "required": false, "type": "string", "javaType": "java.lang.String", "deprecated": false, "autowired": false, "secret": false, "description": "The ID of the comment", "optional": false }, "content": { "kind": "parameter", "displayName": "Content", "group": "common", "label": "", "required": false, "type": "object", "javaType": "com.google.api.services.drive.model.CommentReply", "deprecated": false, "autowired": false, "secret": false, "description": "The com.google.api.services.drive.model.CommentReply", "optional": false }, "fileId": { "kind": "parameter", "displayName": "File Id", "group": "common", "label": "", "required": false, "type": "string", "javaType": "java.lang.String", "deprecated": false, "autowired": false, "secret": false, "description": "The ID of the file", "optional": false }, "replyId": { "kind": "parameter", "displayName": "Reply Id", "group": "common", "label": "", "required": false, "type": "string", "javaType": "java.lang.String", "deprecated": false, "autowired": false, "secret": false, "description": "The ID of the reply", "optional": false } } } } },
    "drive-revisions": { "methods": { "delete": { "properties": { "fileId": { "kind": "parameter", "displayName": "File Id", "group": "common", "label": "", "required": false, "type": "string", "javaType": "java.lang.String", "deprecated": false, "autowired": false, "secret": false, "description": "The ID of the file", "optional": false }, "revisionId": { "kind": "parameter", "displayName": "Revision Id", "group": "common", "label": "", "required": false, "type": "string", "javaType": "java.lang.String", "deprecated": false, "autowired": false, "secret": false, "description": "The ID of the revision", "optional": false } } }, "get": { "properties": { "fileId": { "kind": "parameter", "displayName": "File Id", "group": "common", "label": "", "required": false, "type": "string", "javaType": "java.lang.String", "deprecated": false, "autowired": false, "secret": false, "description": "The ID of the file", "optional": false }, "revisionId": { "kind": "parameter", "displayName": "Revision Id", "group": "common", "label": "", "required": false, "type": "string", "javaType": "java.lang.String", "deprecated": false, "autowired": false, "secret": false, "description": "The ID of the revision", "optional": false } } }, "list": { "properties": { "fileId": { "kind": "parameter", "displayName": "File Id", "group": "common", "label": "", "required": false, "type": "string", "javaType": "java.lang.String", "deprecated": false, "autowired": false, "secret": false, "description": "The ID of the file", "optional": false } } }, "patch": { "properties": { "content": { "kind": "parameter", "displayName": "Content", "group": "common", "label": "", "required": false, "type": "object", "javaType": "com.google.api.services.drive.model.Revision", "deprecated": false, "autowired": false, "secret": false, "description": "The com.google.api.services.drive.model.Revision", "optional": false }, "fileId": { "kind": "parameter", "displayName": "File Id", "group": "common", "label": "", "required": false, "type": "string", "javaType": "java.lang.String", "deprecated": false, "autowired": false, "secret": false, "description": "The ID for the file", "optional": false }, "revisionId": { "kind": "parameter", "displayName": "Revision Id", "group": "common", "label": "", "required": false, "type": "string", "javaType": "java.lang.String", "deprecated": false, "autowired": false, "secret": false, "description": "The ID for the revision", "optional": false } } }, "update": { "properties": { "content": { "kind": "parameter", "displayName": "Content", "group": "common", "label": "", "required": false, "type": "object", "javaType": "com.google.api.services.drive.model.Revision", "deprecated": false, "autowired": false, "secret": false, "description": "The com.google.api.services.drive.model.Revision", "optional": false }, "fileId": { "kind": "parameter", "displayName": "File Id", "group": "common", "label": "", "required": false, "type": "string", "javaType": "java.lang.String", "deprecated": false, "autowired": false, "secret": false, "description": "The ID for the file", "optional": false }, "revisionId": { "kind": "parameter", "displayName": "Revision Id", "group": "common", "label": "", "required": false, "type": "string", "javaType": "java.lang.String", "deprecated": false, "autowired": false, "secret": false, "description": "The ID for the revision", "optional": false } } } } },
    "drive-teamdrives": { "methods": { "delete": { "properties": { "teamDriveId": { "kind": "parameter", "displayName": "Team Drive Id", "group": "common", "label": "", "required": false, "type": "string", "javaType": "java.lang.String", "deprecated": false, "autowired": false, "secret": false, "description": "The ID of the Team Drive", "optional": false } } }, "get": { "properties": { "teamDriveId": { "kind": "parameter", "displayName": "Team Drive Id", "group": "common", "label": "", "required": false, "type": "string", "javaType": "java.lang.String", "deprecated": false, "autowired": false, "secret": false, "description": "The ID of the Team Drive", "optional": false } } }, "insert": { "properties": { "content": { "kind": "parameter", "displayName": "Content", "group": "common", "label": "", "required": false, "type": "object", "javaType": "com.google.api.services.drive.model.TeamDrive", "deprecated": false, "autowired": false, "secret": false, "description": "The com.google.api.services.drive.model.TeamDrive", "optional": false }, "requestId": { "kind": "parameter", "displayName": "Request Id", "group": "common", "label": "", "required": false, "type": "string", "javaType": "java.lang.String", "deprecated": false, "autowired": false, "secret": false, "description": "An ID, such as a random UUID, which uniquely identifies this user's request for idempotent creation of a Team Drive. A repeated request by the same user and with the same request ID will avoid creating duplicates by attempting to create the same Team Drive. If the Team Drive already exists a 409 error will be returned.", "optional": false } } }, "update": { "properties": { "content": { "kind": "parameter", "displayName": "Content", "group": "common", "label": "", "required": false, "type": "object", "javaType": "com.google.api.services.drive.model.TeamDrive", "deprecated": false, "autowired": false, "secret": false, "description": "The com.google.api.services.drive.model.TeamDrive", "optional": false }, "teamDriveId": { "kind": "parameter", "displayName": "Team Drive Id", "group": "common", "label": "", "required": false, "type": "string", "javaType": "java.lang.String", "deprecated": false, "autowired": false, "secret": false, "description": "The ID of the Team Drive", "optional": false } } } } }
  }
}
