{
  "component": {
    "kind": "component",
    "name": "hwcloud-imagerecognition",
    "title": "Huawei Cloud Image Recognition",
    "description": "To identify objects, scenes, and concepts in images on Huawei Cloud",
    "deprecated": false,
    "firstVersion": "3.12.0",
    "label": "cloud,messaging",
    "javaType": "org.apache.camel.component.huaweicloud.image.ImageRecognitionComponent",
    "supportLevel": "Stable",
    "groupId": "org.apache.camel",
    "artifactId": "camel-huaweicloud-imagerecognition",
    "version": "3.20.3-SNAPSHOT",
    "scheme": "hwcloud-imagerecognition",
    "extendsScheme": "",
    "syntax": "hwcloud-imagerecognition:operation",
    "async": false,
    "api": false,
    "consumerOnly": false,
    "producerOnly": true,
    "lenientProperties": false
  },
  "componentProperties": {
    "lazyStartProducer": { "kind": "property", "displayName": "Lazy Start Producer", "group": "producer", "label": "producer", "required": false, "type": "boolean", "javaType": "boolean", "deprecated": false, "autowired": false, "secret": false, "defaultValue": false, "description": "Whether the producer should be started lazy (on the first message). By starting lazy you can use this to allow CamelContext and routes to startup in situations where a producer may otherwise fail during starting and cause the route to fail being started. By deferring this startup to be lazy then the startup failure can be handled during routing messages via Camel's routing error handlers. Beware that when the first message is processed then creating and starting the producer may take a little time and prolong the total processing time of the processing." },
    "autowiredEnabled": { "kind": "property", "displayName": "Autowired Enabled", "group": "advanced", "label": "advanced", "required": false, "type": "boolean", "javaType": "boolean", "deprecated": false, "autowired": false, "secret": false, "defaultValue": true, "description": "Whether autowiring is enabled. This is used for automatic autowiring options (the option must be marked as autowired) by looking up in the registry to find if there is a single instance of matching type, which then gets configured on the component. This can be used for automatic configuring JDBC data sources, JMS connection factories, AWS Clients, etc." }
  },
  "properties": {
    "operation": { "kind": "path", "displayName": "Operation name", "group": "producer", "label": "producer", "required": true, "type": "string", "javaType": "java.lang.String", "deprecated": false, "deprecationNote": "", "autowired": false, "secret": false, "description": "Name of Image Recognition operation to perform, including celebrityRecognition and tagRecognition" },
    "accessKey": { "kind": "parameter", "displayName": "Account access key (AK)", "group": "producer", "label": "", "required": true, "type": "string", "javaType": "java.lang.String", "deprecated": false, "deprecationNote": "", "autowired": false, "secret": true, "description": "Access key for the cloud user" },
    "endpoint": { "kind": "parameter", "displayName": "Service endpoint", "group": "producer", "label": "", "required": false, "type": "string", "javaType": "java.lang.String", "deprecated": false, "deprecationNote": "", "autowired": false, "secret": false, "description": "Fully qualified Image Recognition service url. Carries higher precedence than region based configuration." },
    "imageContent": { "kind": "parameter", "displayName": "imageContent", "group": "producer", "label": "", "required": false, "type": "string", "javaType": "java.lang.String", "deprecated": false, "deprecationNote": "", "autowired": false, "secret": false, "description": "Indicates the Base64 character string converted from the image. The size cannot exceed 10 MB. The image resolution of the narrow sides must be greater than 15 pixels, and that of the wide sides cannot exceed 4096 pixels.The supported image formats include JPG, PNG, and BMP. Configure either this parameter or imageUrl, and this one carries higher precedence than imageUrl." },
    "imageUrl": { "kind": "parameter", "displayName": "imageUrl", "group": "producer", "label": "", "required": false, "type": "string", "javaType": "java.lang.String", "deprecated": false, "deprecationNote": "", "autowired": false, "secret": false, "description": "Indicates the URL of an image. The options are as follows: HTTP\/HTTPS URLs on the public network OBS URLs. To use OBS data, authorization is required, including service authorization, temporary authorization, and anonymous public authorization. For details, see Configuring the Access Permission of OBS. Configure either this parameter or imageContent, and this one carries lower precedence than imageContent." },
    "projectId": { "kind": "parameter", "displayName": "Project ID", "group": "producer", "label": "", "required": true, "type": "string", "javaType": "java.lang.String", "deprecated": false, "deprecationNote": "", "autowired": false, "secret": false, "description": "Cloud project ID" },
    "proxyHost": { "kind": "parameter", "displayName": "Proxy server host", "group": "producer", "label": "", "required": false, "type": "string", "javaType": "java.lang.String", "deprecated": false, "deprecationNote": "", "autowired": false, "secret": false, "description": "Proxy server ip\/hostname" },
    "proxyPassword": { "kind": "parameter", "displayName": "Proxy password", "group": "producer", "label": "", "required": false, "type": "string", "javaType": "java.lang.String", "deprecated": false, "deprecationNote": "", "autowired": false, "secret": true, "description": "Proxy authentication password" },
    "proxyPort": { "kind": "parameter", "displayName": "Proxy server port", "group": "producer", "label": "", "required": false, "type": "integer", "javaType": "int", "deprecated": false, "deprecationNote": "", "autowired": false, "secret": false, "description": "Proxy server port" },
    "proxyUser": { "kind": "parameter", "displayName": "Proxy user", "group": "producer", "label": "", "required": false, "type": "string", "javaType": "java.lang.String", "deprecated": false, "deprecationNote": "", "autowired": false, "secret": true, "description": "Proxy authentication user" },
    "region": { "kind": "parameter", "displayName": "Service region", "group": "producer", "label": "", "required": true, "type": "string", "javaType": "java.lang.String", "deprecated": false, "deprecationNote": "", "autowired": false, "secret": false, "description": "Image Recognition service region. Currently only cn-north-1 and cn-north-4 are supported. This is lower precedence than endpoint based configuration." },
    "secretKey": { "kind": "parameter", "displayName": "Account secret key (SK)", "group": "producer", "label": "", "required": true, "type": "string", "javaType": "java.lang.String", "deprecated": false, "deprecationNote": "", "autowired": false, "secret": true, "description": "Secret key for the cloud user" },
    "serviceKeys": { "kind": "parameter", "displayName": "Service Configuration", "group": "producer", "label": "", "required": false, "type": "object", "javaType": "org.apache.camel.component.huaweicloud.common.models.ServiceKeys", "deprecated": false, "deprecationNote": "", "autowired": false, "secret": true, "description": "Configuration object for cloud service authentication" },
    "tagLanguage": { "kind": "parameter", "displayName": "tagLanguage", "group": "producer", "label": "", "required": false, "type": "string", "javaType": "java.lang.String", "deprecated": false, "deprecationNote": "", "autowired": false, "secret": false, "defaultValue": "zh", "description": "Indicates the language of the returned tags when the operation is tagRecognition, including zh and en." },
    "tagLimit": { "kind": "parameter", "displayName": "tagLimit", "group": "producer", "label": "", "required": false, "type": "integer", "javaType": "int", "deprecated": false, "deprecationNote": "", "autowired": false, "secret": false, "defaultValue": 50, "description": "Indicates the maximum number of the returned tags when the operation is tagRecognition." },
    "threshold": { "kind": "parameter", "displayName": "threshold", "group": "producer", "label": "", "required": false, "type": "number", "javaType": "float", "deprecated": false, "deprecationNote": "", "autowired": false, "secret": false, "description": "Indicates the threshold of confidence. When the operation is tagRecognition, this parameter ranges from 0 to 100. Tags whose confidence score is lower than the threshold will not be returned. The default value is 60. When the operation is celebrityRecognition, this parameter ranges from 0 to 1. Labels whose confidence score is lower than the threshold will not be returned. The default value is 0.48." },
    "lazyStartProducer": { "kind": "parameter", "displayName": "Lazy Start Producer", "group": "producer (advanced)", "label": "producer,advanced", "required": false, "type": "boolean", "javaType": "boolean", "deprecated": false, "autowired": false, "secret": false, "defaultValue": false, "description": "Whether the producer should be started lazy (on the first message). By starting lazy you can use this to allow CamelContext and routes to startup in situations where a producer may otherwise fail during starting and cause the route to fail being started. By deferring this startup to be lazy then the startup failure can be handled during routing messages via Camel's routing error handlers. Beware that when the first message is processed then creating and starting the producer may take a little time and prolong the total processing time of the processing." },
    "ignoreSslVerification": { "kind": "parameter", "displayName": "SSL Verification Ignored", "group": "security", "label": "security", "required": false, "type": "boolean", "javaType": "boolean", "deprecated": false, "deprecationNote": "", "autowired": false, "secret": false, "defaultValue": false, "description": "Ignore SSL verification" }
  }
}
