{
  "component": {
    "kind": "component",
    "name": "kamelet",
    "title": "Kamelet",
    "description": "To call Kamelets",
    "deprecated": false,
    "firstVersion": "3.8.0",
    "label": "core",
    "javaType": "org.apache.camel.component.kamelet.KameletComponent",
    "supportLevel": "Stable",
    "groupId": "org.apache.camel",
    "artifactId": "camel-kamelet",
    "version": "3.20.3-SNAPSHOT",
    "scheme": "kamelet",
    "extendsScheme": "",
    "syntax": "kamelet:templateId\/routeId",
    "async": false,
    "api": false,
    "consumerOnly": false,
    "producerOnly": false,
    "lenientProperties": true
  },
  "componentProperties": {
    "location": { "kind": "property", "displayName": "Location", "group": "common", "label": "", "required": false, "type": "string", "javaType": "java.lang.String", "deprecated": false, "autowired": false, "secret": false, "defaultValue": "classpath:\/kamelets", "description": "The location(s) of the Kamelets on the file system. Multiple locations can be set separated by comma." },
    "routeProperties": { "kind": "property", "displayName": "Route Properties", "group": "common", "label": "", "required": false, "type": "object", "javaType": "java.util.Map<java.lang.String, java.util.Properties>", "deprecated": false, "autowired": false, "secret": false, "description": "Set route local parameters." },
    "templateProperties": { "kind": "property", "displayName": "Template Properties", "group": "common", "label": "", "required": false, "type": "object", "javaType": "java.util.Map<java.lang.String, java.util.Properties>", "deprecated": false, "autowired": false, "secret": false, "description": "Set template local parameters." },
    "bridgeErrorHandler": { "kind": "property", "displayName": "Bridge Error Handler", "group": "consumer", "label": "consumer", "required": false, "type": "boolean", "javaType": "boolean", "deprecated": false, "autowired": false, "secret": false, "defaultValue": false, "description": "Allows for bridging the consumer to the Camel routing Error Handler, which mean any exceptions occurred while the consumer is trying to pickup incoming messages, or the likes, will now be processed as a message and handled by the routing Error Handler. By default the consumer will use the org.apache.camel.spi.ExceptionHandler to deal with exceptions, that will be logged at WARN or ERROR level and ignored." },
    "block": { "kind": "property", "displayName": "Block", "group": "producer", "label": "producer", "required": false, "type": "boolean", "javaType": "boolean", "deprecated": false, "autowired": false, "secret": false, "defaultValue": true, "description": "If sending a message to a kamelet endpoint which has no active consumer, then we can tell the producer to block and wait for the consumer to become active." },
    "lazyStartProducer": { "kind": "property", "displayName": "Lazy Start Producer", "group": "producer", "label": "producer", "required": false, "type": "boolean", "javaType": "boolean", "deprecated": false, "autowired": false, "secret": false, "defaultValue": false, "description": "Whether the producer should be started lazy (on the first message). By starting lazy you can use this to allow CamelContext and routes to startup in situations where a producer may otherwise fail during starting and cause the route to fail being started. By deferring this startup to be lazy then the startup failure can be handled during routing messages via Camel's routing error handlers. Beware that when the first message is processed then creating and starting the producer may take a little time and prolong the total processing time of the processing." },
    "timeout": { "kind": "property", "displayName": "Timeout", "group": "producer", "label": "producer", "required": false, "type": "integer", "javaType": "long", "deprecated": false, "autowired": false, "secret": false, "defaultValue": 30000, "description": "The timeout value to use if block is enabled." },
    "autowiredEnabled": { "kind": "property", "displayName": "Autowired Enabled", "group": "advanced", "label": "advanced", "required": false, "type": "boolean", "javaType": "boolean", "deprecated": false, "autowired": false, "secret": false, "defaultValue": true, "description": "Whether autowiring is enabled. This is used for automatic autowiring options (the option must be marked as autowired) by looking up in the registry to find if there is a single instance of matching type, which then gets configured on the component. This can be used for automatic configuring JDBC data sources, JMS connection factories, AWS Clients, etc." },
    "routeTemplateLoaderListener": { "kind": "property", "displayName": "Route Template Loader Listener", "group": "advanced", "label": "advanced", "required": false, "type": "object", "javaType": "org.apache.camel.spi.RouteTemplateLoaderListener", "deprecated": false, "autowired": true, "secret": false, "description": "To plugin a custom listener for when the Kamelet component is loading Kamelets from external resources." }
  },
  "properties": {
    "templateId": { "kind": "path", "displayName": "Template Id", "group": "common", "label": "", "required": true, "type": "string", "javaType": "java.lang.String", "deprecated": false, "deprecationNote": "", "autowired": false, "secret": false, "description": "The Route Template ID" },
    "routeId": { "kind": "path", "displayName": "Route Id", "group": "advanced", "label": "advanced", "required": false, "type": "string", "javaType": "java.lang.String", "deprecated": false, "deprecationNote": "", "autowired": false, "secret": false, "description": "The Route ID. Default value notice: The ID will be auto-generated if not provided" },
    "bridgeErrorHandler": { "kind": "parameter", "displayName": "Bridge Error Handler", "group": "consumer (advanced)", "label": "consumer,advanced", "required": false, "type": "boolean", "javaType": "boolean", "deprecated": false, "autowired": false, "secret": false, "defaultValue": false, "description": "Allows for bridging the consumer to the Camel routing Error Handler, which mean any exceptions occurred while the consumer is trying to pickup incoming messages, or the likes, will now be processed as a message and handled by the routing Error Handler. By default the consumer will use the org.apache.camel.spi.ExceptionHandler to deal with exceptions, that will be logged at WARN or ERROR level and ignored." },
    "exceptionHandler": { "kind": "parameter", "displayName": "Exception Handler", "group": "consumer (advanced)", "label": "consumer,advanced", "required": false, "type": "object", "javaType": "org.apache.camel.spi.ExceptionHandler", "optionalPrefix": "consumer.", "deprecated": false, "autowired": false, "secret": false, "description": "To let the consumer use a custom ExceptionHandler. Notice if the option bridgeErrorHandler is enabled then this option is not in use. By default the consumer will deal with exceptions, that will be logged at WARN or ERROR level and ignored." },
    "exchangePattern": { "kind": "parameter", "displayName": "Exchange Pattern", "group": "consumer (advanced)", "label": "consumer,advanced", "required": false, "type": "object", "javaType": "org.apache.camel.ExchangePattern", "enum": [ "InOnly", "InOut", "InOptionalOut" ], "deprecated": false, "autowired": false, "secret": false, "description": "Sets the exchange pattern when the consumer creates an exchange." },
    "block": { "kind": "parameter", "displayName": "Block", "group": "producer (advanced)", "label": "producer,advanced", "required": false, "type": "boolean", "javaType": "boolean", "deprecated": false, "autowired": false, "secret": false, "defaultValue": true, "description": "If sending a message to a direct endpoint which has no active consumer, then we can tell the producer to block and wait for the consumer to become active." },
    "failIfNoConsumers": { "kind": "parameter", "displayName": "Fail If No Consumers", "group": "producer (advanced)", "label": "producer,advanced", "required": false, "type": "boolean", "javaType": "boolean", "deprecated": false, "autowired": false, "secret": false, "defaultValue": true, "description": "Whether the producer should fail by throwing an exception, when sending to a kamelet endpoint with no active consumers." },
    "lazyStartProducer": { "kind": "parameter", "displayName": "Lazy Start Producer", "group": "producer (advanced)", "label": "producer,advanced", "required": false, "type": "boolean", "javaType": "boolean", "deprecated": false, "autowired": false, "secret": false, "defaultValue": false, "description": "Whether the producer should be started lazy (on the first message). By starting lazy you can use this to allow CamelContext and routes to startup in situations where a producer may otherwise fail during starting and cause the route to fail being started. By deferring this startup to be lazy then the startup failure can be handled during routing messages via Camel's routing error handlers. Beware that when the first message is processed then creating and starting the producer may take a little time and prolong the total processing time of the processing." },
    "timeout": { "kind": "parameter", "displayName": "Timeout", "group": "producer (advanced)", "label": "producer,advanced", "required": false, "type": "integer", "javaType": "long", "deprecated": false, "autowired": false, "secret": false, "defaultValue": 30000, "description": "The timeout value to use if block is enabled." },
    "location": { "kind": "parameter", "displayName": "Location", "group": "advanced", "label": "advanced", "required": false, "type": "string", "javaType": "java.lang.String", "deprecated": false, "deprecationNote": "", "autowired": false, "secret": false, "description": "Location of the Kamelet to use which can be specified as a resource from file system, classpath etc. The location cannot use wildcards, and must refer to a file including extension, for example file:\/etc\/foo-kamelet.xml" }
  }
}
