{
  "component": {
    "kind": "component",
    "name": "kubernetes-persistent-volumes-claims",
    "title": "Kubernetes Persistent Volume Claim",
    "description": "Perform operations on Kubernetes Persistent Volumes Claims and get notified on Persistent Volumes Claim changes.",
    "deprecated": false,
    "firstVersion": "2.17.0",
    "label": "container,cloud,paas",
    "javaType": "org.apache.camel.component.kubernetes.persistent_volumes_claims.KubernetesPersistentVolumesClaimsComponent",
    "supportLevel": "Stable",
    "groupId": "org.apache.camel",
    "artifactId": "camel-kubernetes",
    "version": "3.20.3-SNAPSHOT",
    "scheme": "kubernetes-persistent-volumes-claims",
    "extendsScheme": "",
    "syntax": "kubernetes-persistent-volumes-claims:masterUrl",
    "async": false,
    "api": false,
    "consumerOnly": false,
    "producerOnly": true,
    "lenientProperties": false
  },
  "componentProperties": {
    "kubernetesClient": { "kind": "property", "displayName": "Kubernetes Client", "group": "producer", "label": "", "required": false, "type": "object", "javaType": "io.fabric8.kubernetes.client.KubernetesClient", "deprecated": false, "autowired": true, "secret": false, "description": "To use an existing kubernetes client." },
    "lazyStartProducer": { "kind": "property", "displayName": "Lazy Start Producer", "group": "producer", "label": "producer", "required": false, "type": "boolean", "javaType": "boolean", "deprecated": false, "autowired": false, "secret": false, "defaultValue": false, "description": "Whether the producer should be started lazy (on the first message). By starting lazy you can use this to allow CamelContext and routes to startup in situations where a producer may otherwise fail during starting and cause the route to fail being started. By deferring this startup to be lazy then the startup failure can be handled during routing messages via Camel's routing error handlers. Beware that when the first message is processed then creating and starting the producer may take a little time and prolong the total processing time of the processing." },
    "autowiredEnabled": { "kind": "property", "displayName": "Autowired Enabled", "group": "advanced", "label": "advanced", "required": false, "type": "boolean", "javaType": "boolean", "deprecated": false, "autowired": false, "secret": false, "defaultValue": true, "description": "Whether autowiring is enabled. This is used for automatic autowiring options (the option must be marked as autowired) by looking up in the registry to find if there is a single instance of matching type, which then gets configured on the component. This can be used for automatic configuring JDBC data sources, JMS connection factories, AWS Clients, etc." }
  },
  "headers": {
    "CamelKubernetesOperation": { "kind": "header", "displayName": "", "group": "producer", "label": "producer", "required": false, "javaType": "String", "deprecated": false, "deprecationNote": "", "autowired": false, "secret": false, "description": "The Producer operation", "constantName": "org.apache.camel.component.kubernetes.KubernetesConstants#KUBERNETES_OPERATION" },
    "CamelKubernetesNamespaceName": { "kind": "header", "displayName": "", "group": "producer", "label": "producer", "required": false, "javaType": "String", "deprecated": false, "deprecationNote": "", "autowired": false, "secret": false, "description": "The namespace name", "constantName": "org.apache.camel.component.kubernetes.KubernetesConstants#KUBERNETES_NAMESPACE_NAME" },
    "CamelKubernetesPersistentVolumesClaimsLabels": { "kind": "header", "displayName": "", "group": "producer", "label": "producer", "required": false, "javaType": "Map<String, String>", "deprecated": false, "deprecationNote": "", "autowired": false, "secret": false, "description": "The persistent volume claim labels", "constantName": "org.apache.camel.component.kubernetes.KubernetesConstants#KUBERNETES_PERSISTENT_VOLUMES_CLAIMS_LABELS" },
    "CamelKubernetesPersistentVolumeClaimName": { "kind": "header", "displayName": "", "group": "producer", "label": "producer", "required": false, "javaType": "String", "deprecated": false, "deprecationNote": "", "autowired": false, "secret": false, "description": "The persistent volume claim name", "constantName": "org.apache.camel.component.kubernetes.KubernetesConstants#KUBERNETES_PERSISTENT_VOLUME_CLAIM_NAME" },
    "CamelKubernetesPersistentVolumeClaimSpec": { "kind": "header", "displayName": "", "group": "producer", "label": "producer", "required": false, "javaType": "io.fabric8.kubernetes.api.model.PersistentVolumeClaimSpec", "deprecated": false, "deprecationNote": "", "autowired": false, "secret": false, "description": "The spec for a persistent volume claim", "constantName": "org.apache.camel.component.kubernetes.KubernetesConstants#KUBERNETES_PERSISTENT_VOLUME_CLAIM_SPEC" }
  },
  "properties": {
    "masterUrl": { "kind": "path", "displayName": "Master Url", "group": "producer", "label": "", "required": true, "type": "string", "javaType": "java.lang.String", "deprecated": false, "deprecationNote": "", "autowired": false, "secret": false, "configurationClass": "org.apache.camel.component.kubernetes.KubernetesConfiguration", "configurationField": "configuration", "description": "Kubernetes Master url" },
    "apiVersion": { "kind": "parameter", "displayName": "Api Version", "group": "producer", "label": "", "required": false, "type": "string", "javaType": "java.lang.String", "deprecated": false, "autowired": false, "secret": false, "configurationClass": "org.apache.camel.component.kubernetes.KubernetesConfiguration", "configurationField": "configuration", "description": "The Kubernetes API Version to use" },
    "dnsDomain": { "kind": "parameter", "displayName": "Dns Domain", "group": "producer", "label": "", "required": false, "type": "string", "javaType": "java.lang.String", "deprecated": false, "autowired": false, "secret": false, "configurationClass": "org.apache.camel.component.kubernetes.KubernetesConfiguration", "configurationField": "configuration", "description": "The dns domain, used for ServiceCall EIP" },
    "kubernetesClient": { "kind": "parameter", "displayName": "Kubernetes Client", "group": "producer", "label": "", "required": false, "type": "object", "javaType": "io.fabric8.kubernetes.client.KubernetesClient", "deprecated": false, "autowired": false, "secret": false, "configurationClass": "org.apache.camel.component.kubernetes.KubernetesConfiguration", "configurationField": "configuration", "description": "Default KubernetesClient to use if provided" },
    "operation": { "kind": "parameter", "displayName": "Operation", "group": "producer", "label": "producer", "required": false, "type": "string", "javaType": "java.lang.String", "deprecated": false, "autowired": false, "secret": false, "configurationClass": "org.apache.camel.component.kubernetes.KubernetesConfiguration", "configurationField": "configuration", "description": "Producer operation to do on Kubernetes" },
    "portName": { "kind": "parameter", "displayName": "Port Name", "group": "producer", "label": "", "required": false, "type": "string", "javaType": "java.lang.String", "deprecated": false, "autowired": false, "secret": false, "configurationClass": "org.apache.camel.component.kubernetes.KubernetesConfiguration", "configurationField": "configuration", "description": "The port name, used for ServiceCall EIP" },
    "portProtocol": { "kind": "parameter", "displayName": "Port Protocol", "group": "producer", "label": "", "required": false, "type": "string", "javaType": "java.lang.String", "deprecated": false, "autowired": false, "secret": false, "defaultValue": "tcp", "configurationClass": "org.apache.camel.component.kubernetes.KubernetesConfiguration", "configurationField": "configuration", "description": "The port protocol, used for ServiceCall EIP" },
    "lazyStartProducer": { "kind": "parameter", "displayName": "Lazy Start Producer", "group": "producer (advanced)", "label": "producer,advanced", "required": false, "type": "boolean", "javaType": "boolean", "deprecated": false, "autowired": false, "secret": false, "defaultValue": false, "description": "Whether the producer should be started lazy (on the first message). By starting lazy you can use this to allow CamelContext and routes to startup in situations where a producer may otherwise fail during starting and cause the route to fail being started. By deferring this startup to be lazy then the startup failure can be handled during routing messages via Camel's routing error handlers. Beware that when the first message is processed then creating and starting the producer may take a little time and prolong the total processing time of the processing." },
    "connectionTimeout": { "kind": "parameter", "displayName": "Connection Timeout", "group": "advanced", "label": "advanced", "required": false, "type": "integer", "javaType": "java.lang.Integer", "deprecated": false, "autowired": false, "secret": false, "configurationClass": "org.apache.camel.component.kubernetes.KubernetesConfiguration", "configurationField": "configuration", "description": "Connection timeout in milliseconds to use when making requests to the Kubernetes API server." },
    "caCertData": { "kind": "parameter", "displayName": "Ca Cert Data", "group": "security", "label": "security", "required": false, "type": "string", "javaType": "java.lang.String", "deprecated": false, "autowired": false, "secret": true, "configurationClass": "org.apache.camel.component.kubernetes.KubernetesConfiguration", "configurationField": "configuration", "description": "The CA Cert Data" },
    "caCertFile": { "kind": "parameter", "displayName": "Ca Cert File", "group": "security", "label": "security", "required": false, "type": "string", "javaType": "java.lang.String", "deprecated": false, "autowired": false, "secret": true, "configurationClass": "org.apache.camel.component.kubernetes.KubernetesConfiguration", "configurationField": "configuration", "description": "The CA Cert File" },
    "clientCertData": { "kind": "parameter", "displayName": "Client Cert Data", "group": "security", "label": "security", "required": false, "type": "string", "javaType": "java.lang.String", "deprecated": false, "autowired": false, "secret": true, "configurationClass": "org.apache.camel.component.kubernetes.KubernetesConfiguration", "configurationField": "configuration", "description": "The Client Cert Data" },
    "clientCertFile": { "kind": "parameter", "displayName": "Client Cert File", "group": "security", "label": "security", "required": false, "type": "string", "javaType": "java.lang.String", "deprecated": false, "autowired": false, "secret": true, "configurationClass": "org.apache.camel.component.kubernetes.KubernetesConfiguration", "configurationField": "configuration", "description": "The Client Cert File" },
    "clientKeyAlgo": { "kind": "parameter", "displayName": "Client Key Algo", "group": "security", "label": "security", "required": false, "type": "string", "javaType": "java.lang.String", "deprecated": false, "autowired": false, "secret": true, "configurationClass": "org.apache.camel.component.kubernetes.KubernetesConfiguration", "configurationField": "configuration", "description": "The Key Algorithm used by the client" },
    "clientKeyData": { "kind": "parameter", "displayName": "Client Key Data", "group": "security", "label": "security", "required": false, "type": "string", "javaType": "java.lang.String", "deprecated": false, "autowired": false, "secret": true, "configurationClass": "org.apache.camel.component.kubernetes.KubernetesConfiguration", "configurationField": "configuration", "description": "The Client Key data" },
    "clientKeyFile": { "kind": "parameter", "displayName": "Client Key File", "group": "security", "label": "security", "required": false, "type": "string", "javaType": "java.lang.String", "deprecated": false, "autowired": false, "secret": true, "configurationClass": "org.apache.camel.component.kubernetes.KubernetesConfiguration", "configurationField": "configuration", "description": "The Client Key file" },
    "clientKeyPassphrase": { "kind": "parameter", "displayName": "Client Key Passphrase", "group": "security", "label": "security", "required": false, "type": "string", "javaType": "java.lang.String", "deprecated": false, "autowired": false, "secret": true, "configurationClass": "org.apache.camel.component.kubernetes.KubernetesConfiguration", "configurationField": "configuration", "description": "The Client Key Passphrase" },
    "oauthToken": { "kind": "parameter", "displayName": "Oauth Token", "group": "security", "label": "security", "required": false, "type": "string", "javaType": "java.lang.String", "deprecated": false, "autowired": false, "secret": true, "configurationClass": "org.apache.camel.component.kubernetes.KubernetesConfiguration", "configurationField": "configuration", "description": "The Auth Token" },
    "password": { "kind": "parameter", "displayName": "Password", "group": "security", "label": "security", "required": false, "type": "string", "javaType": "java.lang.String", "deprecated": false, "autowired": false, "secret": true, "configurationClass": "org.apache.camel.component.kubernetes.KubernetesConfiguration", "configurationField": "configuration", "description": "Password to connect to Kubernetes" },
    "trustCerts": { "kind": "parameter", "displayName": "Trust Certs", "group": "security", "label": "security", "required": false, "type": "boolean", "javaType": "java.lang.Boolean", "deprecated": false, "autowired": false, "secret": true, "configurationClass": "org.apache.camel.component.kubernetes.KubernetesConfiguration", "configurationField": "configuration", "description": "Define if the certs we used are trusted anyway or not" },
    "username": { "kind": "parameter", "displayName": "Username", "group": "security", "label": "security", "required": false, "type": "string", "javaType": "java.lang.String", "deprecated": false, "autowired": false, "secret": true, "configurationClass": "org.apache.camel.component.kubernetes.KubernetesConfiguration", "configurationField": "configuration", "description": "Username to connect to Kubernetes" }
  }
}
