{
  "component": {
    "kind": "component",
    "name": "mock",
    "title": "Mock",
    "description": "Test routes and mediation rules using mocks.",
    "deprecated": false,
    "firstVersion": "1.0.0",
    "label": "core,testing",
    "javaType": "org.apache.camel.component.mock.MockComponent",
    "supportLevel": "Stable",
    "groupId": "org.apache.camel",
    "artifactId": "camel-mock",
    "version": "3.20.3-SNAPSHOT",
    "scheme": "mock",
    "extendsScheme": "",
    "syntax": "mock:name",
    "async": false,
    "api": false,
    "consumerOnly": false,
    "producerOnly": true,
    "lenientProperties": true
  },
  "componentProperties": {
    "lazyStartProducer": { "kind": "property", "displayName": "Lazy Start Producer", "group": "producer", "label": "producer", "required": false, "type": "boolean", "javaType": "boolean", "deprecated": false, "autowired": false, "secret": false, "defaultValue": false, "description": "Whether the producer should be started lazy (on the first message). By starting lazy you can use this to allow CamelContext and routes to startup in situations where a producer may otherwise fail during starting and cause the route to fail being started. By deferring this startup to be lazy then the startup failure can be handled during routing messages via Camel's routing error handlers. Beware that when the first message is processed then creating and starting the producer may take a little time and prolong the total processing time of the processing." },
    "log": { "kind": "property", "displayName": "Log", "group": "producer", "label": "producer", "required": false, "type": "boolean", "javaType": "boolean", "deprecated": false, "autowired": false, "secret": false, "defaultValue": false, "description": "To turn on logging when the mock receives an incoming message. This will log only one time at INFO level for the incoming message. For more detailed logging then set the logger to DEBUG level for the org.apache.camel.component.mock.MockEndpoint class." },
    "autowiredEnabled": { "kind": "property", "displayName": "Autowired Enabled", "group": "advanced", "label": "advanced", "required": false, "type": "boolean", "javaType": "boolean", "deprecated": false, "autowired": false, "secret": false, "defaultValue": true, "description": "Whether autowiring is enabled. This is used for automatic autowiring options (the option must be marked as autowired) by looking up in the registry to find if there is a single instance of matching type, which then gets configured on the component. This can be used for automatic configuring JDBC data sources, JMS connection factories, AWS Clients, etc." },
    "exchangeFormatter": { "kind": "property", "displayName": "Exchange Formatter", "group": "advanced", "label": "advanced", "required": false, "type": "object", "javaType": "org.apache.camel.spi.ExchangeFormatter", "deprecated": false, "autowired": true, "secret": false, "description": "Sets a custom ExchangeFormatter to convert the Exchange to a String suitable for logging. If not specified, we default to DefaultExchangeFormatter." }
  },
  "properties": {
    "name": { "kind": "path", "displayName": "Name", "group": "producer", "label": "", "required": true, "type": "string", "javaType": "java.lang.String", "deprecated": false, "deprecationNote": "", "autowired": false, "secret": false, "description": "Name of mock endpoint" },
    "assertPeriod": { "kind": "parameter", "displayName": "Assert Period", "group": "producer", "label": "producer", "required": false, "type": "duration", "javaType": "long", "deprecated": false, "autowired": false, "secret": false, "description": "Sets a grace period after which the mock endpoint will re-assert to ensure the preliminary assertion is still valid. This is used for example to assert that exactly a number of messages arrives. For example if expected count was set to 5, then the assertion is satisfied when 5 or more message arrives. To ensure that exactly 5 messages arrives, then you would need to wait a little period to ensure no further message arrives. This is what you can use this method for. By default this period is disabled." },
    "expectedCount": { "kind": "parameter", "displayName": "Expected Count", "group": "producer", "label": "producer", "required": false, "type": "integer", "javaType": "int", "deprecated": false, "autowired": false, "secret": false, "defaultValue": -1, "description": "Specifies the expected number of message exchanges that should be received by this endpoint. Beware: If you want to expect that 0 messages, then take extra care, as 0 matches when the tests starts, so you need to set a assert period time to let the test run for a while to make sure there are still no messages arrived; for that use setAssertPeriod(long). An alternative is to use NotifyBuilder, and use the notifier to know when Camel is done routing some messages, before you call the assertIsSatisfied() method on the mocks. This allows you to not use a fixed assert period, to speedup testing times. If you want to assert that exactly n'th message arrives to this mock endpoint, then see also the setAssertPeriod(long) method for further details." },
    "failFast": { "kind": "parameter", "displayName": "Fail Fast", "group": "producer", "label": "producer", "required": false, "type": "boolean", "javaType": "boolean", "deprecated": false, "autowired": false, "secret": false, "defaultValue": false, "description": "Sets whether assertIsSatisfied() should fail fast at the first detected failed expectation while it may otherwise wait for all expected messages to arrive before performing expectations verifications. Is by default true. Set to false to use behavior as in Camel 2.x." },
    "log": { "kind": "parameter", "displayName": "Log", "group": "producer", "label": "producer", "required": false, "type": "boolean", "javaType": "boolean", "deprecated": false, "autowired": false, "secret": false, "defaultValue": false, "description": "To turn on logging when the mock receives an incoming message. This will log only one time at INFO level for the incoming message. For more detailed logging then set the logger to DEBUG level for the org.apache.camel.component.mock.MockEndpoint class." },
    "reportGroup": { "kind": "parameter", "displayName": "Report Group", "group": "producer", "label": "producer", "required": false, "type": "integer", "javaType": "int", "deprecated": false, "autowired": false, "secret": false, "description": "A number that is used to turn on throughput logging based on groups of the size." },
    "resultMinimumWaitTime": { "kind": "parameter", "displayName": "Result Minimum Wait Time", "group": "producer", "label": "producer", "required": false, "type": "duration", "javaType": "long", "deprecated": false, "autowired": false, "secret": false, "description": "Sets the minimum expected amount of time (in millis) the assertIsSatisfied() will wait on a latch until it is satisfied" },
    "resultWaitTime": { "kind": "parameter", "displayName": "Result Wait Time", "group": "producer", "label": "producer", "required": false, "type": "duration", "javaType": "long", "deprecated": false, "autowired": false, "secret": false, "description": "Sets the maximum amount of time (in millis) the assertIsSatisfied() will wait on a latch until it is satisfied" },
    "retainFirst": { "kind": "parameter", "displayName": "Retain First", "group": "producer", "label": "producer", "required": false, "type": "integer", "javaType": "int", "deprecated": false, "autowired": false, "secret": false, "defaultValue": -1, "description": "Specifies to only retain the first n'th number of received Exchanges. This is used when testing with big data, to reduce memory consumption by not storing copies of every Exchange this mock endpoint receives. Important: When using this limitation, then the getReceivedCounter() will still return the actual number of received Exchanges. For example if we have received 5000 Exchanges, and have configured to only retain the first 10 Exchanges, then the getReceivedCounter() will still return 5000 but there is only the first 10 Exchanges in the getExchanges() and getReceivedExchanges() methods. When using this method, then some of the other expectation methods is not supported, for example the expectedBodiesReceived(Object...) sets a expectation on the first number of bodies received. You can configure both setRetainFirst(int) and setRetainLast(int) methods, to limit both the first and last received." },
    "retainLast": { "kind": "parameter", "displayName": "Retain Last", "group": "producer", "label": "producer", "required": false, "type": "integer", "javaType": "int", "deprecated": false, "autowired": false, "secret": false, "defaultValue": -1, "description": "Specifies to only retain the last n'th number of received Exchanges. This is used when testing with big data, to reduce memory consumption by not storing copies of every Exchange this mock endpoint receives. Important: When using this limitation, then the getReceivedCounter() will still return the actual number of received Exchanges. For example if we have received 5000 Exchanges, and have configured to only retain the last 20 Exchanges, then the getReceivedCounter() will still return 5000 but there is only the last 20 Exchanges in the getExchanges() and getReceivedExchanges() methods. When using this method, then some of the other expectation methods is not supported, for example the expectedBodiesReceived(Object...) sets a expectation on the first number of bodies received. You can configure both setRetainFirst(int) and setRetainLast(int) methods, to limit both the first and last received." },
    "sleepForEmptyTest": { "kind": "parameter", "displayName": "Sleep For Empty Test", "group": "producer", "label": "producer", "required": false, "type": "duration", "javaType": "long", "deprecated": false, "autowired": false, "secret": false, "description": "Allows a sleep to be specified to wait to check that this endpoint really is empty when expectedMessageCount(int) is called with zero" },
    "copyOnExchange": { "kind": "parameter", "displayName": "Copy On Exchange", "group": "producer (advanced)", "label": "producer,advanced", "required": false, "type": "boolean", "javaType": "boolean", "deprecated": false, "autowired": false, "secret": false, "defaultValue": true, "description": "Sets whether to make a deep copy of the incoming Exchange when received at this mock endpoint. Is by default true." },
    "lazyStartProducer": { "kind": "parameter", "displayName": "Lazy Start Producer", "group": "producer (advanced)", "label": "producer,advanced", "required": false, "type": "boolean", "javaType": "boolean", "deprecated": false, "autowired": false, "secret": false, "defaultValue": false, "description": "Whether the producer should be started lazy (on the first message). By starting lazy you can use this to allow CamelContext and routes to startup in situations where a producer may otherwise fail during starting and cause the route to fail being started. By deferring this startup to be lazy then the startup failure can be handled during routing messages via Camel's routing error handlers. Beware that when the first message is processed then creating and starting the producer may take a little time and prolong the total processing time of the processing." }
  }
}
