{
  "component": {
    "kind": "component",
    "name": "openstack-keystone",
    "title": "OpenStack Keystone",
    "description": "Access OpenStack Keystone for API client authentication, service discovery and distributed multi-tenant authorization.",
    "deprecated": false,
    "firstVersion": "2.19.0",
    "label": "cloud,paas",
    "javaType": "org.apache.camel.component.openstack.keystone.KeystoneComponent",
    "supportLevel": "Stable",
    "groupId": "org.apache.camel",
    "artifactId": "camel-openstack",
    "version": "3.20.3-SNAPSHOT",
    "scheme": "openstack-keystone",
    "extendsScheme": "",
    "syntax": "openstack-keystone:host",
    "async": false,
    "api": false,
    "consumerOnly": false,
    "producerOnly": true,
    "lenientProperties": false
  },
  "componentProperties": {
    "lazyStartProducer": { "kind": "property", "displayName": "Lazy Start Producer", "group": "producer", "label": "producer", "required": false, "type": "boolean", "javaType": "boolean", "deprecated": false, "autowired": false, "secret": false, "defaultValue": false, "description": "Whether the producer should be started lazy (on the first message). By starting lazy you can use this to allow CamelContext and routes to startup in situations where a producer may otherwise fail during starting and cause the route to fail being started. By deferring this startup to be lazy then the startup failure can be handled during routing messages via Camel's routing error handlers. Beware that when the first message is processed then creating and starting the producer may take a little time and prolong the total processing time of the processing." },
    "autowiredEnabled": { "kind": "property", "displayName": "Autowired Enabled", "group": "advanced", "label": "advanced", "required": false, "type": "boolean", "javaType": "boolean", "deprecated": false, "autowired": false, "secret": false, "defaultValue": true, "description": "Whether autowiring is enabled. This is used for automatic autowiring options (the option must be marked as autowired) by looking up in the registry to find if there is a single instance of matching type, which then gets configured on the component. This can be used for automatic configuring JDBC data sources, JMS connection factories, AWS Clients, etc." }
  },
  "headers": {
    "description": { "kind": "header", "displayName": "", "group": "producer", "label": "", "required": false, "javaType": "String", "deprecated": false, "deprecationNote": "", "autowired": false, "secret": false, "description": "The description.", "constantName": "org.apache.camel.component.openstack.keystone.KeystoneConstants#DESCRIPTION" },
    "domainId": { "kind": "header", "displayName": "", "group": "group project user", "label": "group project user", "required": false, "javaType": "String", "deprecated": false, "deprecationNote": "", "autowired": false, "secret": false, "description": "ID of the domain.", "constantName": "org.apache.camel.component.openstack.keystone.KeystoneConstants#DOMAIN_ID" },
    "parentId": { "kind": "header", "displayName": "", "group": "project", "label": "project", "required": false, "javaType": "String", "deprecated": false, "deprecationNote": "", "autowired": false, "secret": false, "description": "The parent project ID.", "constantName": "org.apache.camel.component.openstack.keystone.KeystoneConstants#PARENT_ID" },
    "password": { "kind": "header", "displayName": "", "group": "user", "label": "user", "required": false, "javaType": "String", "deprecated": false, "deprecationNote": "", "autowired": false, "secret": false, "description": "User's password.", "constantName": "org.apache.camel.component.openstack.keystone.KeystoneConstants#PASSWORD" },
    "email": { "kind": "header", "displayName": "", "group": "user", "label": "user", "required": false, "javaType": "String", "deprecated": false, "deprecationNote": "", "autowired": false, "secret": false, "description": "User's email.", "constantName": "org.apache.camel.component.openstack.keystone.KeystoneConstants#EMAIL" },
    "userId": { "kind": "header", "displayName": "", "group": "group", "label": "group", "required": false, "javaType": "String", "deprecated": false, "deprecationNote": "", "autowired": false, "secret": false, "description": "ID of the user.", "constantName": "org.apache.camel.component.openstack.keystone.KeystoneConstants#USER_ID" },
    "groupId": { "kind": "header", "displayName": "", "group": "group", "label": "group", "required": false, "javaType": "String", "deprecated": false, "deprecationNote": "", "autowired": false, "secret": false, "description": "ID of the group.", "constantName": "org.apache.camel.component.openstack.keystone.KeystoneConstants#GROUP_ID" },
    "operation": { "kind": "header", "displayName": "", "group": "producer", "label": "", "required": false, "javaType": "String", "deprecated": false, "deprecationNote": "", "autowired": false, "secret": false, "description": "The operation to perform.", "constantName": "org.apache.camel.component.openstack.common.OpenstackConstants#OPERATION" },
    "ID": { "kind": "header", "displayName": "", "group": "producer", "label": "", "required": false, "javaType": "String", "deprecated": false, "deprecationNote": "", "autowired": false, "secret": false, "description": "The ID.", "constantName": "org.apache.camel.component.openstack.common.OpenstackConstants#ID" },
    "name": { "kind": "header", "displayName": "", "group": "producer", "label": "", "required": false, "javaType": "String", "deprecated": false, "deprecationNote": "", "autowired": false, "secret": false, "description": "The name.", "constantName": "org.apache.camel.component.openstack.common.OpenstackConstants#NAME" }
  },
  "properties": {
    "host": { "kind": "path", "displayName": "Host", "group": "producer", "label": "", "required": true, "type": "string", "javaType": "java.lang.String", "deprecated": false, "deprecationNote": "", "autowired": false, "secret": false, "description": "OpenStack host url" },
    "config": { "kind": "parameter", "displayName": "Config", "group": "producer", "label": "", "required": false, "type": "object", "javaType": "org.openstack4j.core.transport.Config", "deprecated": false, "autowired": false, "secret": false, "description": "OpenStack configuration" },
    "domain": { "kind": "parameter", "displayName": "Domain", "group": "producer", "label": "", "required": false, "type": "string", "javaType": "java.lang.String", "deprecated": false, "autowired": false, "secret": false, "defaultValue": "default", "description": "Authentication domain" },
    "operation": { "kind": "parameter", "displayName": "Operation", "group": "producer", "label": "", "required": false, "type": "string", "javaType": "java.lang.String", "deprecated": false, "autowired": false, "secret": false, "description": "The operation to do" },
    "password": { "kind": "parameter", "displayName": "Password", "group": "producer", "label": "", "required": true, "type": "string", "javaType": "java.lang.String", "deprecated": false, "deprecationNote": "", "autowired": false, "secret": true, "description": "OpenStack password" },
    "project": { "kind": "parameter", "displayName": "Project", "group": "producer", "label": "", "required": true, "type": "string", "javaType": "java.lang.String", "deprecated": false, "deprecationNote": "", "autowired": false, "secret": false, "description": "The project ID" },
    "subsystem": { "kind": "parameter", "displayName": "Subsystem", "group": "producer", "label": "", "required": true, "type": "string", "javaType": "java.lang.String", "enum": [ "regions", "domains", "projects", "users", "groups" ], "deprecated": false, "deprecationNote": "", "autowired": false, "secret": false, "description": "OpenStack Keystone subsystem" },
    "username": { "kind": "parameter", "displayName": "Username", "group": "producer", "label": "", "required": true, "type": "string", "javaType": "java.lang.String", "deprecated": false, "deprecationNote": "", "autowired": false, "secret": true, "description": "OpenStack username" },
    "lazyStartProducer": { "kind": "parameter", "displayName": "Lazy Start Producer", "group": "producer (advanced)", "label": "producer,advanced", "required": false, "type": "boolean", "javaType": "boolean", "deprecated": false, "autowired": false, "secret": false, "defaultValue": false, "description": "Whether the producer should be started lazy (on the first message). By starting lazy you can use this to allow CamelContext and routes to startup in situations where a producer may otherwise fail during starting and cause the route to fail being started. By deferring this startup to be lazy then the startup failure can be handled during routing messages via Camel's routing error handlers. Beware that when the first message is processed then creating and starting the producer may take a little time and prolong the total processing time of the processing." }
  }
}
