{
  "component": {
    "kind": "component",
    "name": "rest-swagger",
    "title": "REST Swagger",
    "description": "Configure REST producers based on a Swagger (OpenAPI) specification document delegating to a component implementing the RestProducerFactory interface.",
    "deprecated": false,
    "firstVersion": "2.19.0",
    "label": "rest,swagger,http",
    "javaType": "org.apache.camel.component.rest.swagger.RestSwaggerComponent",
    "supportLevel": "Stable",
    "groupId": "org.apache.camel",
    "artifactId": "camel-rest-swagger",
    "version": "3.20.3-SNAPSHOT",
    "scheme": "rest-swagger",
    "extendsScheme": "",
    "syntax": "rest-swagger:specificationUri#operationId",
    "async": false,
    "api": false,
    "consumerOnly": false,
    "producerOnly": true,
    "lenientProperties": false
  },
  "componentProperties": {
    "basePath": { "kind": "property", "displayName": "Base Path", "group": "producer", "label": "producer", "required": false, "type": "string", "javaType": "java.lang.String", "deprecated": false, "autowired": false, "secret": false, "description": "API basePath, for example \/v2. Default is unset, if set overrides the value present in Swagger specification." },
    "componentName": { "kind": "property", "displayName": "Component Name", "group": "producer", "label": "producer", "required": false, "type": "string", "javaType": "java.lang.String", "deprecated": false, "autowired": false, "secret": false, "description": "Name of the Camel component that will perform the requests. The component must be present in Camel registry and it must implement RestProducerFactory service provider interface. If not set CLASSPATH is searched for single component that implements RestProducerFactory SPI. Can be overridden in endpoint configuration." },
    "consumes": { "kind": "property", "displayName": "Consumes", "group": "producer", "label": "producer", "required": false, "type": "string", "javaType": "java.lang.String", "deprecated": false, "autowired": false, "secret": false, "description": "What payload type this component capable of consuming. Could be one type, like application\/json or multiple types as application\/json, application\/xml; q=0.5 according to the RFC7231. This equates to the value of Accept HTTP header. If set overrides any value found in the Swagger specification. Can be overridden in endpoint configuration" },
    "host": { "kind": "property", "displayName": "Host", "group": "producer", "label": "producer", "required": false, "type": "string", "javaType": "java.lang.String", "deprecated": false, "autowired": false, "secret": false, "description": "Scheme hostname and port to direct the HTTP requests to in the form of https:\/\/hostname:port. Can be configured at the endpoint, component or in the corresponding REST configuration in the Camel Context. If you give this component a name (e.g. petstore) that REST configuration is consulted first, rest-swagger next, and global configuration last. If set overrides any value found in the Swagger specification, RestConfiguration. Can be overridden in endpoint configuration." },
    "lazyStartProducer": { "kind": "property", "displayName": "Lazy Start Producer", "group": "producer", "label": "producer", "required": false, "type": "boolean", "javaType": "boolean", "deprecated": false, "autowired": false, "secret": false, "defaultValue": false, "description": "Whether the producer should be started lazy (on the first message). By starting lazy you can use this to allow CamelContext and routes to startup in situations where a producer may otherwise fail during starting and cause the route to fail being started. By deferring this startup to be lazy then the startup failure can be handled during routing messages via Camel's routing error handlers. Beware that when the first message is processed then creating and starting the producer may take a little time and prolong the total processing time of the processing." },
    "produces": { "kind": "property", "displayName": "Produces", "group": "producer", "label": "producer", "required": false, "type": "string", "javaType": "java.lang.String", "deprecated": false, "autowired": false, "secret": false, "description": "What payload type this component is producing. For example application\/json according to the RFC7231. This equates to the value of Content-Type HTTP header. If set overrides any value present in the Swagger specification. Can be overridden in endpoint configuration." },
    "resolveReferences": { "kind": "property", "displayName": "Resolve References", "group": "producer", "label": "producer", "required": false, "type": "boolean", "javaType": "java.lang.Boolean", "deprecated": false, "autowired": false, "secret": false, "defaultValue": "false", "description": "Resolve references in Swagger specification." },
    "specificationUri": { "kind": "property", "displayName": "Specification Uri", "group": "producer", "label": "producer", "required": false, "type": "string", "javaType": "java.net.URI", "deprecated": false, "autowired": false, "secret": false, "defaultValue": "swagger.json", "description": "Path to the Swagger specification file. The scheme, host base path are taken from this specification, but these can be overridden with properties on the component or endpoint level. If not given the component tries to load swagger.json resource. Note that the host defined on the component and endpoint of this Component should contain the scheme, hostname and optionally the port in the URI syntax (i.e. https:\/\/api.example.com:8080). Can be overridden in endpoint configuration." },
    "autowiredEnabled": { "kind": "property", "displayName": "Autowired Enabled", "group": "advanced", "label": "advanced", "required": false, "type": "boolean", "javaType": "boolean", "deprecated": false, "autowired": false, "secret": false, "defaultValue": true, "description": "Whether autowiring is enabled. This is used for automatic autowiring options (the option must be marked as autowired) by looking up in the registry to find if there is a single instance of matching type, which then gets configured on the component. This can be used for automatic configuring JDBC data sources, JMS connection factories, AWS Clients, etc." },
    "sslContextParameters": { "kind": "property", "displayName": "Ssl Context Parameters", "group": "security", "label": "security", "required": false, "type": "object", "javaType": "org.apache.camel.support.jsse.SSLContextParameters", "deprecated": false, "autowired": false, "secret": false, "description": "Customize TLS parameters used by the component. If not set defaults to the TLS parameters set in the Camel context" },
    "useGlobalSslContextParameters": { "kind": "property", "displayName": "Use Global Ssl Context Parameters", "group": "security", "label": "security", "required": false, "type": "boolean", "javaType": "boolean", "deprecated": false, "autowired": false, "secret": false, "defaultValue": false, "description": "Enable usage of global SSL context parameters." }
  },
  "properties": {
    "specificationUri": { "kind": "path", "displayName": "Specification Uri", "group": "producer", "label": "producer", "required": false, "type": "string", "javaType": "java.net.URI", "deprecated": false, "autowired": false, "secret": false, "defaultValue": "swagger.json", "description": "Path to the Swagger specification file. The scheme, host base path are taken from this specification, but these can be overridden with properties on the component or endpoint level. If not given the component tries to load swagger.json resource from the classpath. Note that the host defined on the component and endpoint of this Component should contain the scheme, hostname and optionally the port in the URI syntax (i.e. http:\/\/api.example.com:8080). Overrides component configuration. The Swagger specification can be loaded from different sources by prefixing with file: classpath: http: https:. Support for https is limited to using the JDK installed UrlHandler, and as such it can be cumbersome to setup TLS\/SSL certificates for https (such as setting a number of javax.net.ssl JVM system properties). How to do that consult the JDK documentation for UrlHandler. Default value notice: By default loads swagger.json file" },
    "operationId": { "kind": "path", "displayName": "Operation Id", "group": "producer", "label": "producer", "required": true, "type": "string", "javaType": "java.lang.String", "deprecated": false, "deprecationNote": "", "autowired": false, "secret": false, "description": "ID of the operation from the Swagger specification." },
    "basePath": { "kind": "parameter", "displayName": "Base Path", "group": "producer", "label": "producer", "required": false, "type": "string", "javaType": "java.lang.String", "deprecated": false, "autowired": false, "secret": false, "description": "API basePath, for example \/v2. Default is unset, if set overrides the value present in Swagger specification and in the component configuration." },
    "componentName": { "kind": "parameter", "displayName": "Component Name", "group": "producer", "label": "producer", "required": false, "type": "string", "javaType": "java.lang.String", "deprecated": false, "autowired": false, "secret": false, "description": "Name of the Camel component that will perform the requests. The component must be present in Camel registry and it must implement RestProducerFactory service provider interface. If not set CLASSPATH is searched for single component that implements RestProducerFactory SPI. Overrides component configuration." },
    "consumes": { "kind": "parameter", "displayName": "Consumes", "group": "producer", "label": "producer", "required": false, "type": "string", "javaType": "java.lang.String", "deprecated": false, "autowired": false, "secret": false, "description": "What payload type this component capable of consuming. Could be one type, like application\/json or multiple types as application\/json, application\/xml; q=0.5 according to the RFC7231. This equates to the value of Accept HTTP header. If set overrides any value found in the Swagger specification and. in the component configuration" },
    "host": { "kind": "parameter", "displayName": "Host", "group": "producer", "label": "producer", "required": false, "type": "string", "javaType": "java.lang.String", "deprecated": false, "autowired": false, "secret": false, "description": "Scheme hostname and port to direct the HTTP requests to in the form of https:\/\/hostname:port. Can be configured at the endpoint, component or in the corresponding REST configuration in the Camel Context. If you give this component a name (e.g. petstore) that REST configuration is consulted first, rest-swagger next, and global configuration last. If set overrides any value found in the Swagger specification, RestConfiguration. Overrides all other configuration." },
    "produces": { "kind": "parameter", "displayName": "Produces", "group": "producer", "label": "producer", "required": false, "type": "string", "javaType": "java.lang.String", "deprecated": false, "autowired": false, "secret": false, "description": "What payload type this component is producing. For example application\/json according to the RFC7231. This equates to the value of Content-Type HTTP header. If set overrides any value present in the Swagger specification. Overrides all other configuration." },
    "resolveReferences": { "kind": "parameter", "displayName": "Resolve References", "group": "producer", "label": "producer", "required": false, "type": "boolean", "javaType": "java.lang.Boolean", "deprecated": false, "autowired": false, "secret": false, "description": "Resolve references in Swagger specification." },
    "lazyStartProducer": { "kind": "parameter", "displayName": "Lazy Start Producer", "group": "producer (advanced)", "label": "producer,advanced", "required": false, "type": "boolean", "javaType": "boolean", "deprecated": false, "autowired": false, "secret": false, "defaultValue": false, "description": "Whether the producer should be started lazy (on the first message). By starting lazy you can use this to allow CamelContext and routes to startup in situations where a producer may otherwise fail during starting and cause the route to fail being started. By deferring this startup to be lazy then the startup failure can be handled during routing messages via Camel's routing error handlers. Beware that when the first message is processed then creating and starting the producer may take a little time and prolong the total processing time of the processing." },
    "sslContextParameters": { "kind": "parameter", "displayName": "Ssl Context Parameters", "group": "security", "label": "security", "required": false, "type": "object", "javaType": "org.apache.camel.support.jsse.SSLContextParameters", "deprecated": false, "autowired": false, "secret": false, "description": "To configure security using SSLContextParameters." }
  }
}
