{
  "component": {
    "kind": "component",
    "name": "spring-ldap",
    "title": "Spring LDAP",
    "description": "Perform searches in LDAP servers using filters as the message payload.",
    "deprecated": false,
    "firstVersion": "2.11.0",
    "label": "spring,ldap",
    "javaType": "org.apache.camel.component.springldap.SpringLdapComponent",
    "supportLevel": "Stable",
    "groupId": "org.apache.camel",
    "artifactId": "camel-spring-ldap",
    "version": "3.20.3-SNAPSHOT",
    "scheme": "spring-ldap",
    "extendsScheme": "",
    "syntax": "spring-ldap:templateName",
    "async": false,
    "api": false,
    "consumerOnly": false,
    "producerOnly": true,
    "lenientProperties": false
  },
  "componentProperties": {
    "lazyStartProducer": { "kind": "property", "displayName": "Lazy Start Producer", "group": "producer", "label": "producer", "required": false, "type": "boolean", "javaType": "boolean", "deprecated": false, "autowired": false, "secret": false, "defaultValue": false, "description": "Whether the producer should be started lazy (on the first message). By starting lazy you can use this to allow CamelContext and routes to startup in situations where a producer may otherwise fail during starting and cause the route to fail being started. By deferring this startup to be lazy then the startup failure can be handled during routing messages via Camel's routing error handlers. Beware that when the first message is processed then creating and starting the producer may take a little time and prolong the total processing time of the processing." },
    "autowiredEnabled": { "kind": "property", "displayName": "Autowired Enabled", "group": "advanced", "label": "advanced", "required": false, "type": "boolean", "javaType": "boolean", "deprecated": false, "autowired": false, "secret": false, "defaultValue": true, "description": "Whether autowiring is enabled. This is used for automatic autowiring options (the option must be marked as autowired) by looking up in the registry to find if there is a single instance of matching type, which then gets configured on the component. This can be used for automatic configuring JDBC data sources, JMS connection factories, AWS Clients, etc." }
  },
  "properties": {
    "templateName": { "kind": "path", "displayName": "Template Name", "group": "producer", "label": "", "required": true, "type": "string", "javaType": "java.lang.String", "deprecated": false, "deprecationNote": "", "autowired": false, "secret": false, "description": "Name of the Spring LDAP Template bean" },
    "operation": { "kind": "parameter", "displayName": "Operation", "group": "producer", "label": "", "required": true, "type": "object", "javaType": "org.apache.camel.component.springldap.LdapOperation", "enum": [ "SEARCH", "BIND", "UNBIND", "AUTHENTICATE", "MODIFY_ATTRIBUTES", "FUNCTION_DRIVEN" ], "deprecated": false, "deprecationNote": "", "autowired": false, "secret": false, "description": "The LDAP operation to be performed." },
    "scope": { "kind": "parameter", "displayName": "Scope", "group": "producer", "label": "", "required": false, "type": "string", "javaType": "java.lang.String", "enum": [ "object", "onelevel", "subtree" ], "deprecated": false, "autowired": false, "secret": false, "defaultValue": "subtree", "description": "The scope of the search operation." },
    "lazyStartProducer": { "kind": "parameter", "displayName": "Lazy Start Producer", "group": "producer (advanced)", "label": "producer,advanced", "required": false, "type": "boolean", "javaType": "boolean", "deprecated": false, "autowired": false, "secret": false, "defaultValue": false, "description": "Whether the producer should be started lazy (on the first message). By starting lazy you can use this to allow CamelContext and routes to startup in situations where a producer may otherwise fail during starting and cause the route to fail being started. By deferring this startup to be lazy then the startup failure can be handled during routing messages via Camel's routing error handlers. Beware that when the first message is processed then creating and starting the producer may take a little time and prolong the total processing time of the processing." }
  }
}
