{
  "component": {
    "kind": "component",
    "name": "webhook",
    "title": "Webhook",
    "description": "Expose webhook endpoints to receive push notifications for other Camel components.",
    "deprecated": false,
    "firstVersion": "3.0.0",
    "label": "cloud",
    "javaType": "org.apache.camel.component.webhook.WebhookComponent",
    "supportLevel": "Stable",
    "groupId": "org.apache.camel",
    "artifactId": "camel-webhook",
    "version": "3.20.3-SNAPSHOT",
    "scheme": "webhook",
    "extendsScheme": "",
    "syntax": "webhook:endpointUri",
    "async": false,
    "api": false,
    "consumerOnly": true,
    "producerOnly": false,
    "lenientProperties": true
  },
  "componentProperties": {
    "bridgeErrorHandler": { "kind": "property", "displayName": "Bridge Error Handler", "group": "consumer", "label": "consumer", "required": false, "type": "boolean", "javaType": "boolean", "deprecated": false, "autowired": false, "secret": false, "defaultValue": false, "description": "Allows for bridging the consumer to the Camel routing Error Handler, which mean any exceptions occurred while the consumer is trying to pickup incoming messages, or the likes, will now be processed as a message and handled by the routing Error Handler. By default the consumer will use the org.apache.camel.spi.ExceptionHandler to deal with exceptions, that will be logged at WARN or ERROR level and ignored." },
    "webhookAutoRegister": { "kind": "property", "displayName": "Webhook Auto Register", "group": "consumer", "label": "", "required": false, "type": "boolean", "javaType": "boolean", "deprecated": false, "autowired": false, "secret": false, "defaultValue": true, "configurationClass": "org.apache.camel.component.webhook.WebhookConfiguration", "configurationField": "configuration", "description": "Automatically register the webhook at startup and unregister it on shutdown." },
    "webhookBasePath": { "kind": "property", "displayName": "Webhook Base Path", "group": "consumer", "label": "", "required": false, "type": "string", "javaType": "java.lang.String", "deprecated": false, "autowired": false, "secret": false, "configurationClass": "org.apache.camel.component.webhook.WebhookConfiguration", "configurationField": "configuration", "description": "The first (base) path element where the webhook will be exposed. It's a good practice to set it to a random string, so that it cannot be guessed by unauthorized parties." },
    "webhookComponentName": { "kind": "property", "displayName": "Webhook Component Name", "group": "consumer", "label": "", "required": false, "type": "string", "javaType": "java.lang.String", "deprecated": false, "autowired": false, "secret": false, "configurationClass": "org.apache.camel.component.webhook.WebhookConfiguration", "configurationField": "configuration", "description": "The Camel Rest component to use for the REST transport, such as netty-http." },
    "webhookExternalUrl": { "kind": "property", "displayName": "Webhook External Url", "group": "consumer", "label": "", "required": false, "type": "string", "javaType": "java.lang.String", "deprecated": false, "autowired": false, "secret": false, "configurationClass": "org.apache.camel.component.webhook.WebhookConfiguration", "configurationField": "configuration", "description": "The URL of the current service as seen by the webhook provider" },
    "webhookPath": { "kind": "property", "displayName": "Webhook Path", "group": "consumer", "label": "", "required": false, "type": "string", "javaType": "java.lang.String", "deprecated": false, "autowired": false, "secret": false, "configurationClass": "org.apache.camel.component.webhook.WebhookConfiguration", "configurationField": "configuration", "description": "The path where the webhook endpoint will be exposed (relative to basePath, if any)" },
    "autowiredEnabled": { "kind": "property", "displayName": "Autowired Enabled", "group": "advanced", "label": "advanced", "required": false, "type": "boolean", "javaType": "boolean", "deprecated": false, "autowired": false, "secret": false, "defaultValue": true, "description": "Whether autowiring is enabled. This is used for automatic autowiring options (the option must be marked as autowired) by looking up in the registry to find if there is a single instance of matching type, which then gets configured on the component. This can be used for automatic configuring JDBC data sources, JMS connection factories, AWS Clients, etc." },
    "configuration": { "kind": "property", "displayName": "Configuration", "group": "advanced", "label": "advanced", "required": false, "type": "object", "javaType": "org.apache.camel.component.webhook.WebhookConfiguration", "deprecated": false, "autowired": false, "secret": false, "description": "Set the default configuration for the webhook meta-component." }
  },
  "properties": {
    "endpointUri": { "kind": "path", "displayName": "Endpoint Uri", "group": "consumer", "label": "", "required": true, "type": "string", "javaType": "java.lang.String", "deprecated": false, "deprecationNote": "", "autowired": false, "secret": false, "configurationClass": "org.apache.camel.component.webhook.WebhookConfiguration", "configurationField": "configuration", "description": "The delegate uri. Must belong to a component that supports webhooks." },
    "webhookAutoRegister": { "kind": "parameter", "displayName": "Webhook Auto Register", "group": "consumer", "label": "", "required": false, "type": "boolean", "javaType": "boolean", "deprecated": false, "autowired": false, "secret": false, "defaultValue": true, "configurationClass": "org.apache.camel.component.webhook.WebhookConfiguration", "configurationField": "configuration", "description": "Automatically register the webhook at startup and unregister it on shutdown." },
    "webhookBasePath": { "kind": "parameter", "displayName": "Webhook Base Path", "group": "consumer", "label": "", "required": false, "type": "string", "javaType": "java.lang.String", "deprecated": false, "autowired": false, "secret": false, "configurationClass": "org.apache.camel.component.webhook.WebhookConfiguration", "configurationField": "configuration", "description": "The first (base) path element where the webhook will be exposed. It's a good practice to set it to a random string, so that it cannot be guessed by unauthorized parties." },
    "webhookComponentName": { "kind": "parameter", "displayName": "Webhook Component Name", "group": "consumer", "label": "", "required": false, "type": "string", "javaType": "java.lang.String", "deprecated": false, "autowired": false, "secret": false, "configurationClass": "org.apache.camel.component.webhook.WebhookConfiguration", "configurationField": "configuration", "description": "The Camel Rest component to use for the REST transport, such as netty-http." },
    "webhookExternalUrl": { "kind": "parameter", "displayName": "Webhook External Url", "group": "consumer", "label": "", "required": false, "type": "string", "javaType": "java.lang.String", "deprecated": false, "autowired": false, "secret": false, "configurationClass": "org.apache.camel.component.webhook.WebhookConfiguration", "configurationField": "configuration", "description": "The URL of the current service as seen by the webhook provider" },
    "webhookPath": { "kind": "parameter", "displayName": "Webhook Path", "group": "consumer", "label": "", "required": false, "type": "string", "javaType": "java.lang.String", "deprecated": false, "autowired": false, "secret": false, "configurationClass": "org.apache.camel.component.webhook.WebhookConfiguration", "configurationField": "configuration", "description": "The path where the webhook endpoint will be exposed (relative to basePath, if any)" },
    "bridgeErrorHandler": { "kind": "parameter", "displayName": "Bridge Error Handler", "group": "consumer (advanced)", "label": "consumer,advanced", "required": false, "type": "boolean", "javaType": "boolean", "deprecated": false, "autowired": false, "secret": false, "defaultValue": false, "description": "Allows for bridging the consumer to the Camel routing Error Handler, which mean any exceptions occurred while the consumer is trying to pickup incoming messages, or the likes, will now be processed as a message and handled by the routing Error Handler. By default the consumer will use the org.apache.camel.spi.ExceptionHandler to deal with exceptions, that will be logged at WARN or ERROR level and ignored." },
    "exceptionHandler": { "kind": "parameter", "displayName": "Exception Handler", "group": "consumer (advanced)", "label": "consumer,advanced", "required": false, "type": "object", "javaType": "org.apache.camel.spi.ExceptionHandler", "optionalPrefix": "consumer.", "deprecated": false, "autowired": false, "secret": false, "description": "To let the consumer use a custom ExceptionHandler. Notice if the option bridgeErrorHandler is enabled then this option is not in use. By default the consumer will deal with exceptions, that will be logged at WARN or ERROR level and ignored." },
    "exchangePattern": { "kind": "parameter", "displayName": "Exchange Pattern", "group": "consumer (advanced)", "label": "consumer,advanced", "required": false, "type": "object", "javaType": "org.apache.camel.ExchangePattern", "enum": [ "InOnly", "InOut", "InOptionalOut" ], "deprecated": false, "autowired": false, "secret": false, "description": "Sets the exchange pattern when the consumer creates an exchange." }
  }
}
