{
  "component": {
    "kind": "component",
    "name": "avro",
    "title": "Avro RPC",
    "description": "Produce or consume Apache Avro RPC services.",
    "deprecated": false,
    "firstVersion": "2.10.0",
    "label": "rpc",
    "javaType": "org.apache.camel.component.avro.AvroComponent",
    "supportLevel": "Stable",
    "groupId": "org.apache.camel",
    "artifactId": "camel-avro-rpc",
    "version": "3.20.1-SNAPSHOT",
    "scheme": "avro",
    "extendsScheme": "",
    "syntax": "avro:transport:host:port\/messageName",
    "async": true,
    "api": false,
    "consumerOnly": false,
    "producerOnly": false,
    "lenientProperties": false
  },
  "componentProperties": {
    "protocol": { "kind": "property", "displayName": "Protocol", "group": "common", "label": "", "required": false, "type": "object", "javaType": "org.apache.avro.Protocol", "deprecated": false, "autowired": false, "secret": false, "configurationClass": "org.apache.camel.component.avro.AvroConfiguration", "configurationField": "configuration", "description": "Avro protocol to use" },
    "protocolClassName": { "kind": "property", "displayName": "Protocol Class Name", "group": "common", "label": "", "required": false, "type": "string", "javaType": "java.lang.String", "deprecated": false, "autowired": false, "secret": false, "configurationClass": "org.apache.camel.component.avro.AvroConfiguration", "configurationField": "configuration", "description": "Avro protocol to use defined by the FQN class name" },
    "protocolLocation": { "kind": "property", "displayName": "Protocol Location", "group": "common", "label": "", "required": false, "type": "string", "javaType": "java.lang.String", "deprecated": false, "autowired": false, "secret": false, "configurationClass": "org.apache.camel.component.avro.AvroConfiguration", "configurationField": "configuration", "description": "Avro protocol location" },
    "reflectionProtocol": { "kind": "property", "displayName": "Reflection Protocol", "group": "common", "label": "", "required": false, "type": "boolean", "javaType": "boolean", "deprecated": false, "autowired": false, "secret": false, "defaultValue": false, "configurationClass": "org.apache.camel.component.avro.AvroConfiguration", "configurationField": "configuration", "description": "If protocol object provided is reflection protocol. Should be used only with protocol parameter because for protocolClassName protocol type will be auto detected" },
    "singleParameter": { "kind": "property", "displayName": "Single Parameter", "group": "common", "label": "", "required": false, "type": "boolean", "javaType": "boolean", "deprecated": false, "autowired": false, "secret": false, "defaultValue": false, "configurationClass": "org.apache.camel.component.avro.AvroConfiguration", "configurationField": "configuration", "description": "If true, consumer parameter won't be wrapped into array. Will fail if protocol specifies more then 1 parameter for the message" },
    "uriAuthority": { "kind": "property", "displayName": "Uri Authority", "group": "common", "label": "", "required": false, "type": "string", "javaType": "java.lang.String", "deprecated": false, "autowired": false, "secret": false, "configurationClass": "org.apache.camel.component.avro.AvroConfiguration", "configurationField": "configuration", "description": "Authority to use (username and password)" },
    "bridgeErrorHandler": { "kind": "property", "displayName": "Bridge Error Handler", "group": "consumer", "label": "consumer", "required": false, "type": "boolean", "javaType": "boolean", "deprecated": false, "autowired": false, "secret": false, "defaultValue": false, "description": "Allows for bridging the consumer to the Camel routing Error Handler, which mean any exceptions occurred while the consumer is trying to pickup incoming messages, or the likes, will now be processed as a message and handled by the routing Error Handler. By default the consumer will use the org.apache.camel.spi.ExceptionHandler to deal with exceptions, that will be logged at WARN or ERROR level and ignored." },
    "lazyStartProducer": { "kind": "property", "displayName": "Lazy Start Producer", "group": "producer", "label": "producer", "required": false, "type": "boolean", "javaType": "boolean", "deprecated": false, "autowired": false, "secret": false, "defaultValue": false, "description": "Whether the producer should be started lazy (on the first message). By starting lazy you can use this to allow CamelContext and routes to startup in situations where a producer may otherwise fail during starting and cause the route to fail being started. By deferring this startup to be lazy then the startup failure can be handled during routing messages via Camel's routing error handlers. Beware that when the first message is processed then creating and starting the producer may take a little time and prolong the total processing time of the processing." },
    "autowiredEnabled": { "kind": "property", "displayName": "Autowired Enabled", "group": "advanced", "label": "advanced", "required": false, "type": "boolean", "javaType": "boolean", "deprecated": false, "autowired": false, "secret": false, "defaultValue": true, "description": "Whether autowiring is enabled. This is used for automatic autowiring options (the option must be marked as autowired) by looking up in the registry to find if there is a single instance of matching type, which then gets configured on the component. This can be used for automatic configuring JDBC data sources, JMS connection factories, AWS Clients, etc." },
    "configuration": { "kind": "property", "displayName": "Configuration", "group": "advanced", "label": "advanced", "required": false, "type": "object", "javaType": "org.apache.camel.component.avro.AvroConfiguration", "deprecated": false, "autowired": false, "secret": false, "description": "To use a shared AvroConfiguration to configure options once" }
  },
  "headers": {
    "CamelAvroMessageName": { "kind": "header", "displayName": "", "group": "common", "label": "", "required": false, "javaType": "String", "deprecated": false, "deprecationNote": "", "autowired": false, "secret": false, "description": "The name of the message to send. In consumer overrides message name from URI (if any)", "constantName": "org.apache.camel.component.avro.AvroConstants#AVRO_MESSAGE_NAME" }
  },
  "properties": {
    "transport": { "kind": "path", "displayName": "Transport", "group": "common", "label": "", "required": true, "type": "object", "javaType": "org.apache.camel.component.avro.AvroTransport", "enum": [ "http", "netty" ], "deprecated": false, "deprecationNote": "", "autowired": false, "secret": false, "configurationClass": "org.apache.camel.component.avro.AvroConfiguration", "configurationField": "configuration", "description": "Transport to use, can be either http or netty" },
    "port": { "kind": "path", "displayName": "Port", "group": "common", "label": "", "required": true, "type": "integer", "javaType": "int", "deprecated": false, "deprecationNote": "", "autowired": false, "secret": false, "configurationClass": "org.apache.camel.component.avro.AvroConfiguration", "configurationField": "configuration", "description": "Port number to use" },
    "host": { "kind": "path", "displayName": "Host", "group": "common", "label": "", "required": true, "type": "string", "javaType": "java.lang.String", "deprecated": false, "deprecationNote": "", "autowired": false, "secret": false, "configurationClass": "org.apache.camel.component.avro.AvroConfiguration", "configurationField": "configuration", "description": "Hostname to use" },
    "messageName": { "kind": "path", "displayName": "Message Name", "group": "common", "label": "", "required": false, "type": "string", "javaType": "java.lang.String", "deprecated": false, "autowired": false, "secret": false, "configurationClass": "org.apache.camel.component.avro.AvroConfiguration", "configurationField": "configuration", "description": "The name of the message to send." },
    "protocol": { "kind": "parameter", "displayName": "Protocol", "group": "common", "label": "", "required": false, "type": "object", "javaType": "org.apache.avro.Protocol", "deprecated": false, "autowired": false, "secret": false, "configurationClass": "org.apache.camel.component.avro.AvroConfiguration", "configurationField": "configuration", "description": "Avro protocol to use" },
    "protocolClassName": { "kind": "parameter", "displayName": "Protocol Class Name", "group": "common", "label": "", "required": false, "type": "string", "javaType": "java.lang.String", "deprecated": false, "autowired": false, "secret": false, "configurationClass": "org.apache.camel.component.avro.AvroConfiguration", "configurationField": "configuration", "description": "Avro protocol to use defined by the FQN class name" },
    "protocolLocation": { "kind": "parameter", "displayName": "Protocol Location", "group": "common", "label": "", "required": false, "type": "string", "javaType": "java.lang.String", "deprecated": false, "autowired": false, "secret": false, "configurationClass": "org.apache.camel.component.avro.AvroConfiguration", "configurationField": "configuration", "description": "Avro protocol location" },
    "reflectionProtocol": { "kind": "parameter", "displayName": "Reflection Protocol", "group": "common", "label": "", "required": false, "type": "boolean", "javaType": "boolean", "deprecated": false, "autowired": false, "secret": false, "defaultValue": false, "configurationClass": "org.apache.camel.component.avro.AvroConfiguration", "configurationField": "configuration", "description": "If protocol object provided is reflection protocol. Should be used only with protocol parameter because for protocolClassName protocol type will be auto detected" },
    "singleParameter": { "kind": "parameter", "displayName": "Single Parameter", "group": "common", "label": "", "required": false, "type": "boolean", "javaType": "boolean", "deprecated": false, "autowired": false, "secret": false, "defaultValue": false, "configurationClass": "org.apache.camel.component.avro.AvroConfiguration", "configurationField": "configuration", "description": "If true, consumer parameter won't be wrapped into array. Will fail if protocol specifies more then 1 parameter for the message" },
    "uriAuthority": { "kind": "parameter", "displayName": "Uri Authority", "group": "common", "label": "", "required": false, "type": "string", "javaType": "java.lang.String", "deprecated": false, "autowired": false, "secret": false, "configurationClass": "org.apache.camel.component.avro.AvroConfiguration", "configurationField": "configuration", "description": "Authority to use (username and password)" },
    "bridgeErrorHandler": { "kind": "parameter", "displayName": "Bridge Error Handler", "group": "consumer (advanced)", "label": "consumer,advanced", "required": false, "type": "boolean", "javaType": "boolean", "deprecated": false, "autowired": false, "secret": false, "defaultValue": false, "description": "Allows for bridging the consumer to the Camel routing Error Handler, which mean any exceptions occurred while the consumer is trying to pickup incoming messages, or the likes, will now be processed as a message and handled by the routing Error Handler. By default the consumer will use the org.apache.camel.spi.ExceptionHandler to deal with exceptions, that will be logged at WARN or ERROR level and ignored." },
    "exceptionHandler": { "kind": "parameter", "displayName": "Exception Handler", "group": "consumer (advanced)", "label": "consumer,advanced", "required": false, "type": "object", "javaType": "org.apache.camel.spi.ExceptionHandler", "optionalPrefix": "consumer.", "deprecated": false, "autowired": false, "secret": false, "description": "To let the consumer use a custom ExceptionHandler. Notice if the option bridgeErrorHandler is enabled then this option is not in use. By default the consumer will deal with exceptions, that will be logged at WARN or ERROR level and ignored." },
    "exchangePattern": { "kind": "parameter", "displayName": "Exchange Pattern", "group": "consumer (advanced)", "label": "consumer,advanced", "required": false, "type": "object", "javaType": "org.apache.camel.ExchangePattern", "enum": [ "InOnly", "InOut", "InOptionalOut" ], "deprecated": false, "autowired": false, "secret": false, "description": "Sets the exchange pattern when the consumer creates an exchange." },
    "lazyStartProducer": { "kind": "parameter", "displayName": "Lazy Start Producer", "group": "producer (advanced)", "label": "producer,advanced", "required": false, "type": "boolean", "javaType": "boolean", "deprecated": false, "autowired": false, "secret": false, "defaultValue": false, "description": "Whether the producer should be started lazy (on the first message). By starting lazy you can use this to allow CamelContext and routes to startup in situations where a producer may otherwise fail during starting and cause the route to fail being started. By deferring this startup to be lazy then the startup failure can be handled during routing messages via Camel's routing error handlers. Beware that when the first message is processed then creating and starting the producer may take a little time and prolong the total processing time of the processing." }
  }
}
