{
  "component": {
    "kind": "component",
    "name": "aws2-ec2",
    "title": "AWS Elastic Compute Cloud (EC2)",
    "description": "Manage AWS EC2 instances using AWS SDK version 2.x.",
    "deprecated": false,
    "firstVersion": "3.1.0",
    "label": "cloud,management",
    "javaType": "org.apache.camel.component.aws2.ec2.AWS2EC2Component",
    "supportLevel": "Stable",
    "groupId": "org.apache.camel",
    "artifactId": "camel-aws2-ec2",
    "version": "3.20.1-SNAPSHOT",
    "scheme": "aws2-ec2",
    "extendsScheme": "",
    "syntax": "aws2-ec2:label",
    "async": false,
    "api": false,
    "consumerOnly": false,
    "producerOnly": true,
    "lenientProperties": false
  },
  "componentProperties": {
    "accessKey": { "kind": "property", "displayName": "Access Key", "group": "producer", "label": "producer", "required": false, "type": "string", "javaType": "java.lang.String", "deprecated": false, "autowired": false, "secret": true, "configurationClass": "org.apache.camel.component.aws2.ec2.AWS2EC2Configuration", "configurationField": "configuration", "description": "Amazon AWS Access Key" },
    "amazonEc2Client": { "kind": "property", "displayName": "Amazon Ec2 Client", "group": "producer", "label": "producer", "required": false, "type": "object", "javaType": "software.amazon.awssdk.services.ec2.Ec2Client", "deprecated": false, "deprecationNote": "", "autowired": true, "secret": false, "configurationClass": "org.apache.camel.component.aws2.ec2.AWS2EC2Configuration", "configurationField": "configuration", "description": "To use a existing configured AmazonEC2Client as client" },
    "configuration": { "kind": "property", "displayName": "Configuration", "group": "producer", "label": "", "required": false, "type": "object", "javaType": "org.apache.camel.component.aws2.ec2.AWS2EC2Configuration", "deprecated": false, "autowired": false, "secret": false, "description": "The component configuration" },
    "lazyStartProducer": { "kind": "property", "displayName": "Lazy Start Producer", "group": "producer", "label": "producer", "required": false, "type": "boolean", "javaType": "boolean", "deprecated": false, "autowired": false, "secret": false, "defaultValue": false, "description": "Whether the producer should be started lazy (on the first message). By starting lazy you can use this to allow CamelContext and routes to startup in situations where a producer may otherwise fail during starting and cause the route to fail being started. By deferring this startup to be lazy then the startup failure can be handled during routing messages via Camel's routing error handlers. Beware that when the first message is processed then creating and starting the producer may take a little time and prolong the total processing time of the processing." },
    "operation": { "kind": "property", "displayName": "Operation", "group": "producer", "label": "producer", "required": true, "type": "object", "javaType": "org.apache.camel.component.aws2.ec2.AWS2EC2Operations", "enum": [ "createAndRunInstances", "startInstances", "stopInstances", "terminateInstances", "describeInstances", "describeInstancesStatus", "rebootInstances", "monitorInstances", "unmonitorInstances", "createTags", "deleteTags" ], "deprecated": false, "deprecationNote": "", "autowired": false, "secret": false, "configurationClass": "org.apache.camel.component.aws2.ec2.AWS2EC2Configuration", "configurationField": "configuration", "description": "The operation to perform. It can be createAndRunInstances, startInstances, stopInstances, terminateInstances, describeInstances, describeInstancesStatus, rebootInstances, monitorInstances, unmonitorInstances, createTags or deleteTags" },
    "overrideEndpoint": { "kind": "property", "displayName": "Override Endpoint", "group": "producer", "label": "", "required": false, "type": "boolean", "javaType": "boolean", "deprecated": false, "autowired": false, "secret": false, "defaultValue": false, "configurationClass": "org.apache.camel.component.aws2.ec2.AWS2EC2Configuration", "configurationField": "configuration", "description": "Set the need for overidding the endpoint. This option needs to be used in combination with uriEndpointOverride option" },
    "pojoRequest": { "kind": "property", "displayName": "Pojo Request", "group": "producer", "label": "", "required": false, "type": "boolean", "javaType": "boolean", "deprecated": false, "autowired": false, "secret": false, "defaultValue": false, "configurationClass": "org.apache.camel.component.aws2.ec2.AWS2EC2Configuration", "configurationField": "configuration", "description": "If we want to use a POJO request as body or not" },
    "proxyHost": { "kind": "property", "displayName": "Proxy Host", "group": "producer", "label": "producer", "required": false, "type": "string", "javaType": "java.lang.String", "deprecated": false, "autowired": false, "secret": false, "configurationClass": "org.apache.camel.component.aws2.ec2.AWS2EC2Configuration", "configurationField": "configuration", "description": "To define a proxy host when instantiating the EC2 client" },
    "proxyPort": { "kind": "property", "displayName": "Proxy Port", "group": "producer", "label": "producer", "required": false, "type": "integer", "javaType": "java.lang.Integer", "deprecated": false, "autowired": false, "secret": false, "configurationClass": "org.apache.camel.component.aws2.ec2.AWS2EC2Configuration", "configurationField": "configuration", "description": "To define a proxy port when instantiating the EC2 client" },
    "proxyProtocol": { "kind": "property", "displayName": "Proxy Protocol", "group": "producer", "label": "", "required": false, "type": "object", "javaType": "software.amazon.awssdk.core.Protocol", "enum": [ "HTTP", "HTTPS" ], "deprecated": false, "autowired": false, "secret": false, "defaultValue": "HTTPS", "configurationClass": "org.apache.camel.component.aws2.ec2.AWS2EC2Configuration", "configurationField": "configuration", "description": "To define a proxy protocol when instantiating the EC2 client" },
    "region": { "kind": "property", "displayName": "Region", "group": "producer", "label": "", "required": false, "type": "string", "javaType": "java.lang.String", "deprecated": false, "autowired": false, "secret": false, "configurationClass": "org.apache.camel.component.aws2.ec2.AWS2EC2Configuration", "configurationField": "configuration", "description": "The region in which EC2 client needs to work. When using this parameter, the configuration will expect the lowercase name of the region (for example ap-east-1) You'll need to use the name Region.EU_WEST_1.id()" },
    "secretKey": { "kind": "property", "displayName": "Secret Key", "group": "producer", "label": "producer", "required": false, "type": "string", "javaType": "java.lang.String", "deprecated": false, "autowired": false, "secret": true, "configurationClass": "org.apache.camel.component.aws2.ec2.AWS2EC2Configuration", "configurationField": "configuration", "description": "Amazon AWS Secret Key" },
    "trustAllCertificates": { "kind": "property", "displayName": "Trust All Certificates", "group": "producer", "label": "", "required": false, "type": "boolean", "javaType": "boolean", "deprecated": false, "autowired": false, "secret": false, "defaultValue": false, "configurationClass": "org.apache.camel.component.aws2.ec2.AWS2EC2Configuration", "configurationField": "configuration", "description": "If we want to trust all certificates in case of overriding the endpoint" },
    "uriEndpointOverride": { "kind": "property", "displayName": "Uri Endpoint Override", "group": "producer", "label": "", "required": false, "type": "string", "javaType": "java.lang.String", "deprecated": false, "autowired": false, "secret": false, "configurationClass": "org.apache.camel.component.aws2.ec2.AWS2EC2Configuration", "configurationField": "configuration", "description": "Set the overriding uri endpoint. This option needs to be used in combination with overrideEndpoint option" },
    "useDefaultCredentialsProvider": { "kind": "property", "displayName": "Use Default Credentials Provider", "group": "producer", "label": "", "required": false, "type": "boolean", "javaType": "boolean", "deprecated": false, "autowired": false, "secret": false, "defaultValue": false, "configurationClass": "org.apache.camel.component.aws2.ec2.AWS2EC2Configuration", "configurationField": "configuration", "description": "Set whether the EC2 client should expect to load credentials through a default credentials provider or to expect static credentials to be passed in." },
    "autowiredEnabled": { "kind": "property", "displayName": "Autowired Enabled", "group": "advanced", "label": "advanced", "required": false, "type": "boolean", "javaType": "boolean", "deprecated": false, "autowired": false, "secret": false, "defaultValue": true, "description": "Whether autowiring is enabled. This is used for automatic autowiring options (the option must be marked as autowired) by looking up in the registry to find if there is a single instance of matching type, which then gets configured on the component. This can be used for automatic configuring JDBC data sources, JMS connection factories, AWS Clients, etc." }
  },
  "headers": {
    "CamelAwsEC2ImageId": { "kind": "header", "displayName": "", "group": "producer", "label": "", "required": false, "javaType": "String", "deprecated": false, "deprecationNote": "", "autowired": false, "secret": false, "description": "An image ID of the AWS marketplace", "constantName": "org.apache.camel.component.aws2.ec2.AWS2EC2Constants#IMAGE_ID" },
    "CamelAwsEC2InstanceType": { "kind": "header", "displayName": "", "group": "producer", "label": "", "required": false, "javaType": "software.amazon.awssdk.services.ec2.model.InstanceType", "enum": [ "a1.medium", "a1.large", "a1.xlarge", "a1.2xlarge", "a1.4xlarge", "a1.metal", "c1.medium", "c1.xlarge", "c3.large", "c3.xlarge", "c3.2xlarge", "c3.4xlarge", "c3.8xlarge", "c4.large", "c4.xlarge", "c4.2xlarge", "c4.4xlarge", "c4.8xlarge", "c5.large", "c5.xlarge", "c5.2xlarge", "c5.4xlarge", "c5.9xlarge", "c5.12xlarge", "c5.18xlarge", "c5.24xlarge", "c5.metal", "c5a.large", "c5a.xlarge", "c5a.2xlarge", "c5a.4xlarge", "c5a.8xlarge", "c5a.12xlarge", "c5a.16xlarge", "c5a.24xlarge", "c5ad.large", "c5ad.xlarge", "c5ad.2xlarge", "c5ad.4xlarge", "c5ad.8xlarge", "c5ad.12xlarge", "c5ad.16xlarge", "c5ad.24xlarge", "c5d.large", "c5d.xlarge", "c5d.2xlarge", "c5d.4xlarge", "c5d.9xlarge", "c5d.12xlarge", "c5d.18xlarge", "c5d.24xlarge", "c5d.metal", "c5n.large", "c5n.xlarge", "c5n.2xlarge", "c5n.4xlarge", "c5n.9xlarge", "c5n.18xlarge", "c5n.metal", "c6g.medium", "c6g.large", "c6g.xlarge", "c6g.2xlarge", "c6g.4xlarge", "c6g.8xlarge", "c6g.12xlarge", "c6g.16xlarge", "c6g.metal", "c6gd.medium", "c6gd.large", "c6gd.xlarge", "c6gd.2xlarge", "c6gd.4xlarge", "c6gd.8xlarge", "c6gd.12xlarge", "c6gd.16xlarge", "c6gd.metal", "c6gn.medium", "c6gn.large", "c6gn.xlarge", "c6gn.2xlarge", "c6gn.4xlarge", "c6gn.8xlarge", "c6gn.12xlarge", "c6gn.16xlarge", "c6i.large", "c6i.xlarge", "c6i.2xlarge", "c6i.4xlarge", "c6i.8xlarge", "c6i.12xlarge", "c6i.16xlarge", "c6i.24xlarge", "c6i.32xlarge", "c6i.metal", "cc1.4xlarge", "cc2.8xlarge", "cg1.4xlarge", "cr1.8xlarge", "d2.xlarge", "d2.2xlarge", "d2.4xlarge", "d2.8xlarge", "d3.xlarge", "d3.2xlarge", "d3.4xlarge", "d3.8xlarge", "d3en.xlarge", "d3en.2xlarge", "d3en.4xlarge", "d3en.6xlarge", "d3en.8xlarge", "d3en.12xlarge", "dl1.24xlarge", "f1.2xlarge", "f1.4xlarge", "f1.16xlarge", "g2.2xlarge", "g2.8xlarge", "g3.4xlarge", "g3.8xlarge", "g3.16xlarge", "g3s.xlarge", "g4ad.xlarge", "g4ad.2xlarge", "g4ad.4xlarge", "g4ad.8xlarge", "g4ad.16xlarge", "g4dn.xlarge", "g4dn.2xlarge", "g4dn.4xlarge", "g4dn.8xlarge", "g4dn.12xlarge", "g4dn.16xlarge", "g4dn.metal", "g5.xlarge", "g5.2xlarge", "g5.4xlarge", "g5.8xlarge", "g5.12xlarge", "g5.16xlarge", "g5.24xlarge", "g5.48xlarge", "g5g.xlarge", "g5g.2xlarge", "g5g.4xlarge", "g5g.8xlarge", "g5g.16xlarge", "g5g.metal", "hi1.4xlarge", "hpc6a.48xlarge", "hs1.8xlarge", "h1.2xlarge", "h1.4xlarge", "h1.8xlarge", "h1.16xlarge", "i2.xlarge", "i2.2xlarge", "i2.4xlarge", "i2.8xlarge", "i3.large", "i3.xlarge", "i3.2xlarge", "i3.4xlarge", "i3.8xlarge", "i3.16xlarge", "i3.metal", "i3en.large", "i3en.xlarge", "i3en.2xlarge", "i3en.3xlarge", "i3en.6xlarge", "i3en.12xlarge", "i3en.24xlarge", "i3en.metal", "im4gn.large", "im4gn.xlarge", "im4gn.2xlarge", "im4gn.4xlarge", "im4gn.8xlarge", "im4gn.16xlarge", "inf1.xlarge", "inf1.2xlarge", "inf1.6xlarge", "inf1.24xlarge", "is4gen.medium", "is4gen.large", "is4gen.xlarge", "is4gen.2xlarge", "is4gen.4xlarge", "is4gen.8xlarge", "m1.small", "m1.medium", "m1.large", "m1.xlarge", "m2.xlarge", "m2.2xlarge", "m2.4xlarge", "m3.medium", "m3.large", "m3.xlarge", "m3.2xlarge", "m4.large", "m4.xlarge", "m4.2xlarge", "m4.4xlarge", "m4.10xlarge", "m4.16xlarge", "m5.large", "m5.xlarge", "m5.2xlarge", "m5.4xlarge", "m5.8xlarge", "m5.12xlarge", "m5.16xlarge", "m5.24xlarge", "m5.metal", "m5a.large", "m5a.xlarge", "m5a.2xlarge", "m5a.4xlarge", "m5a.8xlarge", "m5a.12xlarge", "m5a.16xlarge", "m5a.24xlarge", "m5ad.large", "m5ad.xlarge", "m5ad.2xlarge", "m5ad.4xlarge", "m5ad.8xlarge", "m5ad.12xlarge", "m5ad.16xlarge", "m5ad.24xlarge", "m5d.large", "m5d.xlarge", "m5d.2xlarge", "m5d.4xlarge", "m5d.8xlarge", "m5d.12xlarge", "m5d.16xlarge", "m5d.24xlarge", "m5d.metal", "m5dn.large", "m5dn.xlarge", "m5dn.2xlarge", "m5dn.4xlarge", "m5dn.8xlarge", "m5dn.12xlarge", "m5dn.16xlarge", "m5dn.24xlarge", "m5dn.metal", "m5n.large", "m5n.xlarge", "m5n.2xlarge", "m5n.4xlarge", "m5n.8xlarge", "m5n.12xlarge", "m5n.16xlarge", "m5n.24xlarge", "m5n.metal", "m5zn.large", "m5zn.xlarge", "m5zn.2xlarge", "m5zn.3xlarge", "m5zn.6xlarge", "m5zn.12xlarge", "m5zn.metal", "m6a.large", "m6a.xlarge", "m6a.2xlarge", "m6a.4xlarge", "m6a.8xlarge", "m6a.12xlarge", "m6a.16xlarge", "m6a.24xlarge", "m6a.32xlarge", "m6a.48xlarge", "m6g.metal", "m6g.medium", "m6g.large", "m6g.xlarge", "m6g.2xlarge", "m6g.4xlarge", "m6g.8xlarge", "m6g.12xlarge", "m6g.16xlarge", "m6gd.metal", "m6gd.medium", "m6gd.large", "m6gd.xlarge", "m6gd.2xlarge", "m6gd.4xlarge", "m6gd.8xlarge", "m6gd.12xlarge", "m6gd.16xlarge", "m6i.large", "m6i.xlarge", "m6i.2xlarge", "m6i.4xlarge", "m6i.8xlarge", "m6i.12xlarge", "m6i.16xlarge", "m6i.24xlarge", "m6i.32xlarge", "m6i.metal", "mac1.metal", "p2.xlarge", "p2.8xlarge", "p2.16xlarge", "p3.2xlarge", "p3.8xlarge", "p3.16xlarge", "p3dn.24xlarge", "p4d.24xlarge", "r3.large", "r3.xlarge", "r3.2xlarge", "r3.4xlarge", "r3.8xlarge", "r4.large", "r4.xlarge", "r4.2xlarge", "r4.4xlarge", "r4.8xlarge", "r4.16xlarge", "r5.large", "r5.xlarge", "r5.2xlarge", "r5.4xlarge", "r5.8xlarge", "r5.12xlarge", "r5.16xlarge", "r5.24xlarge", "r5.metal", "r5a.large", "r5a.xlarge", "r5a.2xlarge", "r5a.4xlarge", "r5a.8xlarge", "r5a.12xlarge", "r5a.16xlarge", "r5a.24xlarge", "r5ad.large", "r5ad.xlarge", "r5ad.2xlarge", "r5ad.4xlarge", "r5ad.8xlarge", "r5ad.12xlarge", "r5ad.16xlarge", "r5ad.24xlarge", "r5b.large", "r5b.xlarge", "r5b.2xlarge", "r5b.4xlarge", "r5b.8xlarge", "r5b.12xlarge", "r5b.16xlarge", "r5b.24xlarge", "r5b.metal", "r5d.large", "r5d.xlarge", "r5d.2xlarge", "r5d.4xlarge", "r5d.8xlarge", "r5d.12xlarge", "r5d.16xlarge", "r5d.24xlarge", "r5d.metal", "r5dn.large", "r5dn.xlarge", "r5dn.2xlarge", "r5dn.4xlarge", "r5dn.8xlarge", "r5dn.12xlarge", "r5dn.16xlarge", "r5dn.24xlarge", "r5dn.metal", "r5n.large", "r5n.xlarge", "r5n.2xlarge", "r5n.4xlarge", "r5n.8xlarge", "r5n.12xlarge", "r5n.16xlarge", "r5n.24xlarge", "r5n.metal", "r6g.medium", "r6g.large", "r6g.xlarge", "r6g.2xlarge", "r6g.4xlarge", "r6g.8xlarge", "r6g.12xlarge", "r6g.16xlarge", "r6g.metal", "r6gd.medium", "r6gd.large", "r6gd.xlarge", "r6gd.2xlarge", "r6gd.4xlarge", "r6gd.8xlarge", "r6gd.12xlarge", "r6gd.16xlarge", "r6gd.metal", "r6i.large", "r6i.xlarge", "r6i.2xlarge", "r6i.4xlarge", "r6i.8xlarge", "r6i.12xlarge", "r6i.16xlarge", "r6i.24xlarge", "r6i.32xlarge", "r6i.metal", "t1.micro", "t2.nano", "t2.micro", "t2.small", "t2.medium", "t2.large", "t2.xlarge", "t2.2xlarge", "t3.nano", "t3.micro", "t3.small", "t3.medium", "t3.large", "t3.xlarge", "t3.2xlarge", "t3a.nano", "t3a.micro", "t3a.small", "t3a.medium", "t3a.large", "t3a.xlarge", "t3a.2xlarge", "t4g.nano", "t4g.micro", "t4g.small", "t4g.medium", "t4g.large", "t4g.xlarge", "t4g.2xlarge", "u-6tb1.56xlarge", "u-6tb1.112xlarge", "u-9tb1.112xlarge", "u-12tb1.112xlarge", "u-6tb1.metal", "u-9tb1.metal", "u-12tb1.metal", "u-18tb1.metal", "u-24tb1.metal", "vt1.3xlarge", "vt1.6xlarge", "vt1.24xlarge", "x1.16xlarge", "x1.32xlarge", "x1e.xlarge", "x1e.2xlarge", "x1e.4xlarge", "x1e.8xlarge", "x1e.16xlarge", "x1e.32xlarge", "x2iezn.2xlarge", "x2iezn.4xlarge", "x2iezn.6xlarge", "x2iezn.8xlarge", "x2iezn.12xlarge", "x2iezn.metal", "x2gd.medium", "x2gd.large", "x2gd.xlarge", "x2gd.2xlarge", "x2gd.4xlarge", "x2gd.8xlarge", "x2gd.12xlarge", "x2gd.16xlarge", "x2gd.metal", "z1d.large", "z1d.xlarge", "z1d.2xlarge", "z1d.3xlarge", "z1d.6xlarge", "z1d.12xlarge", "z1d.metal", "x2idn.16xlarge", "x2idn.24xlarge", "x2idn.32xlarge", "x2iedn.xlarge", "x2iedn.2xlarge", "x2iedn.4xlarge", "x2iedn.8xlarge", "x2iedn.16xlarge", "x2iedn.24xlarge", "x2iedn.32xlarge", "c6a.large", "c6a.xlarge", "c6a.2xlarge", "c6a.4xlarge", "c6a.8xlarge", "c6a.12xlarge", "c6a.16xlarge", "c6a.24xlarge", "c6a.32xlarge", "c6a.48xlarge", "c6a.metal", "m6a.metal", "i4i.large", "i4i.xlarge", "i4i.2xlarge", "i4i.4xlarge", "i4i.8xlarge", "i4i.16xlarge", "i4i.32xlarge", "i4i.metal", "x2idn.metal", "x2iedn.metal", "c7g.medium", "c7g.large", "c7g.xlarge", "c7g.2xlarge", "c7g.4xlarge", "c7g.8xlarge", "c7g.12xlarge", "c7g.16xlarge", "mac2.metal", "c6id.large", "c6id.xlarge", "c6id.2xlarge", "c6id.4xlarge", "c6id.8xlarge", "c6id.12xlarge", "c6id.16xlarge", "c6id.24xlarge", "c6id.32xlarge", "c6id.metal", "m6id.large", "m6id.xlarge", "m6id.2xlarge", "m6id.4xlarge", "m6id.8xlarge", "m6id.12xlarge", "m6id.16xlarge", "m6id.24xlarge", "m6id.32xlarge", "m6id.metal", "r6id.large", "r6id.xlarge", "r6id.2xlarge", "r6id.4xlarge", "r6id.8xlarge", "r6id.12xlarge", "r6id.16xlarge", "r6id.24xlarge", "r6id.32xlarge", "r6id.metal", "r6a.large", "r6a.xlarge", "r6a.2xlarge", "r6a.4xlarge", "r6a.8xlarge", "r6a.12xlarge", "r6a.16xlarge", "r6a.24xlarge", "r6a.32xlarge", "r6a.48xlarge", "r6a.metal", "p4de.24xlarge", "u-3tb1.56xlarge", "u-18tb1.112xlarge", "u-24tb1.112xlarge", "trn1.2xlarge", "trn1.32xlarge", "hpc6id.32xlarge", "null" ], "deprecated": false, "deprecationNote": "", "autowired": false, "secret": false, "description": "The instance type we want to create and run", "constantName": "org.apache.camel.component.aws2.ec2.AWS2EC2Constants#INSTANCE_TYPE" },
    "CamelAwsEC2Operation": { "kind": "header", "displayName": "", "group": "producer", "label": "", "required": false, "javaType": "String", "deprecated": false, "deprecationNote": "", "autowired": false, "secret": false, "description": "The operation we want to perform", "constantName": "org.apache.camel.component.aws2.ec2.AWS2EC2Constants#OPERATION" },
    "CamelAwsEC2InstanceMinCount": { "kind": "header", "displayName": "", "group": "producer", "label": "", "required": false, "javaType": "Integer", "deprecated": false, "deprecationNote": "", "autowired": false, "secret": false, "description": "The minimum number of instances we want to run.", "constantName": "org.apache.camel.component.aws2.ec2.AWS2EC2Constants#INSTANCE_MIN_COUNT" },
    "CamelAwsEC2InstanceMaxCount": { "kind": "header", "displayName": "", "group": "producer", "label": "", "required": false, "javaType": "Integer", "deprecated": false, "deprecationNote": "", "autowired": false, "secret": false, "description": "The maximum number of instances we want to run.", "constantName": "org.apache.camel.component.aws2.ec2.AWS2EC2Constants#INSTANCE_MAX_COUNT" },
    "CamelAwsEC2InstanceMonitoring": { "kind": "header", "displayName": "", "group": "producer", "label": "", "required": false, "javaType": "Boolean", "deprecated": false, "deprecationNote": "", "autowired": false, "secret": false, "description": "Define if we want the running instances to be monitored", "constantName": "org.apache.camel.component.aws2.ec2.AWS2EC2Constants#INSTANCE_MONITORING" },
    "CamelAwsEC2InstanceKernelId": { "kind": "header", "displayName": "", "group": "producer", "label": "", "required": false, "javaType": "String", "deprecated": false, "deprecationNote": "", "autowired": false, "secret": false, "description": "The ID of the kernel.", "constantName": "org.apache.camel.component.aws2.ec2.AWS2EC2Constants#INSTANCE_KERNEL_ID" },
    "CamelAwsEC2InstanceEbsOptimized": { "kind": "header", "displayName": "", "group": "producer", "label": "", "required": false, "javaType": "Boolean", "deprecated": false, "deprecationNote": "", "autowired": false, "secret": false, "description": "Define if the creating instance is optimized for EBS I\/O.", "constantName": "org.apache.camel.component.aws2.ec2.AWS2EC2Constants#INSTANCE_EBS_OPTIMIZED" },
    "CamelAwsEC2InstanceSecurityGroups": { "kind": "header", "displayName": "", "group": "producer", "label": "", "required": false, "javaType": "Collection<String>", "deprecated": false, "deprecationNote": "", "autowired": false, "secret": false, "description": "The security groups to associate to the instances", "constantName": "org.apache.camel.component.aws2.ec2.AWS2EC2Constants#INSTANCE_SECURITY_GROUPS" },
    "CamelAwsEC2InstancesIds": { "kind": "header", "displayName": "", "group": "producer", "label": "", "required": false, "javaType": "Collection<String>", "deprecated": false, "deprecationNote": "", "autowired": false, "secret": false, "description": "A collection of instances IDS to execute start, stop, describe and terminate operations on.", "constantName": "org.apache.camel.component.aws2.ec2.AWS2EC2Constants#INSTANCES_IDS" },
    "CamelAwsEC2InstancesKeyPair": { "kind": "header", "displayName": "", "group": "producer", "label": "", "required": false, "javaType": "String", "deprecated": false, "deprecationNote": "", "autowired": false, "secret": false, "description": "The name of the key pair.", "constantName": "org.apache.camel.component.aws2.ec2.AWS2EC2Constants#INSTANCES_KEY_PAIR" },
    "CamelAwsEC2InstancesClientToken": { "kind": "header", "displayName": "", "group": "producer", "label": "", "required": false, "javaType": "String", "deprecated": false, "deprecationNote": "", "autowired": false, "secret": false, "description": "Unique, case-sensitive identifier you provide to ensure the idempotency of the request.", "constantName": "org.apache.camel.component.aws2.ec2.AWS2EC2Constants#INSTANCES_CLIENT_TOKEN" },
    "CamelAwsEC2InstancesPlacement": { "kind": "header", "displayName": "", "group": "producer", "label": "", "required": false, "javaType": "software.amazon.awssdk.services.ec2.model.Placement", "deprecated": false, "deprecationNote": "", "autowired": false, "secret": false, "description": "The placement for the instance.", "constantName": "org.apache.camel.component.aws2.ec2.AWS2EC2Constants#INSTANCES_PLACEMENT" },
    "CamelAwsEC2InstancesTags": { "kind": "header", "displayName": "", "group": "producer", "label": "", "required": false, "javaType": "Collection<Tag>", "deprecated": false, "deprecationNote": "", "autowired": false, "secret": false, "description": "A collection of tags to add or remove from EC2 resources", "constantName": "org.apache.camel.component.aws2.ec2.AWS2EC2Constants#INSTANCES_TAGS" },
    "CamelAwsEC2SubnetId": { "kind": "header", "displayName": "", "group": "producer", "label": "", "required": false, "javaType": "String", "deprecated": false, "deprecationNote": "", "autowired": false, "secret": false, "description": "The ID of the subnet to launch the instance into.", "constantName": "org.apache.camel.component.aws2.ec2.AWS2EC2Constants#SUBNET_ID" }
  },
  "properties": {
    "label": { "kind": "path", "displayName": "Label", "group": "producer", "label": "", "required": true, "type": "string", "javaType": "java.lang.String", "deprecated": false, "deprecationNote": "", "autowired": false, "secret": false, "configurationClass": "org.apache.camel.component.aws2.ec2.AWS2EC2Configuration", "configurationField": "configuration", "description": "Logical name" },
    "accessKey": { "kind": "parameter", "displayName": "Access Key", "group": "producer", "label": "producer", "required": false, "type": "string", "javaType": "java.lang.String", "deprecated": false, "autowired": false, "secret": true, "configurationClass": "org.apache.camel.component.aws2.ec2.AWS2EC2Configuration", "configurationField": "configuration", "description": "Amazon AWS Access Key" },
    "amazonEc2Client": { "kind": "parameter", "displayName": "Amazon Ec2 Client", "group": "producer", "label": "producer", "required": false, "type": "object", "javaType": "software.amazon.awssdk.services.ec2.Ec2Client", "deprecated": false, "deprecationNote": "", "autowired": true, "secret": false, "configurationClass": "org.apache.camel.component.aws2.ec2.AWS2EC2Configuration", "configurationField": "configuration", "description": "To use a existing configured AmazonEC2Client as client" },
    "operation": { "kind": "parameter", "displayName": "Operation", "group": "producer", "label": "producer", "required": true, "type": "object", "javaType": "org.apache.camel.component.aws2.ec2.AWS2EC2Operations", "enum": [ "createAndRunInstances", "startInstances", "stopInstances", "terminateInstances", "describeInstances", "describeInstancesStatus", "rebootInstances", "monitorInstances", "unmonitorInstances", "createTags", "deleteTags" ], "deprecated": false, "deprecationNote": "", "autowired": false, "secret": false, "configurationClass": "org.apache.camel.component.aws2.ec2.AWS2EC2Configuration", "configurationField": "configuration", "description": "The operation to perform. It can be createAndRunInstances, startInstances, stopInstances, terminateInstances, describeInstances, describeInstancesStatus, rebootInstances, monitorInstances, unmonitorInstances, createTags or deleteTags" },
    "overrideEndpoint": { "kind": "parameter", "displayName": "Override Endpoint", "group": "producer", "label": "", "required": false, "type": "boolean", "javaType": "boolean", "deprecated": false, "autowired": false, "secret": false, "defaultValue": false, "configurationClass": "org.apache.camel.component.aws2.ec2.AWS2EC2Configuration", "configurationField": "configuration", "description": "Set the need for overidding the endpoint. This option needs to be used in combination with uriEndpointOverride option" },
    "pojoRequest": { "kind": "parameter", "displayName": "Pojo Request", "group": "producer", "label": "", "required": false, "type": "boolean", "javaType": "boolean", "deprecated": false, "autowired": false, "secret": false, "defaultValue": false, "configurationClass": "org.apache.camel.component.aws2.ec2.AWS2EC2Configuration", "configurationField": "configuration", "description": "If we want to use a POJO request as body or not" },
    "proxyHost": { "kind": "parameter", "displayName": "Proxy Host", "group": "producer", "label": "producer", "required": false, "type": "string", "javaType": "java.lang.String", "deprecated": false, "autowired": false, "secret": false, "configurationClass": "org.apache.camel.component.aws2.ec2.AWS2EC2Configuration", "configurationField": "configuration", "description": "To define a proxy host when instantiating the EC2 client" },
    "proxyPort": { "kind": "parameter", "displayName": "Proxy Port", "group": "producer", "label": "producer", "required": false, "type": "integer", "javaType": "java.lang.Integer", "deprecated": false, "autowired": false, "secret": false, "configurationClass": "org.apache.camel.component.aws2.ec2.AWS2EC2Configuration", "configurationField": "configuration", "description": "To define a proxy port when instantiating the EC2 client" },
    "proxyProtocol": { "kind": "parameter", "displayName": "Proxy Protocol", "group": "producer", "label": "", "required": false, "type": "object", "javaType": "software.amazon.awssdk.core.Protocol", "enum": [ "HTTP", "HTTPS" ], "deprecated": false, "autowired": false, "secret": false, "defaultValue": "HTTPS", "configurationClass": "org.apache.camel.component.aws2.ec2.AWS2EC2Configuration", "configurationField": "configuration", "description": "To define a proxy protocol when instantiating the EC2 client" },
    "region": { "kind": "parameter", "displayName": "Region", "group": "producer", "label": "", "required": false, "type": "string", "javaType": "java.lang.String", "deprecated": false, "autowired": false, "secret": false, "configurationClass": "org.apache.camel.component.aws2.ec2.AWS2EC2Configuration", "configurationField": "configuration", "description": "The region in which EC2 client needs to work. When using this parameter, the configuration will expect the lowercase name of the region (for example ap-east-1) You'll need to use the name Region.EU_WEST_1.id()" },
    "secretKey": { "kind": "parameter", "displayName": "Secret Key", "group": "producer", "label": "producer", "required": false, "type": "string", "javaType": "java.lang.String", "deprecated": false, "autowired": false, "secret": true, "configurationClass": "org.apache.camel.component.aws2.ec2.AWS2EC2Configuration", "configurationField": "configuration", "description": "Amazon AWS Secret Key" },
    "trustAllCertificates": { "kind": "parameter", "displayName": "Trust All Certificates", "group": "producer", "label": "", "required": false, "type": "boolean", "javaType": "boolean", "deprecated": false, "autowired": false, "secret": false, "defaultValue": false, "configurationClass": "org.apache.camel.component.aws2.ec2.AWS2EC2Configuration", "configurationField": "configuration", "description": "If we want to trust all certificates in case of overriding the endpoint" },
    "uriEndpointOverride": { "kind": "parameter", "displayName": "Uri Endpoint Override", "group": "producer", "label": "", "required": false, "type": "string", "javaType": "java.lang.String", "deprecated": false, "autowired": false, "secret": false, "configurationClass": "org.apache.camel.component.aws2.ec2.AWS2EC2Configuration", "configurationField": "configuration", "description": "Set the overriding uri endpoint. This option needs to be used in combination with overrideEndpoint option" },
    "useDefaultCredentialsProvider": { "kind": "parameter", "displayName": "Use Default Credentials Provider", "group": "producer", "label": "", "required": false, "type": "boolean", "javaType": "boolean", "deprecated": false, "autowired": false, "secret": false, "defaultValue": false, "configurationClass": "org.apache.camel.component.aws2.ec2.AWS2EC2Configuration", "configurationField": "configuration", "description": "Set whether the EC2 client should expect to load credentials through a default credentials provider or to expect static credentials to be passed in." },
    "lazyStartProducer": { "kind": "parameter", "displayName": "Lazy Start Producer", "group": "producer (advanced)", "label": "producer,advanced", "required": false, "type": "boolean", "javaType": "boolean", "deprecated": false, "autowired": false, "secret": false, "defaultValue": false, "description": "Whether the producer should be started lazy (on the first message). By starting lazy you can use this to allow CamelContext and routes to startup in situations where a producer may otherwise fail during starting and cause the route to fail being started. By deferring this startup to be lazy then the startup failure can be handled during routing messages via Camel's routing error handlers. Beware that when the first message is processed then creating and starting the producer may take a little time and prolong the total processing time of the processing." }
  }
}
