{
  "component": {
    "kind": "component",
    "name": "azure-key-vault",
    "title": "Azure Key Vault",
    "description": "Manage secrets and keys in Azure Key Vault Service",
    "deprecated": false,
    "firstVersion": "3.17.0",
    "label": "cloud,cloud",
    "javaType": "org.apache.camel.component.azure.key.vault.KeyVaultComponent",
    "supportLevel": "Stable",
    "groupId": "org.apache.camel",
    "artifactId": "camel-azure-key-vault",
    "version": "3.20.1-SNAPSHOT",
    "scheme": "azure-key-vault",
    "extendsScheme": "",
    "syntax": "azure-key-vault:vaultName",
    "async": false,
    "api": false,
    "consumerOnly": false,
    "producerOnly": true,
    "lenientProperties": false
  },
  "componentProperties": {
    "lazyStartProducer": { "kind": "property", "displayName": "Lazy Start Producer", "group": "producer", "label": "producer", "required": false, "type": "boolean", "javaType": "boolean", "deprecated": false, "autowired": false, "secret": false, "defaultValue": false, "description": "Whether the producer should be started lazy (on the first message). By starting lazy you can use this to allow CamelContext and routes to startup in situations where a producer may otherwise fail during starting and cause the route to fail being started. By deferring this startup to be lazy then the startup failure can be handled during routing messages via Camel's routing error handlers. Beware that when the first message is processed then creating and starting the producer may take a little time and prolong the total processing time of the processing." },
    "autowiredEnabled": { "kind": "property", "displayName": "Autowired Enabled", "group": "advanced", "label": "advanced", "required": false, "type": "boolean", "javaType": "boolean", "deprecated": false, "autowired": false, "secret": false, "defaultValue": true, "description": "Whether autowiring is enabled. This is used for automatic autowiring options (the option must be marked as autowired) by looking up in the registry to find if there is a single instance of matching type, which then gets configured on the component. This can be used for automatic configuring JDBC data sources, JMS connection factories, AWS Clients, etc." }
  },
  "headers": {
    "CamelAzureKeyVaultProducerOperation": { "kind": "header", "displayName": "", "group": "producer", "label": "producer", "required": false, "javaType": "org.apache.camel.component.azure.key.vault.KeyVaultOperationDefinition", "deprecated": false, "deprecationNote": "", "autowired": false, "secret": false, "description": "Overrides the desired operation to be used in the producer.", "constantName": "org.apache.camel.component.azure.key.vault.KeyVaultConstants#OPERATION" },
    "CamelAzureKeyVaultSecretName": { "kind": "header", "displayName": "", "group": "producer", "label": "producer", "required": false, "javaType": "String", "deprecated": false, "deprecationNote": "", "autowired": false, "secret": false, "description": "The secret name to be used in Key Vault", "constantName": "org.apache.camel.component.azure.key.vault.KeyVaultConstants#SECRET_NAME" }
  },
  "properties": {
    "vaultName": { "kind": "path", "displayName": "Vault Name", "group": "producer", "label": "", "required": false, "type": "string", "javaType": "java.lang.String", "deprecated": false, "autowired": false, "secret": false, "configurationClass": "org.apache.camel.component.azure.key.vault.KeyVaultConfiguration", "configurationField": "configuration", "description": "Vault Name to be used" },
    "operation": { "kind": "parameter", "displayName": "Operation", "group": "producer", "label": "producer", "required": false, "type": "object", "javaType": "org.apache.camel.component.azure.key.vault.KeyVaultOperation", "enum": [ "createSecret", "getSecret", "deleteSecret", "purgeDeletedSecret" ], "deprecated": false, "autowired": false, "secret": false, "configurationClass": "org.apache.camel.component.azure.key.vault.KeyVaultConfiguration", "configurationField": "configuration", "description": "Operation to be performed" },
    "secretClient": { "kind": "parameter", "displayName": "Secret Client", "group": "producer", "label": "", "required": false, "type": "object", "javaType": "com.azure.security.keyvault.secrets.SecretClient", "deprecated": false, "deprecationNote": "", "autowired": true, "secret": false, "configurationClass": "org.apache.camel.component.azure.key.vault.KeyVaultConfiguration", "configurationField": "configuration", "description": "Instance of Secret client" },
    "lazyStartProducer": { "kind": "parameter", "displayName": "Lazy Start Producer", "group": "producer (advanced)", "label": "producer,advanced", "required": false, "type": "boolean", "javaType": "boolean", "deprecated": false, "autowired": false, "secret": false, "defaultValue": false, "description": "Whether the producer should be started lazy (on the first message). By starting lazy you can use this to allow CamelContext and routes to startup in situations where a producer may otherwise fail during starting and cause the route to fail being started. By deferring this startup to be lazy then the startup failure can be handled during routing messages via Camel's routing error handlers. Beware that when the first message is processed then creating and starting the producer may take a little time and prolong the total processing time of the processing." },
    "clientId": { "kind": "parameter", "displayName": "Client Id", "group": "security", "label": "security", "required": false, "type": "string", "javaType": "java.lang.String", "deprecated": false, "autowired": false, "secret": true, "configurationClass": "org.apache.camel.component.azure.key.vault.KeyVaultConfiguration", "configurationField": "configuration", "description": "Client Id to be used" },
    "clientSecret": { "kind": "parameter", "displayName": "Client Secret", "group": "security", "label": "security", "required": false, "type": "string", "javaType": "java.lang.String", "deprecated": false, "autowired": false, "secret": true, "configurationClass": "org.apache.camel.component.azure.key.vault.KeyVaultConfiguration", "configurationField": "configuration", "description": "Client Secret to be used" },
    "tenantId": { "kind": "parameter", "displayName": "Tenant Id", "group": "security", "label": "security", "required": false, "type": "string", "javaType": "java.lang.String", "deprecated": false, "autowired": false, "secret": true, "configurationClass": "org.apache.camel.component.azure.key.vault.KeyVaultConfiguration", "configurationField": "configuration", "description": "Tenant Id to be used" }
  }
}
