{
  "component": {
    "kind": "component",
    "name": "debezium-db2",
    "title": "Debezium DB2 Connector",
    "description": "Capture changes from a DB2 database.",
    "deprecated": false,
    "firstVersion": "3.17.0",
    "label": "database,sql",
    "javaType": "org.apache.camel.component.debezium.DebeziumDb2Component",
    "supportLevel": "Stable",
    "groupId": "org.apache.camel",
    "artifactId": "camel-debezium-db2",
    "version": "3.20.1-SNAPSHOT",
    "scheme": "debezium-db2",
    "extendsScheme": "",
    "syntax": "debezium-db2:name",
    "async": false,
    "api": false,
    "consumerOnly": true,
    "producerOnly": false,
    "lenientProperties": false
  },
  "componentProperties": {
    "additionalProperties": { "kind": "property", "displayName": "Additional Properties", "group": "common", "label": "common", "required": false, "type": "object", "javaType": "java.util.Map<java.lang.String, java.lang.Object>", "prefix": "additionalProperties.", "multiValue": true, "deprecated": false, "autowired": false, "secret": false, "configurationClass": "org.apache.camel.component.debezium.configuration.Db2ConnectorEmbeddedDebeziumConfiguration", "configurationField": "configuration", "description": "Additional properties for debezium components in case they can't be set directly on the camel configurations (e.g: setting Kafka Connect properties needed by Debezium engine, for example setting KafkaOffsetBackingStore), the properties have to be prefixed with additionalProperties.. E.g: additionalProperties.transactional.id=12345&additionalProperties.schema.registry.url=http:\/\/localhost:8811\/avro" },
    "bridgeErrorHandler": { "kind": "property", "displayName": "Bridge Error Handler", "group": "consumer", "label": "consumer", "required": false, "type": "boolean", "javaType": "boolean", "deprecated": false, "autowired": false, "secret": false, "defaultValue": false, "description": "Allows for bridging the consumer to the Camel routing Error Handler, which mean any exceptions occurred while the consumer is trying to pickup incoming messages, or the likes, will now be processed as a message and handled by the routing Error Handler. By default the consumer will use the org.apache.camel.spi.ExceptionHandler to deal with exceptions, that will be logged at WARN or ERROR level and ignored." },
    "configuration": { "kind": "property", "displayName": "Configuration", "group": "consumer", "label": "", "required": false, "type": "object", "javaType": "org.apache.camel.component.debezium.configuration.Db2ConnectorEmbeddedDebeziumConfiguration", "deprecated": false, "autowired": false, "secret": false, "description": "Allow pre-configured Configurations to be set." },
    "internalKeyConverter": { "kind": "property", "displayName": "Internal Key Converter", "group": "consumer", "label": "consumer", "required": false, "type": "string", "javaType": "java.lang.String", "deprecated": false, "autowired": false, "secret": false, "defaultValue": "org.apache.kafka.connect.json.JsonConverter", "configurationClass": "org.apache.camel.component.debezium.configuration.Db2ConnectorEmbeddedDebeziumConfiguration", "configurationField": "configuration", "description": "The Converter class that should be used to serialize and deserialize key data for offsets. The default is JSON converter." },
    "internalValueConverter": { "kind": "property", "displayName": "Internal Value Converter", "group": "consumer", "label": "consumer", "required": false, "type": "string", "javaType": "java.lang.String", "deprecated": false, "autowired": false, "secret": false, "defaultValue": "org.apache.kafka.connect.json.JsonConverter", "configurationClass": "org.apache.camel.component.debezium.configuration.Db2ConnectorEmbeddedDebeziumConfiguration", "configurationField": "configuration", "description": "The Converter class that should be used to serialize and deserialize value data for offsets. The default is JSON converter." },
    "offsetCommitPolicy": { "kind": "property", "displayName": "Offset Commit Policy", "group": "consumer", "label": "consumer", "required": false, "type": "string", "javaType": "java.lang.String", "deprecated": false, "autowired": false, "secret": false, "configurationClass": "org.apache.camel.component.debezium.configuration.Db2ConnectorEmbeddedDebeziumConfiguration", "configurationField": "configuration", "description": "The name of the Java class of the commit policy. It defines when offsets commit has to be triggered based on the number of events processed and the time elapsed since the last commit. This class must implement the interface 'OffsetCommitPolicy'. The default is a periodic commit policy based upon time intervals." },
    "offsetCommitTimeoutMs": { "kind": "property", "displayName": "Offset Commit Timeout Ms", "group": "consumer", "label": "consumer", "required": false, "type": "duration", "javaType": "long", "deprecated": false, "autowired": false, "secret": false, "defaultValue": "5000", "configurationClass": "org.apache.camel.component.debezium.configuration.Db2ConnectorEmbeddedDebeziumConfiguration", "configurationField": "configuration", "description": "Maximum number of milliseconds to wait for records to flush and partition offset data to be committed to offset storage before cancelling the process and restoring the offset data to be committed in a future attempt. The default is 5 seconds." },
    "offsetFlushIntervalMs": { "kind": "property", "displayName": "Offset Flush Interval Ms", "group": "consumer", "label": "consumer", "required": false, "type": "duration", "javaType": "long", "deprecated": false, "autowired": false, "secret": false, "defaultValue": "60000", "configurationClass": "org.apache.camel.component.debezium.configuration.Db2ConnectorEmbeddedDebeziumConfiguration", "configurationField": "configuration", "description": "Interval at which to try committing offsets. The default is 1 minute." },
    "offsetStorage": { "kind": "property", "displayName": "Offset Storage", "group": "consumer", "label": "consumer", "required": false, "type": "string", "javaType": "java.lang.String", "deprecated": false, "autowired": false, "secret": false, "defaultValue": "org.apache.kafka.connect.storage.FileOffsetBackingStore", "configurationClass": "org.apache.camel.component.debezium.configuration.Db2ConnectorEmbeddedDebeziumConfiguration", "configurationField": "configuration", "description": "The name of the Java class that is responsible for persistence of connector offsets." },
    "offsetStorageFileName": { "kind": "property", "displayName": "Offset Storage File Name", "group": "consumer", "label": "consumer", "required": false, "type": "string", "javaType": "java.lang.String", "deprecated": false, "autowired": false, "secret": false, "configurationClass": "org.apache.camel.component.debezium.configuration.Db2ConnectorEmbeddedDebeziumConfiguration", "configurationField": "configuration", "description": "Path to file where offsets are to be stored. Required when offset.storage is set to the FileOffsetBackingStore." },
    "offsetStoragePartitions": { "kind": "property", "displayName": "Offset Storage Partitions", "group": "consumer", "label": "consumer", "required": false, "type": "integer", "javaType": "int", "deprecated": false, "autowired": false, "secret": false, "configurationClass": "org.apache.camel.component.debezium.configuration.Db2ConnectorEmbeddedDebeziumConfiguration", "configurationField": "configuration", "description": "The number of partitions used when creating the offset storage topic. Required when offset.storage is set to the 'KafkaOffsetBackingStore'." },
    "offsetStorageReplicationFactor": { "kind": "property", "displayName": "Offset Storage Replication Factor", "group": "consumer", "label": "consumer", "required": false, "type": "integer", "javaType": "int", "deprecated": false, "autowired": false, "secret": false, "configurationClass": "org.apache.camel.component.debezium.configuration.Db2ConnectorEmbeddedDebeziumConfiguration", "configurationField": "configuration", "description": "Replication factor used when creating the offset storage topic. Required when offset.storage is set to the KafkaOffsetBackingStore" },
    "offsetStorageTopic": { "kind": "property", "displayName": "Offset Storage Topic", "group": "consumer", "label": "consumer", "required": false, "type": "string", "javaType": "java.lang.String", "deprecated": false, "autowired": false, "secret": false, "configurationClass": "org.apache.camel.component.debezium.configuration.Db2ConnectorEmbeddedDebeziumConfiguration", "configurationField": "configuration", "description": "The name of the Kafka topic where offsets are to be stored. Required when offset.storage is set to the KafkaOffsetBackingStore." },
    "autowiredEnabled": { "kind": "property", "displayName": "Autowired Enabled", "group": "advanced", "label": "advanced", "required": false, "type": "boolean", "javaType": "boolean", "deprecated": false, "autowired": false, "secret": false, "defaultValue": true, "description": "Whether autowiring is enabled. This is used for automatic autowiring options (the option must be marked as autowired) by looking up in the registry to find if there is a single instance of matching type, which then gets configured on the component. This can be used for automatic configuring JDBC data sources, JMS connection factories, AWS Clients, etc." },
    "columnBlacklist": { "kind": "property", "displayName": "Column Blacklist", "group": "db2", "label": "consumer,db2", "required": false, "type": "string", "javaType": "java.lang.String", "deprecated": false, "autowired": false, "secret": false, "configurationClass": "org.apache.camel.component.debezium.configuration.Db2ConnectorEmbeddedDebeziumConfiguration", "configurationField": "configuration", "description": "Regular expressions matching columns to exclude from change events (deprecated, use column.exclude.list instead)" },
    "columnExcludeList": { "kind": "property", "displayName": "Column Exclude List", "group": "db2", "label": "consumer,db2", "required": false, "type": "string", "javaType": "java.lang.String", "deprecated": false, "autowired": false, "secret": false, "configurationClass": "org.apache.camel.component.debezium.configuration.Db2ConnectorEmbeddedDebeziumConfiguration", "configurationField": "configuration", "description": "Regular expressions matching columns to exclude from change events" },
    "columnIncludeList": { "kind": "property", "displayName": "Column Include List", "group": "db2", "label": "consumer,db2", "required": false, "type": "string", "javaType": "java.lang.String", "deprecated": false, "autowired": false, "secret": false, "configurationClass": "org.apache.camel.component.debezium.configuration.Db2ConnectorEmbeddedDebeziumConfiguration", "configurationField": "configuration", "description": "Regular expressions matching columns to include in change events" },
    "columnPropagateSourceType": { "kind": "property", "displayName": "Column Propagate Source Type", "group": "db2", "label": "consumer,db2", "required": false, "type": "string", "javaType": "java.lang.String", "deprecated": false, "autowired": false, "secret": false, "configurationClass": "org.apache.camel.component.debezium.configuration.Db2ConnectorEmbeddedDebeziumConfiguration", "configurationField": "configuration", "description": "A comma-separated list of regular expressions matching fully-qualified names of columns that adds the columns original type and original length as parameters to the corresponding field schemas in the emitted change records." },
    "columnWhitelist": { "kind": "property", "displayName": "Column Whitelist", "group": "db2", "label": "consumer,db2", "required": false, "type": "string", "javaType": "java.lang.String", "deprecated": false, "autowired": false, "secret": false, "configurationClass": "org.apache.camel.component.debezium.configuration.Db2ConnectorEmbeddedDebeziumConfiguration", "configurationField": "configuration", "description": "Regular expressions matching columns to include in change events (deprecated, use column.include.list instead)" },
    "converters": { "kind": "property", "displayName": "Converters", "group": "db2", "label": "consumer,db2", "required": false, "type": "string", "javaType": "java.lang.String", "deprecated": false, "autowired": false, "secret": false, "configurationClass": "org.apache.camel.component.debezium.configuration.Db2ConnectorEmbeddedDebeziumConfiguration", "configurationField": "configuration", "description": "Optional list of custom converters that would be used instead of default ones. The converters are defined using '.type' config option and configured using options '.'" },
    "databaseDbname": { "kind": "property", "displayName": "Database Dbname", "group": "db2", "label": "consumer,db2", "required": false, "type": "string", "javaType": "java.lang.String", "deprecated": false, "autowired": false, "secret": false, "configurationClass": "org.apache.camel.component.debezium.configuration.Db2ConnectorEmbeddedDebeziumConfiguration", "configurationField": "configuration", "description": "The name of the database from which the connector should capture changes" },
    "databaseHistory": { "kind": "property", "displayName": "Database History", "group": "db2", "label": "consumer,db2", "required": false, "type": "string", "javaType": "java.lang.String", "deprecated": false, "autowired": false, "secret": false, "defaultValue": "io.debezium.relational.history.KafkaDatabaseHistory", "configurationClass": "org.apache.camel.component.debezium.configuration.Db2ConnectorEmbeddedDebeziumConfiguration", "configurationField": "configuration", "description": "The name of the DatabaseHistory class that should be used to store and recover database schema changes. The configuration properties for the history are prefixed with the 'database.history.' string." },
    "databaseHistoryFileFilename": { "kind": "property", "displayName": "Database History File Filename", "group": "db2", "label": "consumer,db2", "required": false, "type": "string", "javaType": "java.lang.String", "deprecated": false, "autowired": false, "secret": false, "configurationClass": "org.apache.camel.component.debezium.configuration.Db2ConnectorEmbeddedDebeziumConfiguration", "configurationField": "configuration", "description": "The path to the file that will be used to record the database history" },
    "databaseHistoryKafkaBootstrapServers": { "kind": "property", "displayName": "Database History Kafka Bootstrap Servers", "group": "db2", "label": "consumer,db2", "required": false, "type": "string", "javaType": "java.lang.String", "deprecated": false, "autowired": false, "secret": false, "configurationClass": "org.apache.camel.component.debezium.configuration.Db2ConnectorEmbeddedDebeziumConfiguration", "configurationField": "configuration", "description": "A list of host\/port pairs that the connector will use for establishing the initial connection to the Kafka cluster for retrieving database schema history previously stored by the connector. This should point to the same Kafka cluster used by the Kafka Connect process." },
    "databaseHistoryKafkaQueryTimeoutMs": { "kind": "property", "displayName": "Database History Kafka Query Timeout Ms", "group": "db2", "label": "consumer,db2", "required": false, "type": "duration", "javaType": "long", "deprecated": false, "autowired": false, "secret": false, "defaultValue": "3s", "configurationClass": "org.apache.camel.component.debezium.configuration.Db2ConnectorEmbeddedDebeziumConfiguration", "configurationField": "configuration", "description": "The number of milliseconds to wait while fetching cluster information using Kafka admin client." },
    "databaseHistoryKafkaRecoveryAttempts": { "kind": "property", "displayName": "Database History Kafka Recovery Attempts", "group": "db2", "label": "consumer,db2", "required": false, "type": "integer", "javaType": "int", "deprecated": false, "autowired": false, "secret": false, "defaultValue": 100, "configurationClass": "org.apache.camel.component.debezium.configuration.Db2ConnectorEmbeddedDebeziumConfiguration", "configurationField": "configuration", "description": "The number of attempts in a row that no data are returned from Kafka before recover completes. The maximum amount of time to wait after receiving no data is (recovery.attempts) x (recovery.poll.interval.ms)." },
    "databaseHistoryKafkaRecoveryPollIntervalMs": { "kind": "property", "displayName": "Database History Kafka Recovery Poll Interval Ms", "group": "db2", "label": "consumer,db2", "required": false, "type": "duration", "javaType": "int", "deprecated": false, "autowired": false, "secret": false, "defaultValue": "100ms", "configurationClass": "org.apache.camel.component.debezium.configuration.Db2ConnectorEmbeddedDebeziumConfiguration", "configurationField": "configuration", "description": "The number of milliseconds to wait while polling for persisted data during recovery." },
    "databaseHistoryKafkaTopic": { "kind": "property", "displayName": "Database History Kafka Topic", "group": "db2", "label": "consumer,db2", "required": false, "type": "string", "javaType": "java.lang.String", "deprecated": false, "autowired": false, "secret": false, "configurationClass": "org.apache.camel.component.debezium.configuration.Db2ConnectorEmbeddedDebeziumConfiguration", "configurationField": "configuration", "description": "The name of the topic for the database schema history" },
    "databaseHistorySkipUnparseableDdl": { "kind": "property", "displayName": "Database History Skip Unparseable Ddl", "group": "db2", "label": "consumer,db2", "required": false, "type": "boolean", "javaType": "boolean", "deprecated": false, "autowired": false, "secret": false, "defaultValue": false, "configurationClass": "org.apache.camel.component.debezium.configuration.Db2ConnectorEmbeddedDebeziumConfiguration", "configurationField": "configuration", "description": "Controls the action Debezium will take when it meets a DDL statement in binlog, that it cannot parse.By default the connector will stop operating but by changing the setting it can ignore the statements which it cannot parse. If skipping is enabled then Debezium can miss metadata changes." },
    "databaseHistoryStoreOnlyCapturedTablesDdl": { "kind": "property", "displayName": "Database History Store Only Captured Tables Ddl", "group": "db2", "label": "consumer,db2", "required": false, "type": "boolean", "javaType": "boolean", "deprecated": false, "autowired": false, "secret": false, "defaultValue": false, "configurationClass": "org.apache.camel.component.debezium.configuration.Db2ConnectorEmbeddedDebeziumConfiguration", "configurationField": "configuration", "description": "Controls what DDL will Debezium store in database history. By default (false) Debezium will store all incoming DDL statements. If set to true, then only DDL that manipulates a captured table will be stored." },
    "databaseHistoryStoreOnlyMonitoredTablesDdl": { "kind": "property", "displayName": "Database History Store Only Monitored Tables Ddl", "group": "db2", "label": "consumer,db2", "required": false, "type": "boolean", "javaType": "boolean", "deprecated": false, "autowired": false, "secret": false, "defaultValue": false, "configurationClass": "org.apache.camel.component.debezium.configuration.Db2ConnectorEmbeddedDebeziumConfiguration", "configurationField": "configuration", "description": "Controls what DDL will Debezium store in database history. By default (false) Debezium will store all incoming DDL statements. If set to true, then only DDL that manipulates a monitored table will be stored (deprecated, use database.history.store.only.captured.tables.ddl instead)" },
    "databaseHostname": { "kind": "property", "displayName": "Database Hostname", "group": "db2", "label": "consumer,db2", "required": false, "type": "string", "javaType": "java.lang.String", "deprecated": false, "autowired": false, "secret": false, "configurationClass": "org.apache.camel.component.debezium.configuration.Db2ConnectorEmbeddedDebeziumConfiguration", "configurationField": "configuration", "description": "Resolvable hostname or IP address of the database server." },
    "databasePassword": { "kind": "property", "displayName": "Database Password", "group": "db2", "label": "consumer,db2", "required": true, "type": "string", "javaType": "java.lang.String", "deprecated": false, "deprecationNote": "", "autowired": false, "secret": false, "configurationClass": "org.apache.camel.component.debezium.configuration.Db2ConnectorEmbeddedDebeziumConfiguration", "configurationField": "configuration", "description": "Password of the database user to be used when connecting to the database." },
    "databasePort": { "kind": "property", "displayName": "Database Port", "group": "db2", "label": "consumer,db2", "required": false, "type": "integer", "javaType": "int", "deprecated": false, "autowired": false, "secret": false, "defaultValue": 50000, "configurationClass": "org.apache.camel.component.debezium.configuration.Db2ConnectorEmbeddedDebeziumConfiguration", "configurationField": "configuration", "description": "Port of the database server." },
    "databaseServerName": { "kind": "property", "displayName": "Database Server Name", "group": "db2", "label": "consumer,db2", "required": true, "type": "string", "javaType": "java.lang.String", "deprecated": false, "deprecationNote": "", "autowired": false, "secret": false, "configurationClass": "org.apache.camel.component.debezium.configuration.Db2ConnectorEmbeddedDebeziumConfiguration", "configurationField": "configuration", "description": "Unique name that identifies the database server and all recorded offsets, and that is used as a prefix for all schemas and topics. Each distinct installation should have a separate namespace and be monitored by at most one Debezium connector." },
    "databaseUser": { "kind": "property", "displayName": "Database User", "group": "db2", "label": "consumer,db2", "required": false, "type": "string", "javaType": "java.lang.String", "deprecated": false, "autowired": false, "secret": false, "configurationClass": "org.apache.camel.component.debezium.configuration.Db2ConnectorEmbeddedDebeziumConfiguration", "configurationField": "configuration", "description": "Name of the database user to be used when connecting to the database." },
    "datatypePropagateSourceType": { "kind": "property", "displayName": "Datatype Propagate Source Type", "group": "db2", "label": "consumer,db2", "required": false, "type": "string", "javaType": "java.lang.String", "deprecated": false, "autowired": false, "secret": false, "configurationClass": "org.apache.camel.component.debezium.configuration.Db2ConnectorEmbeddedDebeziumConfiguration", "configurationField": "configuration", "description": "A comma-separated list of regular expressions matching the database-specific data type names that adds the data type's original type and original length as parameters to the corresponding field schemas in the emitted change records." },
    "decimalHandlingMode": { "kind": "property", "displayName": "Decimal Handling Mode", "group": "db2", "label": "consumer,db2", "required": false, "type": "string", "javaType": "java.lang.String", "deprecated": false, "autowired": false, "secret": false, "defaultValue": "precise", "configurationClass": "org.apache.camel.component.debezium.configuration.Db2ConnectorEmbeddedDebeziumConfiguration", "configurationField": "configuration", "description": "Specify how DECIMAL and NUMERIC columns should be represented in change events, including:'precise' (the default) uses java.math.BigDecimal to represent values, which are encoded in the change events using a binary representation and Kafka Connect's 'org.apache.kafka.connect.data.Decimal' type; 'string' uses string to represent values; 'double' represents values using Java's 'double', which may not offer the precision but will be far easier to use in consumers." },
    "eventProcessingFailureHandlingMode": { "kind": "property", "displayName": "Event Processing Failure Handling Mode", "group": "db2", "label": "consumer,db2", "required": false, "type": "string", "javaType": "java.lang.String", "deprecated": false, "autowired": false, "secret": false, "defaultValue": "fail", "configurationClass": "org.apache.camel.component.debezium.configuration.Db2ConnectorEmbeddedDebeziumConfiguration", "configurationField": "configuration", "description": "Specify how failures during processing of events (i.e. when encountering a corrupted event) should be handled, including:'fail' (the default) an exception indicating the problematic event and its position is raised, causing the connector to be stopped; 'warn' the problematic event and its position will be logged and the event will be skipped;'ignore' the problematic event will be skipped." },
    "heartbeatIntervalMs": { "kind": "property", "displayName": "Heartbeat Interval Ms", "group": "db2", "label": "consumer,db2", "required": false, "type": "duration", "javaType": "int", "deprecated": false, "autowired": false, "secret": false, "defaultValue": "0ms", "configurationClass": "org.apache.camel.component.debezium.configuration.Db2ConnectorEmbeddedDebeziumConfiguration", "configurationField": "configuration", "description": "Length of an interval in milli-seconds in in which the connector periodically sends heartbeat messages to a heartbeat topic. Use 0 to disable heartbeat messages. Disabled by default." },
    "heartbeatTopicsPrefix": { "kind": "property", "displayName": "Heartbeat Topics Prefix", "group": "db2", "label": "consumer,db2", "required": false, "type": "string", "javaType": "java.lang.String", "deprecated": false, "autowired": false, "secret": false, "defaultValue": "__debezium-heartbeat", "configurationClass": "org.apache.camel.component.debezium.configuration.Db2ConnectorEmbeddedDebeziumConfiguration", "configurationField": "configuration", "description": "The prefix that is used to name heartbeat topics.Defaults to __debezium-heartbeat." },
    "includeSchemaChanges": { "kind": "property", "displayName": "Include Schema Changes", "group": "db2", "label": "consumer,db2", "required": false, "type": "boolean", "javaType": "boolean", "deprecated": false, "autowired": false, "secret": false, "defaultValue": true, "configurationClass": "org.apache.camel.component.debezium.configuration.Db2ConnectorEmbeddedDebeziumConfiguration", "configurationField": "configuration", "description": "Whether the connector should publish changes in the database schema to a Kafka topic with the same name as the database server ID. Each schema change will be recorded using a key that contains the database name and whose value include logical description of the new schema and optionally the DDL statement(s).The default is 'true'. This is independent of how the connector internally records database history." },
    "incrementalSnapshotChunkSize": { "kind": "property", "displayName": "Incremental Snapshot Chunk Size", "group": "db2", "label": "consumer,db2", "required": false, "type": "integer", "javaType": "int", "deprecated": false, "autowired": false, "secret": false, "defaultValue": 1024, "configurationClass": "org.apache.camel.component.debezium.configuration.Db2ConnectorEmbeddedDebeziumConfiguration", "configurationField": "configuration", "description": "The maximum size of chunk for incremental snapshotting" },
    "maxBatchSize": { "kind": "property", "displayName": "Max Batch Size", "group": "db2", "label": "consumer,db2", "required": false, "type": "integer", "javaType": "int", "deprecated": false, "autowired": false, "secret": false, "defaultValue": 2048, "configurationClass": "org.apache.camel.component.debezium.configuration.Db2ConnectorEmbeddedDebeziumConfiguration", "configurationField": "configuration", "description": "Maximum size of each batch of source records. Defaults to 2048." },
    "maxQueueSize": { "kind": "property", "displayName": "Max Queue Size", "group": "db2", "label": "consumer,db2", "required": false, "type": "integer", "javaType": "int", "deprecated": false, "autowired": false, "secret": false, "defaultValue": 8192, "configurationClass": "org.apache.camel.component.debezium.configuration.Db2ConnectorEmbeddedDebeziumConfiguration", "configurationField": "configuration", "description": "Maximum size of the queue for change events read from the database log but not yet recorded or forwarded. Defaults to 8192, and should always be larger than the maximum batch size." },
    "maxQueueSizeInBytes": { "kind": "property", "displayName": "Max Queue Size In Bytes", "group": "db2", "label": "consumer,db2", "required": false, "type": "integer", "javaType": "long", "deprecated": false, "autowired": false, "secret": false, "defaultValue": 0, "configurationClass": "org.apache.camel.component.debezium.configuration.Db2ConnectorEmbeddedDebeziumConfiguration", "configurationField": "configuration", "description": "Maximum size of the queue in bytes for change events read from the database log but not yet recorded or forwarded. Defaults to 0. Mean the feature is not enabled" },
    "messageKeyColumns": { "kind": "property", "displayName": "Message Key Columns", "group": "db2", "label": "consumer,db2", "required": false, "type": "string", "javaType": "java.lang.String", "deprecated": false, "autowired": false, "secret": false, "configurationClass": "org.apache.camel.component.debezium.configuration.Db2ConnectorEmbeddedDebeziumConfiguration", "configurationField": "configuration", "description": "A semicolon-separated list of expressions that match fully-qualified tables and column(s) to be used as message key. Each expression must match the pattern ':',where the table names could be defined as (DB_NAME.TABLE_NAME) or (SCHEMA_NAME.TABLE_NAME), depending on the specific connector,and the key columns are a comma-separated list of columns representing the custom key. For any table without an explicit key configuration the table's primary key column(s) will be used as message key.Example: dbserver1.inventory.orderlines:orderId,orderLineId;dbserver1.inventory.orders:id" },
    "pollIntervalMs": { "kind": "property", "displayName": "Poll Interval Ms", "group": "db2", "label": "consumer,db2", "required": false, "type": "duration", "javaType": "long", "deprecated": false, "autowired": false, "secret": false, "defaultValue": "500ms", "configurationClass": "org.apache.camel.component.debezium.configuration.Db2ConnectorEmbeddedDebeziumConfiguration", "configurationField": "configuration", "description": "Time to wait for new change events to appear after receiving no events, given in milliseconds. Defaults to 500 ms." },
    "provideTransactionMetadata": { "kind": "property", "displayName": "Provide Transaction Metadata", "group": "db2", "label": "consumer,db2", "required": false, "type": "boolean", "javaType": "boolean", "deprecated": false, "autowired": false, "secret": false, "defaultValue": false, "configurationClass": "org.apache.camel.component.debezium.configuration.Db2ConnectorEmbeddedDebeziumConfiguration", "configurationField": "configuration", "description": "Enables transaction metadata extraction together with event counting" },
    "queryFetchSize": { "kind": "property", "displayName": "Query Fetch Size", "group": "db2", "label": "consumer,db2", "required": false, "type": "integer", "javaType": "int", "deprecated": false, "autowired": false, "secret": false, "defaultValue": 0, "configurationClass": "org.apache.camel.component.debezium.configuration.Db2ConnectorEmbeddedDebeziumConfiguration", "configurationField": "configuration", "description": "The maximum number of records that should be loaded into memory while streaming. A value of 0 uses the default JDBC fetch size." },
    "retriableRestartConnectorWaitMs": { "kind": "property", "displayName": "Retriable Restart Connector Wait Ms", "group": "db2", "label": "consumer,db2", "required": false, "type": "duration", "javaType": "long", "deprecated": false, "autowired": false, "secret": false, "defaultValue": "10s", "configurationClass": "org.apache.camel.component.debezium.configuration.Db2ConnectorEmbeddedDebeziumConfiguration", "configurationField": "configuration", "description": "Time to wait before restarting connector after retriable exception occurs. Defaults to 10000ms." },
    "sanitizeFieldNames": { "kind": "property", "displayName": "Sanitize Field Names", "group": "db2", "label": "consumer,db2", "required": false, "type": "boolean", "javaType": "boolean", "deprecated": false, "autowired": false, "secret": false, "defaultValue": false, "configurationClass": "org.apache.camel.component.debezium.configuration.Db2ConnectorEmbeddedDebeziumConfiguration", "configurationField": "configuration", "description": "Whether field names will be sanitized to Avro naming conventions" },
    "schemaNameAdjustmentMode": { "kind": "property", "displayName": "Schema Name Adjustment Mode", "group": "db2", "label": "consumer,db2", "required": false, "type": "string", "javaType": "java.lang.String", "deprecated": false, "autowired": false, "secret": false, "defaultValue": "avro", "configurationClass": "org.apache.camel.component.debezium.configuration.Db2ConnectorEmbeddedDebeziumConfiguration", "configurationField": "configuration", "description": "Specify how schema names should be adjusted for compatibility with the message converter used by the connector, including:'avro' replaces the characters that cannot be used in the Avro type name with underscore (default)'none' does not apply any adjustment" },
    "signalDataCollection": { "kind": "property", "displayName": "Signal Data Collection", "group": "db2", "label": "consumer,db2", "required": false, "type": "string", "javaType": "java.lang.String", "deprecated": false, "autowired": false, "secret": false, "configurationClass": "org.apache.camel.component.debezium.configuration.Db2ConnectorEmbeddedDebeziumConfiguration", "configurationField": "configuration", "description": "The name of the data collection that is used to send signals\/commands to Debezium. Signaling is disabled when not set." },
    "skippedOperations": { "kind": "property", "displayName": "Skipped Operations", "group": "db2", "label": "consumer,db2", "required": false, "type": "string", "javaType": "java.lang.String", "deprecated": false, "autowired": false, "secret": false, "configurationClass": "org.apache.camel.component.debezium.configuration.Db2ConnectorEmbeddedDebeziumConfiguration", "configurationField": "configuration", "description": "The comma-separated list of operations to skip during streaming, defined as: 'c' for inserts\/create; 'u' for updates; 'd' for deletes, 't' for truncates, and 'none' to indicate nothing skipped. By default, no operations will be skipped." },
    "snapshotDelayMs": { "kind": "property", "displayName": "Snapshot Delay Ms", "group": "db2", "label": "consumer,db2", "required": false, "type": "duration", "javaType": "long", "deprecated": false, "autowired": false, "secret": false, "defaultValue": "0ms", "configurationClass": "org.apache.camel.component.debezium.configuration.Db2ConnectorEmbeddedDebeziumConfiguration", "configurationField": "configuration", "description": "A delay period before a snapshot will begin, given in milliseconds. Defaults to 0 ms." },
    "snapshotFetchSize": { "kind": "property", "displayName": "Snapshot Fetch Size", "group": "db2", "label": "consumer,db2", "required": false, "type": "integer", "javaType": "int", "deprecated": false, "autowired": false, "secret": false, "configurationClass": "org.apache.camel.component.debezium.configuration.Db2ConnectorEmbeddedDebeziumConfiguration", "configurationField": "configuration", "description": "The maximum number of records that should be loaded into memory while performing a snapshot" },
    "snapshotIncludeCollectionList": { "kind": "property", "displayName": "Snapshot Include Collection List", "group": "db2", "label": "consumer,db2", "required": false, "type": "string", "javaType": "java.lang.String", "deprecated": false, "autowired": false, "secret": false, "configurationClass": "org.apache.camel.component.debezium.configuration.Db2ConnectorEmbeddedDebeziumConfiguration", "configurationField": "configuration", "description": "this setting must be set to specify a list of tables\/collections whose snapshot must be taken on creating or restarting the connector." },
    "snapshotLockTimeoutMs": { "kind": "property", "displayName": "Snapshot Lock Timeout Ms", "group": "db2", "label": "consumer,db2", "required": false, "type": "duration", "javaType": "long", "deprecated": false, "autowired": false, "secret": false, "defaultValue": "10s", "configurationClass": "org.apache.camel.component.debezium.configuration.Db2ConnectorEmbeddedDebeziumConfiguration", "configurationField": "configuration", "description": "The maximum number of millis to wait for table locks at the beginning of a snapshot. If locks cannot be acquired in this time frame, the snapshot will be aborted. Defaults to 10 seconds" },
    "snapshotMode": { "kind": "property", "displayName": "Snapshot Mode", "group": "db2", "label": "consumer,db2", "required": false, "type": "string", "javaType": "java.lang.String", "deprecated": false, "autowired": false, "secret": false, "defaultValue": "initial", "configurationClass": "org.apache.camel.component.debezium.configuration.Db2ConnectorEmbeddedDebeziumConfiguration", "configurationField": "configuration", "description": "The criteria for running a snapshot upon startup of the connector. Options include: 'initial' (the default) to specify the connector should run a snapshot only when no offsets are available for the logical server name; 'schema_only' to specify the connector should run a snapshot of the schema when no offsets are available for the logical server name." },
    "snapshotSelectStatementOverrides": { "kind": "property", "displayName": "Snapshot Select Statement Overrides", "group": "db2", "label": "consumer,db2", "required": false, "type": "string", "javaType": "java.lang.String", "deprecated": false, "autowired": false, "secret": false, "configurationClass": "org.apache.camel.component.debezium.configuration.Db2ConnectorEmbeddedDebeziumConfiguration", "configurationField": "configuration", "description": "This property contains a comma-separated list of fully-qualified tables (DB_NAME.TABLE_NAME) or (SCHEMA_NAME.TABLE_NAME), depending on thespecific connectors. Select statements for the individual tables are specified in further configuration properties, one for each table, identified by the id 'snapshot.select.statement.overrides.DB_NAME.TABLE_NAME' or 'snapshot.select.statement.overrides.SCHEMA_NAME.TABLE_NAME', respectively. The value of those properties is the select statement to use when retrieving data from the specific table during snapshotting. A possible use case for large append-only tables is setting a specific point where to start (resume) snapshotting, in case a previous snapshotting was interrupted." },
    "sourceStructVersion": { "kind": "property", "displayName": "Source Struct Version", "group": "db2", "label": "consumer,db2", "required": false, "type": "string", "javaType": "java.lang.String", "deprecated": false, "autowired": false, "secret": false, "defaultValue": "v2", "configurationClass": "org.apache.camel.component.debezium.configuration.Db2ConnectorEmbeddedDebeziumConfiguration", "configurationField": "configuration", "description": "A version of the format of the publicly visible source part in the message" },
    "tableBlacklist": { "kind": "property", "displayName": "Table Blacklist", "group": "db2", "label": "consumer,db2", "required": false, "type": "string", "javaType": "java.lang.String", "deprecated": false, "autowired": false, "secret": false, "configurationClass": "org.apache.camel.component.debezium.configuration.Db2ConnectorEmbeddedDebeziumConfiguration", "configurationField": "configuration", "description": "A comma-separated list of regular expressions that match the fully-qualified names of tables to be excluded from monitoring (deprecated, use table.exclude.list instead)" },
    "tableExcludeList": { "kind": "property", "displayName": "Table Exclude List", "group": "db2", "label": "consumer,db2", "required": false, "type": "string", "javaType": "java.lang.String", "deprecated": false, "autowired": false, "secret": false, "configurationClass": "org.apache.camel.component.debezium.configuration.Db2ConnectorEmbeddedDebeziumConfiguration", "configurationField": "configuration", "description": "A comma-separated list of regular expressions that match the fully-qualified names of tables to be excluded from monitoring" },
    "tableIgnoreBuiltin": { "kind": "property", "displayName": "Table Ignore Builtin", "group": "db2", "label": "consumer,db2", "required": false, "type": "boolean", "javaType": "boolean", "deprecated": false, "autowired": false, "secret": false, "defaultValue": true, "configurationClass": "org.apache.camel.component.debezium.configuration.Db2ConnectorEmbeddedDebeziumConfiguration", "configurationField": "configuration", "description": "Flag specifying whether built-in tables should be ignored." },
    "tableIncludeList": { "kind": "property", "displayName": "Table Include List", "group": "db2", "label": "consumer,db2", "required": false, "type": "string", "javaType": "java.lang.String", "deprecated": false, "autowired": false, "secret": false, "configurationClass": "org.apache.camel.component.debezium.configuration.Db2ConnectorEmbeddedDebeziumConfiguration", "configurationField": "configuration", "description": "The tables for which changes are to be captured" },
    "tableWhitelist": { "kind": "property", "displayName": "Table Whitelist", "group": "db2", "label": "consumer,db2", "required": false, "type": "string", "javaType": "java.lang.String", "deprecated": false, "autowired": false, "secret": false, "configurationClass": "org.apache.camel.component.debezium.configuration.Db2ConnectorEmbeddedDebeziumConfiguration", "configurationField": "configuration", "description": "The tables for which changes are to be captured (deprecated, use table.include.list instead)" },
    "timePrecisionMode": { "kind": "property", "displayName": "Time Precision Mode", "group": "db2", "label": "consumer,db2", "required": false, "type": "string", "javaType": "java.lang.String", "deprecated": false, "autowired": false, "secret": false, "defaultValue": "adaptive", "configurationClass": "org.apache.camel.component.debezium.configuration.Db2ConnectorEmbeddedDebeziumConfiguration", "configurationField": "configuration", "description": "Time, date, and timestamps can be represented with different kinds of precisions, including:'adaptive' (the default) bases the precision of time, date, and timestamp values on the database column's precision; 'adaptive_time_microseconds' like 'adaptive' mode, but TIME fields always use microseconds precision;'connect' always represents time, date, and timestamp values using Kafka Connect's built-in representations for Time, Date, and Timestamp, which uses millisecond precision regardless of the database columns' precision ." },
    "tombstonesOnDelete": { "kind": "property", "displayName": "Tombstones On Delete", "group": "db2", "label": "consumer,db2", "required": false, "type": "boolean", "javaType": "boolean", "deprecated": false, "autowired": false, "secret": false, "defaultValue": false, "configurationClass": "org.apache.camel.component.debezium.configuration.Db2ConnectorEmbeddedDebeziumConfiguration", "configurationField": "configuration", "description": "Whether delete operations should be represented by a delete event and a subsquenttombstone event (true) or only by a delete event (false). Emitting the tombstone event (the default behavior) allows Kafka to completely delete all events pertaining to the given key once the source record got deleted." },
    "transactionTopic": { "kind": "property", "displayName": "Transaction Topic", "group": "db2", "label": "consumer,db2", "required": false, "type": "string", "javaType": "java.lang.String", "deprecated": false, "autowired": false, "secret": false, "defaultValue": "${database.server.name}.transaction", "configurationClass": "org.apache.camel.component.debezium.configuration.Db2ConnectorEmbeddedDebeziumConfiguration", "configurationField": "configuration", "description": "The name of the transaction metadata topic. The placeholder ${database.server.name} can be used for referring to the connector's logical name; defaults to ${database.server.name}.transaction." }
  },
  "headers": {
    "CamelDebeziumSourceMetadata": { "kind": "header", "displayName": "", "group": "consumer", "label": "", "required": false, "javaType": "Map<String, Object>", "deprecated": false, "deprecationNote": "", "autowired": false, "secret": false, "description": "The metadata about the source event, for example table name, database name, log position, etc, please refer to the Debezium documentation for more info.", "constantName": "org.apache.camel.component.debezium.DebeziumConstants#HEADER_SOURCE_METADATA" },
    "CamelDebeziumIdentifier": { "kind": "header", "displayName": "", "group": "consumer", "label": "", "required": false, "javaType": "String", "deprecated": false, "deprecationNote": "", "autowired": false, "secret": false, "description": "The identifier of the connector, normally is this format {server-name}.{database-name}.{table-name}.", "constantName": "org.apache.camel.component.debezium.DebeziumConstants#HEADER_IDENTIFIER" },
    "CamelDebeziumKey": { "kind": "header", "displayName": "", "group": "consumer", "label": "", "required": false, "javaType": "Struct", "deprecated": false, "deprecationNote": "", "autowired": false, "secret": false, "description": "The key of the event, normally is the table Primary Key.", "constantName": "org.apache.camel.component.debezium.DebeziumConstants#HEADER_KEY" },
    "CamelDebeziumOperation": { "kind": "header", "displayName": "", "group": "consumer", "label": "", "required": false, "javaType": "String", "deprecated": false, "deprecationNote": "", "autowired": false, "secret": false, "description": "If presents, the type of event operation. Values for the connector are c for create (or insert), u for update, d for delete or r for read (in the case of a initial sync) or in case of a snapshot event.", "constantName": "org.apache.camel.component.debezium.DebeziumConstants#HEADER_OPERATION" },
    "CamelDebeziumTimestamp": { "kind": "header", "displayName": "", "group": "consumer", "label": "", "required": false, "javaType": "Long", "deprecated": false, "deprecationNote": "", "autowired": false, "secret": false, "description": "If presents, the time (using the system clock in the JVM) at which the connector processed the event.", "constantName": "org.apache.camel.component.debezium.DebeziumConstants#HEADER_TIMESTAMP" },
    "CamelDebeziumBefore": { "kind": "header", "displayName": "", "group": "consumer", "label": "", "required": false, "javaType": "Struct", "deprecated": false, "deprecationNote": "", "autowired": false, "secret": false, "description": "If presents, contains the state of the row before the event occurred.", "constantName": "org.apache.camel.component.debezium.DebeziumConstants#HEADER_BEFORE" },
    "CamelDebeziumDdlSQL": { "kind": "header", "displayName": "", "group": "consumer", "label": "", "required": false, "javaType": "String", "deprecated": false, "deprecationNote": "", "autowired": false, "secret": false, "description": "If presents, the ddl sql text of the event.", "constantName": "org.apache.camel.component.debezium.DebeziumConstants#HEADER_DDL_SQL" }
  },
  "properties": {
    "name": { "kind": "path", "displayName": "Name", "group": "consumer", "label": "consumer", "required": true, "type": "string", "javaType": "java.lang.String", "deprecated": false, "deprecationNote": "", "autowired": false, "secret": false, "configurationClass": "org.apache.camel.component.debezium.configuration.Db2ConnectorEmbeddedDebeziumConfiguration", "configurationField": "configuration", "description": "Unique name for the connector. Attempting to register again with the same name will fail." },
    "additionalProperties": { "kind": "parameter", "displayName": "Additional Properties", "group": "common", "label": "common", "required": false, "type": "object", "javaType": "java.util.Map<java.lang.String, java.lang.Object>", "prefix": "additionalProperties.", "multiValue": true, "deprecated": false, "autowired": false, "secret": false, "configurationClass": "org.apache.camel.component.debezium.configuration.Db2ConnectorEmbeddedDebeziumConfiguration", "configurationField": "configuration", "description": "Additional properties for debezium components in case they can't be set directly on the camel configurations (e.g: setting Kafka Connect properties needed by Debezium engine, for example setting KafkaOffsetBackingStore), the properties have to be prefixed with additionalProperties.. E.g: additionalProperties.transactional.id=12345&additionalProperties.schema.registry.url=http:\/\/localhost:8811\/avro" },
    "internalKeyConverter": { "kind": "parameter", "displayName": "Internal Key Converter", "group": "consumer", "label": "consumer", "required": false, "type": "string", "javaType": "java.lang.String", "deprecated": false, "autowired": false, "secret": false, "defaultValue": "org.apache.kafka.connect.json.JsonConverter", "configurationClass": "org.apache.camel.component.debezium.configuration.Db2ConnectorEmbeddedDebeziumConfiguration", "configurationField": "configuration", "description": "The Converter class that should be used to serialize and deserialize key data for offsets. The default is JSON converter." },
    "internalValueConverter": { "kind": "parameter", "displayName": "Internal Value Converter", "group": "consumer", "label": "consumer", "required": false, "type": "string", "javaType": "java.lang.String", "deprecated": false, "autowired": false, "secret": false, "defaultValue": "org.apache.kafka.connect.json.JsonConverter", "configurationClass": "org.apache.camel.component.debezium.configuration.Db2ConnectorEmbeddedDebeziumConfiguration", "configurationField": "configuration", "description": "The Converter class that should be used to serialize and deserialize value data for offsets. The default is JSON converter." },
    "offsetCommitPolicy": { "kind": "parameter", "displayName": "Offset Commit Policy", "group": "consumer", "label": "consumer", "required": false, "type": "string", "javaType": "java.lang.String", "deprecated": false, "autowired": false, "secret": false, "configurationClass": "org.apache.camel.component.debezium.configuration.Db2ConnectorEmbeddedDebeziumConfiguration", "configurationField": "configuration", "description": "The name of the Java class of the commit policy. It defines when offsets commit has to be triggered based on the number of events processed and the time elapsed since the last commit. This class must implement the interface 'OffsetCommitPolicy'. The default is a periodic commit policy based upon time intervals." },
    "offsetCommitTimeoutMs": { "kind": "parameter", "displayName": "Offset Commit Timeout Ms", "group": "consumer", "label": "consumer", "required": false, "type": "duration", "javaType": "long", "deprecated": false, "autowired": false, "secret": false, "defaultValue": "5000", "configurationClass": "org.apache.camel.component.debezium.configuration.Db2ConnectorEmbeddedDebeziumConfiguration", "configurationField": "configuration", "description": "Maximum number of milliseconds to wait for records to flush and partition offset data to be committed to offset storage before cancelling the process and restoring the offset data to be committed in a future attempt. The default is 5 seconds." },
    "offsetFlushIntervalMs": { "kind": "parameter", "displayName": "Offset Flush Interval Ms", "group": "consumer", "label": "consumer", "required": false, "type": "duration", "javaType": "long", "deprecated": false, "autowired": false, "secret": false, "defaultValue": "60000", "configurationClass": "org.apache.camel.component.debezium.configuration.Db2ConnectorEmbeddedDebeziumConfiguration", "configurationField": "configuration", "description": "Interval at which to try committing offsets. The default is 1 minute." },
    "offsetStorage": { "kind": "parameter", "displayName": "Offset Storage", "group": "consumer", "label": "consumer", "required": false, "type": "string", "javaType": "java.lang.String", "deprecated": false, "autowired": false, "secret": false, "defaultValue": "org.apache.kafka.connect.storage.FileOffsetBackingStore", "configurationClass": "org.apache.camel.component.debezium.configuration.Db2ConnectorEmbeddedDebeziumConfiguration", "configurationField": "configuration", "description": "The name of the Java class that is responsible for persistence of connector offsets." },
    "offsetStorageFileName": { "kind": "parameter", "displayName": "Offset Storage File Name", "group": "consumer", "label": "consumer", "required": false, "type": "string", "javaType": "java.lang.String", "deprecated": false, "autowired": false, "secret": false, "configurationClass": "org.apache.camel.component.debezium.configuration.Db2ConnectorEmbeddedDebeziumConfiguration", "configurationField": "configuration", "description": "Path to file where offsets are to be stored. Required when offset.storage is set to the FileOffsetBackingStore." },
    "offsetStoragePartitions": { "kind": "parameter", "displayName": "Offset Storage Partitions", "group": "consumer", "label": "consumer", "required": false, "type": "integer", "javaType": "int", "deprecated": false, "autowired": false, "secret": false, "configurationClass": "org.apache.camel.component.debezium.configuration.Db2ConnectorEmbeddedDebeziumConfiguration", "configurationField": "configuration", "description": "The number of partitions used when creating the offset storage topic. Required when offset.storage is set to the 'KafkaOffsetBackingStore'." },
    "offsetStorageReplicationFactor": { "kind": "parameter", "displayName": "Offset Storage Replication Factor", "group": "consumer", "label": "consumer", "required": false, "type": "integer", "javaType": "int", "deprecated": false, "autowired": false, "secret": false, "configurationClass": "org.apache.camel.component.debezium.configuration.Db2ConnectorEmbeddedDebeziumConfiguration", "configurationField": "configuration", "description": "Replication factor used when creating the offset storage topic. Required when offset.storage is set to the KafkaOffsetBackingStore" },
    "offsetStorageTopic": { "kind": "parameter", "displayName": "Offset Storage Topic", "group": "consumer", "label": "consumer", "required": false, "type": "string", "javaType": "java.lang.String", "deprecated": false, "autowired": false, "secret": false, "configurationClass": "org.apache.camel.component.debezium.configuration.Db2ConnectorEmbeddedDebeziumConfiguration", "configurationField": "configuration", "description": "The name of the Kafka topic where offsets are to be stored. Required when offset.storage is set to the KafkaOffsetBackingStore." },
    "bridgeErrorHandler": { "kind": "parameter", "displayName": "Bridge Error Handler", "group": "consumer (advanced)", "label": "consumer,advanced", "required": false, "type": "boolean", "javaType": "boolean", "deprecated": false, "autowired": false, "secret": false, "defaultValue": false, "description": "Allows for bridging the consumer to the Camel routing Error Handler, which mean any exceptions occurred while the consumer is trying to pickup incoming messages, or the likes, will now be processed as a message and handled by the routing Error Handler. By default the consumer will use the org.apache.camel.spi.ExceptionHandler to deal with exceptions, that will be logged at WARN or ERROR level and ignored." },
    "exceptionHandler": { "kind": "parameter", "displayName": "Exception Handler", "group": "consumer (advanced)", "label": "consumer,advanced", "required": false, "type": "object", "javaType": "org.apache.camel.spi.ExceptionHandler", "optionalPrefix": "consumer.", "deprecated": false, "autowired": false, "secret": false, "description": "To let the consumer use a custom ExceptionHandler. Notice if the option bridgeErrorHandler is enabled then this option is not in use. By default the consumer will deal with exceptions, that will be logged at WARN or ERROR level and ignored." },
    "exchangePattern": { "kind": "parameter", "displayName": "Exchange Pattern", "group": "consumer (advanced)", "label": "consumer,advanced", "required": false, "type": "object", "javaType": "org.apache.camel.ExchangePattern", "enum": [ "InOnly", "InOut", "InOptionalOut" ], "deprecated": false, "autowired": false, "secret": false, "description": "Sets the exchange pattern when the consumer creates an exchange." },
    "columnBlacklist": { "kind": "parameter", "displayName": "Column Blacklist", "group": "db2", "label": "consumer,db2", "required": false, "type": "string", "javaType": "java.lang.String", "deprecated": false, "autowired": false, "secret": false, "configurationClass": "org.apache.camel.component.debezium.configuration.Db2ConnectorEmbeddedDebeziumConfiguration", "configurationField": "configuration", "description": "Regular expressions matching columns to exclude from change events (deprecated, use column.exclude.list instead)" },
    "columnExcludeList": { "kind": "parameter", "displayName": "Column Exclude List", "group": "db2", "label": "consumer,db2", "required": false, "type": "string", "javaType": "java.lang.String", "deprecated": false, "autowired": false, "secret": false, "configurationClass": "org.apache.camel.component.debezium.configuration.Db2ConnectorEmbeddedDebeziumConfiguration", "configurationField": "configuration", "description": "Regular expressions matching columns to exclude from change events" },
    "columnIncludeList": { "kind": "parameter", "displayName": "Column Include List", "group": "db2", "label": "consumer,db2", "required": false, "type": "string", "javaType": "java.lang.String", "deprecated": false, "autowired": false, "secret": false, "configurationClass": "org.apache.camel.component.debezium.configuration.Db2ConnectorEmbeddedDebeziumConfiguration", "configurationField": "configuration", "description": "Regular expressions matching columns to include in change events" },
    "columnPropagateSourceType": { "kind": "parameter", "displayName": "Column Propagate Source Type", "group": "db2", "label": "consumer,db2", "required": false, "type": "string", "javaType": "java.lang.String", "deprecated": false, "autowired": false, "secret": false, "configurationClass": "org.apache.camel.component.debezium.configuration.Db2ConnectorEmbeddedDebeziumConfiguration", "configurationField": "configuration", "description": "A comma-separated list of regular expressions matching fully-qualified names of columns that adds the columns original type and original length as parameters to the corresponding field schemas in the emitted change records." },
    "columnWhitelist": { "kind": "parameter", "displayName": "Column Whitelist", "group": "db2", "label": "consumer,db2", "required": false, "type": "string", "javaType": "java.lang.String", "deprecated": false, "autowired": false, "secret": false, "configurationClass": "org.apache.camel.component.debezium.configuration.Db2ConnectorEmbeddedDebeziumConfiguration", "configurationField": "configuration", "description": "Regular expressions matching columns to include in change events (deprecated, use column.include.list instead)" },
    "converters": { "kind": "parameter", "displayName": "Converters", "group": "db2", "label": "consumer,db2", "required": false, "type": "string", "javaType": "java.lang.String", "deprecated": false, "autowired": false, "secret": false, "configurationClass": "org.apache.camel.component.debezium.configuration.Db2ConnectorEmbeddedDebeziumConfiguration", "configurationField": "configuration", "description": "Optional list of custom converters that would be used instead of default ones. The converters are defined using '.type' config option and configured using options '.'" },
    "databaseDbname": { "kind": "parameter", "displayName": "Database Dbname", "group": "db2", "label": "consumer,db2", "required": false, "type": "string", "javaType": "java.lang.String", "deprecated": false, "autowired": false, "secret": false, "configurationClass": "org.apache.camel.component.debezium.configuration.Db2ConnectorEmbeddedDebeziumConfiguration", "configurationField": "configuration", "description": "The name of the database from which the connector should capture changes" },
    "databaseHistory": { "kind": "parameter", "displayName": "Database History", "group": "db2", "label": "consumer,db2", "required": false, "type": "string", "javaType": "java.lang.String", "deprecated": false, "autowired": false, "secret": false, "defaultValue": "io.debezium.relational.history.KafkaDatabaseHistory", "configurationClass": "org.apache.camel.component.debezium.configuration.Db2ConnectorEmbeddedDebeziumConfiguration", "configurationField": "configuration", "description": "The name of the DatabaseHistory class that should be used to store and recover database schema changes. The configuration properties for the history are prefixed with the 'database.history.' string." },
    "databaseHistoryFileFilename": { "kind": "parameter", "displayName": "Database History File Filename", "group": "db2", "label": "consumer,db2", "required": false, "type": "string", "javaType": "java.lang.String", "deprecated": false, "autowired": false, "secret": false, "configurationClass": "org.apache.camel.component.debezium.configuration.Db2ConnectorEmbeddedDebeziumConfiguration", "configurationField": "configuration", "description": "The path to the file that will be used to record the database history" },
    "databaseHistoryKafkaBootstrapServers": { "kind": "parameter", "displayName": "Database History Kafka Bootstrap Servers", "group": "db2", "label": "consumer,db2", "required": false, "type": "string", "javaType": "java.lang.String", "deprecated": false, "autowired": false, "secret": false, "configurationClass": "org.apache.camel.component.debezium.configuration.Db2ConnectorEmbeddedDebeziumConfiguration", "configurationField": "configuration", "description": "A list of host\/port pairs that the connector will use for establishing the initial connection to the Kafka cluster for retrieving database schema history previously stored by the connector. This should point to the same Kafka cluster used by the Kafka Connect process." },
    "databaseHistoryKafkaQueryTimeoutMs": { "kind": "parameter", "displayName": "Database History Kafka Query Timeout Ms", "group": "db2", "label": "consumer,db2", "required": false, "type": "duration", "javaType": "long", "deprecated": false, "autowired": false, "secret": false, "defaultValue": "3s", "configurationClass": "org.apache.camel.component.debezium.configuration.Db2ConnectorEmbeddedDebeziumConfiguration", "configurationField": "configuration", "description": "The number of milliseconds to wait while fetching cluster information using Kafka admin client." },
    "databaseHistoryKafkaRecoveryAttempts": { "kind": "parameter", "displayName": "Database History Kafka Recovery Attempts", "group": "db2", "label": "consumer,db2", "required": false, "type": "integer", "javaType": "int", "deprecated": false, "autowired": false, "secret": false, "defaultValue": 100, "configurationClass": "org.apache.camel.component.debezium.configuration.Db2ConnectorEmbeddedDebeziumConfiguration", "configurationField": "configuration", "description": "The number of attempts in a row that no data are returned from Kafka before recover completes. The maximum amount of time to wait after receiving no data is (recovery.attempts) x (recovery.poll.interval.ms)." },
    "databaseHistoryKafkaRecoveryPollIntervalMs": { "kind": "parameter", "displayName": "Database History Kafka Recovery Poll Interval Ms", "group": "db2", "label": "consumer,db2", "required": false, "type": "duration", "javaType": "int", "deprecated": false, "autowired": false, "secret": false, "defaultValue": "100ms", "configurationClass": "org.apache.camel.component.debezium.configuration.Db2ConnectorEmbeddedDebeziumConfiguration", "configurationField": "configuration", "description": "The number of milliseconds to wait while polling for persisted data during recovery." },
    "databaseHistoryKafkaTopic": { "kind": "parameter", "displayName": "Database History Kafka Topic", "group": "db2", "label": "consumer,db2", "required": false, "type": "string", "javaType": "java.lang.String", "deprecated": false, "autowired": false, "secret": false, "configurationClass": "org.apache.camel.component.debezium.configuration.Db2ConnectorEmbeddedDebeziumConfiguration", "configurationField": "configuration", "description": "The name of the topic for the database schema history" },
    "databaseHistorySkipUnparseableDdl": { "kind": "parameter", "displayName": "Database History Skip Unparseable Ddl", "group": "db2", "label": "consumer,db2", "required": false, "type": "boolean", "javaType": "boolean", "deprecated": false, "autowired": false, "secret": false, "defaultValue": false, "configurationClass": "org.apache.camel.component.debezium.configuration.Db2ConnectorEmbeddedDebeziumConfiguration", "configurationField": "configuration", "description": "Controls the action Debezium will take when it meets a DDL statement in binlog, that it cannot parse.By default the connector will stop operating but by changing the setting it can ignore the statements which it cannot parse. If skipping is enabled then Debezium can miss metadata changes." },
    "databaseHistoryStoreOnlyCapturedTablesDdl": { "kind": "parameter", "displayName": "Database History Store Only Captured Tables Ddl", "group": "db2", "label": "consumer,db2", "required": false, "type": "boolean", "javaType": "boolean", "deprecated": false, "autowired": false, "secret": false, "defaultValue": false, "configurationClass": "org.apache.camel.component.debezium.configuration.Db2ConnectorEmbeddedDebeziumConfiguration", "configurationField": "configuration", "description": "Controls what DDL will Debezium store in database history. By default (false) Debezium will store all incoming DDL statements. If set to true, then only DDL that manipulates a captured table will be stored." },
    "databaseHistoryStoreOnlyMonitoredTablesDdl": { "kind": "parameter", "displayName": "Database History Store Only Monitored Tables Ddl", "group": "db2", "label": "consumer,db2", "required": false, "type": "boolean", "javaType": "boolean", "deprecated": false, "autowired": false, "secret": false, "defaultValue": false, "configurationClass": "org.apache.camel.component.debezium.configuration.Db2ConnectorEmbeddedDebeziumConfiguration", "configurationField": "configuration", "description": "Controls what DDL will Debezium store in database history. By default (false) Debezium will store all incoming DDL statements. If set to true, then only DDL that manipulates a monitored table will be stored (deprecated, use database.history.store.only.captured.tables.ddl instead)" },
    "databaseHostname": { "kind": "parameter", "displayName": "Database Hostname", "group": "db2", "label": "consumer,db2", "required": false, "type": "string", "javaType": "java.lang.String", "deprecated": false, "autowired": false, "secret": false, "configurationClass": "org.apache.camel.component.debezium.configuration.Db2ConnectorEmbeddedDebeziumConfiguration", "configurationField": "configuration", "description": "Resolvable hostname or IP address of the database server." },
    "databasePassword": { "kind": "parameter", "displayName": "Database Password", "group": "db2", "label": "consumer,db2", "required": true, "type": "string", "javaType": "java.lang.String", "deprecated": false, "deprecationNote": "", "autowired": false, "secret": false, "configurationClass": "org.apache.camel.component.debezium.configuration.Db2ConnectorEmbeddedDebeziumConfiguration", "configurationField": "configuration", "description": "Password of the database user to be used when connecting to the database." },
    "databasePort": { "kind": "parameter", "displayName": "Database Port", "group": "db2", "label": "consumer,db2", "required": false, "type": "integer", "javaType": "int", "deprecated": false, "autowired": false, "secret": false, "defaultValue": 50000, "configurationClass": "org.apache.camel.component.debezium.configuration.Db2ConnectorEmbeddedDebeziumConfiguration", "configurationField": "configuration", "description": "Port of the database server." },
    "databaseServerName": { "kind": "parameter", "displayName": "Database Server Name", "group": "db2", "label": "consumer,db2", "required": true, "type": "string", "javaType": "java.lang.String", "deprecated": false, "deprecationNote": "", "autowired": false, "secret": false, "configurationClass": "org.apache.camel.component.debezium.configuration.Db2ConnectorEmbeddedDebeziumConfiguration", "configurationField": "configuration", "description": "Unique name that identifies the database server and all recorded offsets, and that is used as a prefix for all schemas and topics. Each distinct installation should have a separate namespace and be monitored by at most one Debezium connector." },
    "databaseUser": { "kind": "parameter", "displayName": "Database User", "group": "db2", "label": "consumer,db2", "required": false, "type": "string", "javaType": "java.lang.String", "deprecated": false, "autowired": false, "secret": false, "configurationClass": "org.apache.camel.component.debezium.configuration.Db2ConnectorEmbeddedDebeziumConfiguration", "configurationField": "configuration", "description": "Name of the database user to be used when connecting to the database." },
    "datatypePropagateSourceType": { "kind": "parameter", "displayName": "Datatype Propagate Source Type", "group": "db2", "label": "consumer,db2", "required": false, "type": "string", "javaType": "java.lang.String", "deprecated": false, "autowired": false, "secret": false, "configurationClass": "org.apache.camel.component.debezium.configuration.Db2ConnectorEmbeddedDebeziumConfiguration", "configurationField": "configuration", "description": "A comma-separated list of regular expressions matching the database-specific data type names that adds the data type's original type and original length as parameters to the corresponding field schemas in the emitted change records." },
    "decimalHandlingMode": { "kind": "parameter", "displayName": "Decimal Handling Mode", "group": "db2", "label": "consumer,db2", "required": false, "type": "string", "javaType": "java.lang.String", "deprecated": false, "autowired": false, "secret": false, "defaultValue": "precise", "configurationClass": "org.apache.camel.component.debezium.configuration.Db2ConnectorEmbeddedDebeziumConfiguration", "configurationField": "configuration", "description": "Specify how DECIMAL and NUMERIC columns should be represented in change events, including:'precise' (the default) uses java.math.BigDecimal to represent values, which are encoded in the change events using a binary representation and Kafka Connect's 'org.apache.kafka.connect.data.Decimal' type; 'string' uses string to represent values; 'double' represents values using Java's 'double', which may not offer the precision but will be far easier to use in consumers." },
    "eventProcessingFailureHandlingMode": { "kind": "parameter", "displayName": "Event Processing Failure Handling Mode", "group": "db2", "label": "consumer,db2", "required": false, "type": "string", "javaType": "java.lang.String", "deprecated": false, "autowired": false, "secret": false, "defaultValue": "fail", "configurationClass": "org.apache.camel.component.debezium.configuration.Db2ConnectorEmbeddedDebeziumConfiguration", "configurationField": "configuration", "description": "Specify how failures during processing of events (i.e. when encountering a corrupted event) should be handled, including:'fail' (the default) an exception indicating the problematic event and its position is raised, causing the connector to be stopped; 'warn' the problematic event and its position will be logged and the event will be skipped;'ignore' the problematic event will be skipped." },
    "heartbeatIntervalMs": { "kind": "parameter", "displayName": "Heartbeat Interval Ms", "group": "db2", "label": "consumer,db2", "required": false, "type": "duration", "javaType": "int", "deprecated": false, "autowired": false, "secret": false, "defaultValue": "0ms", "configurationClass": "org.apache.camel.component.debezium.configuration.Db2ConnectorEmbeddedDebeziumConfiguration", "configurationField": "configuration", "description": "Length of an interval in milli-seconds in in which the connector periodically sends heartbeat messages to a heartbeat topic. Use 0 to disable heartbeat messages. Disabled by default." },
    "heartbeatTopicsPrefix": { "kind": "parameter", "displayName": "Heartbeat Topics Prefix", "group": "db2", "label": "consumer,db2", "required": false, "type": "string", "javaType": "java.lang.String", "deprecated": false, "autowired": false, "secret": false, "defaultValue": "__debezium-heartbeat", "configurationClass": "org.apache.camel.component.debezium.configuration.Db2ConnectorEmbeddedDebeziumConfiguration", "configurationField": "configuration", "description": "The prefix that is used to name heartbeat topics.Defaults to __debezium-heartbeat." },
    "includeSchemaChanges": { "kind": "parameter", "displayName": "Include Schema Changes", "group": "db2", "label": "consumer,db2", "required": false, "type": "boolean", "javaType": "boolean", "deprecated": false, "autowired": false, "secret": false, "defaultValue": true, "configurationClass": "org.apache.camel.component.debezium.configuration.Db2ConnectorEmbeddedDebeziumConfiguration", "configurationField": "configuration", "description": "Whether the connector should publish changes in the database schema to a Kafka topic with the same name as the database server ID. Each schema change will be recorded using a key that contains the database name and whose value include logical description of the new schema and optionally the DDL statement(s).The default is 'true'. This is independent of how the connector internally records database history." },
    "incrementalSnapshotChunkSize": { "kind": "parameter", "displayName": "Incremental Snapshot Chunk Size", "group": "db2", "label": "consumer,db2", "required": false, "type": "integer", "javaType": "int", "deprecated": false, "autowired": false, "secret": false, "defaultValue": 1024, "configurationClass": "org.apache.camel.component.debezium.configuration.Db2ConnectorEmbeddedDebeziumConfiguration", "configurationField": "configuration", "description": "The maximum size of chunk for incremental snapshotting" },
    "maxBatchSize": { "kind": "parameter", "displayName": "Max Batch Size", "group": "db2", "label": "consumer,db2", "required": false, "type": "integer", "javaType": "int", "deprecated": false, "autowired": false, "secret": false, "defaultValue": 2048, "configurationClass": "org.apache.camel.component.debezium.configuration.Db2ConnectorEmbeddedDebeziumConfiguration", "configurationField": "configuration", "description": "Maximum size of each batch of source records. Defaults to 2048." },
    "maxQueueSize": { "kind": "parameter", "displayName": "Max Queue Size", "group": "db2", "label": "consumer,db2", "required": false, "type": "integer", "javaType": "int", "deprecated": false, "autowired": false, "secret": false, "defaultValue": 8192, "configurationClass": "org.apache.camel.component.debezium.configuration.Db2ConnectorEmbeddedDebeziumConfiguration", "configurationField": "configuration", "description": "Maximum size of the queue for change events read from the database log but not yet recorded or forwarded. Defaults to 8192, and should always be larger than the maximum batch size." },
    "maxQueueSizeInBytes": { "kind": "parameter", "displayName": "Max Queue Size In Bytes", "group": "db2", "label": "consumer,db2", "required": false, "type": "integer", "javaType": "long", "deprecated": false, "autowired": false, "secret": false, "defaultValue": 0, "configurationClass": "org.apache.camel.component.debezium.configuration.Db2ConnectorEmbeddedDebeziumConfiguration", "configurationField": "configuration", "description": "Maximum size of the queue in bytes for change events read from the database log but not yet recorded or forwarded. Defaults to 0. Mean the feature is not enabled" },
    "messageKeyColumns": { "kind": "parameter", "displayName": "Message Key Columns", "group": "db2", "label": "consumer,db2", "required": false, "type": "string", "javaType": "java.lang.String", "deprecated": false, "autowired": false, "secret": false, "configurationClass": "org.apache.camel.component.debezium.configuration.Db2ConnectorEmbeddedDebeziumConfiguration", "configurationField": "configuration", "description": "A semicolon-separated list of expressions that match fully-qualified tables and column(s) to be used as message key. Each expression must match the pattern ':',where the table names could be defined as (DB_NAME.TABLE_NAME) or (SCHEMA_NAME.TABLE_NAME), depending on the specific connector,and the key columns are a comma-separated list of columns representing the custom key. For any table without an explicit key configuration the table's primary key column(s) will be used as message key.Example: dbserver1.inventory.orderlines:orderId,orderLineId;dbserver1.inventory.orders:id" },
    "pollIntervalMs": { "kind": "parameter", "displayName": "Poll Interval Ms", "group": "db2", "label": "consumer,db2", "required": false, "type": "duration", "javaType": "long", "deprecated": false, "autowired": false, "secret": false, "defaultValue": "500ms", "configurationClass": "org.apache.camel.component.debezium.configuration.Db2ConnectorEmbeddedDebeziumConfiguration", "configurationField": "configuration", "description": "Time to wait for new change events to appear after receiving no events, given in milliseconds. Defaults to 500 ms." },
    "provideTransactionMetadata": { "kind": "parameter", "displayName": "Provide Transaction Metadata", "group": "db2", "label": "consumer,db2", "required": false, "type": "boolean", "javaType": "boolean", "deprecated": false, "autowired": false, "secret": false, "defaultValue": false, "configurationClass": "org.apache.camel.component.debezium.configuration.Db2ConnectorEmbeddedDebeziumConfiguration", "configurationField": "configuration", "description": "Enables transaction metadata extraction together with event counting" },
    "queryFetchSize": { "kind": "parameter", "displayName": "Query Fetch Size", "group": "db2", "label": "consumer,db2", "required": false, "type": "integer", "javaType": "int", "deprecated": false, "autowired": false, "secret": false, "defaultValue": 0, "configurationClass": "org.apache.camel.component.debezium.configuration.Db2ConnectorEmbeddedDebeziumConfiguration", "configurationField": "configuration", "description": "The maximum number of records that should be loaded into memory while streaming. A value of 0 uses the default JDBC fetch size." },
    "retriableRestartConnectorWaitMs": { "kind": "parameter", "displayName": "Retriable Restart Connector Wait Ms", "group": "db2", "label": "consumer,db2", "required": false, "type": "duration", "javaType": "long", "deprecated": false, "autowired": false, "secret": false, "defaultValue": "10s", "configurationClass": "org.apache.camel.component.debezium.configuration.Db2ConnectorEmbeddedDebeziumConfiguration", "configurationField": "configuration", "description": "Time to wait before restarting connector after retriable exception occurs. Defaults to 10000ms." },
    "sanitizeFieldNames": { "kind": "parameter", "displayName": "Sanitize Field Names", "group": "db2", "label": "consumer,db2", "required": false, "type": "boolean", "javaType": "boolean", "deprecated": false, "autowired": false, "secret": false, "defaultValue": false, "configurationClass": "org.apache.camel.component.debezium.configuration.Db2ConnectorEmbeddedDebeziumConfiguration", "configurationField": "configuration", "description": "Whether field names will be sanitized to Avro naming conventions" },
    "schemaNameAdjustmentMode": { "kind": "parameter", "displayName": "Schema Name Adjustment Mode", "group": "db2", "label": "consumer,db2", "required": false, "type": "string", "javaType": "java.lang.String", "deprecated": false, "autowired": false, "secret": false, "defaultValue": "avro", "configurationClass": "org.apache.camel.component.debezium.configuration.Db2ConnectorEmbeddedDebeziumConfiguration", "configurationField": "configuration", "description": "Specify how schema names should be adjusted for compatibility with the message converter used by the connector, including:'avro' replaces the characters that cannot be used in the Avro type name with underscore (default)'none' does not apply any adjustment" },
    "signalDataCollection": { "kind": "parameter", "displayName": "Signal Data Collection", "group": "db2", "label": "consumer,db2", "required": false, "type": "string", "javaType": "java.lang.String", "deprecated": false, "autowired": false, "secret": false, "configurationClass": "org.apache.camel.component.debezium.configuration.Db2ConnectorEmbeddedDebeziumConfiguration", "configurationField": "configuration", "description": "The name of the data collection that is used to send signals\/commands to Debezium. Signaling is disabled when not set." },
    "skippedOperations": { "kind": "parameter", "displayName": "Skipped Operations", "group": "db2", "label": "consumer,db2", "required": false, "type": "string", "javaType": "java.lang.String", "deprecated": false, "autowired": false, "secret": false, "configurationClass": "org.apache.camel.component.debezium.configuration.Db2ConnectorEmbeddedDebeziumConfiguration", "configurationField": "configuration", "description": "The comma-separated list of operations to skip during streaming, defined as: 'c' for inserts\/create; 'u' for updates; 'd' for deletes, 't' for truncates, and 'none' to indicate nothing skipped. By default, no operations will be skipped." },
    "snapshotDelayMs": { "kind": "parameter", "displayName": "Snapshot Delay Ms", "group": "db2", "label": "consumer,db2", "required": false, "type": "duration", "javaType": "long", "deprecated": false, "autowired": false, "secret": false, "defaultValue": "0ms", "configurationClass": "org.apache.camel.component.debezium.configuration.Db2ConnectorEmbeddedDebeziumConfiguration", "configurationField": "configuration", "description": "A delay period before a snapshot will begin, given in milliseconds. Defaults to 0 ms." },
    "snapshotFetchSize": { "kind": "parameter", "displayName": "Snapshot Fetch Size", "group": "db2", "label": "consumer,db2", "required": false, "type": "integer", "javaType": "int", "deprecated": false, "autowired": false, "secret": false, "configurationClass": "org.apache.camel.component.debezium.configuration.Db2ConnectorEmbeddedDebeziumConfiguration", "configurationField": "configuration", "description": "The maximum number of records that should be loaded into memory while performing a snapshot" },
    "snapshotIncludeCollectionList": { "kind": "parameter", "displayName": "Snapshot Include Collection List", "group": "db2", "label": "consumer,db2", "required": false, "type": "string", "javaType": "java.lang.String", "deprecated": false, "autowired": false, "secret": false, "configurationClass": "org.apache.camel.component.debezium.configuration.Db2ConnectorEmbeddedDebeziumConfiguration", "configurationField": "configuration", "description": "this setting must be set to specify a list of tables\/collections whose snapshot must be taken on creating or restarting the connector." },
    "snapshotLockTimeoutMs": { "kind": "parameter", "displayName": "Snapshot Lock Timeout Ms", "group": "db2", "label": "consumer,db2", "required": false, "type": "duration", "javaType": "long", "deprecated": false, "autowired": false, "secret": false, "defaultValue": "10s", "configurationClass": "org.apache.camel.component.debezium.configuration.Db2ConnectorEmbeddedDebeziumConfiguration", "configurationField": "configuration", "description": "The maximum number of millis to wait for table locks at the beginning of a snapshot. If locks cannot be acquired in this time frame, the snapshot will be aborted. Defaults to 10 seconds" },
    "snapshotMode": { "kind": "parameter", "displayName": "Snapshot Mode", "group": "db2", "label": "consumer,db2", "required": false, "type": "string", "javaType": "java.lang.String", "deprecated": false, "autowired": false, "secret": false, "defaultValue": "initial", "configurationClass": "org.apache.camel.component.debezium.configuration.Db2ConnectorEmbeddedDebeziumConfiguration", "configurationField": "configuration", "description": "The criteria for running a snapshot upon startup of the connector. Options include: 'initial' (the default) to specify the connector should run a snapshot only when no offsets are available for the logical server name; 'schema_only' to specify the connector should run a snapshot of the schema when no offsets are available for the logical server name." },
    "snapshotSelectStatementOverrides": { "kind": "parameter", "displayName": "Snapshot Select Statement Overrides", "group": "db2", "label": "consumer,db2", "required": false, "type": "string", "javaType": "java.lang.String", "deprecated": false, "autowired": false, "secret": false, "configurationClass": "org.apache.camel.component.debezium.configuration.Db2ConnectorEmbeddedDebeziumConfiguration", "configurationField": "configuration", "description": "This property contains a comma-separated list of fully-qualified tables (DB_NAME.TABLE_NAME) or (SCHEMA_NAME.TABLE_NAME), depending on thespecific connectors. Select statements for the individual tables are specified in further configuration properties, one for each table, identified by the id 'snapshot.select.statement.overrides.DB_NAME.TABLE_NAME' or 'snapshot.select.statement.overrides.SCHEMA_NAME.TABLE_NAME', respectively. The value of those properties is the select statement to use when retrieving data from the specific table during snapshotting. A possible use case for large append-only tables is setting a specific point where to start (resume) snapshotting, in case a previous snapshotting was interrupted." },
    "sourceStructVersion": { "kind": "parameter", "displayName": "Source Struct Version", "group": "db2", "label": "consumer,db2", "required": false, "type": "string", "javaType": "java.lang.String", "deprecated": false, "autowired": false, "secret": false, "defaultValue": "v2", "configurationClass": "org.apache.camel.component.debezium.configuration.Db2ConnectorEmbeddedDebeziumConfiguration", "configurationField": "configuration", "description": "A version of the format of the publicly visible source part in the message" },
    "tableBlacklist": { "kind": "parameter", "displayName": "Table Blacklist", "group": "db2", "label": "consumer,db2", "required": false, "type": "string", "javaType": "java.lang.String", "deprecated": false, "autowired": false, "secret": false, "configurationClass": "org.apache.camel.component.debezium.configuration.Db2ConnectorEmbeddedDebeziumConfiguration", "configurationField": "configuration", "description": "A comma-separated list of regular expressions that match the fully-qualified names of tables to be excluded from monitoring (deprecated, use table.exclude.list instead)" },
    "tableExcludeList": { "kind": "parameter", "displayName": "Table Exclude List", "group": "db2", "label": "consumer,db2", "required": false, "type": "string", "javaType": "java.lang.String", "deprecated": false, "autowired": false, "secret": false, "configurationClass": "org.apache.camel.component.debezium.configuration.Db2ConnectorEmbeddedDebeziumConfiguration", "configurationField": "configuration", "description": "A comma-separated list of regular expressions that match the fully-qualified names of tables to be excluded from monitoring" },
    "tableIgnoreBuiltin": { "kind": "parameter", "displayName": "Table Ignore Builtin", "group": "db2", "label": "consumer,db2", "required": false, "type": "boolean", "javaType": "boolean", "deprecated": false, "autowired": false, "secret": false, "defaultValue": true, "configurationClass": "org.apache.camel.component.debezium.configuration.Db2ConnectorEmbeddedDebeziumConfiguration", "configurationField": "configuration", "description": "Flag specifying whether built-in tables should be ignored." },
    "tableIncludeList": { "kind": "parameter", "displayName": "Table Include List", "group": "db2", "label": "consumer,db2", "required": false, "type": "string", "javaType": "java.lang.String", "deprecated": false, "autowired": false, "secret": false, "configurationClass": "org.apache.camel.component.debezium.configuration.Db2ConnectorEmbeddedDebeziumConfiguration", "configurationField": "configuration", "description": "The tables for which changes are to be captured" },
    "tableWhitelist": { "kind": "parameter", "displayName": "Table Whitelist", "group": "db2", "label": "consumer,db2", "required": false, "type": "string", "javaType": "java.lang.String", "deprecated": false, "autowired": false, "secret": false, "configurationClass": "org.apache.camel.component.debezium.configuration.Db2ConnectorEmbeddedDebeziumConfiguration", "configurationField": "configuration", "description": "The tables for which changes are to be captured (deprecated, use table.include.list instead)" },
    "timePrecisionMode": { "kind": "parameter", "displayName": "Time Precision Mode", "group": "db2", "label": "consumer,db2", "required": false, "type": "string", "javaType": "java.lang.String", "deprecated": false, "autowired": false, "secret": false, "defaultValue": "adaptive", "configurationClass": "org.apache.camel.component.debezium.configuration.Db2ConnectorEmbeddedDebeziumConfiguration", "configurationField": "configuration", "description": "Time, date, and timestamps can be represented with different kinds of precisions, including:'adaptive' (the default) bases the precision of time, date, and timestamp values on the database column's precision; 'adaptive_time_microseconds' like 'adaptive' mode, but TIME fields always use microseconds precision;'connect' always represents time, date, and timestamp values using Kafka Connect's built-in representations for Time, Date, and Timestamp, which uses millisecond precision regardless of the database columns' precision ." },
    "tombstonesOnDelete": { "kind": "parameter", "displayName": "Tombstones On Delete", "group": "db2", "label": "consumer,db2", "required": false, "type": "boolean", "javaType": "boolean", "deprecated": false, "autowired": false, "secret": false, "defaultValue": false, "configurationClass": "org.apache.camel.component.debezium.configuration.Db2ConnectorEmbeddedDebeziumConfiguration", "configurationField": "configuration", "description": "Whether delete operations should be represented by a delete event and a subsquenttombstone event (true) or only by a delete event (false). Emitting the tombstone event (the default behavior) allows Kafka to completely delete all events pertaining to the given key once the source record got deleted." },
    "transactionTopic": { "kind": "parameter", "displayName": "Transaction Topic", "group": "db2", "label": "consumer,db2", "required": false, "type": "string", "javaType": "java.lang.String", "deprecated": false, "autowired": false, "secret": false, "defaultValue": "${database.server.name}.transaction", "configurationClass": "org.apache.camel.component.debezium.configuration.Db2ConnectorEmbeddedDebeziumConfiguration", "configurationField": "configuration", "description": "The name of the transaction metadata topic. The placeholder ${database.server.name} can be used for referring to the connector's logical name; defaults to ${database.server.name}.transaction." }
  }
}
