{
  "component": {
    "kind": "component",
    "name": "elasticsearch",
    "title": "Elasticsearch",
    "description": "Send requests to ElasticSearch via Java Client API.",
    "deprecated": false,
    "firstVersion": "3.19.0",
    "label": "search,monitoring",
    "javaType": "org.apache.camel.component.es.ElasticsearchComponent",
    "supportLevel": "Preview",
    "groupId": "org.apache.camel",
    "artifactId": "camel-elasticsearch",
    "version": "3.20.1-SNAPSHOT",
    "scheme": "elasticsearch",
    "extendsScheme": "",
    "syntax": "elasticsearch:clusterName",
    "async": false,
    "api": false,
    "consumerOnly": false,
    "producerOnly": true,
    "lenientProperties": false
  },
  "componentProperties": {
    "connectionTimeout": { "kind": "property", "displayName": "Connection Timeout", "group": "producer", "label": "", "required": false, "type": "integer", "javaType": "int", "deprecated": false, "autowired": false, "secret": false, "defaultValue": 30000, "description": "The time in ms to wait before connection will timeout." },
    "hostAddresses": { "kind": "property", "displayName": "Host Addresses", "group": "producer", "label": "", "required": false, "type": "string", "javaType": "java.lang.String", "deprecated": false, "autowired": false, "secret": false, "description": "Comma separated list with ip:port formatted remote transport addresses to use. The ip and port options must be left blank for hostAddresses to be considered instead." },
    "lazyStartProducer": { "kind": "property", "displayName": "Lazy Start Producer", "group": "producer", "label": "producer", "required": false, "type": "boolean", "javaType": "boolean", "deprecated": false, "autowired": false, "secret": false, "defaultValue": false, "description": "Whether the producer should be started lazy (on the first message). By starting lazy you can use this to allow CamelContext and routes to startup in situations where a producer may otherwise fail during starting and cause the route to fail being started. By deferring this startup to be lazy then the startup failure can be handled during routing messages via Camel's routing error handlers. Beware that when the first message is processed then creating and starting the producer may take a little time and prolong the total processing time of the processing." },
    "maxRetryTimeout": { "kind": "property", "displayName": "Max Retry Timeout", "group": "producer", "label": "", "required": false, "type": "integer", "javaType": "int", "deprecated": false, "autowired": false, "secret": false, "defaultValue": 30000, "description": "The time in ms before retry" },
    "socketTimeout": { "kind": "property", "displayName": "Socket Timeout", "group": "producer", "label": "", "required": false, "type": "integer", "javaType": "int", "deprecated": false, "autowired": false, "secret": false, "defaultValue": 30000, "description": "The timeout in ms to wait before the socket will timeout." },
    "autowiredEnabled": { "kind": "property", "displayName": "Autowired Enabled", "group": "advanced", "label": "advanced", "required": false, "type": "boolean", "javaType": "boolean", "deprecated": false, "autowired": false, "secret": false, "defaultValue": true, "description": "Whether autowiring is enabled. This is used for automatic autowiring options (the option must be marked as autowired) by looking up in the registry to find if there is a single instance of matching type, which then gets configured on the component. This can be used for automatic configuring JDBC data sources, JMS connection factories, AWS Clients, etc." },
    "client": { "kind": "property", "displayName": "Client", "group": "advanced", "label": "advanced", "required": false, "type": "object", "javaType": "org.elasticsearch.client.RestClient", "deprecated": false, "autowired": true, "secret": false, "description": "To use an existing configured Elasticsearch client, instead of creating a client per endpoint. This allow to customize the client with specific settings." },
    "enableSniffer": { "kind": "property", "displayName": "Enable Sniffer", "group": "advanced", "label": "advanced", "required": false, "type": "boolean", "javaType": "boolean", "deprecated": false, "autowired": false, "secret": false, "defaultValue": false, "description": "Enable automatically discover nodes from a running Elasticsearch cluster. If this option is used in conjunction with Spring Boot then it's managed by the Spring Boot configuration (see: Disable Sniffer in Spring Boot)." },
    "sniffAfterFailureDelay": { "kind": "property", "displayName": "Sniff After Failure Delay", "group": "advanced", "label": "advanced", "required": false, "type": "integer", "javaType": "int", "deprecated": false, "autowired": false, "secret": false, "defaultValue": 60000, "description": "The delay of a sniff execution scheduled after a failure (in milliseconds)" },
    "snifferInterval": { "kind": "property", "displayName": "Sniffer Interval", "group": "advanced", "label": "advanced", "required": false, "type": "integer", "javaType": "int", "deprecated": false, "autowired": false, "secret": false, "defaultValue": 300000, "description": "The interval between consecutive ordinary sniff executions in milliseconds. Will be honoured when sniffOnFailure is disabled or when there are no failures between consecutive sniff executions" },
    "certificatePath": { "kind": "property", "displayName": "Certificate Path", "group": "security", "label": "security", "required": false, "type": "string", "javaType": "java.lang.String", "deprecated": false, "autowired": false, "secret": false, "description": "The path of the self-signed certificate to use to access to Elasticsearch." },
    "enableSSL": { "kind": "property", "displayName": "Enable SSL", "group": "security", "label": "security", "required": false, "type": "boolean", "javaType": "boolean", "deprecated": false, "autowired": false, "secret": false, "defaultValue": false, "description": "Enable SSL" },
    "password": { "kind": "property", "displayName": "Password", "group": "security", "label": "security", "required": false, "type": "string", "javaType": "java.lang.String", "deprecated": false, "autowired": false, "secret": true, "description": "Password for authenticate" },
    "user": { "kind": "property", "displayName": "User", "group": "security", "label": "security", "required": false, "type": "string", "javaType": "java.lang.String", "deprecated": false, "autowired": false, "secret": true, "description": "Basic authenticate user" }
  },
  "headers": {
    "operation": { "kind": "header", "displayName": "", "group": "producer", "label": "", "required": false, "javaType": "org.apache.camel.component.es.ElasticsearchOperation", "enum": [ "Index", "Update", "Bulk", "GetById", "MultiGet", "MultiSearch", "Delete", "DeleteIndex", "Search", "Exists", "Ping" ], "deprecated": false, "deprecationNote": "", "autowired": false, "secret": false, "description": "The operation to perform", "constantName": "org.apache.camel.component.es.ElasticsearchConstants#PARAM_OPERATION" },
    "indexId": { "kind": "header", "displayName": "", "group": "producer", "label": "", "required": false, "javaType": "String", "deprecated": false, "deprecationNote": "", "autowired": false, "secret": false, "description": "The id of the indexed document.", "constantName": "org.apache.camel.component.es.ElasticsearchConstants#PARAM_INDEX_ID" },
    "indexName": { "kind": "header", "displayName": "", "group": "producer", "label": "", "required": false, "javaType": "String", "deprecated": false, "deprecationNote": "", "autowired": false, "secret": false, "description": "The name of the index to act against", "constantName": "org.apache.camel.component.es.ElasticsearchConstants#PARAM_INDEX_NAME" },
    "documentClass": { "kind": "header", "displayName": "", "group": "producer", "label": "", "required": false, "javaType": "Class", "deprecated": false, "deprecationNote": "", "autowired": false, "secret": false, "defaultValue": "ObjectNode", "description": "The full qualified name of the class of the document to unmarshall", "constantName": "org.apache.camel.component.es.ElasticsearchConstants#PARAM_DOCUMENT_CLASS" },
    "waitForActiveShards": { "kind": "header", "displayName": "", "group": "producer", "label": "", "required": false, "javaType": "Integer", "deprecated": false, "deprecationNote": "", "autowired": false, "secret": false, "description": "The index creation waits for the write consistency number of shards to be available", "constantName": "org.apache.camel.component.es.ElasticsearchConstants#PARAM_WAIT_FOR_ACTIVE_SHARDS" },
    "scrollKeepAliveMs": { "kind": "header", "displayName": "", "group": "producer", "label": "", "required": false, "javaType": "Integer", "deprecated": false, "deprecationNote": "", "autowired": false, "secret": false, "description": "The starting index of the response.", "constantName": "org.apache.camel.component.es.ElasticsearchConstants#PARAM_SCROLL_KEEP_ALIVE_MS" },
    "useScroll": { "kind": "header", "displayName": "", "group": "producer", "label": "", "required": false, "javaType": "Boolean", "deprecated": false, "deprecationNote": "", "autowired": false, "secret": false, "description": "Set to true to enable scroll usage", "constantName": "org.apache.camel.component.es.ElasticsearchConstants#PARAM_SCROLL" },
    "size": { "kind": "header", "displayName": "", "group": "producer", "label": "", "required": false, "javaType": "Integer", "deprecated": false, "deprecationNote": "", "autowired": false, "secret": false, "description": "The size of the response.", "constantName": "org.apache.camel.component.es.ElasticsearchConstants#PARAM_SIZE" },
    "from": { "kind": "header", "displayName": "", "group": "producer", "label": "", "required": false, "javaType": "Integer", "deprecated": false, "deprecationNote": "", "autowired": false, "secret": false, "description": "The starting index of the response.", "constantName": "org.apache.camel.component.es.ElasticsearchConstants#PARAM_FROM" }
  },
  "properties": {
    "clusterName": { "kind": "path", "displayName": "Cluster Name", "group": "producer", "label": "", "required": true, "type": "string", "javaType": "java.lang.String", "deprecated": false, "deprecationNote": "", "autowired": false, "secret": false, "configurationClass": "org.apache.camel.component.es.ElasticsearchConfiguration", "configurationField": "configuration", "description": "Name of the cluster" },
    "connectionTimeout": { "kind": "parameter", "displayName": "Connection Timeout", "group": "producer", "label": "", "required": false, "type": "integer", "javaType": "int", "deprecated": false, "autowired": false, "secret": false, "defaultValue": 30000, "configurationClass": "org.apache.camel.component.es.ElasticsearchConfiguration", "configurationField": "configuration", "description": "The time in ms to wait before connection will timeout." },
    "disconnect": { "kind": "parameter", "displayName": "Disconnect", "group": "producer", "label": "", "required": false, "type": "boolean", "javaType": "boolean", "deprecated": false, "autowired": false, "secret": false, "defaultValue": false, "configurationClass": "org.apache.camel.component.es.ElasticsearchConfiguration", "configurationField": "configuration", "description": "Disconnect after it finish calling the producer" },
    "from": { "kind": "parameter", "displayName": "From", "group": "producer", "label": "", "required": false, "type": "integer", "javaType": "java.lang.Integer", "deprecated": false, "autowired": false, "secret": false, "configurationClass": "org.apache.camel.component.es.ElasticsearchConfiguration", "configurationField": "configuration", "description": "Starting index of the response." },
    "hostAddresses": { "kind": "parameter", "displayName": "Host Addresses", "group": "producer", "label": "", "required": false, "type": "string", "javaType": "java.lang.String", "deprecated": false, "autowired": false, "secret": false, "configurationClass": "org.apache.camel.component.es.ElasticsearchConfiguration", "configurationField": "configuration", "description": "Comma separated list with ip:port formatted remote transport addresses to use." },
    "indexName": { "kind": "parameter", "displayName": "Index Name", "group": "producer", "label": "", "required": false, "type": "string", "javaType": "java.lang.String", "deprecated": false, "autowired": false, "secret": false, "configurationClass": "org.apache.camel.component.es.ElasticsearchConfiguration", "configurationField": "configuration", "description": "The name of the index to act against" },
    "maxRetryTimeout": { "kind": "parameter", "displayName": "Max Retry Timeout", "group": "producer", "label": "", "required": false, "type": "integer", "javaType": "int", "deprecated": false, "autowired": false, "secret": false, "defaultValue": 30000, "configurationClass": "org.apache.camel.component.es.ElasticsearchConfiguration", "configurationField": "configuration", "description": "The time in ms before retry" },
    "operation": { "kind": "parameter", "displayName": "Operation", "group": "producer", "label": "", "required": false, "type": "object", "javaType": "org.apache.camel.component.es.ElasticsearchOperation", "enum": [ "Index", "Update", "Bulk", "GetById", "MultiGet", "MultiSearch", "Delete", "DeleteIndex", "Search", "Exists", "Ping" ], "deprecated": false, "autowired": false, "secret": false, "configurationClass": "org.apache.camel.component.es.ElasticsearchConfiguration", "configurationField": "configuration", "description": "What operation to perform" },
    "scrollKeepAliveMs": { "kind": "parameter", "displayName": "Scroll Keep Alive Ms", "group": "producer", "label": "", "required": false, "type": "integer", "javaType": "int", "deprecated": false, "autowired": false, "secret": false, "defaultValue": 60000, "configurationClass": "org.apache.camel.component.es.ElasticsearchConfiguration", "configurationField": "configuration", "description": "Time in ms during which elasticsearch will keep search context alive" },
    "size": { "kind": "parameter", "displayName": "Size", "group": "producer", "label": "", "required": false, "type": "integer", "javaType": "java.lang.Integer", "deprecated": false, "autowired": false, "secret": false, "configurationClass": "org.apache.camel.component.es.ElasticsearchConfiguration", "configurationField": "configuration", "description": "Size of the response." },
    "socketTimeout": { "kind": "parameter", "displayName": "Socket Timeout", "group": "producer", "label": "", "required": false, "type": "integer", "javaType": "int", "deprecated": false, "autowired": false, "secret": false, "defaultValue": 30000, "configurationClass": "org.apache.camel.component.es.ElasticsearchConfiguration", "configurationField": "configuration", "description": "The timeout in ms to wait before the socket will timeout." },
    "useScroll": { "kind": "parameter", "displayName": "Use Scroll", "group": "producer", "label": "", "required": false, "type": "boolean", "javaType": "boolean", "deprecated": false, "autowired": false, "secret": false, "defaultValue": false, "configurationClass": "org.apache.camel.component.es.ElasticsearchConfiguration", "configurationField": "configuration", "description": "Enable scroll usage" },
    "waitForActiveShards": { "kind": "parameter", "displayName": "Wait For Active Shards", "group": "producer", "label": "", "required": false, "type": "integer", "javaType": "int", "deprecated": false, "autowired": false, "secret": false, "defaultValue": 1, "configurationClass": "org.apache.camel.component.es.ElasticsearchConfiguration", "configurationField": "configuration", "description": "Index creation waits for the write consistency number of shards to be available" },
    "lazyStartProducer": { "kind": "parameter", "displayName": "Lazy Start Producer", "group": "producer (advanced)", "label": "producer,advanced", "required": false, "type": "boolean", "javaType": "boolean", "deprecated": false, "autowired": false, "secret": false, "defaultValue": false, "description": "Whether the producer should be started lazy (on the first message). By starting lazy you can use this to allow CamelContext and routes to startup in situations where a producer may otherwise fail during starting and cause the route to fail being started. By deferring this startup to be lazy then the startup failure can be handled during routing messages via Camel's routing error handlers. Beware that when the first message is processed then creating and starting the producer may take a little time and prolong the total processing time of the processing." },
    "documentClass": { "kind": "parameter", "displayName": "Document Class", "group": "advanced", "label": "advanced", "required": false, "type": "string", "javaType": "java.lang.Class<java.lang.Object>", "deprecated": false, "autowired": false, "secret": false, "defaultValue": "ObjectNode", "configurationClass": "org.apache.camel.component.es.ElasticsearchConfiguration", "configurationField": "configuration", "description": "The class to use when deserializing the documents." },
    "enableSniffer": { "kind": "parameter", "displayName": "Enable Sniffer", "group": "advanced", "label": "advanced", "required": false, "type": "boolean", "javaType": "boolean", "deprecated": false, "autowired": false, "secret": false, "defaultValue": false, "configurationClass": "org.apache.camel.component.es.ElasticsearchConfiguration", "configurationField": "configuration", "description": "Enable automatically discover nodes from a running Elasticsearch cluster. If this option is used in conjunction with Spring Boot then it's managed by the Spring Boot configuration (see: Disable Sniffer in Spring Boot)." },
    "sniffAfterFailureDelay": { "kind": "parameter", "displayName": "Sniff After Failure Delay", "group": "advanced", "label": "advanced", "required": false, "type": "integer", "javaType": "int", "deprecated": false, "autowired": false, "secret": false, "defaultValue": 60000, "configurationClass": "org.apache.camel.component.es.ElasticsearchConfiguration", "configurationField": "configuration", "description": "The delay of a sniff execution scheduled after a failure (in milliseconds)" },
    "snifferInterval": { "kind": "parameter", "displayName": "Sniffer Interval", "group": "advanced", "label": "advanced", "required": false, "type": "integer", "javaType": "int", "deprecated": false, "autowired": false, "secret": false, "defaultValue": 300000, "configurationClass": "org.apache.camel.component.es.ElasticsearchConfiguration", "configurationField": "configuration", "description": "The interval between consecutive ordinary sniff executions in milliseconds. Will be honoured when sniffOnFailure is disabled or when there are no failures between consecutive sniff executions" },
    "certificatePath": { "kind": "parameter", "displayName": "Certificate Path", "group": "security", "label": "security", "required": false, "type": "string", "javaType": "java.lang.String", "deprecated": false, "autowired": false, "secret": false, "configurationClass": "org.apache.camel.component.es.ElasticsearchConfiguration", "configurationField": "configuration", "description": "The path of the self-signed certificate to use to access to Elasticsearch." },
    "enableSSL": { "kind": "parameter", "displayName": "Enable SSL", "group": "security", "label": "security", "required": false, "type": "boolean", "javaType": "boolean", "deprecated": false, "autowired": false, "secret": false, "defaultValue": false, "configurationClass": "org.apache.camel.component.es.ElasticsearchConfiguration", "configurationField": "configuration", "description": "Enable SSL" }
  }
}
