{
  "component": {
    "kind": "component",
    "name": "google-secret-manager",
    "title": "Google Secret Manager",
    "description": "Manage Google Secret Manager Secrets",
    "deprecated": false,
    "firstVersion": "3.16.0",
    "label": "cloud",
    "javaType": "org.apache.camel.component.google.secret.manager.GoogleSecretManagerComponent",
    "supportLevel": "Stable",
    "groupId": "org.apache.camel",
    "artifactId": "camel-google-secret-manager",
    "version": "3.20.1-SNAPSHOT",
    "scheme": "google-secret-manager",
    "extendsScheme": "",
    "syntax": "google-secret-manager:project",
    "async": false,
    "api": false,
    "consumerOnly": false,
    "producerOnly": true,
    "lenientProperties": false
  },
  "componentProperties": {
    "lazyStartProducer": { "kind": "property", "displayName": "Lazy Start Producer", "group": "producer", "label": "producer", "required": false, "type": "boolean", "javaType": "boolean", "deprecated": false, "autowired": false, "secret": false, "defaultValue": false, "description": "Whether the producer should be started lazy (on the first message). By starting lazy you can use this to allow CamelContext and routes to startup in situations where a producer may otherwise fail during starting and cause the route to fail being started. By deferring this startup to be lazy then the startup failure can be handled during routing messages via Camel's routing error handlers. Beware that when the first message is processed then creating and starting the producer may take a little time and prolong the total processing time of the processing." },
    "autowiredEnabled": { "kind": "property", "displayName": "Autowired Enabled", "group": "advanced", "label": "advanced", "required": false, "type": "boolean", "javaType": "boolean", "deprecated": false, "autowired": false, "secret": false, "defaultValue": true, "description": "Whether autowiring is enabled. This is used for automatic autowiring options (the option must be marked as autowired) by looking up in the registry to find if there is a single instance of matching type, which then gets configured on the component. This can be used for automatic configuring JDBC data sources, JMS connection factories, AWS Clients, etc." }
  },
  "headers": {
    "GoogleSecretManagerOperation": { "kind": "header", "displayName": "", "group": "producer", "label": "", "required": false, "javaType": "org.apache.camel.component.google.secret.manager.GoogleSecretManagerOperations", "enum": [ "createSecret", "getSecretVersion", "deleteSecret", "listSecrets" ], "deprecated": false, "deprecationNote": "", "autowired": false, "secret": false, "description": "The operation to perform", "constantName": "org.apache.camel.component.google.secret.manager.GoogleSecretManagerConstants#OPERATION" },
    "CamelGoogleSecretManagerSecretId": { "kind": "header", "displayName": "", "group": "producer", "label": "", "required": false, "javaType": "String", "deprecated": false, "deprecationNote": "", "autowired": false, "secret": false, "description": "The id of the secret", "constantName": "org.apache.camel.component.google.secret.manager.GoogleSecretManagerConstants#SECRET_ID" },
    "CamelGoogleSecretManagerVersionId": { "kind": "header", "displayName": "", "group": "producer", "label": "", "required": false, "javaType": "String", "deprecated": false, "deprecationNote": "", "autowired": false, "secret": false, "defaultValue": "latest", "description": "The version of the secret", "constantName": "org.apache.camel.component.google.secret.manager.GoogleSecretManagerConstants#VERSION_ID" }
  },
  "properties": {
    "project": { "kind": "path", "displayName": "Project", "group": "common", "label": "common", "required": true, "type": "string", "javaType": "java.lang.String", "deprecated": false, "deprecationNote": "", "autowired": false, "secret": false, "configurationClass": "org.apache.camel.component.google.secret.manager.GoogleSecretManagerConfiguration", "configurationField": "configuration", "description": "The Google Cloud Project Id name related to the Secret Manager" },
    "serviceAccountKey": { "kind": "parameter", "displayName": "Service Account Key", "group": "common", "label": "common", "required": false, "type": "string", "javaType": "java.lang.String", "deprecated": false, "autowired": false, "secret": false, "configurationClass": "org.apache.camel.component.google.secret.manager.GoogleSecretManagerConfiguration", "configurationField": "configuration", "description": "Service account key to authenticate an application as a service account" },
    "operation": { "kind": "parameter", "displayName": "Operation", "group": "producer", "label": "producer", "required": false, "type": "object", "javaType": "org.apache.camel.component.google.secret.manager.GoogleSecretManagerOperations", "enum": [ "createSecret" ], "deprecated": false, "autowired": false, "secret": false, "configurationClass": "org.apache.camel.component.google.secret.manager.GoogleSecretManagerConfiguration", "configurationField": "configuration", "description": "The operation to perform on the producer." },
    "pojoRequest": { "kind": "parameter", "displayName": "Pojo Request", "group": "producer", "label": "", "required": false, "type": "boolean", "javaType": "boolean", "deprecated": false, "autowired": false, "secret": false, "defaultValue": false, "configurationClass": "org.apache.camel.component.google.secret.manager.GoogleSecretManagerConfiguration", "configurationField": "configuration", "description": "Specifies if the request is a pojo request" },
    "lazyStartProducer": { "kind": "parameter", "displayName": "Lazy Start Producer", "group": "producer (advanced)", "label": "producer,advanced", "required": false, "type": "boolean", "javaType": "boolean", "deprecated": false, "autowired": false, "secret": false, "defaultValue": false, "description": "Whether the producer should be started lazy (on the first message). By starting lazy you can use this to allow CamelContext and routes to startup in situations where a producer may otherwise fail during starting and cause the route to fail being started. By deferring this startup to be lazy then the startup failure can be handled during routing messages via Camel's routing error handlers. Beware that when the first message is processed then creating and starting the producer may take a little time and prolong the total processing time of the processing." },
    "client": { "kind": "parameter", "displayName": "Client", "group": "advanced", "label": "advanced", "required": false, "type": "object", "javaType": "com.google.cloud.secretmanager.v1.SecretManagerServiceClient", "deprecated": false, "deprecationNote": "", "autowired": true, "secret": false, "configurationClass": "org.apache.camel.component.google.secret.manager.GoogleSecretManagerConfiguration", "configurationField": "configuration", "description": "The client to use during service invocation." }
  }
}
