{
  "component": {
    "kind": "component",
    "name": "ignite-idgen",
    "title": "Ignite ID Generator",
    "description": "Interact with Ignite Atomic Sequences and ID Generators .",
    "deprecated": false,
    "firstVersion": "2.17.0",
    "label": "compute",
    "javaType": "org.apache.camel.component.ignite.idgen.IgniteIdGenComponent",
    "supportLevel": "Stable",
    "groupId": "org.apache.camel",
    "artifactId": "camel-ignite",
    "version": "3.20.1-SNAPSHOT",
    "scheme": "ignite-idgen",
    "extendsScheme": "",
    "syntax": "ignite-idgen:name",
    "async": false,
    "api": false,
    "consumerOnly": false,
    "producerOnly": true,
    "lenientProperties": false
  },
  "componentProperties": {
    "configurationResource": { "kind": "property", "displayName": "Configuration Resource", "group": "producer", "label": "", "required": false, "type": "object", "javaType": "java.lang.Object", "deprecated": false, "autowired": false, "secret": false, "description": "The resource from where to load the configuration. It can be a: URL, String or InputStream type." },
    "ignite": { "kind": "property", "displayName": "Ignite", "group": "producer", "label": "", "required": false, "type": "object", "javaType": "org.apache.ignite.Ignite", "deprecated": false, "autowired": false, "secret": false, "description": "To use an existing Ignite instance." },
    "igniteConfiguration": { "kind": "property", "displayName": "Ignite Configuration", "group": "producer", "label": "", "required": false, "type": "object", "javaType": "org.apache.ignite.configuration.IgniteConfiguration", "deprecated": false, "autowired": false, "secret": false, "description": "Allows the user to set a programmatic ignite configuration." },
    "lazyStartProducer": { "kind": "property", "displayName": "Lazy Start Producer", "group": "producer", "label": "producer", "required": false, "type": "boolean", "javaType": "boolean", "deprecated": false, "autowired": false, "secret": false, "defaultValue": false, "description": "Whether the producer should be started lazy (on the first message). By starting lazy you can use this to allow CamelContext and routes to startup in situations where a producer may otherwise fail during starting and cause the route to fail being started. By deferring this startup to be lazy then the startup failure can be handled during routing messages via Camel's routing error handlers. Beware that when the first message is processed then creating and starting the producer may take a little time and prolong the total processing time of the processing." },
    "autowiredEnabled": { "kind": "property", "displayName": "Autowired Enabled", "group": "advanced", "label": "advanced", "required": false, "type": "boolean", "javaType": "boolean", "deprecated": false, "autowired": false, "secret": false, "defaultValue": true, "description": "Whether autowiring is enabled. This is used for automatic autowiring options (the option must be marked as autowired) by looking up in the registry to find if there is a single instance of matching type, which then gets configured on the component. This can be used for automatic configuring JDBC data sources, JMS connection factories, AWS Clients, etc." }
  },
  "headers": {
    "CamelIgniteIdGenOperation": { "kind": "header", "displayName": "", "group": "producer", "label": "producer", "required": false, "javaType": "org.apache.camel.component.ignite.idgen.IgniteIdGenOperation", "enum": [ "ADD_AND_GET", "GET", "GET_AND_ADD", "GET_AND_INCREMENT", "INCREMENT_AND_GET" ], "deprecated": false, "deprecationNote": "", "autowired": false, "secret": false, "description": "Allows you to dynamically change the ID Generator operation.", "constantName": "org.apache.camel.component.ignite.IgniteConstants#IGNITE_IDGEN_OPERATION" }
  },
  "properties": {
    "name": { "kind": "path", "displayName": "Name", "group": "producer", "label": "", "required": true, "type": "string", "javaType": "java.lang.String", "deprecated": false, "deprecationNote": "", "autowired": false, "secret": false, "description": "The sequence name." },
    "batchSize": { "kind": "parameter", "displayName": "Batch Size", "group": "producer", "label": "producer", "required": false, "type": "integer", "javaType": "java.lang.Integer", "deprecated": false, "autowired": false, "secret": false, "description": "The batch size." },
    "initialValue": { "kind": "parameter", "displayName": "Initial Value", "group": "producer", "label": "producer", "required": false, "type": "integer", "javaType": "java.lang.Long", "deprecated": false, "autowired": false, "secret": false, "defaultValue": "0", "description": "The initial value." },
    "operation": { "kind": "parameter", "displayName": "Operation", "group": "producer", "label": "producer", "required": false, "type": "object", "javaType": "org.apache.camel.component.ignite.idgen.IgniteIdGenOperation", "enum": [ "ADD_AND_GET", "GET", "GET_AND_ADD", "GET_AND_INCREMENT", "INCREMENT_AND_GET" ], "deprecated": false, "autowired": false, "secret": false, "description": "The operation to invoke on the Ignite ID Generator. Superseded by the IgniteConstants.IGNITE_IDGEN_OPERATION header in the IN message. Possible values: ADD_AND_GET, GET, GET_AND_ADD, GET_AND_INCREMENT, INCREMENT_AND_GET." },
    "propagateIncomingBodyIfNoReturnValue": { "kind": "parameter", "displayName": "Propagate Incoming Body If No Return Value", "group": "producer", "label": "", "required": false, "type": "boolean", "javaType": "boolean", "deprecated": false, "autowired": false, "secret": false, "defaultValue": true, "description": "Sets whether to propagate the incoming body if the return type of the underlying Ignite operation is void." },
    "treatCollectionsAsCacheObjects": { "kind": "parameter", "displayName": "Treat Collections As Cache Objects", "group": "producer", "label": "", "required": false, "type": "boolean", "javaType": "boolean", "deprecated": false, "autowired": false, "secret": false, "defaultValue": false, "description": "Sets whether to treat Collections as cache objects or as Collections of items to insert\/update\/compute, etc." },
    "lazyStartProducer": { "kind": "parameter", "displayName": "Lazy Start Producer", "group": "producer (advanced)", "label": "producer,advanced", "required": false, "type": "boolean", "javaType": "boolean", "deprecated": false, "autowired": false, "secret": false, "defaultValue": false, "description": "Whether the producer should be started lazy (on the first message). By starting lazy you can use this to allow CamelContext and routes to startup in situations where a producer may otherwise fail during starting and cause the route to fail being started. By deferring this startup to be lazy then the startup failure can be handled during routing messages via Camel's routing error handlers. Beware that when the first message is processed then creating and starting the producer may take a little time and prolong the total processing time of the processing." }
  }
}
