{
  "component": {
    "kind": "component",
    "name": "irc",
    "title": "IRC",
    "description": "Send and receive messages to\/from and IRC chat.",
    "deprecated": false,
    "firstVersion": "1.1.0",
    "label": "chat",
    "javaType": "org.apache.camel.component.irc.IrcComponent",
    "supportLevel": "Stable",
    "groupId": "org.apache.camel",
    "artifactId": "camel-irc",
    "version": "3.20.1-SNAPSHOT",
    "scheme": "irc",
    "extendsScheme": "",
    "syntax": "irc:hostname:port",
    "alternativeSyntax": "irc:username:password@hostname:port",
    "async": false,
    "api": false,
    "consumerOnly": false,
    "producerOnly": false,
    "lenientProperties": false
  },
  "componentProperties": {
    "bridgeErrorHandler": { "kind": "property", "displayName": "Bridge Error Handler", "group": "consumer", "label": "consumer", "required": false, "type": "boolean", "javaType": "boolean", "deprecated": false, "autowired": false, "secret": false, "defaultValue": false, "description": "Allows for bridging the consumer to the Camel routing Error Handler, which mean any exceptions occurred while the consumer is trying to pickup incoming messages, or the likes, will now be processed as a message and handled by the routing Error Handler. By default the consumer will use the org.apache.camel.spi.ExceptionHandler to deal with exceptions, that will be logged at WARN or ERROR level and ignored." },
    "lazyStartProducer": { "kind": "property", "displayName": "Lazy Start Producer", "group": "producer", "label": "producer", "required": false, "type": "boolean", "javaType": "boolean", "deprecated": false, "autowired": false, "secret": false, "defaultValue": false, "description": "Whether the producer should be started lazy (on the first message). By starting lazy you can use this to allow CamelContext and routes to startup in situations where a producer may otherwise fail during starting and cause the route to fail being started. By deferring this startup to be lazy then the startup failure can be handled during routing messages via Camel's routing error handlers. Beware that when the first message is processed then creating and starting the producer may take a little time and prolong the total processing time of the processing." },
    "autowiredEnabled": { "kind": "property", "displayName": "Autowired Enabled", "group": "advanced", "label": "advanced", "required": false, "type": "boolean", "javaType": "boolean", "deprecated": false, "autowired": false, "secret": false, "defaultValue": true, "description": "Whether autowiring is enabled. This is used for automatic autowiring options (the option must be marked as autowired) by looking up in the registry to find if there is a single instance of matching type, which then gets configured on the component. This can be used for automatic configuring JDBC data sources, JMS connection factories, AWS Clients, etc." },
    "useGlobalSslContextParameters": { "kind": "property", "displayName": "Use Global Ssl Context Parameters", "group": "security", "label": "security", "required": false, "type": "boolean", "javaType": "boolean", "deprecated": false, "autowired": false, "secret": false, "defaultValue": false, "description": "Enable usage of global SSL context parameters." }
  },
  "headers": {
    "irc.messageType": { "kind": "header", "displayName": "", "group": "common", "label": "", "required": false, "javaType": "String", "deprecated": false, "deprecationNote": "", "autowired": false, "secret": false, "description": "The type of message", "constantName": "org.apache.camel.component.irc.IrcConstants#IRC_MESSAGE_TYPE" },
    "irc.target": { "kind": "header", "displayName": "", "group": "common", "label": "", "required": false, "javaType": "String", "deprecated": false, "deprecationNote": "", "autowired": false, "secret": false, "description": "The target", "constantName": "org.apache.camel.component.irc.IrcConstants#IRC_TARGET" },
    "irc.sendTo": { "kind": "header", "displayName": "", "group": "common", "label": "", "required": false, "javaType": "String", "deprecated": false, "deprecationNote": "", "autowired": false, "secret": false, "description": "The nickname or channel the message should be sent to.", "constantName": "org.apache.camel.component.irc.IrcConstants#IRC_SEND_TO" },
    "irc.user.kicked": { "kind": "header", "displayName": "", "group": "common", "label": "", "required": false, "javaType": "String", "deprecated": false, "deprecationNote": "", "autowired": false, "secret": false, "description": "The nickname of the user who is kicked from a channel (passive).", "constantName": "org.apache.camel.component.irc.IrcConstants#IRC_USER_KICKED" },
    "irc.user.host": { "kind": "header", "displayName": "", "group": "common", "label": "", "required": false, "javaType": "String", "deprecated": false, "deprecationNote": "", "autowired": false, "secret": false, "description": "The host of the person who sent the line.", "constantName": "org.apache.camel.component.irc.IrcConstants#IRC_USER_HOST" },
    "irc.user.nick": { "kind": "header", "displayName": "", "group": "common", "label": "", "required": false, "javaType": "String", "deprecated": false, "deprecationNote": "", "autowired": false, "secret": false, "description": "The nickname of the person who sent the line or the server name of the server which sent the line.", "constantName": "org.apache.camel.component.irc.IrcConstants#IRC_USER_NICK" },
    "irc.user.servername": { "kind": "header", "displayName": "", "group": "common", "label": "", "required": false, "javaType": "String", "deprecated": false, "deprecationNote": "", "autowired": false, "secret": false, "description": "The server name of the server which sent the line or the nickname of the person who sent the line.", "constantName": "org.apache.camel.component.irc.IrcConstants#IRC_USER_SERVERNAME" },
    "irc.user.username": { "kind": "header", "displayName": "", "group": "common", "label": "", "required": false, "javaType": "String", "deprecated": false, "deprecationNote": "", "autowired": false, "secret": false, "description": "The username of the person who sent the line.", "constantName": "org.apache.camel.component.irc.IrcConstants#IRC_USER_USERNAME" },
    "irc.num": { "kind": "header", "displayName": "", "group": "common", "label": "", "required": false, "javaType": "int", "deprecated": false, "deprecationNote": "", "autowired": false, "secret": false, "description": "The numeric reply.", "constantName": "org.apache.camel.component.irc.IrcConstants#IRC_NUM" },
    "irc.value": { "kind": "header", "displayName": "", "group": "common", "label": "", "required": false, "javaType": "String", "deprecated": false, "deprecationNote": "", "autowired": false, "secret": false, "description": "The first part of the message", "constantName": "org.apache.camel.component.irc.IrcConstants#IRC_VALUE" }
  },
  "properties": {
    "hostname": { "kind": "path", "displayName": "Hostname", "group": "common", "label": "", "required": true, "type": "string", "javaType": "java.lang.String", "deprecated": false, "deprecationNote": "", "autowired": false, "secret": false, "configurationClass": "org.apache.camel.component.irc.IrcConfiguration", "configurationField": "configuration", "description": "Hostname for the IRC chat server" },
    "port": { "kind": "path", "displayName": "Port", "group": "common", "label": "", "required": false, "type": "integer", "javaType": "int", "deprecated": false, "autowired": false, "secret": false, "configurationClass": "org.apache.camel.component.irc.IrcConfiguration", "configurationField": "configuration", "description": "Port number for the IRC chat server. If no port is configured then a default port of either 6667, 6668 or 6669 is used." },
    "autoRejoin": { "kind": "parameter", "displayName": "Auto Rejoin", "group": "common", "label": "", "required": false, "type": "boolean", "javaType": "boolean", "deprecated": false, "autowired": false, "secret": false, "defaultValue": true, "configurationClass": "org.apache.camel.component.irc.IrcConfiguration", "configurationField": "configuration", "description": "Whether to auto re-join when being kicked" },
    "channels": { "kind": "parameter", "displayName": "Channels", "group": "common", "label": "common", "required": false, "type": "string", "javaType": "java.lang.String", "deprecated": false, "autowired": false, "secret": false, "configurationClass": "org.apache.camel.component.irc.IrcConfiguration", "configurationField": "configuration", "description": "Comma separated list of IRC channels." },
    "commandTimeout": { "kind": "parameter", "displayName": "Command Timeout", "group": "common", "label": "", "required": false, "type": "integer", "javaType": "long", "deprecated": false, "autowired": false, "secret": false, "defaultValue": 5000, "configurationClass": "org.apache.camel.component.irc.IrcConfiguration", "configurationField": "configuration", "description": "Delay in milliseconds before sending commands after the connection is established." },
    "keys": { "kind": "parameter", "displayName": "Keys", "group": "common", "label": "common", "required": false, "type": "string", "javaType": "java.lang.String", "deprecated": false, "autowired": false, "secret": false, "configurationClass": "org.apache.camel.component.irc.IrcConfiguration", "configurationField": "configuration", "description": "Comma separated list of keys for channels." },
    "namesOnJoin": { "kind": "parameter", "displayName": "Names On Join", "group": "common", "label": "common", "required": false, "type": "boolean", "javaType": "boolean", "deprecated": false, "autowired": false, "secret": false, "defaultValue": false, "configurationClass": "org.apache.camel.component.irc.IrcConfiguration", "configurationField": "configuration", "description": "Sends NAMES command to channel after joining it. onReply has to be true in order to process the result which will have the header value irc.num = '353'." },
    "nickname": { "kind": "parameter", "displayName": "Nickname", "group": "common", "label": "common", "required": false, "type": "string", "javaType": "java.lang.String", "deprecated": false, "autowired": false, "secret": false, "configurationClass": "org.apache.camel.component.irc.IrcConfiguration", "configurationField": "configuration", "description": "The nickname used in chat." },
    "persistent": { "kind": "parameter", "displayName": "Persistent", "group": "common", "label": "", "required": false, "type": "boolean", "javaType": "boolean", "deprecated": true, "autowired": false, "secret": false, "defaultValue": true, "configurationClass": "org.apache.camel.component.irc.IrcConfiguration", "configurationField": "configuration", "description": "Use persistent messages." },
    "realname": { "kind": "parameter", "displayName": "Realname", "group": "common", "label": "common", "required": false, "type": "string", "javaType": "java.lang.String", "deprecated": false, "autowired": false, "secret": false, "configurationClass": "org.apache.camel.component.irc.IrcConfiguration", "configurationField": "configuration", "description": "The IRC user's actual name." },
    "bridgeErrorHandler": { "kind": "parameter", "displayName": "Bridge Error Handler", "group": "consumer (advanced)", "label": "consumer,advanced", "required": false, "type": "boolean", "javaType": "boolean", "deprecated": false, "autowired": false, "secret": false, "defaultValue": false, "description": "Allows for bridging the consumer to the Camel routing Error Handler, which mean any exceptions occurred while the consumer is trying to pickup incoming messages, or the likes, will now be processed as a message and handled by the routing Error Handler. By default the consumer will use the org.apache.camel.spi.ExceptionHandler to deal with exceptions, that will be logged at WARN or ERROR level and ignored." },
    "exceptionHandler": { "kind": "parameter", "displayName": "Exception Handler", "group": "consumer (advanced)", "label": "consumer,advanced", "required": false, "type": "object", "javaType": "org.apache.camel.spi.ExceptionHandler", "optionalPrefix": "consumer.", "deprecated": false, "autowired": false, "secret": false, "description": "To let the consumer use a custom ExceptionHandler. Notice if the option bridgeErrorHandler is enabled then this option is not in use. By default the consumer will deal with exceptions, that will be logged at WARN or ERROR level and ignored." },
    "exchangePattern": { "kind": "parameter", "displayName": "Exchange Pattern", "group": "consumer (advanced)", "label": "consumer,advanced", "required": false, "type": "object", "javaType": "org.apache.camel.ExchangePattern", "enum": [ "InOnly", "InOut", "InOptionalOut" ], "deprecated": false, "autowired": false, "secret": false, "description": "Sets the exchange pattern when the consumer creates an exchange." },
    "lazyStartProducer": { "kind": "parameter", "displayName": "Lazy Start Producer", "group": "producer (advanced)", "label": "producer,advanced", "required": false, "type": "boolean", "javaType": "boolean", "deprecated": false, "autowired": false, "secret": false, "defaultValue": false, "description": "Whether the producer should be started lazy (on the first message). By starting lazy you can use this to allow CamelContext and routes to startup in situations where a producer may otherwise fail during starting and cause the route to fail being started. By deferring this startup to be lazy then the startup failure can be handled during routing messages via Camel's routing error handlers. Beware that when the first message is processed then creating and starting the producer may take a little time and prolong the total processing time of the processing." },
    "colors": { "kind": "parameter", "displayName": "Colors", "group": "advanced", "label": "advanced", "required": false, "type": "boolean", "javaType": "boolean", "deprecated": false, "autowired": false, "secret": false, "defaultValue": true, "configurationClass": "org.apache.camel.component.irc.IrcConfiguration", "configurationField": "configuration", "description": "Whether or not the server supports color codes." },
    "onJoin": { "kind": "parameter", "displayName": "On Join", "group": "filter", "label": "filter", "required": false, "type": "boolean", "javaType": "boolean", "deprecated": false, "autowired": false, "secret": false, "defaultValue": true, "configurationClass": "org.apache.camel.component.irc.IrcConfiguration", "configurationField": "configuration", "description": "Handle user join events." },
    "onKick": { "kind": "parameter", "displayName": "On Kick", "group": "filter", "label": "filter", "required": false, "type": "boolean", "javaType": "boolean", "deprecated": false, "autowired": false, "secret": false, "defaultValue": true, "configurationClass": "org.apache.camel.component.irc.IrcConfiguration", "configurationField": "configuration", "description": "Handle kick events." },
    "onMode": { "kind": "parameter", "displayName": "On Mode", "group": "filter", "label": "filter", "required": false, "type": "boolean", "javaType": "boolean", "deprecated": false, "autowired": false, "secret": false, "defaultValue": true, "configurationClass": "org.apache.camel.component.irc.IrcConfiguration", "configurationField": "configuration", "description": "Handle mode change events." },
    "onNick": { "kind": "parameter", "displayName": "On Nick", "group": "filter", "label": "filter", "required": false, "type": "boolean", "javaType": "boolean", "deprecated": false, "autowired": false, "secret": false, "defaultValue": true, "configurationClass": "org.apache.camel.component.irc.IrcConfiguration", "configurationField": "configuration", "description": "Handle nickname change events." },
    "onPart": { "kind": "parameter", "displayName": "On Part", "group": "filter", "label": "filter", "required": false, "type": "boolean", "javaType": "boolean", "deprecated": false, "autowired": false, "secret": false, "defaultValue": true, "configurationClass": "org.apache.camel.component.irc.IrcConfiguration", "configurationField": "configuration", "description": "Handle user part events." },
    "onPrivmsg": { "kind": "parameter", "displayName": "On Privmsg", "group": "filter", "label": "filter", "required": false, "type": "boolean", "javaType": "boolean", "deprecated": false, "autowired": false, "secret": false, "defaultValue": true, "configurationClass": "org.apache.camel.component.irc.IrcConfiguration", "configurationField": "configuration", "description": "Handle private message events." },
    "onQuit": { "kind": "parameter", "displayName": "On Quit", "group": "filter", "label": "filter", "required": false, "type": "boolean", "javaType": "boolean", "deprecated": false, "autowired": false, "secret": false, "defaultValue": true, "configurationClass": "org.apache.camel.component.irc.IrcConfiguration", "configurationField": "configuration", "description": "Handle user quit events." },
    "onReply": { "kind": "parameter", "displayName": "On Reply", "group": "filter", "label": "filter", "required": false, "type": "boolean", "javaType": "boolean", "deprecated": false, "autowired": false, "secret": false, "defaultValue": false, "configurationClass": "org.apache.camel.component.irc.IrcConfiguration", "configurationField": "configuration", "description": "Whether or not to handle general responses to commands or informational messages." },
    "onTopic": { "kind": "parameter", "displayName": "On Topic", "group": "filter", "label": "filter", "required": false, "type": "boolean", "javaType": "boolean", "deprecated": false, "autowired": false, "secret": false, "defaultValue": true, "configurationClass": "org.apache.camel.component.irc.IrcConfiguration", "configurationField": "configuration", "description": "Handle topic change events." },
    "nickPassword": { "kind": "parameter", "displayName": "Nick Password", "group": "security", "label": "security", "required": false, "type": "string", "javaType": "java.lang.String", "deprecated": false, "autowired": false, "secret": true, "configurationClass": "org.apache.camel.component.irc.IrcConfiguration", "configurationField": "configuration", "description": "Your IRC server nickname password." },
    "password": { "kind": "parameter", "displayName": "Password", "group": "security", "label": "security", "required": false, "type": "string", "javaType": "java.lang.String", "deprecated": false, "autowired": false, "secret": true, "configurationClass": "org.apache.camel.component.irc.IrcConfiguration", "configurationField": "configuration", "description": "The IRC server password." },
    "sslContextParameters": { "kind": "parameter", "displayName": "Ssl Context Parameters", "group": "security", "label": "security", "required": false, "type": "object", "javaType": "org.apache.camel.support.jsse.SSLContextParameters", "deprecated": false, "autowired": false, "secret": false, "configurationClass": "org.apache.camel.component.irc.IrcConfiguration", "configurationField": "configuration", "description": "Used for configuring security using SSL. Reference to a org.apache.camel.support.jsse.SSLContextParameters in the Registry. This reference overrides any configured SSLContextParameters at the component level. Note that this setting overrides the trustManager option." },
    "trustManager": { "kind": "parameter", "displayName": "Trust Manager", "group": "security", "label": "security", "required": false, "type": "object", "javaType": "org.schwering.irc.lib.ssl.SSLTrustManager", "deprecated": false, "autowired": false, "secret": false, "configurationClass": "org.apache.camel.component.irc.IrcConfiguration", "configurationField": "configuration", "description": "The trust manager used to verify the SSL server's certificate." },
    "username": { "kind": "parameter", "displayName": "Username", "group": "security", "label": "security", "required": false, "type": "string", "javaType": "java.lang.String", "deprecated": false, "autowired": false, "secret": true, "configurationClass": "org.apache.camel.component.irc.IrcConfiguration", "configurationField": "configuration", "description": "The IRC server user name." }
  }
}
