{
  "component": {
    "kind": "component",
    "name": "jgroups",
    "title": "JGroups",
    "description": "Exchange messages with JGroups clusters.",
    "deprecated": false,
    "firstVersion": "2.13.0",
    "label": "clustering,messaging",
    "javaType": "org.apache.camel.component.jgroups.JGroupsComponent",
    "supportLevel": "Stable",
    "groupId": "org.apache.camel",
    "artifactId": "camel-jgroups",
    "version": "3.20.1-SNAPSHOT",
    "scheme": "jgroups",
    "extendsScheme": "",
    "syntax": "jgroups:clusterName",
    "async": false,
    "api": false,
    "consumerOnly": false,
    "producerOnly": false,
    "lenientProperties": false
  },
  "componentProperties": {
    "channel": { "kind": "property", "displayName": "Channel", "group": "common", "label": "", "required": false, "type": "object", "javaType": "org.jgroups.JChannel", "deprecated": false, "autowired": false, "secret": false, "description": "Channel to use" },
    "channelProperties": { "kind": "property", "displayName": "Channel Properties", "group": "common", "label": "", "required": false, "type": "string", "javaType": "java.lang.String", "deprecated": false, "autowired": false, "secret": false, "description": "Specifies configuration properties of the JChannel used by the endpoint." },
    "bridgeErrorHandler": { "kind": "property", "displayName": "Bridge Error Handler", "group": "consumer", "label": "consumer", "required": false, "type": "boolean", "javaType": "boolean", "deprecated": false, "autowired": false, "secret": false, "defaultValue": false, "description": "Allows for bridging the consumer to the Camel routing Error Handler, which mean any exceptions occurred while the consumer is trying to pickup incoming messages, or the likes, will now be processed as a message and handled by the routing Error Handler. By default the consumer will use the org.apache.camel.spi.ExceptionHandler to deal with exceptions, that will be logged at WARN or ERROR level and ignored." },
    "enableViewMessages": { "kind": "property", "displayName": "Enable View Messages", "group": "consumer", "label": "consumer", "required": false, "type": "boolean", "javaType": "boolean", "deprecated": false, "autowired": false, "secret": false, "defaultValue": false, "description": "If set to true, the consumer endpoint will receive org.jgroups.View messages as well (not only org.jgroups.Message instances). By default only regular messages are consumed by the endpoint." },
    "lazyStartProducer": { "kind": "property", "displayName": "Lazy Start Producer", "group": "producer", "label": "producer", "required": false, "type": "boolean", "javaType": "boolean", "deprecated": false, "autowired": false, "secret": false, "defaultValue": false, "description": "Whether the producer should be started lazy (on the first message). By starting lazy you can use this to allow CamelContext and routes to startup in situations where a producer may otherwise fail during starting and cause the route to fail being started. By deferring this startup to be lazy then the startup failure can be handled during routing messages via Camel's routing error handlers. Beware that when the first message is processed then creating and starting the producer may take a little time and prolong the total processing time of the processing." },
    "autowiredEnabled": { "kind": "property", "displayName": "Autowired Enabled", "group": "advanced", "label": "advanced", "required": false, "type": "boolean", "javaType": "boolean", "deprecated": false, "autowired": false, "secret": false, "defaultValue": true, "description": "Whether autowiring is enabled. This is used for automatic autowiring options (the option must be marked as autowired) by looking up in the registry to find if there is a single instance of matching type, which then gets configured on the component. This can be used for automatic configuring JDBC data sources, JMS connection factories, AWS Clients, etc." }
  },
  "headers": {
    "JGROUPS_CHANNEL_ADDRESS": { "kind": "header", "displayName": "", "group": "common", "label": "", "required": false, "javaType": "org.jgroups.Address", "deprecated": false, "deprecationNote": "", "autowired": false, "secret": false, "description": "Address (org.jgroups.Address) of the channel associated with the endpoint.", "constantName": "org.apache.camel.component.jgroups.JGroupsConstants#HEADER_JGROUPS_CHANNEL_ADDRESS" },
    "JGROUPS_DEST": { "kind": "header", "displayName": "", "group": "common", "label": "", "required": false, "javaType": "org.jgroups.Address", "deprecated": false, "deprecationNote": "", "autowired": false, "secret": false, "description": "Consumer: The org.jgroups.Address instance extracted by org.jgroups.Message.getDest() method of the consumed message. Producer: The custom destination org.jgroups.Address of the message to be sent.", "constantName": "org.apache.camel.component.jgroups.JGroupsConstants#HEADER_JGROUPS_DEST" },
    "JGROUPS_SRC": { "kind": "header", "displayName": "", "group": "common", "label": "", "required": false, "javaType": "org.jgroups.Address", "deprecated": false, "deprecationNote": "", "autowired": false, "secret": false, "description": "Consumer : The org.jgroups.Address instance extracted by org.jgroups.Message.getSrc() method of the consumed message. Producer: The custom source org.jgroups.Address of the message to be sent.", "constantName": "org.apache.camel.component.jgroups.JGroupsConstants#HEADER_JGROUPS_SRC" },
    "JGROUPS_ORIGINAL_MESSAGE": { "kind": "header", "displayName": "", "group": "common", "label": "", "required": false, "javaType": "org.jgroups.Message", "deprecated": false, "deprecationNote": "", "autowired": false, "secret": false, "description": "The original org.jgroups.Message instance from which the body of the consumed message has been extracted.", "constantName": "org.apache.camel.component.jgroups.JGroupsConstants#HEADER_JGROUPS_ORIGINAL_MESSAGE" }
  },
  "properties": {
    "clusterName": { "kind": "path", "displayName": "Cluster Name", "group": "common", "label": "", "required": true, "type": "string", "javaType": "java.lang.String", "deprecated": false, "deprecationNote": "", "autowired": false, "secret": false, "description": "The name of the JGroups cluster the component should connect to." },
    "channelProperties": { "kind": "parameter", "displayName": "Channel Properties", "group": "common", "label": "", "required": false, "type": "string", "javaType": "java.lang.String", "deprecated": false, "autowired": false, "secret": false, "description": "Specifies configuration properties of the JChannel used by the endpoint." },
    "enableViewMessages": { "kind": "parameter", "displayName": "Enable View Messages", "group": "consumer", "label": "consumer", "required": false, "type": "boolean", "javaType": "boolean", "deprecated": false, "autowired": false, "secret": false, "defaultValue": false, "description": "If set to true, the consumer endpoint will receive org.jgroups.View messages as well (not only org.jgroups.Message instances). By default only regular messages are consumed by the endpoint." },
    "bridgeErrorHandler": { "kind": "parameter", "displayName": "Bridge Error Handler", "group": "consumer (advanced)", "label": "consumer,advanced", "required": false, "type": "boolean", "javaType": "boolean", "deprecated": false, "autowired": false, "secret": false, "defaultValue": false, "description": "Allows for bridging the consumer to the Camel routing Error Handler, which mean any exceptions occurred while the consumer is trying to pickup incoming messages, or the likes, will now be processed as a message and handled by the routing Error Handler. By default the consumer will use the org.apache.camel.spi.ExceptionHandler to deal with exceptions, that will be logged at WARN or ERROR level and ignored." },
    "exceptionHandler": { "kind": "parameter", "displayName": "Exception Handler", "group": "consumer (advanced)", "label": "consumer,advanced", "required": false, "type": "object", "javaType": "org.apache.camel.spi.ExceptionHandler", "optionalPrefix": "consumer.", "deprecated": false, "autowired": false, "secret": false, "description": "To let the consumer use a custom ExceptionHandler. Notice if the option bridgeErrorHandler is enabled then this option is not in use. By default the consumer will deal with exceptions, that will be logged at WARN or ERROR level and ignored." },
    "exchangePattern": { "kind": "parameter", "displayName": "Exchange Pattern", "group": "consumer (advanced)", "label": "consumer,advanced", "required": false, "type": "object", "javaType": "org.apache.camel.ExchangePattern", "enum": [ "InOnly", "InOut", "InOptionalOut" ], "deprecated": false, "autowired": false, "secret": false, "description": "Sets the exchange pattern when the consumer creates an exchange." },
    "lazyStartProducer": { "kind": "parameter", "displayName": "Lazy Start Producer", "group": "producer (advanced)", "label": "producer,advanced", "required": false, "type": "boolean", "javaType": "boolean", "deprecated": false, "autowired": false, "secret": false, "defaultValue": false, "description": "Whether the producer should be started lazy (on the first message). By starting lazy you can use this to allow CamelContext and routes to startup in situations where a producer may otherwise fail during starting and cause the route to fail being started. By deferring this startup to be lazy then the startup failure can be handled during routing messages via Camel's routing error handlers. Beware that when the first message is processed then creating and starting the producer may take a little time and prolong the total processing time of the processing." }
  }
}
