{
  "component": {
    "kind": "component",
    "name": "jpa",
    "title": "JPA",
    "description": "Store and retrieve Java objects from databases using Java Persistence API (JPA).",
    "deprecated": false,
    "firstVersion": "1.0.0",
    "label": "database,sql",
    "javaType": "org.apache.camel.component.jpa.JpaComponent",
    "supportLevel": "Stable",
    "groupId": "org.apache.camel",
    "artifactId": "camel-jpa",
    "version": "3.20.1-SNAPSHOT",
    "scheme": "jpa",
    "extendsScheme": "",
    "syntax": "jpa:entityType",
    "async": false,
    "api": false,
    "consumerOnly": false,
    "producerOnly": false,
    "lenientProperties": false
  },
  "componentProperties": {
    "aliases": { "kind": "property", "displayName": "Aliases", "group": "common", "label": "", "required": false, "type": "object", "javaType": "java.util.Map<java.lang.String, java.lang.Class<java.lang.Object>>", "deprecated": false, "autowired": false, "secret": false, "description": "Maps an alias to a JPA entity class. The alias can then be used in the endpoint URI (instead of the fully qualified class name)." },
    "entityManagerFactory": { "kind": "property", "displayName": "Entity Manager Factory", "group": "common", "label": "", "required": false, "type": "object", "javaType": "javax.persistence.EntityManagerFactory", "deprecated": false, "autowired": false, "secret": false, "description": "To use the EntityManagerFactory. This is strongly recommended to configure." },
    "joinTransaction": { "kind": "property", "displayName": "Join Transaction", "group": "common", "label": "", "required": false, "type": "boolean", "javaType": "boolean", "deprecated": false, "autowired": false, "secret": false, "defaultValue": true, "description": "The camel-jpa component will join transaction by default. You can use this option to turn this off, for example if you use LOCAL_RESOURCE and join transaction doesn't work with your JPA provider. This option can also be set globally on the JpaComponent, instead of having to set it on all endpoints." },
    "sharedEntityManager": { "kind": "property", "displayName": "Shared Entity Manager", "group": "common", "label": "", "required": false, "type": "boolean", "javaType": "boolean", "deprecated": false, "autowired": false, "secret": false, "defaultValue": false, "description": "Whether to use Spring's SharedEntityManager for the consumer\/producer. Note in most cases joinTransaction should be set to false as this is not an EXTENDED EntityManager." },
    "transactionManager": { "kind": "property", "displayName": "Transaction Manager", "group": "common", "label": "", "required": false, "type": "object", "javaType": "org.springframework.transaction.PlatformTransactionManager", "deprecated": false, "autowired": false, "secret": false, "description": "To use the PlatformTransactionManager for managing transactions." },
    "transactionStrategy": { "kind": "property", "displayName": "Transaction Strategy", "group": "common", "label": "", "required": false, "type": "object", "javaType": "org.apache.camel.component.jpa.TransactionStrategy", "deprecated": false, "autowired": false, "secret": false, "description": "To use the TransactionStrategy for running the operations in a transaction." },
    "bridgeErrorHandler": { "kind": "property", "displayName": "Bridge Error Handler", "group": "consumer", "label": "consumer", "required": false, "type": "boolean", "javaType": "boolean", "deprecated": false, "autowired": false, "secret": false, "defaultValue": false, "description": "Allows for bridging the consumer to the Camel routing Error Handler, which mean any exceptions occurred while the consumer is trying to pickup incoming messages, or the likes, will now be processed as a message and handled by the routing Error Handler. By default the consumer will use the org.apache.camel.spi.ExceptionHandler to deal with exceptions, that will be logged at WARN or ERROR level and ignored." },
    "lazyStartProducer": { "kind": "property", "displayName": "Lazy Start Producer", "group": "producer", "label": "producer", "required": false, "type": "boolean", "javaType": "boolean", "deprecated": false, "autowired": false, "secret": false, "defaultValue": false, "description": "Whether the producer should be started lazy (on the first message). By starting lazy you can use this to allow CamelContext and routes to startup in situations where a producer may otherwise fail during starting and cause the route to fail being started. By deferring this startup to be lazy then the startup failure can be handled during routing messages via Camel's routing error handlers. Beware that when the first message is processed then creating and starting the producer may take a little time and prolong the total processing time of the processing." },
    "autowiredEnabled": { "kind": "property", "displayName": "Autowired Enabled", "group": "advanced", "label": "advanced", "required": false, "type": "boolean", "javaType": "boolean", "deprecated": false, "autowired": false, "secret": false, "defaultValue": true, "description": "Whether autowiring is enabled. This is used for automatic autowiring options (the option must be marked as autowired) by looking up in the registry to find if there is a single instance of matching type, which then gets configured on the component. This can be used for automatic configuring JDBC data sources, JMS connection factories, AWS Clients, etc." }
  },
  "headers": {
    "CamelEntityManager": { "kind": "header", "displayName": "", "group": "common", "label": "", "required": false, "javaType": "javax.persistence.EntityManager", "deprecated": false, "deprecationNote": "", "autowired": false, "secret": false, "description": "The JPA EntityManager object.", "constantName": "org.apache.camel.component.jpa.JpaConstants#ENTITY_MANAGER" },
    "CamelJpaParameters": { "kind": "header", "displayName": "", "group": "producer", "label": "producer", "required": false, "javaType": "Map<String, Object>", "deprecated": false, "deprecationNote": "", "autowired": false, "secret": false, "description": "Alternative way for passing query parameters as an Exchange header.", "constantName": "org.apache.camel.component.jpa.JpaConstants#JPA_PARAMETERS_HEADER" }
  },
  "properties": {
    "entityType": { "kind": "path", "displayName": "Entity Type", "group": "common", "label": "", "required": true, "type": "string", "javaType": "java.lang.Class<java.lang.Object>", "deprecated": false, "deprecationNote": "", "autowired": false, "secret": false, "description": "Entity class name" },
    "joinTransaction": { "kind": "parameter", "displayName": "Join Transaction", "group": "common", "label": "", "required": false, "type": "boolean", "javaType": "boolean", "deprecated": false, "autowired": false, "secret": false, "defaultValue": true, "description": "The camel-jpa component will join transaction by default. You can use this option to turn this off, for example if you use LOCAL_RESOURCE and join transaction doesn't work with your JPA provider. This option can also be set globally on the JpaComponent, instead of having to set it on all endpoints." },
    "maximumResults": { "kind": "parameter", "displayName": "Maximum Results", "group": "common", "label": "", "required": false, "type": "integer", "javaType": "int", "deprecated": false, "autowired": false, "secret": false, "defaultValue": -1, "description": "Set the maximum number of results to retrieve on the Query." },
    "namedQuery": { "kind": "parameter", "displayName": "Named Query", "group": "common", "label": "", "required": false, "type": "string", "javaType": "java.lang.String", "deprecated": false, "autowired": false, "secret": false, "description": "To use a named query." },
    "nativeQuery": { "kind": "parameter", "displayName": "Native Query", "group": "common", "label": "", "required": false, "type": "string", "javaType": "java.lang.String", "deprecated": false, "autowired": false, "secret": false, "description": "To use a custom native query. You may want to use the option resultClass also when using native queries." },
    "persistenceUnit": { "kind": "parameter", "displayName": "Persistence Unit", "group": "common", "label": "", "required": true, "type": "string", "javaType": "java.lang.String", "deprecated": false, "deprecationNote": "", "autowired": false, "secret": false, "defaultValue": "camel", "description": "The JPA persistence unit used by default." },
    "query": { "kind": "parameter", "displayName": "Query", "group": "common", "label": "", "required": false, "type": "string", "javaType": "java.lang.String", "deprecated": false, "autowired": false, "secret": false, "description": "To use a custom query." },
    "resultClass": { "kind": "parameter", "displayName": "Result Class", "group": "common", "label": "", "required": false, "type": "string", "javaType": "java.lang.Class<java.lang.Object>", "deprecated": false, "autowired": false, "secret": false, "description": "Defines the type of the returned payload (we will call entityManager.createNativeQuery(nativeQuery, resultClass) instead of entityManager.createNativeQuery(nativeQuery)). Without this option, we will return an object array. Only has an affect when using in conjunction with native query when consuming data." },
    "consumeDelete": { "kind": "parameter", "displayName": "Consume Delete", "group": "consumer", "label": "consumer", "required": false, "type": "boolean", "javaType": "boolean", "deprecated": false, "autowired": false, "secret": false, "defaultValue": true, "description": "If true, the entity is deleted after it is consumed; if false, the entity is not deleted." },
    "consumeLockEntity": { "kind": "parameter", "displayName": "Consume Lock Entity", "group": "consumer", "label": "consumer", "required": false, "type": "boolean", "javaType": "boolean", "deprecated": false, "autowired": false, "secret": false, "defaultValue": true, "description": "Specifies whether or not to set an exclusive lock on each entity bean while processing the results from polling." },
    "deleteHandler": { "kind": "parameter", "displayName": "Delete Handler", "group": "consumer", "label": "consumer", "required": false, "type": "object", "javaType": "org.apache.camel.component.jpa.DeleteHandler<java.lang.Object>", "deprecated": false, "autowired": false, "secret": false, "description": "To use a custom DeleteHandler to delete the row after the consumer is done processing the exchange" },
    "lockModeType": { "kind": "parameter", "displayName": "Lock Mode Type", "group": "consumer", "label": "consumer", "required": false, "type": "object", "javaType": "javax.persistence.LockModeType", "enum": [ "READ", "WRITE", "OPTIMISTIC", "OPTIMISTIC_FORCE_INCREMENT", "PESSIMISTIC_READ", "PESSIMISTIC_WRITE", "PESSIMISTIC_FORCE_INCREMENT", "NONE" ], "deprecated": false, "autowired": false, "secret": false, "defaultValue": "PESSIMISTIC_WRITE", "description": "To configure the lock mode on the consumer." },
    "maxMessagesPerPoll": { "kind": "parameter", "displayName": "Max Messages Per Poll", "group": "consumer", "label": "consumer", "required": false, "type": "integer", "javaType": "int", "deprecated": false, "autowired": false, "secret": false, "description": "An integer value to define the maximum number of messages to gather per poll. By default, no maximum is set. Can be used to avoid polling many thousands of messages when starting up the server. Set a value of 0 or negative to disable." },
    "preDeleteHandler": { "kind": "parameter", "displayName": "Pre Delete Handler", "group": "consumer", "label": "consumer", "required": false, "type": "object", "javaType": "org.apache.camel.component.jpa.DeleteHandler<java.lang.Object>", "deprecated": false, "autowired": false, "secret": false, "description": "To use a custom Pre-DeleteHandler to delete the row after the consumer has read the entity." },
    "sendEmptyMessageWhenIdle": { "kind": "parameter", "displayName": "Send Empty Message When Idle", "group": "consumer", "label": "consumer", "required": false, "type": "boolean", "javaType": "boolean", "deprecated": false, "autowired": false, "secret": false, "defaultValue": false, "description": "If the polling consumer did not poll any files, you can enable this option to send an empty message (no body) instead." },
    "skipLockedEntity": { "kind": "parameter", "displayName": "Skip Locked Entity", "group": "consumer", "label": "consumer", "required": false, "type": "boolean", "javaType": "boolean", "deprecated": false, "autowired": false, "secret": false, "defaultValue": false, "description": "To configure whether to use NOWAIT on lock and silently skip the entity." },
    "transacted": { "kind": "parameter", "displayName": "Transacted", "group": "consumer", "label": "consumer", "required": false, "type": "boolean", "javaType": "boolean", "deprecated": false, "autowired": false, "secret": false, "defaultValue": false, "description": "Whether to run the consumer in transacted mode, by which all messages will either commit or rollback, when the entire batch has been processed. The default behavior (false) is to commit all the previously successfully processed messages, and only rollback the last failed message." },
    "bridgeErrorHandler": { "kind": "parameter", "displayName": "Bridge Error Handler", "group": "consumer (advanced)", "label": "consumer,advanced", "required": false, "type": "boolean", "javaType": "boolean", "deprecated": false, "autowired": false, "secret": false, "defaultValue": false, "description": "Allows for bridging the consumer to the Camel routing Error Handler, which mean any exceptions occurred while the consumer is trying to pickup incoming messages, or the likes, will now be processed as a message and handled by the routing Error Handler. By default the consumer will use the org.apache.camel.spi.ExceptionHandler to deal with exceptions, that will be logged at WARN or ERROR level and ignored." },
    "exceptionHandler": { "kind": "parameter", "displayName": "Exception Handler", "group": "consumer (advanced)", "label": "consumer,advanced", "required": false, "type": "object", "javaType": "org.apache.camel.spi.ExceptionHandler", "optionalPrefix": "consumer.", "deprecated": false, "autowired": false, "secret": false, "description": "To let the consumer use a custom ExceptionHandler. Notice if the option bridgeErrorHandler is enabled then this option is not in use. By default the consumer will deal with exceptions, that will be logged at WARN or ERROR level and ignored." },
    "exchangePattern": { "kind": "parameter", "displayName": "Exchange Pattern", "group": "consumer (advanced)", "label": "consumer,advanced", "required": false, "type": "object", "javaType": "org.apache.camel.ExchangePattern", "enum": [ "InOnly", "InOut", "InOptionalOut" ], "deprecated": false, "autowired": false, "secret": false, "description": "Sets the exchange pattern when the consumer creates an exchange." },
    "parameters": { "kind": "parameter", "displayName": "Parameters", "group": "consumer (advanced)", "label": "consumer,advanced", "required": false, "type": "object", "javaType": "java.util.Map<java.lang.String, java.lang.Object>", "prefix": "parameters.", "multiValue": true, "deprecated": false, "autowired": false, "secret": false, "description": "This key\/value mapping is used for building the query parameters. It is expected to be of the generic type java.util.Map where the keys are the named parameters of a given JPA query and the values are their corresponding effective values you want to select for. When it's used for producer, Simple expression can be used as a parameter value. It allows you to retrieve parameter values from the message body, header and etc." },
    "pollStrategy": { "kind": "parameter", "displayName": "Poll Strategy", "group": "consumer (advanced)", "label": "consumer,advanced", "required": false, "type": "object", "javaType": "org.apache.camel.spi.PollingConsumerPollStrategy", "deprecated": false, "autowired": false, "secret": false, "description": "A pluggable org.apache.camel.PollingConsumerPollingStrategy allowing you to provide your custom implementation to control error handling usually occurred during the poll operation before an Exchange have been created and being routed in Camel." },
    "findEntity": { "kind": "parameter", "displayName": "Find Entity", "group": "producer", "label": "producer", "required": false, "type": "boolean", "javaType": "boolean", "deprecated": false, "autowired": false, "secret": false, "defaultValue": false, "description": "If enabled then the producer will find a single entity by using the message body as key and entityType as the class type. This can be used instead of a query to find a single entity." },
    "flushOnSend": { "kind": "parameter", "displayName": "Flush On Send", "group": "producer", "label": "producer", "required": false, "type": "boolean", "javaType": "boolean", "deprecated": false, "autowired": false, "secret": false, "defaultValue": true, "description": "Flushes the EntityManager after the entity bean has been persisted." },
    "remove": { "kind": "parameter", "displayName": "Remove", "group": "producer", "label": "producer", "required": false, "type": "boolean", "javaType": "boolean", "deprecated": false, "autowired": false, "secret": false, "defaultValue": false, "description": "Indicates to use entityManager.remove(entity)." },
    "useExecuteUpdate": { "kind": "parameter", "displayName": "Use Execute Update", "group": "producer", "label": "producer", "required": false, "type": "boolean", "javaType": "java.lang.Boolean", "deprecated": false, "autowired": false, "secret": false, "description": "To configure whether to use executeUpdate() when producer executes a query. When you use INSERT, UPDATE or DELETE statement as a named query, you need to specify this option to 'true'." },
    "usePersist": { "kind": "parameter", "displayName": "Use Persist", "group": "producer", "label": "producer", "required": false, "type": "boolean", "javaType": "boolean", "deprecated": false, "autowired": false, "secret": false, "defaultValue": false, "description": "Indicates to use entityManager.persist(entity) instead of entityManager.merge(entity). Note: entityManager.persist(entity) doesn't work for detached entities (where the EntityManager has to execute an UPDATE instead of an INSERT query)!" },
    "lazyStartProducer": { "kind": "parameter", "displayName": "Lazy Start Producer", "group": "producer (advanced)", "label": "producer,advanced", "required": false, "type": "boolean", "javaType": "boolean", "deprecated": false, "autowired": false, "secret": false, "defaultValue": false, "description": "Whether the producer should be started lazy (on the first message). By starting lazy you can use this to allow CamelContext and routes to startup in situations where a producer may otherwise fail during starting and cause the route to fail being started. By deferring this startup to be lazy then the startup failure can be handled during routing messages via Camel's routing error handlers. Beware that when the first message is processed then creating and starting the producer may take a little time and prolong the total processing time of the processing." },
    "usePassedInEntityManager": { "kind": "parameter", "displayName": "Use Passed In Entity Manager", "group": "producer (advanced)", "label": "producer,advanced", "required": false, "type": "boolean", "javaType": "boolean", "deprecated": false, "autowired": false, "secret": false, "defaultValue": false, "description": "If set to true, then Camel will use the EntityManager from the header JpaConstants.ENTITY_MANAGER instead of the configured entity manager on the component\/endpoint. This allows end users to control which entity manager will be in use." },
    "entityManagerProperties": { "kind": "parameter", "displayName": "Entity Manager Properties", "group": "advanced", "label": "advanced", "required": false, "type": "object", "javaType": "java.util.Map<java.lang.String, java.lang.Object>", "prefix": "emf.", "multiValue": true, "deprecated": false, "autowired": false, "secret": false, "description": "Additional properties for the entity manager to use." },
    "sharedEntityManager": { "kind": "parameter", "displayName": "Shared Entity Manager", "group": "advanced", "label": "advanced", "required": false, "type": "boolean", "javaType": "boolean", "deprecated": false, "autowired": false, "secret": false, "defaultValue": false, "description": "Whether to use Spring's SharedEntityManager for the consumer\/producer. Note in most cases joinTransaction should be set to false as this is not an EXTENDED EntityManager." },
    "backoffErrorThreshold": { "kind": "parameter", "displayName": "Backoff Error Threshold", "group": "scheduler", "label": "consumer,scheduler", "required": false, "type": "integer", "javaType": "int", "deprecated": false, "autowired": false, "secret": false, "description": "The number of subsequent error polls (failed due some error) that should happen before the backoffMultipler should kick-in." },
    "backoffIdleThreshold": { "kind": "parameter", "displayName": "Backoff Idle Threshold", "group": "scheduler", "label": "consumer,scheduler", "required": false, "type": "integer", "javaType": "int", "deprecated": false, "autowired": false, "secret": false, "description": "The number of subsequent idle polls that should happen before the backoffMultipler should kick-in." },
    "backoffMultiplier": { "kind": "parameter", "displayName": "Backoff Multiplier", "group": "scheduler", "label": "consumer,scheduler", "required": false, "type": "integer", "javaType": "int", "deprecated": false, "autowired": false, "secret": false, "description": "To let the scheduled polling consumer backoff if there has been a number of subsequent idles\/errors in a row. The multiplier is then the number of polls that will be skipped before the next actual attempt is happening again. When this option is in use then backoffIdleThreshold and\/or backoffErrorThreshold must also be configured." },
    "delay": { "kind": "parameter", "displayName": "Delay", "group": "scheduler", "label": "consumer,scheduler", "required": false, "type": "integer", "javaType": "long", "deprecated": false, "autowired": false, "secret": false, "defaultValue": 500, "description": "Milliseconds before the next poll." },
    "greedy": { "kind": "parameter", "displayName": "Greedy", "group": "scheduler", "label": "consumer,scheduler", "required": false, "type": "boolean", "javaType": "boolean", "deprecated": false, "autowired": false, "secret": false, "defaultValue": false, "description": "If greedy is enabled, then the ScheduledPollConsumer will run immediately again, if the previous run polled 1 or more messages." },
    "initialDelay": { "kind": "parameter", "displayName": "Initial Delay", "group": "scheduler", "label": "consumer,scheduler", "required": false, "type": "integer", "javaType": "long", "deprecated": false, "autowired": false, "secret": false, "defaultValue": 1000, "description": "Milliseconds before the first poll starts." },
    "repeatCount": { "kind": "parameter", "displayName": "Repeat Count", "group": "scheduler", "label": "consumer,scheduler", "required": false, "type": "integer", "javaType": "long", "deprecated": false, "autowired": false, "secret": false, "defaultValue": 0, "description": "Specifies a maximum limit of number of fires. So if you set it to 1, the scheduler will only fire once. If you set it to 5, it will only fire five times. A value of zero or negative means fire forever." },
    "runLoggingLevel": { "kind": "parameter", "displayName": "Run Logging Level", "group": "scheduler", "label": "consumer,scheduler", "required": false, "type": "object", "javaType": "org.apache.camel.LoggingLevel", "enum": [ "TRACE", "DEBUG", "INFO", "WARN", "ERROR", "OFF" ], "deprecated": false, "autowired": false, "secret": false, "defaultValue": "TRACE", "description": "The consumer logs a start\/complete log line when it polls. This option allows you to configure the logging level for that." },
    "scheduledExecutorService": { "kind": "parameter", "displayName": "Scheduled Executor Service", "group": "scheduler", "label": "consumer,scheduler", "required": false, "type": "object", "javaType": "java.util.concurrent.ScheduledExecutorService", "deprecated": false, "autowired": false, "secret": false, "description": "Allows for configuring a custom\/shared thread pool to use for the consumer. By default each consumer has its own single threaded thread pool." },
    "scheduler": { "kind": "parameter", "displayName": "Scheduler", "group": "scheduler", "label": "consumer,scheduler", "required": false, "type": "object", "javaType": "java.lang.Object", "deprecated": false, "autowired": false, "secret": false, "defaultValue": "none", "description": "To use a cron scheduler from either camel-spring or camel-quartz component. Use value spring or quartz for built in scheduler" },
    "schedulerProperties": { "kind": "parameter", "displayName": "Scheduler Properties", "group": "scheduler", "label": "consumer,scheduler", "required": false, "type": "object", "javaType": "java.util.Map<java.lang.String, java.lang.Object>", "prefix": "scheduler.", "multiValue": true, "deprecated": false, "autowired": false, "secret": false, "description": "To configure additional properties when using a custom scheduler or any of the Quartz, Spring based scheduler." },
    "startScheduler": { "kind": "parameter", "displayName": "Start Scheduler", "group": "scheduler", "label": "consumer,scheduler", "required": false, "type": "boolean", "javaType": "boolean", "deprecated": false, "autowired": false, "secret": false, "defaultValue": true, "description": "Whether the scheduler should be auto started." },
    "timeUnit": { "kind": "parameter", "displayName": "Time Unit", "group": "scheduler", "label": "consumer,scheduler", "required": false, "type": "object", "javaType": "java.util.concurrent.TimeUnit", "enum": [ "NANOSECONDS", "MICROSECONDS", "MILLISECONDS", "SECONDS", "MINUTES", "HOURS", "DAYS" ], "deprecated": false, "autowired": false, "secret": false, "defaultValue": "MILLISECONDS", "description": "Time unit for initialDelay and delay options." },
    "useFixedDelay": { "kind": "parameter", "displayName": "Use Fixed Delay", "group": "scheduler", "label": "consumer,scheduler", "required": false, "type": "boolean", "javaType": "boolean", "deprecated": false, "autowired": false, "secret": false, "defaultValue": true, "description": "Controls if fixed delay or fixed rate is used. See ScheduledExecutorService in JDK for details." }
  }
}
