{
  "component": {
    "kind": "component",
    "name": "jslt",
    "title": "JSLT",
    "description": "Query or transform JSON payloads using an JSLT.",
    "deprecated": false,
    "firstVersion": "3.1.0",
    "label": "transformation",
    "javaType": "org.apache.camel.component.jslt.JsltComponent",
    "supportLevel": "Stable",
    "groupId": "org.apache.camel",
    "artifactId": "camel-jslt",
    "version": "3.20.1-SNAPSHOT",
    "scheme": "jslt",
    "extendsScheme": "",
    "syntax": "jslt:resourceUri",
    "async": false,
    "api": false,
    "consumerOnly": false,
    "producerOnly": true,
    "lenientProperties": false
  },
  "componentProperties": {
    "allowTemplateFromHeader": { "kind": "property", "displayName": "Allow Template From Header", "group": "producer", "label": "", "required": false, "type": "boolean", "javaType": "boolean", "deprecated": false, "autowired": false, "secret": false, "defaultValue": false, "description": "Whether to allow to use resource template from header or not (default false). Enabling this allows to specify dynamic templates via message header. However this can be seen as a potential security vulnerability if the header is coming from a malicious user, so use this with care." },
    "lazyStartProducer": { "kind": "property", "displayName": "Lazy Start Producer", "group": "producer", "label": "producer", "required": false, "type": "boolean", "javaType": "boolean", "deprecated": false, "autowired": false, "secret": false, "defaultValue": false, "description": "Whether the producer should be started lazy (on the first message). By starting lazy you can use this to allow CamelContext and routes to startup in situations where a producer may otherwise fail during starting and cause the route to fail being started. By deferring this startup to be lazy then the startup failure can be handled during routing messages via Camel's routing error handlers. Beware that when the first message is processed then creating and starting the producer may take a little time and prolong the total processing time of the processing." },
    "autowiredEnabled": { "kind": "property", "displayName": "Autowired Enabled", "group": "advanced", "label": "advanced", "required": false, "type": "boolean", "javaType": "boolean", "deprecated": false, "autowired": false, "secret": false, "defaultValue": true, "description": "Whether autowiring is enabled. This is used for automatic autowiring options (the option must be marked as autowired) by looking up in the registry to find if there is a single instance of matching type, which then gets configured on the component. This can be used for automatic configuring JDBC data sources, JMS connection factories, AWS Clients, etc." },
    "functions": { "kind": "property", "displayName": "Functions", "group": "advanced", "label": "advanced", "required": false, "type": "array", "javaType": "java.util.Collection<com.schibsted.spt.data.jslt.Function>", "deprecated": false, "autowired": false, "secret": false, "description": "JSLT can be extended by plugging in functions written in Java." },
    "objectFilter": { "kind": "property", "displayName": "Object Filter", "group": "advanced", "label": "advanced", "required": false, "type": "object", "javaType": "com.schibsted.spt.data.jslt.filters.JsonFilter", "deprecated": false, "autowired": false, "secret": false, "description": "JSLT can be extended by plugging in a custom jslt object filter" }
  },
  "headers": {
    "CamelJsltString": { "kind": "header", "displayName": "", "group": "producer", "label": "", "required": false, "javaType": "String", "deprecated": false, "deprecationNote": "", "autowired": false, "secret": false, "description": "The JSLT Template as String", "constantName": "org.apache.camel.component.jslt.JsltConstants#HEADER_JSLT_STRING" },
    "CamelJsltResourceUri": { "kind": "header", "displayName": "", "group": "producer", "label": "", "required": false, "javaType": "String", "deprecated": false, "deprecationNote": "", "autowired": false, "secret": false, "description": "The resource URI", "constantName": "org.apache.camel.component.jslt.JsltConstants#HEADER_JSLT_RESOURCE_URI" }
  },
  "properties": {
    "resourceUri": { "kind": "path", "displayName": "Resource Uri", "group": "producer", "label": "", "required": true, "type": "string", "javaType": "java.lang.String", "deprecated": false, "deprecationNote": "", "autowired": false, "secret": false, "description": "Path to the resource. You can prefix with: classpath, file, http, ref, or bean. classpath, file and http loads the resource using these protocols (classpath is default). ref will lookup the resource in the registry. bean will call a method on a bean to be used as the resource. For bean you can specify the method name after dot, eg bean:myBean.myMethod." },
    "allowContextMapAll": { "kind": "parameter", "displayName": "Allow Context Map All", "group": "producer", "label": "", "required": false, "type": "boolean", "javaType": "boolean", "deprecated": false, "autowired": false, "secret": false, "defaultValue": false, "description": "Sets whether the context map should allow access to all details. By default only the message body and headers can be accessed. This option can be enabled for full access to the current Exchange and CamelContext. Doing so impose a potential security risk as this opens access to the full power of CamelContext API." },
    "allowTemplateFromHeader": { "kind": "parameter", "displayName": "Allow Template From Header", "group": "producer", "label": "", "required": false, "type": "boolean", "javaType": "boolean", "deprecated": false, "autowired": false, "secret": false, "defaultValue": false, "description": "Whether to allow to use resource template from header or not (default false). Enabling this allows to specify dynamic templates via message header. However this can be seen as a potential security vulnerability if the header is coming from a malicious user, so use this with care." },
    "contentCache": { "kind": "parameter", "displayName": "Content Cache", "group": "producer", "label": "", "required": false, "type": "boolean", "javaType": "boolean", "deprecated": false, "autowired": false, "secret": false, "defaultValue": false, "description": "Sets whether to use resource content cache or not" },
    "mapBigDecimalAsFloats": { "kind": "parameter", "displayName": "Map Big Decimal As Floats", "group": "producer", "label": "", "required": false, "type": "boolean", "javaType": "boolean", "deprecated": false, "autowired": false, "secret": false, "defaultValue": false, "description": "If true, the mapper will use the USE_BIG_DECIMAL_FOR_FLOATS in serialization features" },
    "objectMapper": { "kind": "parameter", "displayName": "Object Mapper", "group": "producer", "label": "", "required": false, "type": "object", "javaType": "com.fasterxml.jackson.databind.ObjectMapper", "deprecated": false, "autowired": false, "secret": false, "description": "Setting a custom JSON Object Mapper to be used" },
    "prettyPrint": { "kind": "parameter", "displayName": "Pretty Print", "group": "common", "label": "common", "required": false, "type": "boolean", "javaType": "boolean", "deprecated": false, "autowired": false, "secret": false, "defaultValue": false, "description": "If true, JSON in output message is pretty printed." },
    "lazyStartProducer": { "kind": "parameter", "displayName": "Lazy Start Producer", "group": "producer (advanced)", "label": "producer,advanced", "required": false, "type": "boolean", "javaType": "boolean", "deprecated": false, "autowired": false, "secret": false, "defaultValue": false, "description": "Whether the producer should be started lazy (on the first message). By starting lazy you can use this to allow CamelContext and routes to startup in situations where a producer may otherwise fail during starting and cause the route to fail being started. By deferring this startup to be lazy then the startup failure can be handled during routing messages via Camel's routing error handlers. Beware that when the first message is processed then creating and starting the producer may take a little time and prolong the total processing time of the processing." }
  }
}
