{
  "component": {
    "kind": "component",
    "name": "kubernetes-replication-controllers",
    "title": "Kubernetes Replication Controller",
    "description": "Perform operations on Kubernetes Replication Controllers and get notified on Replication Controllers changes.",
    "deprecated": false,
    "firstVersion": "2.17.0",
    "label": "container,cloud,paas",
    "javaType": "org.apache.camel.component.kubernetes.replication_controllers.KubernetesReplicationControllersComponent",
    "supportLevel": "Stable",
    "groupId": "org.apache.camel",
    "artifactId": "camel-kubernetes",
    "version": "3.20.1-SNAPSHOT",
    "scheme": "kubernetes-replication-controllers",
    "extendsScheme": "",
    "syntax": "kubernetes-replication-controllers:masterUrl",
    "async": false,
    "api": false,
    "consumerOnly": false,
    "producerOnly": false,
    "lenientProperties": false
  },
  "componentProperties": {
    "kubernetesClient": { "kind": "property", "displayName": "Kubernetes Client", "group": "common", "label": "", "required": false, "type": "object", "javaType": "io.fabric8.kubernetes.client.KubernetesClient", "deprecated": false, "autowired": true, "secret": false, "description": "To use an existing kubernetes client." },
    "bridgeErrorHandler": { "kind": "property", "displayName": "Bridge Error Handler", "group": "consumer", "label": "consumer", "required": false, "type": "boolean", "javaType": "boolean", "deprecated": false, "autowired": false, "secret": false, "defaultValue": false, "description": "Allows for bridging the consumer to the Camel routing Error Handler, which mean any exceptions occurred while the consumer is trying to pickup incoming messages, or the likes, will now be processed as a message and handled by the routing Error Handler. By default the consumer will use the org.apache.camel.spi.ExceptionHandler to deal with exceptions, that will be logged at WARN or ERROR level and ignored." },
    "lazyStartProducer": { "kind": "property", "displayName": "Lazy Start Producer", "group": "producer", "label": "producer", "required": false, "type": "boolean", "javaType": "boolean", "deprecated": false, "autowired": false, "secret": false, "defaultValue": false, "description": "Whether the producer should be started lazy (on the first message). By starting lazy you can use this to allow CamelContext and routes to startup in situations where a producer may otherwise fail during starting and cause the route to fail being started. By deferring this startup to be lazy then the startup failure can be handled during routing messages via Camel's routing error handlers. Beware that when the first message is processed then creating and starting the producer may take a little time and prolong the total processing time of the processing." },
    "autowiredEnabled": { "kind": "property", "displayName": "Autowired Enabled", "group": "advanced", "label": "advanced", "required": false, "type": "boolean", "javaType": "boolean", "deprecated": false, "autowired": false, "secret": false, "defaultValue": true, "description": "Whether autowiring is enabled. This is used for automatic autowiring options (the option must be marked as autowired) by looking up in the registry to find if there is a single instance of matching type, which then gets configured on the component. This can be used for automatic configuring JDBC data sources, JMS connection factories, AWS Clients, etc." }
  },
  "headers": {
    "CamelKubernetesOperation": { "kind": "header", "displayName": "", "group": "producer", "label": "producer", "required": false, "javaType": "String", "deprecated": false, "deprecationNote": "", "autowired": false, "secret": false, "description": "The Producer operation", "constantName": "org.apache.camel.component.kubernetes.KubernetesConstants#KUBERNETES_OPERATION" },
    "CamelKubernetesNamespaceName": { "kind": "header", "displayName": "", "group": "producer", "label": "producer", "required": false, "javaType": "String", "deprecated": false, "deprecationNote": "", "autowired": false, "secret": false, "description": "The namespace name", "constantName": "org.apache.camel.component.kubernetes.KubernetesConstants#KUBERNETES_NAMESPACE_NAME" },
    "CamelKubernetesReplicationControllersLabels": { "kind": "header", "displayName": "", "group": "producer", "label": "producer", "required": false, "javaType": "Map<String, String>", "deprecated": false, "deprecationNote": "", "autowired": false, "secret": false, "description": "The replication controller labels", "constantName": "org.apache.camel.component.kubernetes.KubernetesConstants#KUBERNETES_REPLICATION_CONTROLLERS_LABELS" },
    "CamelKubernetesReplicationControllerName": { "kind": "header", "displayName": "", "group": "producer", "label": "producer", "required": false, "javaType": "String", "deprecated": false, "deprecationNote": "", "autowired": false, "secret": false, "description": "The replication controller name", "constantName": "org.apache.camel.component.kubernetes.KubernetesConstants#KUBERNETES_REPLICATION_CONTROLLER_NAME" },
    "CamelKubernetesReplicationControllerSpec": { "kind": "header", "displayName": "", "group": "producer", "label": "producer", "required": false, "javaType": "io.fabric8.kubernetes.api.model.ReplicationControllerSpec", "deprecated": false, "deprecationNote": "", "autowired": false, "secret": false, "description": "The spec for a replication controller", "constantName": "org.apache.camel.component.kubernetes.KubernetesConstants#KUBERNETES_REPLICATION_CONTROLLER_SPEC" },
    "CamelKubernetesReplicationControllerReplicas": { "kind": "header", "displayName": "", "group": "producer", "label": "producer", "required": false, "javaType": "Integer", "deprecated": false, "deprecationNote": "", "autowired": false, "secret": false, "description": "The number of replicas for a replication controller during the Scale operation", "constantName": "org.apache.camel.component.kubernetes.KubernetesConstants#KUBERNETES_REPLICATION_CONTROLLER_REPLICAS" },
    "CamelKubernetesEventAction": { "kind": "header", "displayName": "", "group": "consumer", "label": "consumer", "required": false, "javaType": "io.fabric8.kubernetes.client.Watcher.Action", "enum": [ "ADDED", "MODIFIED", "DELETED", "ERROR", "BOOKMARK" ], "deprecated": false, "deprecationNote": "", "autowired": false, "secret": false, "description": "Action watched by the consumer", "constantName": "org.apache.camel.component.kubernetes.KubernetesConstants#KUBERNETES_EVENT_ACTION" },
    "CamelKubernetesEventTimestamp": { "kind": "header", "displayName": "", "group": "consumer", "label": "consumer", "required": false, "javaType": "long", "deprecated": false, "deprecationNote": "", "autowired": false, "secret": false, "description": "Timestamp of the action watched by the consumer", "constantName": "org.apache.camel.component.kubernetes.KubernetesConstants#KUBERNETES_EVENT_TIMESTAMP" }
  },
  "properties": {
    "masterUrl": { "kind": "path", "displayName": "Master Url", "group": "common", "label": "", "required": true, "type": "string", "javaType": "java.lang.String", "deprecated": false, "deprecationNote": "", "autowired": false, "secret": false, "configurationClass": "org.apache.camel.component.kubernetes.KubernetesConfiguration", "configurationField": "configuration", "description": "Kubernetes Master url" },
    "apiVersion": { "kind": "parameter", "displayName": "Api Version", "group": "common", "label": "", "required": false, "type": "string", "javaType": "java.lang.String", "deprecated": false, "autowired": false, "secret": false, "configurationClass": "org.apache.camel.component.kubernetes.KubernetesConfiguration", "configurationField": "configuration", "description": "The Kubernetes API Version to use" },
    "dnsDomain": { "kind": "parameter", "displayName": "Dns Domain", "group": "common", "label": "", "required": false, "type": "string", "javaType": "java.lang.String", "deprecated": false, "autowired": false, "secret": false, "configurationClass": "org.apache.camel.component.kubernetes.KubernetesConfiguration", "configurationField": "configuration", "description": "The dns domain, used for ServiceCall EIP" },
    "kubernetesClient": { "kind": "parameter", "displayName": "Kubernetes Client", "group": "common", "label": "", "required": false, "type": "object", "javaType": "io.fabric8.kubernetes.client.KubernetesClient", "deprecated": false, "autowired": false, "secret": false, "configurationClass": "org.apache.camel.component.kubernetes.KubernetesConfiguration", "configurationField": "configuration", "description": "Default KubernetesClient to use if provided" },
    "portName": { "kind": "parameter", "displayName": "Port Name", "group": "common", "label": "", "required": false, "type": "string", "javaType": "java.lang.String", "deprecated": false, "autowired": false, "secret": false, "configurationClass": "org.apache.camel.component.kubernetes.KubernetesConfiguration", "configurationField": "configuration", "description": "The port name, used for ServiceCall EIP" },
    "portProtocol": { "kind": "parameter", "displayName": "Port Protocol", "group": "common", "label": "", "required": false, "type": "string", "javaType": "java.lang.String", "deprecated": false, "autowired": false, "secret": false, "defaultValue": "tcp", "configurationClass": "org.apache.camel.component.kubernetes.KubernetesConfiguration", "configurationField": "configuration", "description": "The port protocol, used for ServiceCall EIP" },
    "crdGroup": { "kind": "parameter", "displayName": "Crd Group", "group": "consumer", "label": "consumer", "required": false, "type": "string", "javaType": "java.lang.String", "deprecated": false, "autowired": false, "secret": false, "configurationClass": "org.apache.camel.component.kubernetes.KubernetesConfiguration", "configurationField": "configuration", "description": "The Consumer CRD Resource Group we would like to watch" },
    "crdName": { "kind": "parameter", "displayName": "Crd Name", "group": "consumer", "label": "consumer", "required": false, "type": "string", "javaType": "java.lang.String", "deprecated": false, "autowired": false, "secret": false, "configurationClass": "org.apache.camel.component.kubernetes.KubernetesConfiguration", "configurationField": "configuration", "description": "The Consumer CRD Resource name we would like to watch" },
    "crdPlural": { "kind": "parameter", "displayName": "Crd Plural", "group": "consumer", "label": "consumer", "required": false, "type": "string", "javaType": "java.lang.String", "deprecated": false, "autowired": false, "secret": false, "configurationClass": "org.apache.camel.component.kubernetes.KubernetesConfiguration", "configurationField": "configuration", "description": "The Consumer CRD Resource Plural we would like to watch" },
    "crdScope": { "kind": "parameter", "displayName": "Crd Scope", "group": "consumer", "label": "consumer", "required": false, "type": "string", "javaType": "java.lang.String", "deprecated": false, "autowired": false, "secret": false, "configurationClass": "org.apache.camel.component.kubernetes.KubernetesConfiguration", "configurationField": "configuration", "description": "The Consumer CRD Resource Scope we would like to watch" },
    "crdVersion": { "kind": "parameter", "displayName": "Crd Version", "group": "consumer", "label": "consumer", "required": false, "type": "string", "javaType": "java.lang.String", "deprecated": false, "autowired": false, "secret": false, "configurationClass": "org.apache.camel.component.kubernetes.KubernetesConfiguration", "configurationField": "configuration", "description": "The Consumer CRD Resource Version we would like to watch" },
    "labelKey": { "kind": "parameter", "displayName": "Label Key", "group": "consumer", "label": "consumer", "required": false, "type": "string", "javaType": "java.lang.String", "deprecated": false, "autowired": false, "secret": false, "configurationClass": "org.apache.camel.component.kubernetes.KubernetesConfiguration", "configurationField": "configuration", "description": "The Consumer Label key when watching at some resources" },
    "labelValue": { "kind": "parameter", "displayName": "Label Value", "group": "consumer", "label": "consumer", "required": false, "type": "string", "javaType": "java.lang.String", "deprecated": false, "autowired": false, "secret": false, "configurationClass": "org.apache.camel.component.kubernetes.KubernetesConfiguration", "configurationField": "configuration", "description": "The Consumer Label value when watching at some resources" },
    "namespace": { "kind": "parameter", "displayName": "Namespace", "group": "consumer", "label": "consumer", "required": false, "type": "string", "javaType": "java.lang.String", "deprecated": false, "autowired": false, "secret": false, "configurationClass": "org.apache.camel.component.kubernetes.KubernetesConfiguration", "configurationField": "configuration", "description": "The namespace" },
    "poolSize": { "kind": "parameter", "displayName": "Pool Size", "group": "consumer", "label": "consumer", "required": false, "type": "integer", "javaType": "int", "deprecated": false, "autowired": false, "secret": false, "defaultValue": 1, "configurationClass": "org.apache.camel.component.kubernetes.KubernetesConfiguration", "configurationField": "configuration", "description": "The Consumer pool size" },
    "resourceName": { "kind": "parameter", "displayName": "Resource Name", "group": "consumer", "label": "consumer", "required": false, "type": "string", "javaType": "java.lang.String", "deprecated": false, "autowired": false, "secret": false, "configurationClass": "org.apache.camel.component.kubernetes.KubernetesConfiguration", "configurationField": "configuration", "description": "The Consumer Resource Name we would like to watch" },
    "bridgeErrorHandler": { "kind": "parameter", "displayName": "Bridge Error Handler", "group": "consumer (advanced)", "label": "consumer,advanced", "required": false, "type": "boolean", "javaType": "boolean", "deprecated": false, "autowired": false, "secret": false, "defaultValue": false, "description": "Allows for bridging the consumer to the Camel routing Error Handler, which mean any exceptions occurred while the consumer is trying to pickup incoming messages, or the likes, will now be processed as a message and handled by the routing Error Handler. By default the consumer will use the org.apache.camel.spi.ExceptionHandler to deal with exceptions, that will be logged at WARN or ERROR level and ignored." },
    "exceptionHandler": { "kind": "parameter", "displayName": "Exception Handler", "group": "consumer (advanced)", "label": "consumer,advanced", "required": false, "type": "object", "javaType": "org.apache.camel.spi.ExceptionHandler", "optionalPrefix": "consumer.", "deprecated": false, "autowired": false, "secret": false, "description": "To let the consumer use a custom ExceptionHandler. Notice if the option bridgeErrorHandler is enabled then this option is not in use. By default the consumer will deal with exceptions, that will be logged at WARN or ERROR level and ignored." },
    "exchangePattern": { "kind": "parameter", "displayName": "Exchange Pattern", "group": "consumer (advanced)", "label": "consumer,advanced", "required": false, "type": "object", "javaType": "org.apache.camel.ExchangePattern", "enum": [ "InOnly", "InOut", "InOptionalOut" ], "deprecated": false, "autowired": false, "secret": false, "description": "Sets the exchange pattern when the consumer creates an exchange." },
    "operation": { "kind": "parameter", "displayName": "Operation", "group": "producer", "label": "producer", "required": false, "type": "string", "javaType": "java.lang.String", "deprecated": false, "autowired": false, "secret": false, "configurationClass": "org.apache.camel.component.kubernetes.KubernetesConfiguration", "configurationField": "configuration", "description": "Producer operation to do on Kubernetes" },
    "lazyStartProducer": { "kind": "parameter", "displayName": "Lazy Start Producer", "group": "producer (advanced)", "label": "producer,advanced", "required": false, "type": "boolean", "javaType": "boolean", "deprecated": false, "autowired": false, "secret": false, "defaultValue": false, "description": "Whether the producer should be started lazy (on the first message). By starting lazy you can use this to allow CamelContext and routes to startup in situations where a producer may otherwise fail during starting and cause the route to fail being started. By deferring this startup to be lazy then the startup failure can be handled during routing messages via Camel's routing error handlers. Beware that when the first message is processed then creating and starting the producer may take a little time and prolong the total processing time of the processing." },
    "connectionTimeout": { "kind": "parameter", "displayName": "Connection Timeout", "group": "advanced", "label": "advanced", "required": false, "type": "integer", "javaType": "java.lang.Integer", "deprecated": false, "autowired": false, "secret": false, "configurationClass": "org.apache.camel.component.kubernetes.KubernetesConfiguration", "configurationField": "configuration", "description": "Connection timeout in milliseconds to use when making requests to the Kubernetes API server." },
    "caCertData": { "kind": "parameter", "displayName": "Ca Cert Data", "group": "security", "label": "security", "required": false, "type": "string", "javaType": "java.lang.String", "deprecated": false, "autowired": false, "secret": true, "configurationClass": "org.apache.camel.component.kubernetes.KubernetesConfiguration", "configurationField": "configuration", "description": "The CA Cert Data" },
    "caCertFile": { "kind": "parameter", "displayName": "Ca Cert File", "group": "security", "label": "security", "required": false, "type": "string", "javaType": "java.lang.String", "deprecated": false, "autowired": false, "secret": true, "configurationClass": "org.apache.camel.component.kubernetes.KubernetesConfiguration", "configurationField": "configuration", "description": "The CA Cert File" },
    "clientCertData": { "kind": "parameter", "displayName": "Client Cert Data", "group": "security", "label": "security", "required": false, "type": "string", "javaType": "java.lang.String", "deprecated": false, "autowired": false, "secret": true, "configurationClass": "org.apache.camel.component.kubernetes.KubernetesConfiguration", "configurationField": "configuration", "description": "The Client Cert Data" },
    "clientCertFile": { "kind": "parameter", "displayName": "Client Cert File", "group": "security", "label": "security", "required": false, "type": "string", "javaType": "java.lang.String", "deprecated": false, "autowired": false, "secret": true, "configurationClass": "org.apache.camel.component.kubernetes.KubernetesConfiguration", "configurationField": "configuration", "description": "The Client Cert File" },
    "clientKeyAlgo": { "kind": "parameter", "displayName": "Client Key Algo", "group": "security", "label": "security", "required": false, "type": "string", "javaType": "java.lang.String", "deprecated": false, "autowired": false, "secret": true, "configurationClass": "org.apache.camel.component.kubernetes.KubernetesConfiguration", "configurationField": "configuration", "description": "The Key Algorithm used by the client" },
    "clientKeyData": { "kind": "parameter", "displayName": "Client Key Data", "group": "security", "label": "security", "required": false, "type": "string", "javaType": "java.lang.String", "deprecated": false, "autowired": false, "secret": true, "configurationClass": "org.apache.camel.component.kubernetes.KubernetesConfiguration", "configurationField": "configuration", "description": "The Client Key data" },
    "clientKeyFile": { "kind": "parameter", "displayName": "Client Key File", "group": "security", "label": "security", "required": false, "type": "string", "javaType": "java.lang.String", "deprecated": false, "autowired": false, "secret": true, "configurationClass": "org.apache.camel.component.kubernetes.KubernetesConfiguration", "configurationField": "configuration", "description": "The Client Key file" },
    "clientKeyPassphrase": { "kind": "parameter", "displayName": "Client Key Passphrase", "group": "security", "label": "security", "required": false, "type": "string", "javaType": "java.lang.String", "deprecated": false, "autowired": false, "secret": true, "configurationClass": "org.apache.camel.component.kubernetes.KubernetesConfiguration", "configurationField": "configuration", "description": "The Client Key Passphrase" },
    "oauthToken": { "kind": "parameter", "displayName": "Oauth Token", "group": "security", "label": "security", "required": false, "type": "string", "javaType": "java.lang.String", "deprecated": false, "autowired": false, "secret": true, "configurationClass": "org.apache.camel.component.kubernetes.KubernetesConfiguration", "configurationField": "configuration", "description": "The Auth Token" },
    "password": { "kind": "parameter", "displayName": "Password", "group": "security", "label": "security", "required": false, "type": "string", "javaType": "java.lang.String", "deprecated": false, "autowired": false, "secret": true, "configurationClass": "org.apache.camel.component.kubernetes.KubernetesConfiguration", "configurationField": "configuration", "description": "Password to connect to Kubernetes" },
    "trustCerts": { "kind": "parameter", "displayName": "Trust Certs", "group": "security", "label": "security", "required": false, "type": "boolean", "javaType": "java.lang.Boolean", "deprecated": false, "autowired": false, "secret": true, "configurationClass": "org.apache.camel.component.kubernetes.KubernetesConfiguration", "configurationField": "configuration", "description": "Define if the certs we used are trusted anyway or not" },
    "username": { "kind": "parameter", "displayName": "Username", "group": "security", "label": "security", "required": false, "type": "string", "javaType": "java.lang.String", "deprecated": false, "autowired": false, "secret": true, "configurationClass": "org.apache.camel.component.kubernetes.KubernetesConfiguration", "configurationField": "configuration", "description": "Username to connect to Kubernetes" }
  }
}
