{
  "component": {
    "kind": "component",
    "name": "lumberjack",
    "title": "Lumberjack",
    "description": "Receive logs messages using the Lumberjack protocol.",
    "deprecated": false,
    "firstVersion": "2.18.0",
    "label": "log",
    "javaType": "org.apache.camel.component.lumberjack.LumberjackComponent",
    "supportLevel": "Stable",
    "groupId": "org.apache.camel",
    "artifactId": "camel-lumberjack",
    "version": "3.20.1-SNAPSHOT",
    "scheme": "lumberjack",
    "extendsScheme": "",
    "syntax": "lumberjack:host:port",
    "async": false,
    "api": false,
    "consumerOnly": true,
    "producerOnly": false,
    "lenientProperties": false
  },
  "componentProperties": {
    "bridgeErrorHandler": { "kind": "property", "displayName": "Bridge Error Handler", "group": "consumer", "label": "consumer", "required": false, "type": "boolean", "javaType": "boolean", "deprecated": false, "autowired": false, "secret": false, "defaultValue": false, "description": "Allows for bridging the consumer to the Camel routing Error Handler, which mean any exceptions occurred while the consumer is trying to pickup incoming messages, or the likes, will now be processed as a message and handled by the routing Error Handler. By default the consumer will use the org.apache.camel.spi.ExceptionHandler to deal with exceptions, that will be logged at WARN or ERROR level and ignored." },
    "autowiredEnabled": { "kind": "property", "displayName": "Autowired Enabled", "group": "advanced", "label": "advanced", "required": false, "type": "boolean", "javaType": "boolean", "deprecated": false, "autowired": false, "secret": false, "defaultValue": true, "description": "Whether autowiring is enabled. This is used for automatic autowiring options (the option must be marked as autowired) by looking up in the registry to find if there is a single instance of matching type, which then gets configured on the component. This can be used for automatic configuring JDBC data sources, JMS connection factories, AWS Clients, etc." },
    "sslContextParameters": { "kind": "property", "displayName": "Ssl Context Parameters", "group": "security", "label": "security", "required": false, "type": "object", "javaType": "org.apache.camel.support.jsse.SSLContextParameters", "deprecated": false, "autowired": false, "secret": false, "description": "Sets the default SSL configuration to use for all the endpoints. You can also configure it directly at the endpoint level." },
    "useGlobalSslContextParameters": { "kind": "property", "displayName": "Use Global Ssl Context Parameters", "group": "security", "label": "security", "required": false, "type": "boolean", "javaType": "boolean", "deprecated": false, "autowired": false, "secret": false, "defaultValue": false, "description": "Enable usage of global SSL context parameters." }
  },
  "properties": {
    "host": { "kind": "path", "displayName": "Host", "group": "consumer", "label": "", "required": true, "type": "string", "javaType": "java.lang.String", "deprecated": false, "deprecationNote": "", "autowired": false, "secret": false, "description": "Network interface on which to listen for Lumberjack" },
    "port": { "kind": "path", "displayName": "Port", "group": "consumer", "label": "", "required": false, "type": "integer", "javaType": "int", "deprecated": false, "autowired": false, "secret": false, "defaultValue": 5044, "description": "Network port on which to listen for Lumberjack" },
    "sslContextParameters": { "kind": "parameter", "displayName": "Ssl Context Parameters", "group": "consumer", "label": "", "required": false, "type": "object", "javaType": "org.apache.camel.support.jsse.SSLContextParameters", "deprecated": false, "autowired": false, "secret": false, "description": "SSL configuration" },
    "bridgeErrorHandler": { "kind": "parameter", "displayName": "Bridge Error Handler", "group": "consumer (advanced)", "label": "consumer,advanced", "required": false, "type": "boolean", "javaType": "boolean", "deprecated": false, "autowired": false, "secret": false, "defaultValue": false, "description": "Allows for bridging the consumer to the Camel routing Error Handler, which mean any exceptions occurred while the consumer is trying to pickup incoming messages, or the likes, will now be processed as a message and handled by the routing Error Handler. By default the consumer will use the org.apache.camel.spi.ExceptionHandler to deal with exceptions, that will be logged at WARN or ERROR level and ignored." },
    "exceptionHandler": { "kind": "parameter", "displayName": "Exception Handler", "group": "consumer (advanced)", "label": "consumer,advanced", "required": false, "type": "object", "javaType": "org.apache.camel.spi.ExceptionHandler", "optionalPrefix": "consumer.", "deprecated": false, "autowired": false, "secret": false, "description": "To let the consumer use a custom ExceptionHandler. Notice if the option bridgeErrorHandler is enabled then this option is not in use. By default the consumer will deal with exceptions, that will be logged at WARN or ERROR level and ignored." },
    "exchangePattern": { "kind": "parameter", "displayName": "Exchange Pattern", "group": "consumer (advanced)", "label": "consumer,advanced", "required": false, "type": "object", "javaType": "org.apache.camel.ExchangePattern", "enum": [ "InOnly", "InOut", "InOptionalOut" ], "deprecated": false, "autowired": false, "secret": false, "description": "Sets the exchange pattern when the consumer creates an exchange." }
  }
}
