{
  "component": {
    "kind": "component",
    "name": "oaipmh",
    "title": "OAI-PMH",
    "description": "Harvest metadata using OAI-PMH protocol",
    "deprecated": false,
    "firstVersion": "3.5.0",
    "label": "endpoint,webservice,batch",
    "javaType": "org.apache.camel.oaipmh.component.OAIPMHComponent",
    "supportLevel": "Stable",
    "groupId": "org.apache.camel",
    "artifactId": "camel-oaipmh",
    "version": "3.20.1-SNAPSHOT",
    "scheme": "oaipmh",
    "extendsScheme": "",
    "syntax": "oaipmh:baseUrl",
    "async": false,
    "api": false,
    "consumerOnly": false,
    "producerOnly": false,
    "lenientProperties": true
  },
  "componentProperties": {
    "bridgeErrorHandler": { "kind": "property", "displayName": "Bridge Error Handler", "group": "consumer", "label": "consumer", "required": false, "type": "boolean", "javaType": "boolean", "deprecated": false, "autowired": false, "secret": false, "defaultValue": false, "description": "Allows for bridging the consumer to the Camel routing Error Handler, which mean any exceptions occurred while the consumer is trying to pickup incoming messages, or the likes, will now be processed as a message and handled by the routing Error Handler. By default the consumer will use the org.apache.camel.spi.ExceptionHandler to deal with exceptions, that will be logged at WARN or ERROR level and ignored." },
    "lazyStartProducer": { "kind": "property", "displayName": "Lazy Start Producer", "group": "producer", "label": "producer", "required": false, "type": "boolean", "javaType": "boolean", "deprecated": false, "autowired": false, "secret": false, "defaultValue": false, "description": "Whether the producer should be started lazy (on the first message). By starting lazy you can use this to allow CamelContext and routes to startup in situations where a producer may otherwise fail during starting and cause the route to fail being started. By deferring this startup to be lazy then the startup failure can be handled during routing messages via Camel's routing error handlers. Beware that when the first message is processed then creating and starting the producer may take a little time and prolong the total processing time of the processing." },
    "autowiredEnabled": { "kind": "property", "displayName": "Autowired Enabled", "group": "advanced", "label": "advanced", "required": false, "type": "boolean", "javaType": "boolean", "deprecated": false, "autowired": false, "secret": false, "defaultValue": true, "description": "Whether autowiring is enabled. This is used for automatic autowiring options (the option must be marked as autowired) by looking up in the registry to find if there is a single instance of matching type, which then gets configured on the component. This can be used for automatic configuring JDBC data sources, JMS connection factories, AWS Clients, etc." }
  },
  "headers": {
    "CamelOaimphResumptionToken": { "kind": "header", "displayName": "", "group": "producer", "label": "producer", "required": false, "javaType": "String", "deprecated": false, "deprecationNote": "", "autowired": false, "secret": false, "description": "This header is obtained when onlyFirst option is enable. Return resumption token of the request when data is still available.", "constantName": "org.apache.camel.oaipmh.component.model.OAIPMHConstants#RESUMPTION_TOKEN" }
  },
  "properties": {
    "baseUrl": { "kind": "path", "displayName": "Base Url", "group": "common", "label": "", "required": true, "type": "string", "javaType": "java.lang.String", "deprecated": false, "deprecationNote": "", "autowired": false, "secret": false, "description": "Base URL of the repository to which the request is made through the OAI-PMH protocol" },
    "from": { "kind": "parameter", "displayName": "From", "group": "common", "label": "", "required": false, "type": "string", "javaType": "java.lang.String", "deprecated": false, "autowired": false, "secret": false, "description": "Specifies a lower bound for datestamp-based selective harvesting. UTC DateTime value" },
    "identifier": { "kind": "parameter", "displayName": "Identifier", "group": "common", "label": "", "required": false, "type": "string", "javaType": "java.lang.String", "deprecated": false, "autowired": false, "secret": false, "description": "Identifier of the requested resources. Applicable only with certain verbs" },
    "metadataPrefix": { "kind": "parameter", "displayName": "Metadata Prefix", "group": "common", "label": "", "required": false, "type": "string", "javaType": "java.lang.String", "deprecated": false, "autowired": false, "secret": false, "defaultValue": "oai_dc", "description": "Specifies the metadataPrefix of the format that should be included in the metadata part of the returned records." },
    "set": { "kind": "parameter", "displayName": "Set", "group": "common", "label": "", "required": false, "type": "string", "javaType": "java.lang.String", "deprecated": false, "autowired": false, "secret": false, "description": "Specifies membership as a criteria for set-based selective harvesting" },
    "until": { "kind": "parameter", "displayName": "Until", "group": "common", "label": "", "required": false, "type": "string", "javaType": "java.lang.String", "deprecated": false, "autowired": false, "secret": false, "description": "Specifies an upper bound for datestamp-based selective harvesting. UTC DateTime value." },
    "verb": { "kind": "parameter", "displayName": "Verb", "group": "common", "label": "", "required": false, "type": "string", "javaType": "java.lang.String", "deprecated": false, "autowired": false, "secret": false, "defaultValue": "ListRecords", "description": "Request name supported by OAI-PMh protocol" },
    "sendEmptyMessageWhenIdle": { "kind": "parameter", "displayName": "Send Empty Message When Idle", "group": "consumer", "label": "consumer", "required": false, "type": "boolean", "javaType": "boolean", "deprecated": false, "autowired": false, "secret": false, "defaultValue": false, "description": "If the polling consumer did not poll any files, you can enable this option to send an empty message (no body) instead." },
    "bridgeErrorHandler": { "kind": "parameter", "displayName": "Bridge Error Handler", "group": "consumer (advanced)", "label": "consumer,advanced", "required": false, "type": "boolean", "javaType": "boolean", "deprecated": false, "autowired": false, "secret": false, "defaultValue": false, "description": "Allows for bridging the consumer to the Camel routing Error Handler, which mean any exceptions occurred while the consumer is trying to pickup incoming messages, or the likes, will now be processed as a message and handled by the routing Error Handler. By default the consumer will use the org.apache.camel.spi.ExceptionHandler to deal with exceptions, that will be logged at WARN or ERROR level and ignored." },
    "exceptionHandler": { "kind": "parameter", "displayName": "Exception Handler", "group": "consumer (advanced)", "label": "consumer,advanced", "required": false, "type": "object", "javaType": "org.apache.camel.spi.ExceptionHandler", "optionalPrefix": "consumer.", "deprecated": false, "autowired": false, "secret": false, "description": "To let the consumer use a custom ExceptionHandler. Notice if the option bridgeErrorHandler is enabled then this option is not in use. By default the consumer will deal with exceptions, that will be logged at WARN or ERROR level and ignored." },
    "exchangePattern": { "kind": "parameter", "displayName": "Exchange Pattern", "group": "consumer (advanced)", "label": "consumer,advanced", "required": false, "type": "object", "javaType": "org.apache.camel.ExchangePattern", "enum": [ "InOnly", "InOut", "InOptionalOut" ], "deprecated": false, "autowired": false, "secret": false, "description": "Sets the exchange pattern when the consumer creates an exchange." },
    "pollStrategy": { "kind": "parameter", "displayName": "Poll Strategy", "group": "consumer (advanced)", "label": "consumer,advanced", "required": false, "type": "object", "javaType": "org.apache.camel.spi.PollingConsumerPollStrategy", "deprecated": false, "autowired": false, "secret": false, "description": "A pluggable org.apache.camel.PollingConsumerPollingStrategy allowing you to provide your custom implementation to control error handling usually occurred during the poll operation before an Exchange have been created and being routed in Camel." },
    "onlyFirst": { "kind": "parameter", "displayName": "Only First", "group": "producer", "label": "producer", "required": false, "type": "boolean", "javaType": "boolean", "deprecated": false, "autowired": false, "secret": false, "defaultValue": false, "description": "Returns the response of a single request. Otherwise it will make requests until there is no more data to return." },
    "lazyStartProducer": { "kind": "parameter", "displayName": "Lazy Start Producer", "group": "producer (advanced)", "label": "producer,advanced", "required": false, "type": "boolean", "javaType": "boolean", "deprecated": false, "autowired": false, "secret": false, "defaultValue": false, "description": "Whether the producer should be started lazy (on the first message). By starting lazy you can use this to allow CamelContext and routes to startup in situations where a producer may otherwise fail during starting and cause the route to fail being started. By deferring this startup to be lazy then the startup failure can be handled during routing messages via Camel's routing error handlers. Beware that when the first message is processed then creating and starting the producer may take a little time and prolong the total processing time of the processing." },
    "backoffErrorThreshold": { "kind": "parameter", "displayName": "Backoff Error Threshold", "group": "scheduler", "label": "consumer,scheduler", "required": false, "type": "integer", "javaType": "int", "deprecated": false, "autowired": false, "secret": false, "description": "The number of subsequent error polls (failed due some error) that should happen before the backoffMultipler should kick-in." },
    "backoffIdleThreshold": { "kind": "parameter", "displayName": "Backoff Idle Threshold", "group": "scheduler", "label": "consumer,scheduler", "required": false, "type": "integer", "javaType": "int", "deprecated": false, "autowired": false, "secret": false, "description": "The number of subsequent idle polls that should happen before the backoffMultipler should kick-in." },
    "backoffMultiplier": { "kind": "parameter", "displayName": "Backoff Multiplier", "group": "scheduler", "label": "consumer,scheduler", "required": false, "type": "integer", "javaType": "int", "deprecated": false, "autowired": false, "secret": false, "description": "To let the scheduled polling consumer backoff if there has been a number of subsequent idles\/errors in a row. The multiplier is then the number of polls that will be skipped before the next actual attempt is happening again. When this option is in use then backoffIdleThreshold and\/or backoffErrorThreshold must also be configured." },
    "delay": { "kind": "parameter", "displayName": "Delay", "group": "scheduler", "label": "consumer,scheduler", "required": false, "type": "integer", "javaType": "long", "deprecated": false, "autowired": false, "secret": false, "defaultValue": 500, "description": "Milliseconds before the next poll." },
    "greedy": { "kind": "parameter", "displayName": "Greedy", "group": "scheduler", "label": "consumer,scheduler", "required": false, "type": "boolean", "javaType": "boolean", "deprecated": false, "autowired": false, "secret": false, "defaultValue": false, "description": "If greedy is enabled, then the ScheduledPollConsumer will run immediately again, if the previous run polled 1 or more messages." },
    "initialDelay": { "kind": "parameter", "displayName": "Initial Delay", "group": "scheduler", "label": "consumer,scheduler", "required": false, "type": "integer", "javaType": "long", "deprecated": false, "autowired": false, "secret": false, "defaultValue": 1000, "description": "Milliseconds before the first poll starts." },
    "repeatCount": { "kind": "parameter", "displayName": "Repeat Count", "group": "scheduler", "label": "consumer,scheduler", "required": false, "type": "integer", "javaType": "long", "deprecated": false, "autowired": false, "secret": false, "defaultValue": 0, "description": "Specifies a maximum limit of number of fires. So if you set it to 1, the scheduler will only fire once. If you set it to 5, it will only fire five times. A value of zero or negative means fire forever." },
    "runLoggingLevel": { "kind": "parameter", "displayName": "Run Logging Level", "group": "scheduler", "label": "consumer,scheduler", "required": false, "type": "object", "javaType": "org.apache.camel.LoggingLevel", "enum": [ "TRACE", "DEBUG", "INFO", "WARN", "ERROR", "OFF" ], "deprecated": false, "autowired": false, "secret": false, "defaultValue": "TRACE", "description": "The consumer logs a start\/complete log line when it polls. This option allows you to configure the logging level for that." },
    "scheduledExecutorService": { "kind": "parameter", "displayName": "Scheduled Executor Service", "group": "scheduler", "label": "consumer,scheduler", "required": false, "type": "object", "javaType": "java.util.concurrent.ScheduledExecutorService", "deprecated": false, "autowired": false, "secret": false, "description": "Allows for configuring a custom\/shared thread pool to use for the consumer. By default each consumer has its own single threaded thread pool." },
    "scheduler": { "kind": "parameter", "displayName": "Scheduler", "group": "scheduler", "label": "consumer,scheduler", "required": false, "type": "object", "javaType": "java.lang.Object", "deprecated": false, "autowired": false, "secret": false, "defaultValue": "none", "description": "To use a cron scheduler from either camel-spring or camel-quartz component. Use value spring or quartz for built in scheduler" },
    "schedulerProperties": { "kind": "parameter", "displayName": "Scheduler Properties", "group": "scheduler", "label": "consumer,scheduler", "required": false, "type": "object", "javaType": "java.util.Map<java.lang.String, java.lang.Object>", "prefix": "scheduler.", "multiValue": true, "deprecated": false, "autowired": false, "secret": false, "description": "To configure additional properties when using a custom scheduler or any of the Quartz, Spring based scheduler." },
    "startScheduler": { "kind": "parameter", "displayName": "Start Scheduler", "group": "scheduler", "label": "consumer,scheduler", "required": false, "type": "boolean", "javaType": "boolean", "deprecated": false, "autowired": false, "secret": false, "defaultValue": true, "description": "Whether the scheduler should be auto started." },
    "timeUnit": { "kind": "parameter", "displayName": "Time Unit", "group": "scheduler", "label": "consumer,scheduler", "required": false, "type": "object", "javaType": "java.util.concurrent.TimeUnit", "enum": [ "NANOSECONDS", "MICROSECONDS", "MILLISECONDS", "SECONDS", "MINUTES", "HOURS", "DAYS" ], "deprecated": false, "autowired": false, "secret": false, "defaultValue": "MILLISECONDS", "description": "Time unit for initialDelay and delay options." },
    "useFixedDelay": { "kind": "parameter", "displayName": "Use Fixed Delay", "group": "scheduler", "label": "consumer,scheduler", "required": false, "type": "boolean", "javaType": "boolean", "deprecated": false, "autowired": false, "secret": false, "defaultValue": true, "description": "Controls if fixed delay or fixed rate is used. See ScheduledExecutorService in JDK for details." },
    "ignoreSSLWarnings": { "kind": "parameter", "displayName": "Ignore SSLWarnings", "group": "security", "label": "security", "required": false, "type": "boolean", "javaType": "boolean", "deprecated": false, "autowired": false, "secret": false, "defaultValue": false, "description": "Ignore SSL certificate warnings" },
    "ssl": { "kind": "parameter", "displayName": "Ssl", "group": "security", "label": "security", "required": false, "type": "boolean", "javaType": "boolean", "deprecated": false, "autowired": false, "secret": false, "defaultValue": false, "description": "Causes the defined url to make an https request" }
  }
}
