{
  "component": {
    "kind": "component",
    "name": "olingo2",
    "title": "Olingo2",
    "description": "Communicate with OData 2.0 services using Apache Olingo.",
    "deprecated": false,
    "firstVersion": "2.14.0",
    "label": "cloud",
    "javaType": "org.apache.camel.component.olingo2.Olingo2Component",
    "supportLevel": "Stable",
    "groupId": "org.apache.camel",
    "artifactId": "camel-olingo2",
    "version": "3.20.1-SNAPSHOT",
    "scheme": "olingo2",
    "extendsScheme": "",
    "syntax": "olingo2:apiName\/methodName",
    "async": false,
    "api": true,
    "apiSyntax": "apiName\/methodName",
    "consumerOnly": false,
    "producerOnly": false,
    "lenientProperties": false
  },
  "componentProperties": {
    "configuration": { "kind": "property", "displayName": "Configuration", "group": "common", "label": "", "required": false, "type": "object", "javaType": "org.apache.camel.component.olingo2.Olingo2Configuration", "deprecated": false, "autowired": false, "secret": false, "description": "To use the shared configuration" },
    "connectTimeout": { "kind": "property", "displayName": "Connect Timeout", "group": "common", "label": "", "required": false, "type": "integer", "javaType": "int", "deprecated": false, "autowired": false, "secret": false, "defaultValue": 30000, "configurationClass": "org.apache.camel.component.olingo2.Olingo2Configuration", "configurationField": "configuration", "description": "HTTP connection creation timeout in milliseconds, defaults to 30,000 (30 seconds)" },
    "contentType": { "kind": "property", "displayName": "Content Type", "group": "common", "label": "", "required": false, "type": "string", "javaType": "java.lang.String", "deprecated": false, "autowired": false, "secret": false, "defaultValue": "application\/json;charset=utf-8", "configurationClass": "org.apache.camel.component.olingo2.Olingo2Configuration", "configurationField": "configuration", "description": "Content-Type header value can be used to specify JSON or XML message format, defaults to application\/json;charset=utf-8" },
    "entityProviderReadProperties": { "kind": "property", "displayName": "Entity Provider Read Properties", "group": "common", "label": "", "required": false, "type": "object", "javaType": "org.apache.olingo.odata2.api.ep.EntityProviderReadProperties", "deprecated": false, "autowired": false, "secret": false, "configurationClass": "org.apache.camel.component.olingo2.Olingo2Configuration", "configurationField": "configuration", "description": "Custom entity provider read properties applied to all read operations." },
    "entityProviderWriteProperties": { "kind": "property", "displayName": "Entity Provider Write Properties", "group": "common", "label": "", "required": false, "type": "object", "javaType": "org.apache.olingo.odata2.api.ep.EntityProviderWriteProperties", "deprecated": false, "autowired": false, "secret": false, "configurationClass": "org.apache.camel.component.olingo2.Olingo2Configuration", "configurationField": "configuration", "description": "Custom entity provider write properties applied to create, update, patch, batch and merge operations. For instance users can skip the Json object wrapper or enable content only mode when sending request data. A service URI set in the properties will always be overwritten by the serviceUri configuration parameter. Please consider to using the serviceUri configuration parameter instead of setting the respective write property here." },
    "filterAlreadySeen": { "kind": "property", "displayName": "Filter Already Seen", "group": "common", "label": "", "required": false, "type": "boolean", "javaType": "boolean", "deprecated": false, "autowired": false, "secret": false, "defaultValue": false, "configurationClass": "org.apache.camel.component.olingo2.Olingo2Configuration", "configurationField": "configuration", "description": "Set this to true to filter out results that have already been communicated by this component." },
    "httpHeaders": { "kind": "property", "displayName": "Http Headers", "group": "common", "label": "", "required": false, "type": "object", "javaType": "java.util.Map<java.lang.String, java.lang.String>", "deprecated": false, "autowired": false, "secret": false, "configurationClass": "org.apache.camel.component.olingo2.Olingo2Configuration", "configurationField": "configuration", "description": "Custom HTTP headers to inject into every request, this could include OAuth tokens, etc." },
    "proxy": { "kind": "property", "displayName": "Proxy", "group": "common", "label": "", "required": false, "type": "object", "javaType": "org.apache.http.HttpHost", "deprecated": false, "autowired": false, "secret": false, "configurationClass": "org.apache.camel.component.olingo2.Olingo2Configuration", "configurationField": "configuration", "description": "HTTP proxy server configuration" },
    "serviceUri": { "kind": "property", "displayName": "Service Uri", "group": "common", "label": "", "required": false, "type": "string", "javaType": "java.lang.String", "deprecated": false, "autowired": false, "secret": false, "configurationClass": "org.apache.camel.component.olingo2.Olingo2Configuration", "configurationField": "configuration", "description": "Target OData service base URI, e.g. http:\/\/services.odata.org\/OData\/OData.svc" },
    "socketTimeout": { "kind": "property", "displayName": "Socket Timeout", "group": "common", "label": "", "required": false, "type": "integer", "javaType": "int", "deprecated": false, "autowired": false, "secret": false, "defaultValue": 30000, "configurationClass": "org.apache.camel.component.olingo2.Olingo2Configuration", "configurationField": "configuration", "description": "HTTP request timeout in milliseconds, defaults to 30,000 (30 seconds)" },
    "bridgeErrorHandler": { "kind": "property", "displayName": "Bridge Error Handler", "group": "consumer", "label": "consumer", "required": false, "type": "boolean", "javaType": "boolean", "deprecated": false, "autowired": false, "secret": false, "defaultValue": false, "description": "Allows for bridging the consumer to the Camel routing Error Handler, which mean any exceptions occurred while the consumer is trying to pickup incoming messages, or the likes, will now be processed as a message and handled by the routing Error Handler. By default the consumer will use the org.apache.camel.spi.ExceptionHandler to deal with exceptions, that will be logged at WARN or ERROR level and ignored." },
    "splitResult": { "kind": "property", "displayName": "Split Result", "group": "consumer", "label": "consumer", "required": false, "type": "boolean", "javaType": "boolean", "deprecated": false, "autowired": false, "secret": false, "defaultValue": true, "configurationClass": "org.apache.camel.component.olingo2.Olingo2Configuration", "configurationField": "configuration", "description": "For endpoints that return an array or collection, a consumer endpoint will map every element to distinct messages, unless splitResult is set to false." },
    "lazyStartProducer": { "kind": "property", "displayName": "Lazy Start Producer", "group": "producer", "label": "producer", "required": false, "type": "boolean", "javaType": "boolean", "deprecated": false, "autowired": false, "secret": false, "defaultValue": false, "description": "Whether the producer should be started lazy (on the first message). By starting lazy you can use this to allow CamelContext and routes to startup in situations where a producer may otherwise fail during starting and cause the route to fail being started. By deferring this startup to be lazy then the startup failure can be handled during routing messages via Camel's routing error handlers. Beware that when the first message is processed then creating and starting the producer may take a little time and prolong the total processing time of the processing." },
    "autowiredEnabled": { "kind": "property", "displayName": "Autowired Enabled", "group": "advanced", "label": "advanced", "required": false, "type": "boolean", "javaType": "boolean", "deprecated": false, "autowired": false, "secret": false, "defaultValue": true, "description": "Whether autowiring is enabled. This is used for automatic autowiring options (the option must be marked as autowired) by looking up in the registry to find if there is a single instance of matching type, which then gets configured on the component. This can be used for automatic configuring JDBC data sources, JMS connection factories, AWS Clients, etc." },
    "httpAsyncClientBuilder": { "kind": "property", "displayName": "Http Async Client Builder", "group": "advanced", "label": "advanced", "required": false, "type": "object", "javaType": "org.apache.http.impl.nio.client.HttpAsyncClientBuilder", "deprecated": false, "autowired": false, "secret": false, "configurationClass": "org.apache.camel.component.olingo2.Olingo2Configuration", "configurationField": "configuration", "description": "Custom HTTP async client builder for more complex HTTP client configuration, overrides connectionTimeout, socketTimeout, proxy and sslContext. Note that a socketTimeout MUST be specified in the builder, otherwise OData requests could block indefinitely" },
    "httpClientBuilder": { "kind": "property", "displayName": "Http Client Builder", "group": "advanced", "label": "advanced", "required": false, "type": "object", "javaType": "org.apache.http.impl.client.HttpClientBuilder", "deprecated": false, "autowired": false, "secret": false, "configurationClass": "org.apache.camel.component.olingo2.Olingo2Configuration", "configurationField": "configuration", "description": "Custom HTTP client builder for more complex HTTP client configuration, overrides connectionTimeout, socketTimeout, proxy and sslContext. Note that a socketTimeout MUST be specified in the builder, otherwise OData requests could block indefinitely" },
    "sslContextParameters": { "kind": "property", "displayName": "Ssl Context Parameters", "group": "security", "label": "security", "required": false, "type": "object", "javaType": "org.apache.camel.support.jsse.SSLContextParameters", "deprecated": false, "autowired": false, "secret": false, "configurationClass": "org.apache.camel.component.olingo2.Olingo2Configuration", "configurationField": "configuration", "description": "To configure security using SSLContextParameters" },
    "useGlobalSslContextParameters": { "kind": "property", "displayName": "Use Global Ssl Context Parameters", "group": "security", "label": "security", "required": false, "type": "boolean", "javaType": "boolean", "deprecated": false, "autowired": false, "secret": false, "defaultValue": false, "description": "Enable usage of global SSL context parameters." }
  },
  "headers": {
    "CamelOlingo2.responseHttpHeaders": { "kind": "header", "displayName": "", "group": "producer", "label": "producer", "required": false, "javaType": "Map<String, String>", "deprecated": false, "deprecationNote": "", "autowired": false, "secret": false, "description": "The response Http headers", "constantName": "org.apache.camel.component.olingo2.internal.Olingo2Constants#RESPONSE_HTTP_HEADERS" }
  },
  "properties": {
    "apiName": { "kind": "path", "displayName": "Api Name", "group": "common", "label": "", "required": true, "type": "object", "javaType": "org.apache.camel.component.olingo2.internal.Olingo2ApiName", "enum": [ "DEFAULT" ], "deprecated": false, "deprecationNote": "", "autowired": false, "secret": false, "configurationClass": "org.apache.camel.component.olingo2.Olingo2Configuration", "configurationField": "configuration", "description": "What kind of operation to perform" },
    "methodName": { "kind": "path", "displayName": "Method Name", "group": "common", "label": "", "required": true, "type": "string", "javaType": "java.lang.String", "deprecated": false, "deprecationNote": "", "autowired": false, "secret": false, "configurationClass": "org.apache.camel.component.olingo2.Olingo2Configuration", "configurationField": "configuration", "description": "What sub operation to use for the selected operation" },
    "connectTimeout": { "kind": "parameter", "displayName": "Connect Timeout", "group": "common", "label": "", "required": false, "type": "integer", "javaType": "int", "deprecated": false, "autowired": false, "secret": false, "defaultValue": 30000, "configurationClass": "org.apache.camel.component.olingo2.Olingo2Configuration", "configurationField": "configuration", "description": "HTTP connection creation timeout in milliseconds, defaults to 30,000 (30 seconds)" },
    "contentType": { "kind": "parameter", "displayName": "Content Type", "group": "common", "label": "", "required": false, "type": "string", "javaType": "java.lang.String", "deprecated": false, "autowired": false, "secret": false, "defaultValue": "application\/json;charset=utf-8", "configurationClass": "org.apache.camel.component.olingo2.Olingo2Configuration", "configurationField": "configuration", "description": "Content-Type header value can be used to specify JSON or XML message format, defaults to application\/json;charset=utf-8" },
    "entityProviderReadProperties": { "kind": "parameter", "displayName": "Entity Provider Read Properties", "group": "common", "label": "", "required": false, "type": "object", "javaType": "org.apache.olingo.odata2.api.ep.EntityProviderReadProperties", "deprecated": false, "autowired": false, "secret": false, "configurationClass": "org.apache.camel.component.olingo2.Olingo2Configuration", "configurationField": "configuration", "description": "Custom entity provider read properties applied to all read operations." },
    "entityProviderWriteProperties": { "kind": "parameter", "displayName": "Entity Provider Write Properties", "group": "common", "label": "", "required": false, "type": "object", "javaType": "org.apache.olingo.odata2.api.ep.EntityProviderWriteProperties", "deprecated": false, "autowired": false, "secret": false, "configurationClass": "org.apache.camel.component.olingo2.Olingo2Configuration", "configurationField": "configuration", "description": "Custom entity provider write properties applied to create, update, patch, batch and merge operations. For instance users can skip the Json object wrapper or enable content only mode when sending request data. A service URI set in the properties will always be overwritten by the serviceUri configuration parameter. Please consider to using the serviceUri configuration parameter instead of setting the respective write property here." },
    "filterAlreadySeen": { "kind": "parameter", "displayName": "Filter Already Seen", "group": "common", "label": "", "required": false, "type": "boolean", "javaType": "boolean", "deprecated": false, "autowired": false, "secret": false, "defaultValue": false, "configurationClass": "org.apache.camel.component.olingo2.Olingo2Configuration", "configurationField": "configuration", "description": "Set this to true to filter out results that have already been communicated by this component." },
    "httpHeaders": { "kind": "parameter", "displayName": "Http Headers", "group": "common", "label": "", "required": false, "type": "object", "javaType": "java.util.Map<java.lang.String, java.lang.String>", "deprecated": false, "autowired": false, "secret": false, "configurationClass": "org.apache.camel.component.olingo2.Olingo2Configuration", "configurationField": "configuration", "description": "Custom HTTP headers to inject into every request, this could include OAuth tokens, etc." },
    "inBody": { "kind": "parameter", "displayName": "In Body", "group": "common", "label": "", "required": false, "type": "string", "javaType": "java.lang.String", "deprecated": false, "autowired": false, "secret": false, "description": "Sets the name of a parameter to be passed in the exchange In Body" },
    "proxy": { "kind": "parameter", "displayName": "Proxy", "group": "common", "label": "", "required": false, "type": "object", "javaType": "org.apache.http.HttpHost", "deprecated": false, "autowired": false, "secret": false, "configurationClass": "org.apache.camel.component.olingo2.Olingo2Configuration", "configurationField": "configuration", "description": "HTTP proxy server configuration" },
    "serviceUri": { "kind": "parameter", "displayName": "Service Uri", "group": "common", "label": "", "required": false, "type": "string", "javaType": "java.lang.String", "deprecated": false, "autowired": false, "secret": false, "configurationClass": "org.apache.camel.component.olingo2.Olingo2Configuration", "configurationField": "configuration", "description": "Target OData service base URI, e.g. http:\/\/services.odata.org\/OData\/OData.svc" },
    "socketTimeout": { "kind": "parameter", "displayName": "Socket Timeout", "group": "common", "label": "", "required": false, "type": "integer", "javaType": "int", "deprecated": false, "autowired": false, "secret": false, "defaultValue": 30000, "configurationClass": "org.apache.camel.component.olingo2.Olingo2Configuration", "configurationField": "configuration", "description": "HTTP request timeout in milliseconds, defaults to 30,000 (30 seconds)" },
    "sendEmptyMessageWhenIdle": { "kind": "parameter", "displayName": "Send Empty Message When Idle", "group": "consumer", "label": "consumer", "required": false, "type": "boolean", "javaType": "boolean", "deprecated": false, "autowired": false, "secret": false, "defaultValue": false, "description": "If the polling consumer did not poll any files, you can enable this option to send an empty message (no body) instead." },
    "splitResult": { "kind": "parameter", "displayName": "Split Result", "group": "consumer", "label": "consumer", "required": false, "type": "boolean", "javaType": "boolean", "deprecated": false, "autowired": false, "secret": false, "defaultValue": true, "configurationClass": "org.apache.camel.component.olingo2.Olingo2Configuration", "configurationField": "configuration", "description": "For endpoints that return an array or collection, a consumer endpoint will map every element to distinct messages, unless splitResult is set to false." },
    "bridgeErrorHandler": { "kind": "parameter", "displayName": "Bridge Error Handler", "group": "consumer (advanced)", "label": "consumer,advanced", "required": false, "type": "boolean", "javaType": "boolean", "deprecated": false, "autowired": false, "secret": false, "defaultValue": false, "description": "Allows for bridging the consumer to the Camel routing Error Handler, which mean any exceptions occurred while the consumer is trying to pickup incoming messages, or the likes, will now be processed as a message and handled by the routing Error Handler. By default the consumer will use the org.apache.camel.spi.ExceptionHandler to deal with exceptions, that will be logged at WARN or ERROR level and ignored." },
    "exceptionHandler": { "kind": "parameter", "displayName": "Exception Handler", "group": "consumer (advanced)", "label": "consumer,advanced", "required": false, "type": "object", "javaType": "org.apache.camel.spi.ExceptionHandler", "optionalPrefix": "consumer.", "deprecated": false, "autowired": false, "secret": false, "description": "To let the consumer use a custom ExceptionHandler. Notice if the option bridgeErrorHandler is enabled then this option is not in use. By default the consumer will deal with exceptions, that will be logged at WARN or ERROR level and ignored." },
    "exchangePattern": { "kind": "parameter", "displayName": "Exchange Pattern", "group": "consumer (advanced)", "label": "consumer,advanced", "required": false, "type": "object", "javaType": "org.apache.camel.ExchangePattern", "enum": [ "InOnly", "InOut", "InOptionalOut" ], "deprecated": false, "autowired": false, "secret": false, "description": "Sets the exchange pattern when the consumer creates an exchange." },
    "pollStrategy": { "kind": "parameter", "displayName": "Poll Strategy", "group": "consumer (advanced)", "label": "consumer,advanced", "required": false, "type": "object", "javaType": "org.apache.camel.spi.PollingConsumerPollStrategy", "deprecated": false, "autowired": false, "secret": false, "description": "A pluggable org.apache.camel.PollingConsumerPollingStrategy allowing you to provide your custom implementation to control error handling usually occurred during the poll operation before an Exchange have been created and being routed in Camel." },
    "lazyStartProducer": { "kind": "parameter", "displayName": "Lazy Start Producer", "group": "producer (advanced)", "label": "producer,advanced", "required": false, "type": "boolean", "javaType": "boolean", "deprecated": false, "autowired": false, "secret": false, "defaultValue": false, "description": "Whether the producer should be started lazy (on the first message). By starting lazy you can use this to allow CamelContext and routes to startup in situations where a producer may otherwise fail during starting and cause the route to fail being started. By deferring this startup to be lazy then the startup failure can be handled during routing messages via Camel's routing error handlers. Beware that when the first message is processed then creating and starting the producer may take a little time and prolong the total processing time of the processing." },
    "httpAsyncClientBuilder": { "kind": "parameter", "displayName": "Http Async Client Builder", "group": "advanced", "label": "advanced", "required": false, "type": "object", "javaType": "org.apache.http.impl.nio.client.HttpAsyncClientBuilder", "deprecated": false, "autowired": false, "secret": false, "configurationClass": "org.apache.camel.component.olingo2.Olingo2Configuration", "configurationField": "configuration", "description": "Custom HTTP async client builder for more complex HTTP client configuration, overrides connectionTimeout, socketTimeout, proxy and sslContext. Note that a socketTimeout MUST be specified in the builder, otherwise OData requests could block indefinitely" },
    "httpClientBuilder": { "kind": "parameter", "displayName": "Http Client Builder", "group": "advanced", "label": "advanced", "required": false, "type": "object", "javaType": "org.apache.http.impl.client.HttpClientBuilder", "deprecated": false, "autowired": false, "secret": false, "configurationClass": "org.apache.camel.component.olingo2.Olingo2Configuration", "configurationField": "configuration", "description": "Custom HTTP client builder for more complex HTTP client configuration, overrides connectionTimeout, socketTimeout, proxy and sslContext. Note that a socketTimeout MUST be specified in the builder, otherwise OData requests could block indefinitely" },
    "backoffErrorThreshold": { "kind": "parameter", "displayName": "Backoff Error Threshold", "group": "scheduler", "label": "consumer,scheduler", "required": false, "type": "integer", "javaType": "int", "deprecated": false, "autowired": false, "secret": false, "description": "The number of subsequent error polls (failed due some error) that should happen before the backoffMultipler should kick-in." },
    "backoffIdleThreshold": { "kind": "parameter", "displayName": "Backoff Idle Threshold", "group": "scheduler", "label": "consumer,scheduler", "required": false, "type": "integer", "javaType": "int", "deprecated": false, "autowired": false, "secret": false, "description": "The number of subsequent idle polls that should happen before the backoffMultipler should kick-in." },
    "backoffMultiplier": { "kind": "parameter", "displayName": "Backoff Multiplier", "group": "scheduler", "label": "consumer,scheduler", "required": false, "type": "integer", "javaType": "int", "deprecated": false, "autowired": false, "secret": false, "description": "To let the scheduled polling consumer backoff if there has been a number of subsequent idles\/errors in a row. The multiplier is then the number of polls that will be skipped before the next actual attempt is happening again. When this option is in use then backoffIdleThreshold and\/or backoffErrorThreshold must also be configured." },
    "delay": { "kind": "parameter", "displayName": "Delay", "group": "scheduler", "label": "consumer,scheduler", "required": false, "type": "integer", "javaType": "long", "deprecated": false, "autowired": false, "secret": false, "defaultValue": 500, "description": "Milliseconds before the next poll." },
    "greedy": { "kind": "parameter", "displayName": "Greedy", "group": "scheduler", "label": "consumer,scheduler", "required": false, "type": "boolean", "javaType": "boolean", "deprecated": false, "autowired": false, "secret": false, "defaultValue": false, "description": "If greedy is enabled, then the ScheduledPollConsumer will run immediately again, if the previous run polled 1 or more messages." },
    "initialDelay": { "kind": "parameter", "displayName": "Initial Delay", "group": "scheduler", "label": "consumer,scheduler", "required": false, "type": "integer", "javaType": "long", "deprecated": false, "autowired": false, "secret": false, "defaultValue": 1000, "description": "Milliseconds before the first poll starts." },
    "repeatCount": { "kind": "parameter", "displayName": "Repeat Count", "group": "scheduler", "label": "consumer,scheduler", "required": false, "type": "integer", "javaType": "long", "deprecated": false, "autowired": false, "secret": false, "defaultValue": 0, "description": "Specifies a maximum limit of number of fires. So if you set it to 1, the scheduler will only fire once. If you set it to 5, it will only fire five times. A value of zero or negative means fire forever." },
    "runLoggingLevel": { "kind": "parameter", "displayName": "Run Logging Level", "group": "scheduler", "label": "consumer,scheduler", "required": false, "type": "object", "javaType": "org.apache.camel.LoggingLevel", "enum": [ "TRACE", "DEBUG", "INFO", "WARN", "ERROR", "OFF" ], "deprecated": false, "autowired": false, "secret": false, "defaultValue": "TRACE", "description": "The consumer logs a start\/complete log line when it polls. This option allows you to configure the logging level for that." },
    "scheduledExecutorService": { "kind": "parameter", "displayName": "Scheduled Executor Service", "group": "scheduler", "label": "consumer,scheduler", "required": false, "type": "object", "javaType": "java.util.concurrent.ScheduledExecutorService", "deprecated": false, "autowired": false, "secret": false, "description": "Allows for configuring a custom\/shared thread pool to use for the consumer. By default each consumer has its own single threaded thread pool." },
    "scheduler": { "kind": "parameter", "displayName": "Scheduler", "group": "scheduler", "label": "consumer,scheduler", "required": false, "type": "object", "javaType": "java.lang.Object", "deprecated": false, "autowired": false, "secret": false, "defaultValue": "none", "description": "To use a cron scheduler from either camel-spring or camel-quartz component. Use value spring or quartz for built in scheduler" },
    "schedulerProperties": { "kind": "parameter", "displayName": "Scheduler Properties", "group": "scheduler", "label": "consumer,scheduler", "required": false, "type": "object", "javaType": "java.util.Map<java.lang.String, java.lang.Object>", "prefix": "scheduler.", "multiValue": true, "deprecated": false, "autowired": false, "secret": false, "description": "To configure additional properties when using a custom scheduler or any of the Quartz, Spring based scheduler." },
    "startScheduler": { "kind": "parameter", "displayName": "Start Scheduler", "group": "scheduler", "label": "consumer,scheduler", "required": false, "type": "boolean", "javaType": "boolean", "deprecated": false, "autowired": false, "secret": false, "defaultValue": true, "description": "Whether the scheduler should be auto started." },
    "timeUnit": { "kind": "parameter", "displayName": "Time Unit", "group": "scheduler", "label": "consumer,scheduler", "required": false, "type": "object", "javaType": "java.util.concurrent.TimeUnit", "enum": [ "NANOSECONDS", "MICROSECONDS", "MILLISECONDS", "SECONDS", "MINUTES", "HOURS", "DAYS" ], "deprecated": false, "autowired": false, "secret": false, "defaultValue": "MILLISECONDS", "description": "Time unit for initialDelay and delay options." },
    "useFixedDelay": { "kind": "parameter", "displayName": "Use Fixed Delay", "group": "scheduler", "label": "consumer,scheduler", "required": false, "type": "boolean", "javaType": "boolean", "deprecated": false, "autowired": false, "secret": false, "defaultValue": true, "description": "Controls if fixed delay or fixed rate is used. See ScheduledExecutorService in JDK for details." },
    "sslContextParameters": { "kind": "parameter", "displayName": "Ssl Context Parameters", "group": "security", "label": "security", "required": false, "type": "object", "javaType": "org.apache.camel.support.jsse.SSLContextParameters", "deprecated": false, "autowired": false, "secret": false, "configurationClass": "org.apache.camel.component.olingo2.Olingo2Configuration", "configurationField": "configuration", "description": "To configure security using SSLContextParameters" }
  },
  "apis": {
    "DEFAULT": { "consumerOnly": false, "producerOnly": false, "description": "Olingo2 Client Api Interface", "methods": { "batch": { "description": "Executes a batch request", "signatures": [ "void batch(org.apache.olingo.odata2.api.edm.Edm edm, java.util.Map<String, String> endpointHttpHeaders, Object data, org.apache.camel.component.olingo2.api.Olingo2ResponseHandler<java.util.List<org.apache.camel.component.olingo2.api.batch.Olingo2BatchResponse>> responseHandler)" ] }, "create": { "description": "Creates a new OData resource", "signatures": [ "void create(org.apache.olingo.odata2.api.edm.Edm edm, String resourcePath, java.util.Map<String, String> endpointHttpHeaders, Object data, org.apache.camel.component.olingo2.api.Olingo2ResponseHandler responseHandler)" ] }, "delete": { "description": "Deletes an OData resource and invokes callback with org", "signatures": [ "void delete(String resourcePath, java.util.Map<String, String> endpointHttpHeaders, org.apache.camel.component.olingo2.api.Olingo2ResponseHandler<org.apache.olingo.odata2.api.commons.HttpStatusCodes> responseHandler)" ] }, "merge": { "description": "Patches\/merges an OData resource using HTTP MERGE", "signatures": [ "void merge(org.apache.olingo.odata2.api.edm.Edm edm, String resourcePath, java.util.Map<String, String> endpointHttpHeaders, Object data, org.apache.camel.component.olingo2.api.Olingo2ResponseHandler responseHandler)" ] }, "patch": { "description": "Patches\/merges an OData resource using HTTP PATCH", "signatures": [ "void patch(org.apache.olingo.odata2.api.edm.Edm edm, String resourcePath, java.util.Map<String, String> endpointHttpHeaders, Object data, org.apache.camel.component.olingo2.api.Olingo2ResponseHandler responseHandler)" ] }, "read": { "description": "Reads an OData resource and invokes callback with appropriate result", "signatures": [ "void read(org.apache.olingo.odata2.api.edm.Edm edm, String resourcePath, java.util.Map<String, String> queryParams, java.util.Map<String, String> endpointHttpHeaders, org.apache.camel.component.olingo2.api.Olingo2ResponseHandler responseHandler)" ] }, "update": { "description": "Updates an OData resource", "signatures": [ "void update(org.apache.olingo.odata2.api.edm.Edm edm, String resourcePath, java.util.Map<String, String> endpointHttpHeaders, Object data, org.apache.camel.component.olingo2.api.Olingo2ResponseHandler responseHandler)" ] }, "uread": { "description": "Reads an OData resource and invokes callback with the unparsed input stream", "signatures": [ "void uread(org.apache.olingo.odata2.api.edm.Edm edm, String resourcePath, java.util.Map<String, String> queryParams, java.util.Map<String, String> endpointHttpHeaders, org.apache.camel.component.olingo2.api.Olingo2ResponseHandler<java.io.InputStream> responseHandler)" ] } } }
  },
  "apiProperties": {
    "DEFAULT": { "methods": { "batch": { "properties": { "data": { "kind": "parameter", "displayName": "Data", "group": "common", "label": "", "required": false, "type": "object", "javaType": "java.lang.Object", "deprecated": false, "autowired": false, "secret": false, "description": "Ordered org.apache.camel.component.olingo2.api.batch.Olingo2BatchRequest list", "optional": false }, "edm": { "kind": "parameter", "displayName": "Edm", "group": "common", "label": "", "required": false, "type": "object", "javaType": "org.apache.olingo.odata2.api.edm.Edm", "deprecated": false, "autowired": false, "secret": false, "description": "Service Edm", "optional": true }, "endpointHttpHeaders": { "kind": "parameter", "displayName": "Endpoint Http Headers", "group": "common", "label": "", "required": false, "type": "object", "javaType": "java.util.Map<java.lang.String, java.lang.String>", "deprecated": false, "autowired": false, "secret": false, "description": "HTTP Headers to add\/override the component versions", "optional": true }, "responseHandler": { "kind": "parameter", "displayName": "Response Handler", "group": "common", "label": "", "required": false, "type": "object", "javaType": "org.apache.camel.component.olingo2.api.Olingo2ResponseHandler<java.util.List<org.apache.camel.component.olingo2.api.batch.Olingo2BatchResponse>>", "deprecated": false, "autowired": false, "secret": false, "description": "Callback handler", "optional": true } } }, "create": { "properties": { "data": { "kind": "parameter", "displayName": "Data", "group": "common", "label": "", "required": false, "type": "object", "javaType": "java.lang.Object", "deprecated": false, "autowired": false, "secret": false, "description": "Request data", "optional": false }, "edm": { "kind": "parameter", "displayName": "Edm", "group": "common", "label": "", "required": false, "type": "object", "javaType": "org.apache.olingo.odata2.api.edm.Edm", "deprecated": false, "autowired": false, "secret": false, "description": "Service Edm", "optional": true }, "endpointHttpHeaders": { "kind": "parameter", "displayName": "Endpoint Http Headers", "group": "common", "label": "", "required": false, "type": "object", "javaType": "java.util.Map<java.lang.String, java.lang.String>", "deprecated": false, "autowired": false, "secret": false, "description": "HTTP Headers to add\/override the component versions", "optional": true }, "resourcePath": { "kind": "parameter", "displayName": "Resource Path", "group": "common", "label": "", "required": false, "type": "string", "javaType": "java.lang.String", "deprecated": false, "autowired": false, "secret": false, "description": "Resource path to create", "optional": false }, "responseHandler": { "kind": "parameter", "displayName": "Response Handler", "group": "common", "label": "", "required": false, "type": "object", "javaType": "org.apache.camel.component.olingo2.api.Olingo2ResponseHandler<java.util.List<org.apache.camel.component.olingo2.api.batch.Olingo2BatchResponse>>", "deprecated": false, "autowired": false, "secret": false, "description": "Callback handler", "optional": true } } }, "delete": { "properties": { "endpointHttpHeaders": { "kind": "parameter", "displayName": "Endpoint Http Headers", "group": "common", "label": "", "required": false, "type": "object", "javaType": "java.util.Map<java.lang.String, java.lang.String>", "deprecated": false, "autowired": false, "secret": false, "description": "HTTP Headers to add\/override the component versions", "optional": true }, "resourcePath": { "kind": "parameter", "displayName": "Resource Path", "group": "common", "label": "", "required": false, "type": "string", "javaType": "java.lang.String", "deprecated": false, "autowired": false, "secret": false, "description": "Resource path for Entry", "optional": false }, "responseHandler": { "kind": "parameter", "displayName": "Response Handler", "group": "common", "label": "", "required": false, "type": "object", "javaType": "org.apache.camel.component.olingo2.api.Olingo2ResponseHandler<java.util.List<org.apache.camel.component.olingo2.api.batch.Olingo2BatchResponse>>", "deprecated": false, "autowired": false, "secret": false, "description": "Org.apache.olingo.odata2.api.commons.HttpStatusCodes callback handler", "optional": true } } }, "merge": { "properties": { "data": { "kind": "parameter", "displayName": "Data", "group": "common", "label": "", "required": false, "type": "object", "javaType": "java.lang.Object", "deprecated": false, "autowired": false, "secret": false, "description": "Patch\/merge data", "optional": false }, "edm": { "kind": "parameter", "displayName": "Edm", "group": "common", "label": "", "required": false, "type": "object", "javaType": "org.apache.olingo.odata2.api.edm.Edm", "deprecated": false, "autowired": false, "secret": false, "description": "Service Edm", "optional": true }, "endpointHttpHeaders": { "kind": "parameter", "displayName": "Endpoint Http Headers", "group": "common", "label": "", "required": false, "type": "object", "javaType": "java.util.Map<java.lang.String, java.lang.String>", "deprecated": false, "autowired": false, "secret": false, "description": "HTTP Headers to add\/override the component versions", "optional": true }, "resourcePath": { "kind": "parameter", "displayName": "Resource Path", "group": "common", "label": "", "required": false, "type": "string", "javaType": "java.lang.String", "deprecated": false, "autowired": false, "secret": false, "description": "Resource path to update", "optional": false }, "responseHandler": { "kind": "parameter", "displayName": "Response Handler", "group": "common", "label": "", "required": false, "type": "object", "javaType": "org.apache.camel.component.olingo2.api.Olingo2ResponseHandler<java.util.List<org.apache.camel.component.olingo2.api.batch.Olingo2BatchResponse>>", "deprecated": false, "autowired": false, "secret": false, "description": "Org.apache.olingo.odata2.api.ep.entry.ODataEntry callback handler", "optional": true } } }, "patch": { "properties": { "data": { "kind": "parameter", "displayName": "Data", "group": "common", "label": "", "required": false, "type": "object", "javaType": "java.lang.Object", "deprecated": false, "autowired": false, "secret": false, "description": "Patch\/merge data", "optional": false }, "edm": { "kind": "parameter", "displayName": "Edm", "group": "common", "label": "", "required": false, "type": "object", "javaType": "org.apache.olingo.odata2.api.edm.Edm", "deprecated": false, "autowired": false, "secret": false, "description": "Service Edm", "optional": true }, "endpointHttpHeaders": { "kind": "parameter", "displayName": "Endpoint Http Headers", "group": "common", "label": "", "required": false, "type": "object", "javaType": "java.util.Map<java.lang.String, java.lang.String>", "deprecated": false, "autowired": false, "secret": false, "description": "HTTP Headers to add\/override the component versions", "optional": true }, "resourcePath": { "kind": "parameter", "displayName": "Resource Path", "group": "common", "label": "", "required": false, "type": "string", "javaType": "java.lang.String", "deprecated": false, "autowired": false, "secret": false, "description": "Resource path to update", "optional": false }, "responseHandler": { "kind": "parameter", "displayName": "Response Handler", "group": "common", "label": "", "required": false, "type": "object", "javaType": "org.apache.camel.component.olingo2.api.Olingo2ResponseHandler<java.util.List<org.apache.camel.component.olingo2.api.batch.Olingo2BatchResponse>>", "deprecated": false, "autowired": false, "secret": false, "description": "Org.apache.olingo.odata2.api.ep.entry.ODataEntry callback handler", "optional": true } } }, "read": { "properties": { "edm": { "kind": "parameter", "displayName": "Edm", "group": "common", "label": "", "required": false, "type": "object", "javaType": "org.apache.olingo.odata2.api.edm.Edm", "deprecated": false, "autowired": false, "secret": false, "description": "Service Edm, read from calling read(null, $metdata, null, responseHandler)", "optional": true }, "endpointHttpHeaders": { "kind": "parameter", "displayName": "Endpoint Http Headers", "group": "common", "label": "", "required": false, "type": "object", "javaType": "java.util.Map<java.lang.String, java.lang.String>", "deprecated": false, "autowired": false, "secret": false, "description": "HTTP Headers to add\/override the component versions", "optional": true }, "queryParams": { "kind": "parameter", "displayName": "Query Params", "group": "common", "label": "", "required": false, "type": "object", "javaType": "java.util.Map<java.lang.String, java.lang.String>", "deprecated": false, "autowired": false, "secret": false, "description": "OData query params from http:\/\/www.odata.org\/documentation\/odata-version-2-0\/uri-conventions#SystemQueryOptions", "optional": true }, "resourcePath": { "kind": "parameter", "displayName": "Resource Path", "group": "common", "label": "", "required": false, "type": "string", "javaType": "java.lang.String", "deprecated": false, "autowired": false, "secret": false, "description": "OData Resource path", "optional": false }, "responseHandler": { "kind": "parameter", "displayName": "Response Handler", "group": "common", "label": "", "required": false, "type": "object", "javaType": "org.apache.camel.component.olingo2.api.Olingo2ResponseHandler<java.util.List<org.apache.camel.component.olingo2.api.batch.Olingo2BatchResponse>>", "deprecated": false, "autowired": false, "secret": false, "description": "Callback handler", "optional": true } } }, "update": { "properties": { "data": { "kind": "parameter", "displayName": "Data", "group": "common", "label": "", "required": false, "type": "object", "javaType": "java.lang.Object", "deprecated": false, "autowired": false, "secret": false, "description": "Updated data", "optional": false }, "edm": { "kind": "parameter", "displayName": "Edm", "group": "common", "label": "", "required": false, "type": "object", "javaType": "org.apache.olingo.odata2.api.edm.Edm", "deprecated": false, "autowired": false, "secret": false, "description": "Service Edm", "optional": true }, "endpointHttpHeaders": { "kind": "parameter", "displayName": "Endpoint Http Headers", "group": "common", "label": "", "required": false, "type": "object", "javaType": "java.util.Map<java.lang.String, java.lang.String>", "deprecated": false, "autowired": false, "secret": false, "description": "HTTP Headers to add\/override the component versions", "optional": true }, "resourcePath": { "kind": "parameter", "displayName": "Resource Path", "group": "common", "label": "", "required": false, "type": "string", "javaType": "java.lang.String", "deprecated": false, "autowired": false, "secret": false, "description": "Resource path to update", "optional": false }, "responseHandler": { "kind": "parameter", "displayName": "Response Handler", "group": "common", "label": "", "required": false, "type": "object", "javaType": "org.apache.camel.component.olingo2.api.Olingo2ResponseHandler<java.util.List<org.apache.camel.component.olingo2.api.batch.Olingo2BatchResponse>>", "deprecated": false, "autowired": false, "secret": false, "description": "Org.apache.olingo.odata2.api.ep.entry.ODataEntry callback handler", "optional": true } } }, "uread": { "properties": { "edm": { "kind": "parameter", "displayName": "Edm", "group": "common", "label": "", "required": false, "type": "object", "javaType": "org.apache.olingo.odata2.api.edm.Edm", "deprecated": false, "autowired": false, "secret": false, "description": "Service Edm, read from calling read(null, $metdata, null, responseHandler)", "optional": true }, "endpointHttpHeaders": { "kind": "parameter", "displayName": "Endpoint Http Headers", "group": "common", "label": "", "required": false, "type": "object", "javaType": "java.util.Map<java.lang.String, java.lang.String>", "deprecated": false, "autowired": false, "secret": false, "description": "HTTP Headers to add\/override the component versions", "optional": true }, "queryParams": { "kind": "parameter", "displayName": "Query Params", "group": "common", "label": "", "required": false, "type": "object", "javaType": "java.util.Map<java.lang.String, java.lang.String>", "deprecated": false, "autowired": false, "secret": false, "description": "OData query params from http:\/\/www.odata.org\/documentation\/odata-version-2-0\/uri-conventions#SystemQueryOptions", "optional": true }, "resourcePath": { "kind": "parameter", "displayName": "Resource Path", "group": "common", "label": "", "required": false, "type": "string", "javaType": "java.lang.String", "deprecated": false, "autowired": false, "secret": false, "description": "OData Resource path", "optional": false }, "responseHandler": { "kind": "parameter", "displayName": "Response Handler", "group": "common", "label": "", "required": false, "type": "object", "javaType": "org.apache.camel.component.olingo2.api.Olingo2ResponseHandler<java.util.List<org.apache.camel.component.olingo2.api.batch.Olingo2BatchResponse>>", "deprecated": false, "autowired": false, "secret": false, "description": "Callback handler", "optional": true } } } } }
  }
}
