{
  "component": {
    "kind": "component",
    "name": "schematron",
    "title": "Schematron",
    "description": "Validate XML payload using the Schematron Library.",
    "deprecated": false,
    "firstVersion": "2.15.0",
    "label": "validation",
    "javaType": "org.apache.camel.component.schematron.SchematronComponent",
    "supportLevel": "Stable",
    "groupId": "org.apache.camel",
    "artifactId": "camel-schematron",
    "version": "3.20.1-SNAPSHOT",
    "scheme": "schematron",
    "extendsScheme": "",
    "syntax": "schematron:path",
    "async": false,
    "api": false,
    "consumerOnly": false,
    "producerOnly": true,
    "lenientProperties": false
  },
  "componentProperties": {
    "lazyStartProducer": { "kind": "property", "displayName": "Lazy Start Producer", "group": "producer", "label": "producer", "required": false, "type": "boolean", "javaType": "boolean", "deprecated": false, "autowired": false, "secret": false, "defaultValue": false, "description": "Whether the producer should be started lazy (on the first message). By starting lazy you can use this to allow CamelContext and routes to startup in situations where a producer may otherwise fail during starting and cause the route to fail being started. By deferring this startup to be lazy then the startup failure can be handled during routing messages via Camel's routing error handlers. Beware that when the first message is processed then creating and starting the producer may take a little time and prolong the total processing time of the processing." },
    "autowiredEnabled": { "kind": "property", "displayName": "Autowired Enabled", "group": "advanced", "label": "advanced", "required": false, "type": "boolean", "javaType": "boolean", "deprecated": false, "autowired": false, "secret": false, "defaultValue": true, "description": "Whether autowiring is enabled. This is used for automatic autowiring options (the option must be marked as autowired) by looking up in the registry to find if there is a single instance of matching type, which then gets configured on the component. This can be used for automatic configuring JDBC data sources, JMS connection factories, AWS Clients, etc." }
  },
  "properties": {
    "path": { "kind": "path", "displayName": "Path", "group": "producer", "label": "", "required": true, "type": "string", "javaType": "java.lang.String", "deprecated": false, "deprecationNote": "", "autowired": false, "secret": false, "description": "The path to the schematron rules file. Can either be in class path or location in the file system." },
    "abort": { "kind": "parameter", "displayName": "Abort", "group": "producer", "label": "", "required": false, "type": "boolean", "javaType": "boolean", "deprecated": false, "autowired": false, "secret": false, "defaultValue": false, "description": "Flag to abort the route and throw a schematron validation exception." },
    "rules": { "kind": "parameter", "displayName": "Rules", "group": "producer", "label": "", "required": false, "type": "object", "javaType": "javax.xml.transform.Templates", "deprecated": false, "autowired": false, "secret": false, "description": "To use the given schematron rules instead of loading from the path" },
    "lazyStartProducer": { "kind": "parameter", "displayName": "Lazy Start Producer", "group": "producer (advanced)", "label": "producer,advanced", "required": false, "type": "boolean", "javaType": "boolean", "deprecated": false, "autowired": false, "secret": false, "defaultValue": false, "description": "Whether the producer should be started lazy (on the first message). By starting lazy you can use this to allow CamelContext and routes to startup in situations where a producer may otherwise fail during starting and cause the route to fail being started. By deferring this startup to be lazy then the startup failure can be handled during routing messages via Camel's routing error handlers. Beware that when the first message is processed then creating and starting the producer may take a little time and prolong the total processing time of the processing." },
    "uriResolver": { "kind": "parameter", "displayName": "Uri Resolver", "group": "advanced", "label": "advanced", "required": false, "type": "object", "javaType": "javax.xml.transform.URIResolver", "deprecated": false, "autowired": false, "secret": false, "description": "Set the URIResolver to be used for resolving schematron includes in the rules file." }
  }
}
