{
  "component": {
    "kind": "component",
    "name": "smtp",
    "title": "SMTP",
    "description": "Send and receive emails using imap, pop3 and smtp protocols.",
    "deprecated": false,
    "firstVersion": "1.0.0",
    "label": "mail",
    "javaType": "org.apache.camel.component.mail.MailComponent",
    "supportLevel": "Stable",
    "groupId": "org.apache.camel",
    "artifactId": "camel-mail",
    "version": "3.20.1-SNAPSHOT",
    "scheme": "smtp",
    "extendsScheme": "",
    "alternativeSchemes": "imap,imaps,pop3,pop3s,smtp,smtps",
    "syntax": "smtp:host:port",
    "alternativeSyntax": "smtp:username:password@host:port",
    "async": false,
    "api": false,
    "consumerOnly": false,
    "producerOnly": false,
    "lenientProperties": false
  },
  "componentProperties": {
    "bridgeErrorHandler": { "kind": "property", "displayName": "Bridge Error Handler", "group": "consumer", "label": "consumer", "required": false, "type": "boolean", "javaType": "boolean", "deprecated": false, "autowired": false, "secret": false, "defaultValue": false, "description": "Allows for bridging the consumer to the Camel routing Error Handler, which mean any exceptions occurred while the consumer is trying to pickup incoming messages, or the likes, will now be processed as a message and handled by the routing Error Handler. By default the consumer will use the org.apache.camel.spi.ExceptionHandler to deal with exceptions, that will be logged at WARN or ERROR level and ignored." },
    "closeFolder": { "kind": "property", "displayName": "Close Folder", "group": "consumer", "label": "consumer", "required": false, "type": "boolean", "javaType": "boolean", "deprecated": false, "deprecationNote": "", "autowired": false, "secret": false, "defaultValue": true, "configurationClass": "org.apache.camel.component.mail.MailConfiguration", "configurationField": "configuration", "description": "Whether the consumer should close the folder after polling. Setting this option to false and having disconnect=false as well, then the consumer keep the folder open between polls." },
    "copyTo": { "kind": "property", "displayName": "Copy To", "group": "consumer", "label": "consumer", "required": false, "type": "string", "javaType": "java.lang.String", "deprecated": false, "deprecationNote": "", "autowired": false, "secret": false, "configurationClass": "org.apache.camel.component.mail.MailConfiguration", "configurationField": "configuration", "description": "After processing a mail message, it can be copied to a mail folder with the given name. You can override this configuration value, with a header with the key copyTo, allowing you to copy messages to folder names configured at runtime." },
    "decodeFilename": { "kind": "property", "displayName": "Decode Filename", "group": "consumer", "label": "consumer", "required": false, "type": "boolean", "javaType": "boolean", "deprecated": false, "autowired": false, "secret": false, "defaultValue": false, "configurationClass": "org.apache.camel.component.mail.MailConfiguration", "configurationField": "configuration", "description": "If set to true, the MimeUtility.decodeText method will be used to decode the filename. This is similar to setting JVM system property mail.mime.encodefilename." },
    "delete": { "kind": "property", "displayName": "Delete", "group": "consumer", "label": "consumer", "required": false, "type": "boolean", "javaType": "boolean", "deprecated": false, "deprecationNote": "", "autowired": false, "secret": false, "defaultValue": false, "configurationClass": "org.apache.camel.component.mail.MailConfiguration", "configurationField": "configuration", "description": "Deletes the messages after they have been processed. This is done by setting the DELETED flag on the mail message. If false, the SEEN flag is set instead. As of Camel 2.10 you can override this configuration option by setting a header with the key delete to determine if the mail should be deleted or not." },
    "disconnect": { "kind": "property", "displayName": "Disconnect", "group": "consumer", "label": "consumer", "required": false, "type": "boolean", "javaType": "boolean", "deprecated": false, "deprecationNote": "", "autowired": false, "secret": false, "defaultValue": false, "configurationClass": "org.apache.camel.component.mail.MailConfiguration", "configurationField": "configuration", "description": "Whether the consumer should disconnect after polling. If enabled this forces Camel to connect on each poll." },
    "handleFailedMessage": { "kind": "property", "displayName": "Handle Failed Message", "group": "consumer", "label": "consumer", "required": false, "type": "boolean", "javaType": "boolean", "deprecated": false, "deprecationNote": "", "autowired": false, "secret": false, "defaultValue": false, "configurationClass": "org.apache.camel.component.mail.MailConfiguration", "configurationField": "configuration", "description": "If the mail consumer cannot retrieve a given mail message, then this option allows to handle the caused exception by the consumer's error handler. By enable the bridge error handler on the consumer, then the Camel routing error handler can handle the exception instead. The default behavior would be the consumer throws an exception and no mails from the batch would be able to be routed by Camel." },
    "mimeDecodeHeaders": { "kind": "property", "displayName": "Mime Decode Headers", "group": "consumer", "label": "consumer", "required": false, "type": "boolean", "javaType": "boolean", "deprecated": false, "deprecationNote": "", "autowired": false, "secret": false, "defaultValue": false, "configurationClass": "org.apache.camel.component.mail.MailConfiguration", "configurationField": "configuration", "description": "This option enables transparent MIME decoding and unfolding for mail headers." },
    "moveTo": { "kind": "property", "displayName": "Move To", "group": "consumer", "label": "consumer", "required": false, "type": "string", "javaType": "java.lang.String", "deprecated": false, "deprecationNote": "", "autowired": false, "secret": false, "configurationClass": "org.apache.camel.component.mail.MailConfiguration", "configurationField": "configuration", "description": "After processing a mail message, it can be moved to a mail folder with the given name. You can override this configuration value, with a header with the key moveTo, allowing you to move messages to folder names configured at runtime." },
    "peek": { "kind": "property", "displayName": "Peek", "group": "consumer", "label": "consumer", "required": false, "type": "boolean", "javaType": "boolean", "deprecated": false, "deprecationNote": "", "autowired": false, "secret": false, "defaultValue": true, "configurationClass": "org.apache.camel.component.mail.MailConfiguration", "configurationField": "configuration", "description": "Will mark the javax.mail.Message as peeked before processing the mail message. This applies to IMAPMessage messages types only. By using peek the mail will not be eager marked as SEEN on the mail server, which allows us to rollback the mail message if there is an error processing in Camel." },
    "skipFailedMessage": { "kind": "property", "displayName": "Skip Failed Message", "group": "consumer", "label": "consumer", "required": false, "type": "boolean", "javaType": "boolean", "deprecated": false, "deprecationNote": "", "autowired": false, "secret": false, "defaultValue": false, "configurationClass": "org.apache.camel.component.mail.MailConfiguration", "configurationField": "configuration", "description": "If the mail consumer cannot retrieve a given mail message, then this option allows to skip the message and move on to retrieve the next mail message. The default behavior would be the consumer throws an exception and no mails from the batch would be able to be routed by Camel." },
    "unseen": { "kind": "property", "displayName": "Unseen", "group": "consumer", "label": "consumer", "required": false, "type": "boolean", "javaType": "boolean", "deprecated": false, "deprecationNote": "", "autowired": false, "secret": false, "defaultValue": true, "configurationClass": "org.apache.camel.component.mail.MailConfiguration", "configurationField": "configuration", "description": "Whether to limit by unseen mails only." },
    "failOnDuplicateFileAttachment": { "kind": "property", "displayName": "Fail On Duplicate File Attachment", "group": "consumer (advanced)", "label": "consumer,advanced", "required": false, "type": "boolean", "javaType": "boolean", "deprecated": false, "autowired": false, "secret": false, "defaultValue": false, "configurationClass": "org.apache.camel.component.mail.MailConfiguration", "configurationField": "configuration", "description": "Whether to fail processing the mail if the mail message contains attachments with duplicate file names. If set to false, then the duplicate attachment is skipped and a WARN is logged. If set to true then an exception is thrown failing to process the mail message." },
    "fetchSize": { "kind": "property", "displayName": "Fetch Size", "group": "consumer (advanced)", "label": "consumer,advanced", "required": false, "type": "integer", "javaType": "int", "deprecated": false, "deprecationNote": "", "autowired": false, "secret": false, "defaultValue": -1, "configurationClass": "org.apache.camel.component.mail.MailConfiguration", "configurationField": "configuration", "description": "Sets the maximum number of messages to consume during a poll. This can be used to avoid overloading a mail server, if a mailbox folder contains a lot of messages. Default value of -1 means no fetch size and all messages will be consumed. Setting the value to 0 is a special corner case, where Camel will not consume any messages at all." },
    "folderName": { "kind": "property", "displayName": "Folder Name", "group": "consumer (advanced)", "label": "consumer,advanced", "required": false, "type": "string", "javaType": "java.lang.String", "deprecated": false, "autowired": false, "secret": false, "defaultValue": "INBOX", "configurationClass": "org.apache.camel.component.mail.MailConfiguration", "configurationField": "configuration", "description": "The folder to poll." },
    "generateMissingAttachmentNames": { "kind": "property", "displayName": "Generate Missing Attachment Names", "group": "consumer (advanced)", "label": "consumer,advanced", "required": false, "type": "string", "javaType": "java.lang.String", "deprecated": false, "autowired": false, "secret": false, "configurationClass": "org.apache.camel.component.mail.MailConfiguration", "configurationField": "configuration", "description": "Set this to 'uuid' to set a UUID for the filename of the attachment if no filename was set" },
    "handleDuplicateAttachmentNames": { "kind": "property", "displayName": "Handle Duplicate Attachment Names", "group": "consumer (advanced)", "label": "consumer,advanced", "required": false, "type": "string", "javaType": "java.lang.String", "deprecated": false, "autowired": false, "secret": false, "configurationClass": "org.apache.camel.component.mail.MailConfiguration", "configurationField": "configuration", "description": "Set the strategy to handle duplicate filenames of attachments never: attachments that have a filename which is already present in the attachments will be ignored unless failOnDuplicateFileAttachment is set to true. uuidPrefix: this will prefix the duplicate attachment filenames each with a uuid and underscore (uuid_filename.fileextension). uuidSuffix: this will suffix the duplicate attachment filenames each with a underscore and uuid (filename_uuid.fileextension)." },
    "mapMailMessage": { "kind": "property", "displayName": "Map Mail Message", "group": "consumer (advanced)", "label": "consumer,advanced", "required": false, "type": "boolean", "javaType": "boolean", "deprecated": false, "autowired": false, "secret": false, "defaultValue": true, "configurationClass": "org.apache.camel.component.mail.MailConfiguration", "configurationField": "configuration", "description": "Specifies whether Camel should map the received mail message to Camel body\/headers\/attachments. If set to true, the body of the mail message is mapped to the body of the Camel IN message, the mail headers are mapped to IN headers, and the attachments to Camel IN attachment message. If this option is set to false then the IN message contains a raw javax.mail.Message. You can retrieve this raw message by calling exchange.getIn().getBody(javax.mail.Message.class)." },
    "bcc": { "kind": "property", "displayName": "Bcc", "group": "producer", "label": "producer", "required": false, "type": "string", "javaType": "java.lang.String", "deprecated": false, "autowired": false, "secret": false, "configurationClass": "org.apache.camel.component.mail.MailConfiguration", "configurationField": "configuration", "description": "Sets the BCC email address. Separate multiple email addresses with comma." },
    "cc": { "kind": "property", "displayName": "Cc", "group": "producer", "label": "producer", "required": false, "type": "string", "javaType": "java.lang.String", "deprecated": false, "autowired": false, "secret": false, "configurationClass": "org.apache.camel.component.mail.MailConfiguration", "configurationField": "configuration", "description": "Sets the CC email address. Separate multiple email addresses with comma." },
    "from": { "kind": "property", "displayName": "From", "group": "producer", "label": "producer", "required": false, "type": "string", "javaType": "java.lang.String", "deprecated": false, "autowired": false, "secret": false, "defaultValue": "camel@localhost", "configurationClass": "org.apache.camel.component.mail.MailConfiguration", "configurationField": "configuration", "description": "The from email address" },
    "lazyStartProducer": { "kind": "property", "displayName": "Lazy Start Producer", "group": "producer", "label": "producer", "required": false, "type": "boolean", "javaType": "boolean", "deprecated": false, "autowired": false, "secret": false, "defaultValue": false, "description": "Whether the producer should be started lazy (on the first message). By starting lazy you can use this to allow CamelContext and routes to startup in situations where a producer may otherwise fail during starting and cause the route to fail being started. By deferring this startup to be lazy then the startup failure can be handled during routing messages via Camel's routing error handlers. Beware that when the first message is processed then creating and starting the producer may take a little time and prolong the total processing time of the processing." },
    "replyTo": { "kind": "property", "displayName": "Reply To", "group": "producer", "label": "producer", "required": false, "type": "string", "javaType": "java.lang.String", "deprecated": false, "deprecationNote": "", "autowired": false, "secret": false, "configurationClass": "org.apache.camel.component.mail.MailConfiguration", "configurationField": "configuration", "description": "The Reply-To recipients (the receivers of the response mail). Separate multiple email addresses with a comma." },
    "subject": { "kind": "property", "displayName": "Subject", "group": "producer", "label": "producer", "required": false, "type": "string", "javaType": "java.lang.String", "deprecated": false, "deprecationNote": "", "autowired": false, "secret": false, "configurationClass": "org.apache.camel.component.mail.MailConfiguration", "configurationField": "configuration", "description": "The Subject of the message being sent. Note: Setting the subject in the header takes precedence over this option." },
    "to": { "kind": "property", "displayName": "To", "group": "producer", "label": "producer", "required": false, "type": "string", "javaType": "java.lang.String", "deprecated": false, "autowired": false, "secret": false, "configurationClass": "org.apache.camel.component.mail.MailConfiguration", "configurationField": "configuration", "description": "Sets the To email address. Separate multiple email addresses with comma." },
    "javaMailSender": { "kind": "property", "displayName": "Java Mail Sender", "group": "producer (advanced)", "label": "producer,advanced", "required": false, "type": "object", "javaType": "org.apache.camel.component.mail.JavaMailSender", "deprecated": false, "deprecationNote": "", "autowired": false, "secret": false, "configurationClass": "org.apache.camel.component.mail.MailConfiguration", "configurationField": "configuration", "description": "To use a custom org.apache.camel.component.mail.JavaMailSender for sending emails." },
    "additionalJavaMailProperties": { "kind": "property", "displayName": "Additional Java Mail Properties", "group": "advanced", "label": "advanced", "required": false, "type": "object", "javaType": "java.util.Properties", "prefix": "mail.", "multiValue": true, "deprecated": false, "autowired": false, "secret": false, "configurationClass": "org.apache.camel.component.mail.MailConfiguration", "configurationField": "configuration", "description": "Sets additional java mail properties, that will append\/override any default properties that is set based on all the other options. This is useful if you need to add some special options but want to keep the others as is." },
    "alternativeBodyHeader": { "kind": "property", "displayName": "Alternative Body Header", "group": "advanced", "label": "advanced", "required": false, "type": "string", "javaType": "java.lang.String", "deprecated": false, "autowired": false, "secret": false, "defaultValue": "CamelMailAlternativeBody", "configurationClass": "org.apache.camel.component.mail.MailConfiguration", "configurationField": "configuration", "description": "Specifies the key to an IN message header that contains an alternative email body. For example, if you send emails in text\/html format and want to provide an alternative mail body for non-HTML email clients, set the alternative mail body with this key as a header." },
    "attachmentsContentTransferEncodingResolver": { "kind": "property", "displayName": "Attachments Content Transfer Encoding Resolver", "group": "advanced", "label": "advanced", "required": false, "type": "object", "javaType": "org.apache.camel.component.mail.AttachmentsContentTransferEncodingResolver", "deprecated": false, "autowired": false, "secret": false, "configurationClass": "org.apache.camel.component.mail.MailConfiguration", "configurationField": "configuration", "description": "To use a custom AttachmentsContentTransferEncodingResolver to resolve what content-type-encoding to use for attachments." },
    "authenticator": { "kind": "property", "displayName": "Authenticator", "group": "advanced", "label": "advanced", "required": false, "type": "object", "javaType": "org.apache.camel.component.mail.MailAuthenticator", "deprecated": false, "autowired": false, "secret": false, "configurationClass": "org.apache.camel.component.mail.MailConfiguration", "configurationField": "configuration", "description": "The authenticator for login. If set then the password and username are ignored. Can be used for tokens which can expire and therefore must be read dynamically." },
    "autowiredEnabled": { "kind": "property", "displayName": "Autowired Enabled", "group": "advanced", "label": "advanced", "required": false, "type": "boolean", "javaType": "boolean", "deprecated": false, "autowired": false, "secret": false, "defaultValue": true, "description": "Whether autowiring is enabled. This is used for automatic autowiring options (the option must be marked as autowired) by looking up in the registry to find if there is a single instance of matching type, which then gets configured on the component. This can be used for automatic configuring JDBC data sources, JMS connection factories, AWS Clients, etc." },
    "configuration": { "kind": "property", "displayName": "Configuration", "group": "advanced", "label": "advanced", "required": false, "type": "object", "javaType": "org.apache.camel.component.mail.MailConfiguration", "deprecated": false, "autowired": false, "secret": false, "description": "Sets the Mail configuration" },
    "connectionTimeout": { "kind": "property", "displayName": "Connection Timeout", "group": "advanced", "label": "advanced", "required": false, "type": "integer", "javaType": "int", "deprecated": false, "autowired": false, "secret": false, "defaultValue": 30000, "configurationClass": "org.apache.camel.component.mail.MailConfiguration", "configurationField": "configuration", "description": "The connection timeout in milliseconds." },
    "contentType": { "kind": "property", "displayName": "Content Type", "group": "advanced", "label": "advanced", "required": false, "type": "string", "javaType": "java.lang.String", "deprecated": false, "autowired": false, "secret": false, "defaultValue": "text\/plain", "configurationClass": "org.apache.camel.component.mail.MailConfiguration", "configurationField": "configuration", "description": "The mail message content type. Use text\/html for HTML mails." },
    "contentTypeResolver": { "kind": "property", "displayName": "Content Type Resolver", "group": "advanced", "label": "advanced", "required": false, "type": "object", "javaType": "org.apache.camel.component.mail.ContentTypeResolver", "deprecated": false, "autowired": false, "secret": false, "description": "Resolver to determine Content-Type for file attachments." },
    "debugMode": { "kind": "property", "displayName": "Debug Mode", "group": "advanced", "label": "advanced", "required": false, "type": "boolean", "javaType": "boolean", "deprecated": false, "autowired": false, "secret": false, "defaultValue": false, "configurationClass": "org.apache.camel.component.mail.MailConfiguration", "configurationField": "configuration", "description": "Enable debug mode on the underlying mail framework. The SUN Mail framework logs the debug messages to System.out by default." },
    "ignoreUnsupportedCharset": { "kind": "property", "displayName": "Ignore Unsupported Charset", "group": "advanced", "label": "advanced", "required": false, "type": "boolean", "javaType": "boolean", "deprecated": false, "autowired": false, "secret": false, "defaultValue": false, "configurationClass": "org.apache.camel.component.mail.MailConfiguration", "configurationField": "configuration", "description": "Option to let Camel ignore unsupported charset in the local JVM when sending mails. If the charset is unsupported then charset=XXX (where XXX represents the unsupported charset) is removed from the content-type and it relies on the platform default instead." },
    "ignoreUriScheme": { "kind": "property", "displayName": "Ignore Uri Scheme", "group": "advanced", "label": "advanced", "required": false, "type": "boolean", "javaType": "boolean", "deprecated": false, "autowired": false, "secret": false, "defaultValue": false, "configurationClass": "org.apache.camel.component.mail.MailConfiguration", "configurationField": "configuration", "description": "Option to let Camel ignore unsupported charset in the local JVM when sending mails. If the charset is unsupported then charset=XXX (where XXX represents the unsupported charset) is removed from the content-type and it relies on the platform default instead." },
    "javaMailProperties": { "kind": "property", "displayName": "Java Mail Properties", "group": "advanced", "label": "advanced", "required": false, "type": "object", "javaType": "java.util.Properties", "deprecated": false, "autowired": false, "secret": false, "configurationClass": "org.apache.camel.component.mail.MailConfiguration", "configurationField": "configuration", "description": "Sets the java mail options. Will clear any default properties and only use the properties provided for this method." },
    "session": { "kind": "property", "displayName": "Session", "group": "advanced", "label": "advanced", "required": false, "type": "object", "javaType": "javax.mail.Session", "deprecated": false, "autowired": false, "secret": false, "configurationClass": "org.apache.camel.component.mail.MailConfiguration", "configurationField": "configuration", "description": "Specifies the mail session that camel should use for all mail interactions. Useful in scenarios where mail sessions are created and managed by some other resource, such as a JavaEE container. When using a custom mail session, then the hostname and port from the mail session will be used (if configured on the session)." },
    "useInlineAttachments": { "kind": "property", "displayName": "Use Inline Attachments", "group": "advanced", "label": "advanced", "required": false, "type": "boolean", "javaType": "boolean", "deprecated": false, "autowired": false, "secret": false, "defaultValue": false, "configurationClass": "org.apache.camel.component.mail.MailConfiguration", "configurationField": "configuration", "description": "Whether to use disposition inline or attachment." },
    "headerFilterStrategy": { "kind": "property", "displayName": "Header Filter Strategy", "group": "filter", "label": "filter", "required": false, "type": "object", "javaType": "org.apache.camel.spi.HeaderFilterStrategy", "deprecated": false, "autowired": false, "secret": false, "description": "To use a custom org.apache.camel.spi.HeaderFilterStrategy to filter header to and from Camel message." },
    "password": { "kind": "property", "displayName": "Password", "group": "security", "label": "security", "required": false, "type": "string", "javaType": "java.lang.String", "deprecated": false, "autowired": false, "secret": true, "configurationClass": "org.apache.camel.component.mail.MailConfiguration", "configurationField": "configuration", "description": "The password for login. See also setAuthenticator(MailAuthenticator)." },
    "sslContextParameters": { "kind": "property", "displayName": "Ssl Context Parameters", "group": "security", "label": "security", "required": false, "type": "object", "javaType": "org.apache.camel.support.jsse.SSLContextParameters", "deprecated": false, "autowired": false, "secret": false, "configurationClass": "org.apache.camel.component.mail.MailConfiguration", "configurationField": "configuration", "description": "To configure security using SSLContextParameters." },
    "useGlobalSslContextParameters": { "kind": "property", "displayName": "Use Global Ssl Context Parameters", "group": "security", "label": "security", "required": false, "type": "boolean", "javaType": "boolean", "deprecated": false, "autowired": false, "secret": false, "defaultValue": false, "description": "Enable usage of global SSL context parameters." },
    "username": { "kind": "property", "displayName": "Username", "group": "security", "label": "security", "required": false, "type": "string", "javaType": "java.lang.String", "deprecated": false, "autowired": false, "secret": true, "configurationClass": "org.apache.camel.component.mail.MailConfiguration", "configurationField": "configuration", "description": "The username for login. See also setAuthenticator(MailAuthenticator)." }
  },
  "headers": {
    "Subject": { "kind": "header", "displayName": "", "group": "common", "label": "", "required": false, "javaType": "String", "deprecated": false, "deprecationNote": "", "autowired": false, "secret": false, "description": "Subject", "constantName": "org.apache.camel.component.mail.MailConstants#MAIL_SUBJECT" },
    "From": { "kind": "header", "displayName": "", "group": "common", "label": "", "required": false, "javaType": "String", "deprecated": false, "deprecationNote": "", "autowired": false, "secret": false, "description": "From", "constantName": "org.apache.camel.component.mail.MailConstants#MAIL_FROM" },
    "To": { "kind": "header", "displayName": "", "group": "common", "label": "", "required": false, "javaType": "String", "deprecated": false, "deprecationNote": "", "autowired": false, "secret": false, "description": "To", "constantName": "org.apache.camel.component.mail.MailConstants#MAIL_TO" },
    "Cc": { "kind": "header", "displayName": "", "group": "common", "label": "", "required": false, "javaType": "String", "deprecated": false, "deprecationNote": "", "autowired": false, "secret": false, "description": "Cc", "constantName": "org.apache.camel.component.mail.MailConstants#MAIL_CC" },
    "Bcc": { "kind": "header", "displayName": "", "group": "common", "label": "", "required": false, "javaType": "String", "deprecated": false, "deprecationNote": "", "autowired": false, "secret": false, "description": "Bcc", "constantName": "org.apache.camel.component.mail.MailConstants#MAIL_BCC" },
    "Reply-To": { "kind": "header", "displayName": "", "group": "common", "label": "", "required": false, "javaType": "String", "deprecated": false, "deprecationNote": "", "autowired": false, "secret": false, "description": "Reply to", "constantName": "org.apache.camel.component.mail.MailConstants#MAIL_REPLY_TO" },
    "contentType": { "kind": "header", "displayName": "", "group": "common", "label": "", "required": false, "javaType": "String", "deprecated": false, "deprecationNote": "", "autowired": false, "secret": false, "description": "The content type", "constantName": "org.apache.camel.component.mail.MailConstants#MAIL_CONTENT_TYPE" },
    "copyTo": { "kind": "header", "displayName": "", "group": "consumer", "label": "consumer", "required": false, "javaType": "String", "deprecated": false, "deprecationNote": "", "autowired": false, "secret": false, "description": "After processing a mail message, it can be copied to a mail folder with the given name.", "constantName": "org.apache.camel.component.mail.MailConstants#MAIL_COPY_TO" },
    "moveTo": { "kind": "header", "displayName": "", "group": "consumer", "label": "consumer", "required": false, "javaType": "String", "deprecated": false, "deprecationNote": "", "autowired": false, "secret": false, "description": "After processing a mail message, it can be moved to a mail folder with the given name.", "constantName": "org.apache.camel.component.mail.MailConstants#MAIL_MOVE_TO" },
    "delete": { "kind": "header", "displayName": "", "group": "consumer", "label": "consumer", "required": false, "javaType": "boolean", "deprecated": false, "deprecationNote": "", "autowired": false, "secret": false, "description": "Deletes the messages after they have been processed.", "constantName": "org.apache.camel.component.mail.MailConstants#MAIL_DELETE" },
    "CamelMailMessageId": { "kind": "header", "displayName": "", "group": "common", "label": "", "required": false, "javaType": "String", "deprecated": false, "deprecationNote": "", "autowired": false, "secret": false, "description": "The message ID.", "constantName": "org.apache.camel.component.mail.MailConstants#MAIL_MESSAGE_ID" }
  },
  "properties": {
    "host": { "kind": "path", "displayName": "Host", "group": "common", "label": "", "required": true, "type": "string", "javaType": "java.lang.String", "deprecated": false, "deprecationNote": "", "autowired": false, "secret": false, "configurationClass": "org.apache.camel.component.mail.MailConfiguration", "configurationField": "configuration", "description": "The mail server host name" },
    "port": { "kind": "path", "displayName": "Port", "group": "common", "label": "", "required": false, "type": "integer", "javaType": "int", "deprecated": false, "autowired": false, "secret": false, "configurationClass": "org.apache.camel.component.mail.MailConfiguration", "configurationField": "configuration", "description": "The port number of the mail server" },
    "closeFolder": { "kind": "parameter", "displayName": "Close Folder", "group": "consumer", "label": "consumer", "required": false, "type": "boolean", "javaType": "boolean", "deprecated": false, "deprecationNote": "", "autowired": false, "secret": false, "defaultValue": true, "configurationClass": "org.apache.camel.component.mail.MailConfiguration", "configurationField": "configuration", "description": "Whether the consumer should close the folder after polling. Setting this option to false and having disconnect=false as well, then the consumer keep the folder open between polls." },
    "copyTo": { "kind": "parameter", "displayName": "Copy To", "group": "consumer", "label": "consumer", "required": false, "type": "string", "javaType": "java.lang.String", "deprecated": false, "deprecationNote": "", "autowired": false, "secret": false, "configurationClass": "org.apache.camel.component.mail.MailConfiguration", "configurationField": "configuration", "description": "After processing a mail message, it can be copied to a mail folder with the given name. You can override this configuration value, with a header with the key copyTo, allowing you to copy messages to folder names configured at runtime." },
    "decodeFilename": { "kind": "parameter", "displayName": "Decode Filename", "group": "consumer", "label": "consumer", "required": false, "type": "boolean", "javaType": "boolean", "deprecated": false, "autowired": false, "secret": false, "defaultValue": false, "configurationClass": "org.apache.camel.component.mail.MailConfiguration", "configurationField": "configuration", "description": "If set to true, the MimeUtility.decodeText method will be used to decode the filename. This is similar to setting JVM system property mail.mime.encodefilename." },
    "delete": { "kind": "parameter", "displayName": "Delete", "group": "consumer", "label": "consumer", "required": false, "type": "boolean", "javaType": "boolean", "deprecated": false, "deprecationNote": "", "autowired": false, "secret": false, "defaultValue": false, "configurationClass": "org.apache.camel.component.mail.MailConfiguration", "configurationField": "configuration", "description": "Deletes the messages after they have been processed. This is done by setting the DELETED flag on the mail message. If false, the SEEN flag is set instead. As of Camel 2.10 you can override this configuration option by setting a header with the key delete to determine if the mail should be deleted or not." },
    "disconnect": { "kind": "parameter", "displayName": "Disconnect", "group": "consumer", "label": "consumer", "required": false, "type": "boolean", "javaType": "boolean", "deprecated": false, "deprecationNote": "", "autowired": false, "secret": false, "defaultValue": false, "configurationClass": "org.apache.camel.component.mail.MailConfiguration", "configurationField": "configuration", "description": "Whether the consumer should disconnect after polling. If enabled this forces Camel to connect on each poll." },
    "handleFailedMessage": { "kind": "parameter", "displayName": "Handle Failed Message", "group": "consumer", "label": "consumer", "required": false, "type": "boolean", "javaType": "boolean", "deprecated": false, "deprecationNote": "", "autowired": false, "secret": false, "defaultValue": false, "configurationClass": "org.apache.camel.component.mail.MailConfiguration", "configurationField": "configuration", "description": "If the mail consumer cannot retrieve a given mail message, then this option allows to handle the caused exception by the consumer's error handler. By enable the bridge error handler on the consumer, then the Camel routing error handler can handle the exception instead. The default behavior would be the consumer throws an exception and no mails from the batch would be able to be routed by Camel." },
    "maxMessagesPerPoll": { "kind": "parameter", "displayName": "Max Messages Per Poll", "group": "consumer", "label": "consumer", "required": false, "type": "integer", "javaType": "int", "deprecated": false, "autowired": false, "secret": false, "description": "Specifies the maximum number of messages to gather per poll. By default, no maximum is set. Can be used to set a limit of e.g. 1000 to avoid downloading thousands of files when the server starts up. Set a value of 0 or negative to disable this option." },
    "mimeDecodeHeaders": { "kind": "parameter", "displayName": "Mime Decode Headers", "group": "consumer", "label": "consumer", "required": false, "type": "boolean", "javaType": "boolean", "deprecated": false, "deprecationNote": "", "autowired": false, "secret": false, "defaultValue": false, "configurationClass": "org.apache.camel.component.mail.MailConfiguration", "configurationField": "configuration", "description": "This option enables transparent MIME decoding and unfolding for mail headers." },
    "moveTo": { "kind": "parameter", "displayName": "Move To", "group": "consumer", "label": "consumer", "required": false, "type": "string", "javaType": "java.lang.String", "deprecated": false, "deprecationNote": "", "autowired": false, "secret": false, "configurationClass": "org.apache.camel.component.mail.MailConfiguration", "configurationField": "configuration", "description": "After processing a mail message, it can be moved to a mail folder with the given name. You can override this configuration value, with a header with the key moveTo, allowing you to move messages to folder names configured at runtime." },
    "peek": { "kind": "parameter", "displayName": "Peek", "group": "consumer", "label": "consumer", "required": false, "type": "boolean", "javaType": "boolean", "deprecated": false, "deprecationNote": "", "autowired": false, "secret": false, "defaultValue": true, "configurationClass": "org.apache.camel.component.mail.MailConfiguration", "configurationField": "configuration", "description": "Will mark the javax.mail.Message as peeked before processing the mail message. This applies to IMAPMessage messages types only. By using peek the mail will not be eager marked as SEEN on the mail server, which allows us to rollback the mail message if there is an error processing in Camel." },
    "sendEmptyMessageWhenIdle": { "kind": "parameter", "displayName": "Send Empty Message When Idle", "group": "consumer", "label": "consumer", "required": false, "type": "boolean", "javaType": "boolean", "deprecated": false, "autowired": false, "secret": false, "defaultValue": false, "description": "If the polling consumer did not poll any files, you can enable this option to send an empty message (no body) instead." },
    "skipFailedMessage": { "kind": "parameter", "displayName": "Skip Failed Message", "group": "consumer", "label": "consumer", "required": false, "type": "boolean", "javaType": "boolean", "deprecated": false, "deprecationNote": "", "autowired": false, "secret": false, "defaultValue": false, "configurationClass": "org.apache.camel.component.mail.MailConfiguration", "configurationField": "configuration", "description": "If the mail consumer cannot retrieve a given mail message, then this option allows to skip the message and move on to retrieve the next mail message. The default behavior would be the consumer throws an exception and no mails from the batch would be able to be routed by Camel." },
    "unseen": { "kind": "parameter", "displayName": "Unseen", "group": "consumer", "label": "consumer", "required": false, "type": "boolean", "javaType": "boolean", "deprecated": false, "deprecationNote": "", "autowired": false, "secret": false, "defaultValue": true, "configurationClass": "org.apache.camel.component.mail.MailConfiguration", "configurationField": "configuration", "description": "Whether to limit by unseen mails only." },
    "bridgeErrorHandler": { "kind": "parameter", "displayName": "Bridge Error Handler", "group": "consumer (advanced)", "label": "consumer,advanced", "required": false, "type": "boolean", "javaType": "boolean", "deprecated": false, "autowired": false, "secret": false, "defaultValue": false, "description": "Allows for bridging the consumer to the Camel routing Error Handler, which mean any exceptions occurred while the consumer is trying to pickup incoming messages, or the likes, will now be processed as a message and handled by the routing Error Handler. By default the consumer will use the org.apache.camel.spi.ExceptionHandler to deal with exceptions, that will be logged at WARN or ERROR level and ignored." },
    "exceptionHandler": { "kind": "parameter", "displayName": "Exception Handler", "group": "consumer (advanced)", "label": "consumer,advanced", "required": false, "type": "object", "javaType": "org.apache.camel.spi.ExceptionHandler", "optionalPrefix": "consumer.", "deprecated": false, "autowired": false, "secret": false, "description": "To let the consumer use a custom ExceptionHandler. Notice if the option bridgeErrorHandler is enabled then this option is not in use. By default the consumer will deal with exceptions, that will be logged at WARN or ERROR level and ignored." },
    "exchangePattern": { "kind": "parameter", "displayName": "Exchange Pattern", "group": "consumer (advanced)", "label": "consumer,advanced", "required": false, "type": "object", "javaType": "org.apache.camel.ExchangePattern", "enum": [ "InOnly", "InOut", "InOptionalOut" ], "deprecated": false, "autowired": false, "secret": false, "description": "Sets the exchange pattern when the consumer creates an exchange." },
    "failOnDuplicateFileAttachment": { "kind": "parameter", "displayName": "Fail On Duplicate File Attachment", "group": "consumer (advanced)", "label": "consumer,advanced", "required": false, "type": "boolean", "javaType": "boolean", "deprecated": false, "autowired": false, "secret": false, "defaultValue": false, "configurationClass": "org.apache.camel.component.mail.MailConfiguration", "configurationField": "configuration", "description": "Whether to fail processing the mail if the mail message contains attachments with duplicate file names. If set to false, then the duplicate attachment is skipped and a WARN is logged. If set to true then an exception is thrown failing to process the mail message." },
    "fetchSize": { "kind": "parameter", "displayName": "Fetch Size", "group": "consumer (advanced)", "label": "consumer,advanced", "required": false, "type": "integer", "javaType": "int", "deprecated": false, "deprecationNote": "", "autowired": false, "secret": false, "defaultValue": -1, "configurationClass": "org.apache.camel.component.mail.MailConfiguration", "configurationField": "configuration", "description": "Sets the maximum number of messages to consume during a poll. This can be used to avoid overloading a mail server, if a mailbox folder contains a lot of messages. Default value of -1 means no fetch size and all messages will be consumed. Setting the value to 0 is a special corner case, where Camel will not consume any messages at all." },
    "folderName": { "kind": "parameter", "displayName": "Folder Name", "group": "consumer (advanced)", "label": "consumer,advanced", "required": false, "type": "string", "javaType": "java.lang.String", "deprecated": false, "autowired": false, "secret": false, "defaultValue": "INBOX", "configurationClass": "org.apache.camel.component.mail.MailConfiguration", "configurationField": "configuration", "description": "The folder to poll." },
    "generateMissingAttachmentNames": { "kind": "parameter", "displayName": "Generate Missing Attachment Names", "group": "consumer (advanced)", "label": "consumer,advanced", "required": false, "type": "string", "javaType": "java.lang.String", "deprecated": false, "autowired": false, "secret": false, "configurationClass": "org.apache.camel.component.mail.MailConfiguration", "configurationField": "configuration", "description": "Set this to 'uuid' to set a UUID for the filename of the attachment if no filename was set" },
    "handleDuplicateAttachmentNames": { "kind": "parameter", "displayName": "Handle Duplicate Attachment Names", "group": "consumer (advanced)", "label": "consumer,advanced", "required": false, "type": "string", "javaType": "java.lang.String", "deprecated": false, "autowired": false, "secret": false, "configurationClass": "org.apache.camel.component.mail.MailConfiguration", "configurationField": "configuration", "description": "Set the strategy to handle duplicate filenames of attachments never: attachments that have a filename which is already present in the attachments will be ignored unless failOnDuplicateFileAttachment is set to true. uuidPrefix: this will prefix the duplicate attachment filenames each with a uuid and underscore (uuid_filename.fileextension). uuidSuffix: this will suffix the duplicate attachment filenames each with a underscore and uuid (filename_uuid.fileextension)." },
    "mailUidGenerator": { "kind": "parameter", "displayName": "Mail Uid Generator", "group": "consumer (advanced)", "label": "consumer,advanced", "required": false, "type": "object", "javaType": "org.apache.camel.component.mail.MailUidGenerator", "deprecated": false, "autowired": false, "secret": false, "description": "A pluggable MailUidGenerator that allows to use custom logic to generate UUID of the mail message." },
    "mapMailMessage": { "kind": "parameter", "displayName": "Map Mail Message", "group": "consumer (advanced)", "label": "consumer,advanced", "required": false, "type": "boolean", "javaType": "boolean", "deprecated": false, "autowired": false, "secret": false, "defaultValue": true, "configurationClass": "org.apache.camel.component.mail.MailConfiguration", "configurationField": "configuration", "description": "Specifies whether Camel should map the received mail message to Camel body\/headers\/attachments. If set to true, the body of the mail message is mapped to the body of the Camel IN message, the mail headers are mapped to IN headers, and the attachments to Camel IN attachment message. If this option is set to false then the IN message contains a raw javax.mail.Message. You can retrieve this raw message by calling exchange.getIn().getBody(javax.mail.Message.class)." },
    "pollStrategy": { "kind": "parameter", "displayName": "Poll Strategy", "group": "consumer (advanced)", "label": "consumer,advanced", "required": false, "type": "object", "javaType": "org.apache.camel.spi.PollingConsumerPollStrategy", "deprecated": false, "autowired": false, "secret": false, "description": "A pluggable org.apache.camel.PollingConsumerPollingStrategy allowing you to provide your custom implementation to control error handling usually occurred during the poll operation before an Exchange have been created and being routed in Camel." },
    "postProcessAction": { "kind": "parameter", "displayName": "Post Process Action", "group": "consumer (advanced)", "label": "consumer,advanced", "required": false, "type": "object", "javaType": "org.apache.camel.component.mail.MailBoxPostProcessAction", "deprecated": false, "autowired": false, "secret": false, "description": "Refers to an MailBoxPostProcessAction for doing post processing tasks on the mailbox once the normal processing ended." },
    "bcc": { "kind": "parameter", "displayName": "Bcc", "group": "producer", "label": "producer", "required": false, "type": "string", "javaType": "java.lang.String", "deprecated": false, "autowired": false, "secret": false, "configurationClass": "org.apache.camel.component.mail.MailConfiguration", "configurationField": "configuration", "description": "Sets the BCC email address. Separate multiple email addresses with comma." },
    "cc": { "kind": "parameter", "displayName": "Cc", "group": "producer", "label": "producer", "required": false, "type": "string", "javaType": "java.lang.String", "deprecated": false, "autowired": false, "secret": false, "configurationClass": "org.apache.camel.component.mail.MailConfiguration", "configurationField": "configuration", "description": "Sets the CC email address. Separate multiple email addresses with comma." },
    "from": { "kind": "parameter", "displayName": "From", "group": "producer", "label": "producer", "required": false, "type": "string", "javaType": "java.lang.String", "deprecated": false, "autowired": false, "secret": false, "defaultValue": "camel@localhost", "configurationClass": "org.apache.camel.component.mail.MailConfiguration", "configurationField": "configuration", "description": "The from email address" },
    "replyTo": { "kind": "parameter", "displayName": "Reply To", "group": "producer", "label": "producer", "required": false, "type": "string", "javaType": "java.lang.String", "deprecated": false, "deprecationNote": "", "autowired": false, "secret": false, "configurationClass": "org.apache.camel.component.mail.MailConfiguration", "configurationField": "configuration", "description": "The Reply-To recipients (the receivers of the response mail). Separate multiple email addresses with a comma." },
    "subject": { "kind": "parameter", "displayName": "Subject", "group": "producer", "label": "producer", "required": false, "type": "string", "javaType": "java.lang.String", "deprecated": false, "deprecationNote": "", "autowired": false, "secret": false, "configurationClass": "org.apache.camel.component.mail.MailConfiguration", "configurationField": "configuration", "description": "The Subject of the message being sent. Note: Setting the subject in the header takes precedence over this option." },
    "to": { "kind": "parameter", "displayName": "To", "group": "producer", "label": "producer", "required": false, "type": "string", "javaType": "java.lang.String", "deprecated": false, "autowired": false, "secret": false, "configurationClass": "org.apache.camel.component.mail.MailConfiguration", "configurationField": "configuration", "description": "Sets the To email address. Separate multiple email addresses with comma." },
    "javaMailSender": { "kind": "parameter", "displayName": "Java Mail Sender", "group": "producer (advanced)", "label": "producer,advanced", "required": false, "type": "object", "javaType": "org.apache.camel.component.mail.JavaMailSender", "deprecated": false, "deprecationNote": "", "autowired": false, "secret": false, "configurationClass": "org.apache.camel.component.mail.MailConfiguration", "configurationField": "configuration", "description": "To use a custom org.apache.camel.component.mail.JavaMailSender for sending emails." },
    "lazyStartProducer": { "kind": "parameter", "displayName": "Lazy Start Producer", "group": "producer (advanced)", "label": "producer,advanced", "required": false, "type": "boolean", "javaType": "boolean", "deprecated": false, "autowired": false, "secret": false, "defaultValue": false, "description": "Whether the producer should be started lazy (on the first message). By starting lazy you can use this to allow CamelContext and routes to startup in situations where a producer may otherwise fail during starting and cause the route to fail being started. By deferring this startup to be lazy then the startup failure can be handled during routing messages via Camel's routing error handlers. Beware that when the first message is processed then creating and starting the producer may take a little time and prolong the total processing time of the processing." },
    "additionalJavaMailProperties": { "kind": "parameter", "displayName": "Additional Java Mail Properties", "group": "advanced", "label": "advanced", "required": false, "type": "object", "javaType": "java.util.Properties", "prefix": "mail.", "multiValue": true, "deprecated": false, "autowired": false, "secret": false, "configurationClass": "org.apache.camel.component.mail.MailConfiguration", "configurationField": "configuration", "description": "Sets additional java mail properties, that will append\/override any default properties that is set based on all the other options. This is useful if you need to add some special options but want to keep the others as is." },
    "alternativeBodyHeader": { "kind": "parameter", "displayName": "Alternative Body Header", "group": "advanced", "label": "advanced", "required": false, "type": "string", "javaType": "java.lang.String", "deprecated": false, "autowired": false, "secret": false, "defaultValue": "CamelMailAlternativeBody", "configurationClass": "org.apache.camel.component.mail.MailConfiguration", "configurationField": "configuration", "description": "Specifies the key to an IN message header that contains an alternative email body. For example, if you send emails in text\/html format and want to provide an alternative mail body for non-HTML email clients, set the alternative mail body with this key as a header." },
    "attachmentsContentTransferEncodingResolver": { "kind": "parameter", "displayName": "Attachments Content Transfer Encoding Resolver", "group": "advanced", "label": "advanced", "required": false, "type": "object", "javaType": "org.apache.camel.component.mail.AttachmentsContentTransferEncodingResolver", "deprecated": false, "autowired": false, "secret": false, "configurationClass": "org.apache.camel.component.mail.MailConfiguration", "configurationField": "configuration", "description": "To use a custom AttachmentsContentTransferEncodingResolver to resolve what content-type-encoding to use for attachments." },
    "authenticator": { "kind": "parameter", "displayName": "Authenticator", "group": "advanced", "label": "advanced", "required": false, "type": "object", "javaType": "org.apache.camel.component.mail.MailAuthenticator", "deprecated": false, "autowired": false, "secret": false, "configurationClass": "org.apache.camel.component.mail.MailConfiguration", "configurationField": "configuration", "description": "The authenticator for login. If set then the password and username are ignored. Can be used for tokens which can expire and therefore must be read dynamically." },
    "binding": { "kind": "parameter", "displayName": "Binding", "group": "advanced", "label": "advanced", "required": false, "type": "object", "javaType": "org.apache.camel.component.mail.MailBinding", "deprecated": false, "autowired": false, "secret": false, "description": "Sets the binding used to convert from a Camel message to and from a Mail message" },
    "connectionTimeout": { "kind": "parameter", "displayName": "Connection Timeout", "group": "advanced", "label": "advanced", "required": false, "type": "integer", "javaType": "int", "deprecated": false, "autowired": false, "secret": false, "defaultValue": 30000, "configurationClass": "org.apache.camel.component.mail.MailConfiguration", "configurationField": "configuration", "description": "The connection timeout in milliseconds." },
    "contentType": { "kind": "parameter", "displayName": "Content Type", "group": "advanced", "label": "advanced", "required": false, "type": "string", "javaType": "java.lang.String", "deprecated": false, "autowired": false, "secret": false, "defaultValue": "text\/plain", "configurationClass": "org.apache.camel.component.mail.MailConfiguration", "configurationField": "configuration", "description": "The mail message content type. Use text\/html for HTML mails." },
    "contentTypeResolver": { "kind": "parameter", "displayName": "Content Type Resolver", "group": "advanced", "label": "advanced", "required": false, "type": "object", "javaType": "org.apache.camel.component.mail.ContentTypeResolver", "deprecated": false, "autowired": false, "secret": false, "description": "Resolver to determine Content-Type for file attachments." },
    "debugMode": { "kind": "parameter", "displayName": "Debug Mode", "group": "advanced", "label": "advanced", "required": false, "type": "boolean", "javaType": "boolean", "deprecated": false, "autowired": false, "secret": false, "defaultValue": false, "configurationClass": "org.apache.camel.component.mail.MailConfiguration", "configurationField": "configuration", "description": "Enable debug mode on the underlying mail framework. The SUN Mail framework logs the debug messages to System.out by default." },
    "headerFilterStrategy": { "kind": "parameter", "displayName": "Header Filter Strategy", "group": "advanced", "label": "advanced", "required": false, "type": "object", "javaType": "org.apache.camel.spi.HeaderFilterStrategy", "deprecated": false, "autowired": false, "secret": false, "description": "To use a custom org.apache.camel.spi.HeaderFilterStrategy to filter headers." },
    "ignoreUnsupportedCharset": { "kind": "parameter", "displayName": "Ignore Unsupported Charset", "group": "advanced", "label": "advanced", "required": false, "type": "boolean", "javaType": "boolean", "deprecated": false, "autowired": false, "secret": false, "defaultValue": false, "configurationClass": "org.apache.camel.component.mail.MailConfiguration", "configurationField": "configuration", "description": "Option to let Camel ignore unsupported charset in the local JVM when sending mails. If the charset is unsupported then charset=XXX (where XXX represents the unsupported charset) is removed from the content-type and it relies on the platform default instead." },
    "ignoreUriScheme": { "kind": "parameter", "displayName": "Ignore Uri Scheme", "group": "advanced", "label": "advanced", "required": false, "type": "boolean", "javaType": "boolean", "deprecated": false, "autowired": false, "secret": false, "defaultValue": false, "configurationClass": "org.apache.camel.component.mail.MailConfiguration", "configurationField": "configuration", "description": "Option to let Camel ignore unsupported charset in the local JVM when sending mails. If the charset is unsupported then charset=XXX (where XXX represents the unsupported charset) is removed from the content-type and it relies on the platform default instead." },
    "javaMailProperties": { "kind": "parameter", "displayName": "Java Mail Properties", "group": "advanced", "label": "advanced", "required": false, "type": "object", "javaType": "java.util.Properties", "deprecated": false, "autowired": false, "secret": false, "configurationClass": "org.apache.camel.component.mail.MailConfiguration", "configurationField": "configuration", "description": "Sets the java mail options. Will clear any default properties and only use the properties provided for this method." },
    "session": { "kind": "parameter", "displayName": "Session", "group": "advanced", "label": "advanced", "required": false, "type": "object", "javaType": "javax.mail.Session", "deprecated": false, "autowired": false, "secret": false, "configurationClass": "org.apache.camel.component.mail.MailConfiguration", "configurationField": "configuration", "description": "Specifies the mail session that camel should use for all mail interactions. Useful in scenarios where mail sessions are created and managed by some other resource, such as a JavaEE container. When using a custom mail session, then the hostname and port from the mail session will be used (if configured on the session)." },
    "useInlineAttachments": { "kind": "parameter", "displayName": "Use Inline Attachments", "group": "advanced", "label": "advanced", "required": false, "type": "boolean", "javaType": "boolean", "deprecated": false, "autowired": false, "secret": false, "defaultValue": false, "configurationClass": "org.apache.camel.component.mail.MailConfiguration", "configurationField": "configuration", "description": "Whether to use disposition inline or attachment." },
    "idempotentRepository": { "kind": "parameter", "displayName": "Idempotent Repository", "group": "filter", "label": "consumer,filter", "required": false, "type": "object", "javaType": "org.apache.camel.spi.IdempotentRepository", "deprecated": false, "autowired": false, "secret": false, "description": "A pluggable repository org.apache.camel.spi.IdempotentRepository which allows to cluster consuming from the same mailbox, and let the repository coordinate whether a mail message is valid for the consumer to process. By default no repository is in use." },
    "idempotentRepositoryRemoveOnCommit": { "kind": "parameter", "displayName": "Idempotent Repository Remove On Commit", "group": "filter", "label": "consumer,filter", "required": false, "type": "boolean", "javaType": "boolean", "deprecated": false, "autowired": false, "secret": false, "defaultValue": true, "description": "When using idempotent repository, then when the mail message has been successfully processed and is committed, should the message id be removed from the idempotent repository (default) or be kept in the repository. By default its assumed the message id is unique and has no value to be kept in the repository, because the mail message will be marked as seen\/moved or deleted to prevent it from being consumed again. And therefore having the message id stored in the idempotent repository has little value. However this option allows to store the message id, for whatever reason you may have." },
    "searchTerm": { "kind": "parameter", "displayName": "Search Term", "group": "filter", "label": "consumer,filter", "required": false, "type": "object", "javaType": "javax.mail.search.SearchTerm", "prefix": "searchTerm.", "multiValue": true, "deprecated": false, "autowired": false, "secret": false, "description": "Refers to a javax.mail.search.SearchTerm which allows to filter mails based on search criteria such as subject, body, from, sent after a certain date etc." },
    "backoffErrorThreshold": { "kind": "parameter", "displayName": "Backoff Error Threshold", "group": "scheduler", "label": "consumer,scheduler", "required": false, "type": "integer", "javaType": "int", "deprecated": false, "autowired": false, "secret": false, "description": "The number of subsequent error polls (failed due some error) that should happen before the backoffMultipler should kick-in." },
    "backoffIdleThreshold": { "kind": "parameter", "displayName": "Backoff Idle Threshold", "group": "scheduler", "label": "consumer,scheduler", "required": false, "type": "integer", "javaType": "int", "deprecated": false, "autowired": false, "secret": false, "description": "The number of subsequent idle polls that should happen before the backoffMultipler should kick-in." },
    "backoffMultiplier": { "kind": "parameter", "displayName": "Backoff Multiplier", "group": "scheduler", "label": "consumer,scheduler", "required": false, "type": "integer", "javaType": "int", "deprecated": false, "autowired": false, "secret": false, "description": "To let the scheduled polling consumer backoff if there has been a number of subsequent idles\/errors in a row. The multiplier is then the number of polls that will be skipped before the next actual attempt is happening again. When this option is in use then backoffIdleThreshold and\/or backoffErrorThreshold must also be configured." },
    "delay": { "kind": "parameter", "displayName": "Delay", "group": "scheduler", "label": "consumer,scheduler", "required": false, "type": "duration", "javaType": "long", "deprecated": false, "autowired": false, "secret": false, "defaultValue": "60000", "description": "Milliseconds before the next poll." },
    "greedy": { "kind": "parameter", "displayName": "Greedy", "group": "scheduler", "label": "consumer,scheduler", "required": false, "type": "boolean", "javaType": "boolean", "deprecated": false, "autowired": false, "secret": false, "defaultValue": false, "description": "If greedy is enabled, then the ScheduledPollConsumer will run immediately again, if the previous run polled 1 or more messages." },
    "initialDelay": { "kind": "parameter", "displayName": "Initial Delay", "group": "scheduler", "label": "consumer,scheduler", "required": false, "type": "integer", "javaType": "long", "deprecated": false, "autowired": false, "secret": false, "defaultValue": 1000, "description": "Milliseconds before the first poll starts." },
    "repeatCount": { "kind": "parameter", "displayName": "Repeat Count", "group": "scheduler", "label": "consumer,scheduler", "required": false, "type": "integer", "javaType": "long", "deprecated": false, "autowired": false, "secret": false, "defaultValue": 0, "description": "Specifies a maximum limit of number of fires. So if you set it to 1, the scheduler will only fire once. If you set it to 5, it will only fire five times. A value of zero or negative means fire forever." },
    "runLoggingLevel": { "kind": "parameter", "displayName": "Run Logging Level", "group": "scheduler", "label": "consumer,scheduler", "required": false, "type": "object", "javaType": "org.apache.camel.LoggingLevel", "enum": [ "TRACE", "DEBUG", "INFO", "WARN", "ERROR", "OFF" ], "deprecated": false, "autowired": false, "secret": false, "defaultValue": "TRACE", "description": "The consumer logs a start\/complete log line when it polls. This option allows you to configure the logging level for that." },
    "scheduledExecutorService": { "kind": "parameter", "displayName": "Scheduled Executor Service", "group": "scheduler", "label": "consumer,scheduler", "required": false, "type": "object", "javaType": "java.util.concurrent.ScheduledExecutorService", "deprecated": false, "autowired": false, "secret": false, "description": "Allows for configuring a custom\/shared thread pool to use for the consumer. By default each consumer has its own single threaded thread pool." },
    "scheduler": { "kind": "parameter", "displayName": "Scheduler", "group": "scheduler", "label": "consumer,scheduler", "required": false, "type": "object", "javaType": "java.lang.Object", "deprecated": false, "autowired": false, "secret": false, "defaultValue": "none", "description": "To use a cron scheduler from either camel-spring or camel-quartz component. Use value spring or quartz for built in scheduler" },
    "schedulerProperties": { "kind": "parameter", "displayName": "Scheduler Properties", "group": "scheduler", "label": "consumer,scheduler", "required": false, "type": "object", "javaType": "java.util.Map<java.lang.String, java.lang.Object>", "prefix": "scheduler.", "multiValue": true, "deprecated": false, "autowired": false, "secret": false, "description": "To configure additional properties when using a custom scheduler or any of the Quartz, Spring based scheduler." },
    "startScheduler": { "kind": "parameter", "displayName": "Start Scheduler", "group": "scheduler", "label": "consumer,scheduler", "required": false, "type": "boolean", "javaType": "boolean", "deprecated": false, "autowired": false, "secret": false, "defaultValue": true, "description": "Whether the scheduler should be auto started." },
    "timeUnit": { "kind": "parameter", "displayName": "Time Unit", "group": "scheduler", "label": "consumer,scheduler", "required": false, "type": "object", "javaType": "java.util.concurrent.TimeUnit", "enum": [ "NANOSECONDS", "MICROSECONDS", "MILLISECONDS", "SECONDS", "MINUTES", "HOURS", "DAYS" ], "deprecated": false, "autowired": false, "secret": false, "defaultValue": "MILLISECONDS", "description": "Time unit for initialDelay and delay options." },
    "useFixedDelay": { "kind": "parameter", "displayName": "Use Fixed Delay", "group": "scheduler", "label": "consumer,scheduler", "required": false, "type": "boolean", "javaType": "boolean", "deprecated": false, "autowired": false, "secret": false, "defaultValue": true, "description": "Controls if fixed delay or fixed rate is used. See ScheduledExecutorService in JDK for details." },
    "password": { "kind": "parameter", "displayName": "Password", "group": "security", "label": "security", "required": false, "type": "string", "javaType": "java.lang.String", "deprecated": false, "autowired": false, "secret": true, "configurationClass": "org.apache.camel.component.mail.MailConfiguration", "configurationField": "configuration", "description": "The password for login. See also setAuthenticator(MailAuthenticator)." },
    "sslContextParameters": { "kind": "parameter", "displayName": "Ssl Context Parameters", "group": "security", "label": "security", "required": false, "type": "object", "javaType": "org.apache.camel.support.jsse.SSLContextParameters", "deprecated": false, "autowired": false, "secret": false, "configurationClass": "org.apache.camel.component.mail.MailConfiguration", "configurationField": "configuration", "description": "To configure security using SSLContextParameters." },
    "username": { "kind": "parameter", "displayName": "Username", "group": "security", "label": "security", "required": false, "type": "string", "javaType": "java.lang.String", "deprecated": false, "autowired": false, "secret": true, "configurationClass": "org.apache.camel.component.mail.MailConfiguration", "configurationField": "configuration", "description": "The username for login. See also setAuthenticator(MailAuthenticator)." },
    "sortTerm": { "kind": "parameter", "displayName": "Sort Term", "group": "sort", "label": "consumer,sort", "required": false, "type": "object", "javaType": "com.sun.mail.imap.SortTerm[]", "deprecated": false, "autowired": false, "secret": false, "description": "Sorting order for messages. Only natively supported for IMAP. Emulated to some degree when using POP3 or when IMAP server does not have the SORT capability." }
  }
}
