{
  "component": {
    "kind": "component",
    "name": "solr",
    "title": "Solr",
    "description": "Perform operations against Apache Lucene Solr.",
    "deprecated": false,
    "firstVersion": "2.9.0",
    "label": "monitoring,search",
    "javaType": "org.apache.camel.component.solr.SolrComponent",
    "supportLevel": "Stable",
    "groupId": "org.apache.camel",
    "artifactId": "camel-solr",
    "version": "3.20.1-SNAPSHOT",
    "scheme": "solr",
    "extendsScheme": "",
    "alternativeSchemes": "solr,solrs,solrCloud",
    "syntax": "solr:url",
    "async": false,
    "api": false,
    "consumerOnly": false,
    "producerOnly": true,
    "lenientProperties": false
  },
  "componentProperties": {
    "lazyStartProducer": { "kind": "property", "displayName": "Lazy Start Producer", "group": "producer", "label": "producer", "required": false, "type": "boolean", "javaType": "boolean", "deprecated": false, "autowired": false, "secret": false, "defaultValue": false, "description": "Whether the producer should be started lazy (on the first message). By starting lazy you can use this to allow CamelContext and routes to startup in situations where a producer may otherwise fail during starting and cause the route to fail being started. By deferring this startup to be lazy then the startup failure can be handled during routing messages via Camel's routing error handlers. Beware that when the first message is processed then creating and starting the producer may take a little time and prolong the total processing time of the processing." },
    "autowiredEnabled": { "kind": "property", "displayName": "Autowired Enabled", "group": "advanced", "label": "advanced", "required": false, "type": "boolean", "javaType": "boolean", "deprecated": false, "autowired": false, "secret": false, "defaultValue": true, "description": "Whether autowiring is enabled. This is used for automatic autowiring options (the option must be marked as autowired) by looking up in the registry to find if there is a single instance of matching type, which then gets configured on the component. This can be used for automatic configuring JDBC data sources, JMS connection factories, AWS Clients, etc." }
  },
  "headers": {
    "CamelSolrClient": { "kind": "header", "displayName": "", "group": "producer", "label": "", "required": false, "javaType": "org.apache.solr.client.solrj.SolrClient", "deprecated": false, "deprecationNote": "", "autowired": false, "secret": false, "description": "The client.", "constantName": "org.apache.camel.component.solr.SolrConstants#CLIENT" },
    "CamelSolrCollection": { "kind": "header", "displayName": "", "group": "producer", "label": "", "required": false, "javaType": "String", "deprecated": false, "deprecationNote": "", "autowired": false, "secret": false, "description": "The collection to execute the request again.", "constantName": "org.apache.camel.component.solr.SolrConstants#COLLECTION" },
    "SolrOperation": { "kind": "header", "displayName": "", "group": "producer", "label": "", "required": false, "javaType": "String", "deprecated": false, "deprecationNote": "", "autowired": false, "secret": false, "description": "The operation to perform.", "constantName": "org.apache.camel.component.solr.SolrConstants#OPERATION" },
    "CamelSolrQueryString": { "kind": "header", "displayName": "", "group": "producer", "label": "", "required": false, "javaType": "String", "deprecated": false, "deprecationNote": "", "autowired": false, "secret": false, "description": "The query to execute.", "constantName": "org.apache.camel.component.solr.SolrConstants#QUERY_STRING" },
    "Content-Type": { "kind": "header", "displayName": "", "group": "producer", "label": "", "required": false, "javaType": "String", "deprecated": false, "deprecationNote": "", "autowired": false, "secret": false, "description": "The content type.", "constantName": "org.apache.camel.component.solr.SolrConstants#CONTENT_TYPE" }
  },
  "properties": {
    "url": { "kind": "path", "displayName": "Url", "group": "producer", "label": "", "required": true, "type": "string", "javaType": "java.lang.String", "deprecated": false, "deprecationNote": "", "autowired": false, "secret": false, "configurationClass": "org.apache.camel.component.solr.SolrConfiguration", "configurationField": "solrConfiguration", "description": "Hostname and port for the Solr server(s). Multiple hosts can be specified, separated with a comma. See the solrClient parameter for more information on the SolrClient used to connect to Solr." },
    "autoCommit": { "kind": "parameter", "displayName": "Auto Commit", "group": "producer", "label": "", "required": false, "type": "boolean", "javaType": "boolean", "deprecated": false, "autowired": false, "secret": false, "defaultValue": false, "configurationClass": "org.apache.camel.component.solr.SolrConfiguration", "configurationField": "solrConfiguration", "description": "If true, each producer operation will be automatically followed by a commit" },
    "connectionTimeout": { "kind": "parameter", "displayName": "Connection Timeout", "group": "producer", "label": "", "required": false, "type": "integer", "javaType": "java.lang.Integer", "deprecated": false, "autowired": false, "secret": false, "configurationClass": "org.apache.camel.component.solr.SolrConfiguration", "configurationField": "solrConfiguration", "description": "Sets the connection timeout on the SolrClient" },
    "defaultMaxConnectionsPerHost": { "kind": "parameter", "displayName": "Default Max Connections Per Host", "group": "producer", "label": "", "required": false, "type": "integer", "javaType": "java.lang.Integer", "deprecated": true, "autowired": false, "secret": false, "configurationClass": "org.apache.camel.component.solr.SolrConfiguration", "configurationField": "solrConfiguration", "description": "maxConnectionsPerHost on the underlying HttpConnectionManager" },
    "httpClient": { "kind": "parameter", "displayName": "Http Client", "group": "producer", "label": "", "required": false, "type": "object", "javaType": "org.apache.http.client.HttpClient", "deprecated": false, "autowired": false, "secret": false, "configurationClass": "org.apache.camel.component.solr.SolrConfiguration", "configurationField": "solrConfiguration", "description": "Sets the http client to be used by the solrClient. This is only applicable when solrClient is not set." },
    "maxRetries": { "kind": "parameter", "displayName": "Max Retries", "group": "producer", "label": "", "required": false, "type": "integer", "javaType": "java.lang.Integer", "deprecated": true, "autowired": false, "secret": false, "configurationClass": "org.apache.camel.component.solr.SolrConfiguration", "configurationField": "solrConfiguration", "description": "Maximum number of retries to attempt in the event of transient errors" },
    "maxTotalConnections": { "kind": "parameter", "displayName": "Max Total Connections", "group": "producer", "label": "", "required": false, "type": "integer", "javaType": "java.lang.Integer", "deprecated": true, "autowired": false, "secret": false, "configurationClass": "org.apache.camel.component.solr.SolrConfiguration", "configurationField": "solrConfiguration", "description": "maxTotalConnection on the underlying HttpConnectionManager" },
    "requestHandler": { "kind": "parameter", "displayName": "Request Handler", "group": "producer", "label": "", "required": false, "type": "string", "javaType": "java.lang.String", "deprecated": false, "autowired": false, "secret": false, "configurationClass": "org.apache.camel.component.solr.SolrConfiguration", "configurationField": "solrConfiguration", "description": "Set the request handler to be used" },
    "solrClient": { "kind": "parameter", "displayName": "Solr Client", "group": "producer", "label": "", "required": false, "type": "object", "javaType": "org.apache.solr.client.solrj.SolrClient", "deprecated": false, "autowired": false, "secret": false, "configurationClass": "org.apache.camel.component.solr.SolrConfiguration", "configurationField": "solrConfiguration", "description": "Uses the provided solr client to connect to solr. When this parameter is not specified, camel applies the following rules to determine the SolrClient: 1) when zkHost or zkChroot (=zookeeper root) parameter is set, then the CloudSolrClient is used. 2) when multiple hosts are specified in the uri (separated with a comma), then the CloudSolrClient (uri scheme is 'solrCloud') or the LBHttpSolrClient (uri scheme is not 'solrCloud') is used. 3) when the solr operation is INSERT_STREAMING, then the ConcurrentUpdateSolrClient is used. 4) otherwise, the HttpSolrClient is used. Note: A CloudSolrClient should point to zookeeper endpoint(s); other clients point to Solr endpoint(s). The SolrClient can also be set via the exchange header 'CamelSolrClient'." },
    "soTimeout": { "kind": "parameter", "displayName": "So Timeout", "group": "producer", "label": "", "required": false, "type": "integer", "javaType": "java.lang.Integer", "deprecated": false, "autowired": false, "secret": false, "configurationClass": "org.apache.camel.component.solr.SolrConfiguration", "configurationField": "solrConfiguration", "description": "Sets the socket timeout on the SolrClient" },
    "streamingQueueSize": { "kind": "parameter", "displayName": "Streaming Queue Size", "group": "producer", "label": "", "required": false, "type": "integer", "javaType": "int", "deprecated": false, "autowired": false, "secret": false, "defaultValue": 10, "configurationClass": "org.apache.camel.component.solr.SolrConfiguration", "configurationField": "solrConfiguration", "description": "Sets the queue size for the ConcurrentUpdateSolrClient" },
    "streamingThreadCount": { "kind": "parameter", "displayName": "Streaming Thread Count", "group": "producer", "label": "", "required": false, "type": "integer", "javaType": "int", "deprecated": false, "autowired": false, "secret": false, "defaultValue": 2, "configurationClass": "org.apache.camel.component.solr.SolrConfiguration", "configurationField": "solrConfiguration", "description": "Sets the number of threads for the ConcurrentUpdateSolrClient" },
    "lazyStartProducer": { "kind": "parameter", "displayName": "Lazy Start Producer", "group": "producer (advanced)", "label": "producer,advanced", "required": false, "type": "boolean", "javaType": "boolean", "deprecated": false, "autowired": false, "secret": false, "defaultValue": false, "description": "Whether the producer should be started lazy (on the first message). By starting lazy you can use this to allow CamelContext and routes to startup in situations where a producer may otherwise fail during starting and cause the route to fail being started. By deferring this startup to be lazy then the startup failure can be handled during routing messages via Camel's routing error handlers. Beware that when the first message is processed then creating and starting the producer may take a little time and prolong the total processing time of the processing." },
    "collection": { "kind": "parameter", "displayName": "Collection", "group": "CloudSolrClient", "label": "CloudSolrClient", "required": false, "type": "string", "javaType": "java.lang.String", "deprecated": false, "autowired": false, "secret": false, "configurationClass": "org.apache.camel.component.solr.SolrConfiguration", "configurationField": "solrConfiguration", "description": "Set the default collection for SolrCloud" },
    "zkChroot": { "kind": "parameter", "displayName": "Zk Chroot", "group": "CloudSolrClient", "label": "CloudSolrClient", "required": false, "type": "string", "javaType": "java.lang.String", "deprecated": false, "autowired": false, "secret": false, "configurationClass": "org.apache.camel.component.solr.SolrConfiguration", "configurationField": "solrConfiguration", "description": "Set the chroot of the zookeeper connection (include the leading slash; e.g. '\/mychroot')" },
    "zkHost": { "kind": "parameter", "displayName": "Zk Host", "group": "CloudSolrClient", "label": "CloudSolrClient", "required": false, "type": "string", "javaType": "java.lang.String", "deprecated": false, "autowired": false, "secret": false, "configurationClass": "org.apache.camel.component.solr.SolrConfiguration", "configurationField": "solrConfiguration", "description": "Set the ZooKeeper host(s) urls which the CloudSolrClient uses, e.g. zkHost=localhost:2181,localhost:2182. Optionally add the chroot, e.g. zkHost=localhost:2181,localhost:2182\/rootformysolr. In case the first part of the url path (='contextroot') is set to 'solr' (e.g. 'localhost:2181\/solr' or 'localhost:2181\/solr\/..'), then that path is not considered as zookeeper chroot for backward compatibility reasons (this behaviour can be overridden via zkChroot parameter)." },
    "allowCompression": { "kind": "parameter", "displayName": "Allow Compression", "group": "HttpSolrClient", "label": "HttpSolrClient", "required": false, "type": "boolean", "javaType": "java.lang.Boolean", "deprecated": false, "autowired": false, "secret": false, "configurationClass": "org.apache.camel.component.solr.SolrConfiguration", "configurationField": "solrConfiguration", "description": "Server side must support gzip or deflate for this to have any effect" },
    "followRedirects": { "kind": "parameter", "displayName": "Follow Redirects", "group": "HttpSolrClient", "label": "HttpSolrClient", "required": false, "type": "boolean", "javaType": "java.lang.Boolean", "deprecated": false, "autowired": false, "secret": false, "configurationClass": "org.apache.camel.component.solr.SolrConfiguration", "configurationField": "solrConfiguration", "description": "Indicates whether redirects are used to get to the Solr server" },
    "password": { "kind": "parameter", "displayName": "Password", "group": "security", "label": "security", "required": false, "type": "string", "javaType": "java.lang.String", "deprecated": false, "autowired": false, "secret": true, "configurationClass": "org.apache.camel.component.solr.SolrConfiguration", "configurationField": "solrConfiguration", "description": "Sets password for basic auth plugin enabled servers" },
    "username": { "kind": "parameter", "displayName": "Username", "group": "security", "label": "security", "required": false, "type": "string", "javaType": "java.lang.String", "deprecated": false, "autowired": false, "secret": true, "configurationClass": "org.apache.camel.component.solr.SolrConfiguration", "configurationField": "solrConfiguration", "description": "Sets username for basic auth plugin enabled servers" }
  }
}
