{
  "component": {
    "kind": "component",
    "name": "stitch",
    "title": "Stitch",
    "description": "Stitch is a cloud ETL service that integrates various data sources into a central data warehouse through various integrations.",
    "deprecated": false,
    "firstVersion": "3.8.0",
    "label": "cloud,api,compute,bigdata",
    "javaType": "org.apache.camel.component.stitch.StitchComponent",
    "supportLevel": "Stable",
    "groupId": "org.apache.camel",
    "artifactId": "camel-stitch",
    "version": "3.20.1-SNAPSHOT",
    "scheme": "stitch",
    "extendsScheme": "",
    "syntax": "stitch:tableName",
    "async": false,
    "api": false,
    "consumerOnly": false,
    "producerOnly": true,
    "lenientProperties": false
  },
  "componentProperties": {
    "configuration": { "kind": "property", "displayName": "Configuration", "group": "producer", "label": "", "required": false, "type": "object", "javaType": "org.apache.camel.component.stitch.StitchConfiguration", "deprecated": false, "autowired": false, "secret": false, "description": "The component configurations" },
    "keyNames": { "kind": "property", "displayName": "Key Names", "group": "producer", "label": "producer", "required": false, "type": "string", "javaType": "java.lang.String", "deprecated": false, "autowired": false, "secret": false, "configurationClass": "org.apache.camel.component.stitch.StitchConfiguration", "configurationField": "configuration", "description": "A collection of comma separated strings representing the Primary Key fields in the source table. Stitch use these Primary Keys to de-dupe data during loading If not provided, the table will be loaded in an append-only manner." },
    "lazyStartProducer": { "kind": "property", "displayName": "Lazy Start Producer", "group": "producer", "label": "producer", "required": false, "type": "boolean", "javaType": "boolean", "deprecated": false, "autowired": false, "secret": false, "defaultValue": false, "description": "Whether the producer should be started lazy (on the first message). By starting lazy you can use this to allow CamelContext and routes to startup in situations where a producer may otherwise fail during starting and cause the route to fail being started. By deferring this startup to be lazy then the startup failure can be handled during routing messages via Camel's routing error handlers. Beware that when the first message is processed then creating and starting the producer may take a little time and prolong the total processing time of the processing." },
    "region": { "kind": "property", "displayName": "Region", "group": "producer", "label": "producer", "required": false, "type": "object", "javaType": "org.apache.camel.component.stitch.client.StitchRegion", "enum": [ "NORTH_AMERICA", "EUROPE" ], "deprecated": false, "autowired": false, "secret": false, "defaultValue": "EUROPE", "configurationClass": "org.apache.camel.component.stitch.StitchConfiguration", "configurationField": "configuration", "description": "Stitch account region, e.g: europe" },
    "stitchSchema": { "kind": "property", "displayName": "Stitch Schema", "group": "producer", "label": "producer", "required": false, "type": "object", "javaType": "org.apache.camel.component.stitch.client.models.StitchSchema", "deprecated": false, "deprecationNote": "", "autowired": true, "secret": false, "configurationClass": "org.apache.camel.component.stitch.StitchConfiguration", "configurationField": "configuration", "description": "A schema that describes the record(s)" },
    "connectionProvider": { "kind": "property", "displayName": "Connection Provider", "group": "producer (advanced)", "label": "producer,advanced", "required": false, "type": "object", "javaType": "reactor.netty.resources.ConnectionProvider", "deprecated": false, "deprecationNote": "", "autowired": true, "secret": false, "configurationClass": "org.apache.camel.component.stitch.StitchConfiguration", "configurationField": "configuration", "description": "ConnectionProvider contain configuration for the HttpClient like Maximum connection limit .. etc, you can inject this ConnectionProvider and the StitchClient will initialize HttpClient with this ConnectionProvider" },
    "httpClient": { "kind": "property", "displayName": "Http Client", "group": "producer (advanced)", "label": "producer,advanced", "required": false, "type": "object", "javaType": "reactor.netty.http.client.HttpClient", "deprecated": false, "deprecationNote": "", "autowired": true, "secret": false, "configurationClass": "org.apache.camel.component.stitch.StitchConfiguration", "configurationField": "configuration", "description": "Reactor Netty HttpClient, you can injected it if you want to have custom HttpClient" },
    "autowiredEnabled": { "kind": "property", "displayName": "Autowired Enabled", "group": "advanced", "label": "advanced", "required": false, "type": "boolean", "javaType": "boolean", "deprecated": false, "autowired": false, "secret": false, "defaultValue": true, "description": "Whether autowiring is enabled. This is used for automatic autowiring options (the option must be marked as autowired) by looking up in the registry to find if there is a single instance of matching type, which then gets configured on the component. This can be used for automatic configuring JDBC data sources, JMS connection factories, AWS Clients, etc." },
    "stitchClient": { "kind": "property", "displayName": "Stitch Client", "group": "advanced", "label": "advanced", "required": false, "type": "object", "javaType": "org.apache.camel.component.stitch.client.StitchClient", "deprecated": false, "deprecationNote": "", "autowired": true, "secret": false, "configurationClass": "org.apache.camel.component.stitch.StitchConfiguration", "configurationField": "configuration", "description": "Set a custom StitchClient that implements org.apache.camel.component.stitch.client.StitchClient interface" },
    "token": { "kind": "property", "displayName": "Token", "group": "security", "label": "security", "required": true, "type": "string", "javaType": "java.lang.String", "deprecated": false, "deprecationNote": "", "autowired": false, "secret": true, "configurationClass": "org.apache.camel.component.stitch.StitchConfiguration", "configurationField": "configuration", "description": "Stitch access token for the Stitch Import API" }
  },
  "headers": {
    "CamelStitchTableName": { "kind": "header", "displayName": "", "group": "producer", "label": "producer", "required": false, "javaType": "String", "deprecated": false, "deprecationNote": "", "autowired": false, "secret": false, "description": "The name of the destination table the data is being pushed to. Table names must be unique in each destination schema, or loading issues will occur. Note: The number of characters in the table name should be within the destinations allowed limits or data will rejected.", "constantName": "org.apache.camel.component.stitch.StitchConstants#TABLE_NAME" },
    "CamelStitchSchema": { "kind": "header", "displayName": "", "group": "producer", "label": "producer", "required": false, "javaType": "StitchSchema or Map", "deprecated": false, "deprecationNote": "", "autowired": false, "secret": false, "description": "The schema that describes the Stitch message", "constantName": "org.apache.camel.component.stitch.StitchConstants#SCHEMA" },
    "CamelStitchKeyNames": { "kind": "header", "displayName": "", "group": "producer", "label": "producer", "required": false, "javaType": "Collection<String>", "deprecated": false, "deprecationNote": "", "autowired": false, "secret": false, "description": "A collection of strings representing the Primary Key fields in the source table. Stitch use these Primary Keys to de-dupe data during loading If not provided, the table will be loaded in an append-only manner.", "constantName": "org.apache.camel.component.stitch.StitchConstants#KEY_NAMES" },
    "CamelStitchCode": { "kind": "header", "displayName": "", "group": "producer", "label": "producer", "required": false, "javaType": "Integer", "deprecated": false, "deprecationNote": "", "autowired": false, "secret": false, "description": "HTTP Status code that is returned from Stitch Import HTTP API.", "constantName": "org.apache.camel.component.stitch.StitchConstants#CODE" },
    "CamelStitchHeaders": { "kind": "header", "displayName": "", "group": "producer", "label": "producer", "required": false, "javaType": "Map<String, Object>", "deprecated": false, "deprecationNote": "", "autowired": false, "secret": false, "description": "HTTP headers that are returned from Stitch Import HTTP API.", "constantName": "org.apache.camel.component.stitch.StitchConstants#HEADERS" },
    "CamelStitchStatus": { "kind": "header", "displayName": "", "group": "producer", "label": "producer", "required": false, "javaType": "String", "deprecated": false, "deprecationNote": "", "autowired": false, "secret": false, "description": "The status message that Stitch returns after sending the data through Stitch Import API.", "constantName": "org.apache.camel.component.stitch.StitchConstants#STATUS" }
  },
  "properties": {
    "tableName": { "kind": "path", "displayName": "Table Name", "group": "producer", "label": "", "required": false, "type": "string", "javaType": "java.lang.String", "deprecated": false, "autowired": false, "secret": false, "configurationClass": "org.apache.camel.component.stitch.StitchConfiguration", "configurationField": "configuration", "description": "The name of the destination table the data is being pushed to. Table names must be unique in each destination schema, or loading issues will occur. Note: The number of characters in the table name should be within the destination's allowed limits or data will rejected." },
    "keyNames": { "kind": "parameter", "displayName": "Key Names", "group": "producer", "label": "producer", "required": false, "type": "string", "javaType": "java.lang.String", "deprecated": false, "autowired": false, "secret": false, "configurationClass": "org.apache.camel.component.stitch.StitchConfiguration", "configurationField": "configuration", "description": "A collection of comma separated strings representing the Primary Key fields in the source table. Stitch use these Primary Keys to de-dupe data during loading If not provided, the table will be loaded in an append-only manner." },
    "region": { "kind": "parameter", "displayName": "Region", "group": "producer", "label": "producer", "required": false, "type": "object", "javaType": "org.apache.camel.component.stitch.client.StitchRegion", "enum": [ "NORTH_AMERICA", "EUROPE" ], "deprecated": false, "autowired": false, "secret": false, "defaultValue": "EUROPE", "configurationClass": "org.apache.camel.component.stitch.StitchConfiguration", "configurationField": "configuration", "description": "Stitch account region, e.g: europe" },
    "stitchSchema": { "kind": "parameter", "displayName": "Stitch Schema", "group": "producer", "label": "producer", "required": false, "type": "object", "javaType": "org.apache.camel.component.stitch.client.models.StitchSchema", "deprecated": false, "deprecationNote": "", "autowired": true, "secret": false, "configurationClass": "org.apache.camel.component.stitch.StitchConfiguration", "configurationField": "configuration", "description": "A schema that describes the record(s)" },
    "connectionProvider": { "kind": "parameter", "displayName": "Connection Provider", "group": "producer (advanced)", "label": "producer,advanced", "required": false, "type": "object", "javaType": "reactor.netty.resources.ConnectionProvider", "deprecated": false, "deprecationNote": "", "autowired": true, "secret": false, "configurationClass": "org.apache.camel.component.stitch.StitchConfiguration", "configurationField": "configuration", "description": "ConnectionProvider contain configuration for the HttpClient like Maximum connection limit .. etc, you can inject this ConnectionProvider and the StitchClient will initialize HttpClient with this ConnectionProvider" },
    "httpClient": { "kind": "parameter", "displayName": "Http Client", "group": "producer (advanced)", "label": "producer,advanced", "required": false, "type": "object", "javaType": "reactor.netty.http.client.HttpClient", "deprecated": false, "deprecationNote": "", "autowired": true, "secret": false, "configurationClass": "org.apache.camel.component.stitch.StitchConfiguration", "configurationField": "configuration", "description": "Reactor Netty HttpClient, you can injected it if you want to have custom HttpClient" },
    "lazyStartProducer": { "kind": "parameter", "displayName": "Lazy Start Producer", "group": "producer (advanced)", "label": "producer,advanced", "required": false, "type": "boolean", "javaType": "boolean", "deprecated": false, "autowired": false, "secret": false, "defaultValue": false, "description": "Whether the producer should be started lazy (on the first message). By starting lazy you can use this to allow CamelContext and routes to startup in situations where a producer may otherwise fail during starting and cause the route to fail being started. By deferring this startup to be lazy then the startup failure can be handled during routing messages via Camel's routing error handlers. Beware that when the first message is processed then creating and starting the producer may take a little time and prolong the total processing time of the processing." },
    "stitchClient": { "kind": "parameter", "displayName": "Stitch Client", "group": "advanced", "label": "advanced", "required": false, "type": "object", "javaType": "org.apache.camel.component.stitch.client.StitchClient", "deprecated": false, "deprecationNote": "", "autowired": true, "secret": false, "configurationClass": "org.apache.camel.component.stitch.StitchConfiguration", "configurationField": "configuration", "description": "Set a custom StitchClient that implements org.apache.camel.component.stitch.client.StitchClient interface" },
    "token": { "kind": "parameter", "displayName": "Token", "group": "security", "label": "security", "required": true, "type": "string", "javaType": "java.lang.String", "deprecated": false, "deprecationNote": "", "autowired": false, "secret": true, "configurationClass": "org.apache.camel.component.stitch.StitchConfiguration", "configurationField": "configuration", "description": "Stitch access token for the Stitch Import API" }
  }
}
