{
  "component": {
    "kind": "component",
    "name": "telegram",
    "title": "Telegram",
    "description": "Send and receive messages acting as a Telegram Bot Telegram Bot API.",
    "deprecated": false,
    "firstVersion": "2.18.0",
    "label": "cloud,api,chat",
    "javaType": "org.apache.camel.component.telegram.TelegramComponent",
    "supportLevel": "Stable",
    "groupId": "org.apache.camel",
    "artifactId": "camel-telegram",
    "version": "3.20.1-SNAPSHOT",
    "scheme": "telegram",
    "extendsScheme": "",
    "syntax": "telegram:type",
    "async": false,
    "api": false,
    "consumerOnly": false,
    "producerOnly": false,
    "lenientProperties": false
  },
  "componentProperties": {
    "bridgeErrorHandler": { "kind": "property", "displayName": "Bridge Error Handler", "group": "consumer", "label": "consumer", "required": false, "type": "boolean", "javaType": "boolean", "deprecated": false, "autowired": false, "secret": false, "defaultValue": false, "description": "Allows for bridging the consumer to the Camel routing Error Handler, which mean any exceptions occurred while the consumer is trying to pickup incoming messages, or the likes, will now be processed as a message and handled by the routing Error Handler. By default the consumer will use the org.apache.camel.spi.ExceptionHandler to deal with exceptions, that will be logged at WARN or ERROR level and ignored." },
    "lazyStartProducer": { "kind": "property", "displayName": "Lazy Start Producer", "group": "producer", "label": "producer", "required": false, "type": "boolean", "javaType": "boolean", "deprecated": false, "autowired": false, "secret": false, "defaultValue": false, "description": "Whether the producer should be started lazy (on the first message). By starting lazy you can use this to allow CamelContext and routes to startup in situations where a producer may otherwise fail during starting and cause the route to fail being started. By deferring this startup to be lazy then the startup failure can be handled during routing messages via Camel's routing error handlers. Beware that when the first message is processed then creating and starting the producer may take a little time and prolong the total processing time of the processing." },
    "autowiredEnabled": { "kind": "property", "displayName": "Autowired Enabled", "group": "advanced", "label": "advanced", "required": false, "type": "boolean", "javaType": "boolean", "deprecated": false, "autowired": false, "secret": false, "defaultValue": true, "description": "Whether autowiring is enabled. This is used for automatic autowiring options (the option must be marked as autowired) by looking up in the registry to find if there is a single instance of matching type, which then gets configured on the component. This can be used for automatic configuring JDBC data sources, JMS connection factories, AWS Clients, etc." },
    "baseUri": { "kind": "property", "displayName": "Base Uri", "group": "advanced", "label": "advanced", "required": false, "type": "string", "javaType": "java.lang.String", "deprecated": false, "autowired": false, "secret": false, "defaultValue": "https:\/\/api.telegram.org", "description": "Can be used to set an alternative base URI, e.g. when you want to test the component against a mock Telegram API" },
    "client": { "kind": "property", "displayName": "Client", "group": "advanced", "label": "advanced", "required": false, "type": "object", "javaType": "java.net.http.HttpClient", "deprecated": false, "autowired": false, "secret": false, "description": "To use a custom java.net.http.HttpClient" },
    "authorizationToken": { "kind": "property", "displayName": "Authorization Token", "group": "security", "label": "security", "required": false, "type": "string", "javaType": "java.lang.String", "deprecated": false, "autowired": false, "secret": true, "description": "The default Telegram authorization token to be used when the information is not provided in the endpoints." }
  },
  "headers": {
    "CamelTelegramChatId": { "kind": "header", "displayName": "", "group": "producer", "label": "producer", "required": false, "javaType": "Object", "deprecated": false, "deprecationNote": "", "autowired": false, "secret": false, "description": "This header is used by the producer endpoint in order to resolve the chat id that will receive the message. The recipient chat id can be placed (in order of priority) in message body, in the CamelTelegramChatId header or in the endpoint configuration (chatId option). This header is also present in all incoming messages.", "constantName": "org.apache.camel.component.telegram.TelegramConstants#TELEGRAM_CHAT_ID" },
    "CamelTelegramMediaType": { "kind": "header", "displayName": "", "group": "common", "label": "", "required": false, "javaType": "org.apache.camel.component.telegram.TelegramMediaType or String", "deprecated": false, "deprecationNote": "", "autowired": false, "secret": false, "description": "This header is used to identify the media type when the outgoing message is composed of pure binary data. Possible values are strings or enum values belonging to the org.apache.camel.component.telegram.TelegramMediaType enumeration.", "constantName": "org.apache.camel.component.telegram.TelegramConstants#TELEGRAM_MEDIA_TYPE" },
    "CamelTelegramMediaTitleCaption": { "kind": "header", "displayName": "", "group": "common", "label": "", "required": false, "javaType": "String", "deprecated": false, "deprecationNote": "", "autowired": false, "secret": false, "description": "This header is used to provide a caption or title for outgoing binary messages.", "constantName": "org.apache.camel.component.telegram.TelegramConstants#TELEGRAM_MEDIA_TITLE_CAPTION" },
    "CamelTelegramMediaMarkup": { "kind": "header", "displayName": "", "group": "common", "label": "", "required": false, "javaType": "org.apache.camel.component.telegram.model.ReplyMarkup", "deprecated": false, "deprecationNote": "", "autowired": false, "secret": false, "description": "The reply markup.", "constantName": "org.apache.camel.component.telegram.TelegramConstants#TELEGRAM_MEDIA_MARKUP" },
    "CamelTelegramParseMode": { "kind": "header", "displayName": "", "group": "common", "label": "", "required": false, "javaType": "org.apache.camel.component.telegram.TelegramParseMode", "enum": [ "HTML", "MARKDOWN" ], "deprecated": false, "deprecationNote": "", "autowired": false, "secret": false, "description": "This header is used to format text messages using HTML or Markdown", "constantName": "org.apache.camel.component.telegram.TelegramConstants#TELEGRAM_PARSE_MODE" },
    "CamelMessageTimestamp": { "kind": "header", "displayName": "", "group": "common", "label": "", "required": false, "javaType": "long", "deprecated": false, "deprecationNote": "", "autowired": false, "secret": false, "description": "The message timestamp.", "constantName": "org.apache.camel.component.telegram.TelegramConstants#MESSAGE_TIMESTAMP" }
  },
  "properties": {
    "type": { "kind": "path", "displayName": "Type", "group": "common", "label": "", "required": true, "type": "string", "javaType": "java.lang.String", "enum": [ "bots" ], "deprecated": false, "deprecationNote": "", "autowired": false, "secret": false, "configurationClass": "org.apache.camel.component.telegram.TelegramConfiguration", "configurationField": "configuration", "description": "The endpoint type. Currently, only the 'bots' type is supported." },
    "limit": { "kind": "parameter", "displayName": "Limit", "group": "consumer", "label": "consumer", "required": false, "type": "integer", "javaType": "java.lang.Integer", "optionalPrefix": "consumer.", "deprecated": false, "autowired": false, "secret": false, "defaultValue": "100", "configurationClass": "org.apache.camel.component.telegram.TelegramConfiguration", "configurationField": "configuration", "description": "Limit on the number of updates that can be received in a single polling request." },
    "sendEmptyMessageWhenIdle": { "kind": "parameter", "displayName": "Send Empty Message When Idle", "group": "consumer", "label": "consumer", "required": false, "type": "boolean", "javaType": "boolean", "deprecated": false, "autowired": false, "secret": false, "defaultValue": false, "description": "If the polling consumer did not poll any files, you can enable this option to send an empty message (no body) instead." },
    "timeout": { "kind": "parameter", "displayName": "Timeout", "group": "consumer", "label": "consumer", "required": false, "type": "integer", "javaType": "java.lang.Integer", "optionalPrefix": "consumer.", "deprecated": false, "autowired": false, "secret": false, "defaultValue": "30", "configurationClass": "org.apache.camel.component.telegram.TelegramConfiguration", "configurationField": "configuration", "description": "Timeout in seconds for long polling. Put 0 for short polling or a bigger number for long polling. Long polling produces shorter response time." },
    "bridgeErrorHandler": { "kind": "parameter", "displayName": "Bridge Error Handler", "group": "consumer (advanced)", "label": "consumer,advanced", "required": false, "type": "boolean", "javaType": "boolean", "deprecated": false, "autowired": false, "secret": false, "defaultValue": false, "description": "Allows for bridging the consumer to the Camel routing Error Handler, which mean any exceptions occurred while the consumer is trying to pickup incoming messages, or the likes, will now be processed as a message and handled by the routing Error Handler. By default the consumer will use the org.apache.camel.spi.ExceptionHandler to deal with exceptions, that will be logged at WARN or ERROR level and ignored." },
    "exceptionHandler": { "kind": "parameter", "displayName": "Exception Handler", "group": "consumer (advanced)", "label": "consumer,advanced", "required": false, "type": "object", "javaType": "org.apache.camel.spi.ExceptionHandler", "optionalPrefix": "consumer.", "deprecated": false, "autowired": false, "secret": false, "description": "To let the consumer use a custom ExceptionHandler. Notice if the option bridgeErrorHandler is enabled then this option is not in use. By default the consumer will deal with exceptions, that will be logged at WARN or ERROR level and ignored." },
    "exchangePattern": { "kind": "parameter", "displayName": "Exchange Pattern", "group": "consumer (advanced)", "label": "consumer,advanced", "required": false, "type": "object", "javaType": "org.apache.camel.ExchangePattern", "enum": [ "InOnly", "InOut", "InOptionalOut" ], "deprecated": false, "autowired": false, "secret": false, "description": "Sets the exchange pattern when the consumer creates an exchange." },
    "pollStrategy": { "kind": "parameter", "displayName": "Poll Strategy", "group": "consumer (advanced)", "label": "consumer,advanced", "required": false, "type": "object", "javaType": "org.apache.camel.spi.PollingConsumerPollStrategy", "deprecated": false, "autowired": false, "secret": false, "description": "A pluggable org.apache.camel.PollingConsumerPollingStrategy allowing you to provide your custom implementation to control error handling usually occurred during the poll operation before an Exchange have been created and being routed in Camel." },
    "chatId": { "kind": "parameter", "displayName": "Chat Id", "group": "producer", "label": "producer", "required": false, "type": "string", "javaType": "java.lang.String", "deprecated": false, "autowired": false, "secret": false, "configurationClass": "org.apache.camel.component.telegram.TelegramConfiguration", "configurationField": "configuration", "description": "The identifier of the chat that will receive the produced messages. Chat ids can be first obtained from incoming messages (eg. when a telegram user starts a conversation with a bot, its client sends automatically a '\/start' message containing the chat id). It is an optional parameter, as the chat id can be set dynamically for each outgoing message (using body or headers)." },
    "lazyStartProducer": { "kind": "parameter", "displayName": "Lazy Start Producer", "group": "producer (advanced)", "label": "producer,advanced", "required": false, "type": "boolean", "javaType": "boolean", "deprecated": false, "autowired": false, "secret": false, "defaultValue": false, "description": "Whether the producer should be started lazy (on the first message). By starting lazy you can use this to allow CamelContext and routes to startup in situations where a producer may otherwise fail during starting and cause the route to fail being started. By deferring this startup to be lazy then the startup failure can be handled during routing messages via Camel's routing error handlers. Beware that when the first message is processed then creating and starting the producer may take a little time and prolong the total processing time of the processing." },
    "baseUri": { "kind": "parameter", "displayName": "Base Uri", "group": "advanced", "label": "advanced", "required": false, "type": "string", "javaType": "java.lang.String", "deprecated": false, "autowired": false, "secret": false, "configurationClass": "org.apache.camel.component.telegram.TelegramConfiguration", "configurationField": "configuration", "description": "Can be used to set an alternative base URI, e.g. when you want to test the component against a mock Telegram API" },
    "bufferSize": { "kind": "parameter", "displayName": "Buffer Size", "group": "advanced", "label": "advanced", "required": false, "type": "integer", "javaType": "int", "deprecated": false, "autowired": false, "secret": false, "defaultValue": 1048576, "description": "The initial in-memory buffer size used when transferring data between Camel and AHC Client." },
    "client": { "kind": "parameter", "displayName": "Client", "group": "advanced", "label": "advanced", "required": false, "type": "object", "javaType": "java.net.http.HttpClient", "deprecated": false, "autowired": false, "secret": false, "description": "To use a custom HttpClient" },
    "proxyHost": { "kind": "parameter", "displayName": "Proxy Host", "group": "proxy", "label": "proxy", "required": false, "type": "string", "javaType": "java.lang.String", "deprecated": false, "autowired": false, "secret": false, "configurationClass": "org.apache.camel.component.telegram.TelegramConfiguration", "configurationField": "configuration", "description": "HTTP proxy host which could be used when sending out the message." },
    "proxyPort": { "kind": "parameter", "displayName": "Proxy Port", "group": "proxy", "label": "proxy", "required": false, "type": "integer", "javaType": "java.lang.Integer", "deprecated": false, "autowired": false, "secret": false, "configurationClass": "org.apache.camel.component.telegram.TelegramConfiguration", "configurationField": "configuration", "description": "HTTP proxy port which could be used when sending out the message." },
    "proxyType": { "kind": "parameter", "displayName": "Proxy Type", "group": "proxy", "label": "proxy", "required": false, "type": "object", "javaType": "org.apache.camel.component.telegram.TelegramProxyType", "enum": [ "HTTP", "SOCKS4", "SOCKS5" ], "deprecated": false, "autowired": false, "secret": false, "defaultValue": "HTTP", "configurationClass": "org.apache.camel.component.telegram.TelegramConfiguration", "configurationField": "configuration", "description": "HTTP proxy type which could be used when sending out the message." },
    "backoffErrorThreshold": { "kind": "parameter", "displayName": "Backoff Error Threshold", "group": "scheduler", "label": "consumer,scheduler", "required": false, "type": "integer", "javaType": "int", "deprecated": false, "autowired": false, "secret": false, "description": "The number of subsequent error polls (failed due some error) that should happen before the backoffMultipler should kick-in." },
    "backoffIdleThreshold": { "kind": "parameter", "displayName": "Backoff Idle Threshold", "group": "scheduler", "label": "consumer,scheduler", "required": false, "type": "integer", "javaType": "int", "deprecated": false, "autowired": false, "secret": false, "description": "The number of subsequent idle polls that should happen before the backoffMultipler should kick-in." },
    "backoffMultiplier": { "kind": "parameter", "displayName": "Backoff Multiplier", "group": "scheduler", "label": "consumer,scheduler", "required": false, "type": "integer", "javaType": "int", "deprecated": false, "autowired": false, "secret": false, "description": "To let the scheduled polling consumer backoff if there has been a number of subsequent idles\/errors in a row. The multiplier is then the number of polls that will be skipped before the next actual attempt is happening again. When this option is in use then backoffIdleThreshold and\/or backoffErrorThreshold must also be configured." },
    "delay": { "kind": "parameter", "displayName": "Delay", "group": "scheduler", "label": "consumer,scheduler", "required": false, "type": "integer", "javaType": "long", "deprecated": false, "autowired": false, "secret": false, "defaultValue": 500, "description": "Milliseconds before the next poll." },
    "greedy": { "kind": "parameter", "displayName": "Greedy", "group": "scheduler", "label": "consumer,scheduler", "required": false, "type": "boolean", "javaType": "boolean", "deprecated": false, "autowired": false, "secret": false, "defaultValue": false, "description": "If greedy is enabled, then the ScheduledPollConsumer will run immediately again, if the previous run polled 1 or more messages." },
    "initialDelay": { "kind": "parameter", "displayName": "Initial Delay", "group": "scheduler", "label": "consumer,scheduler", "required": false, "type": "integer", "javaType": "long", "deprecated": false, "autowired": false, "secret": false, "defaultValue": 1000, "description": "Milliseconds before the first poll starts." },
    "repeatCount": { "kind": "parameter", "displayName": "Repeat Count", "group": "scheduler", "label": "consumer,scheduler", "required": false, "type": "integer", "javaType": "long", "deprecated": false, "autowired": false, "secret": false, "defaultValue": 0, "description": "Specifies a maximum limit of number of fires. So if you set it to 1, the scheduler will only fire once. If you set it to 5, it will only fire five times. A value of zero or negative means fire forever." },
    "runLoggingLevel": { "kind": "parameter", "displayName": "Run Logging Level", "group": "scheduler", "label": "consumer,scheduler", "required": false, "type": "object", "javaType": "org.apache.camel.LoggingLevel", "enum": [ "TRACE", "DEBUG", "INFO", "WARN", "ERROR", "OFF" ], "deprecated": false, "autowired": false, "secret": false, "defaultValue": "TRACE", "description": "The consumer logs a start\/complete log line when it polls. This option allows you to configure the logging level for that." },
    "scheduledExecutorService": { "kind": "parameter", "displayName": "Scheduled Executor Service", "group": "scheduler", "label": "consumer,scheduler", "required": false, "type": "object", "javaType": "java.util.concurrent.ScheduledExecutorService", "deprecated": false, "autowired": false, "secret": false, "description": "Allows for configuring a custom\/shared thread pool to use for the consumer. By default each consumer has its own single threaded thread pool." },
    "scheduler": { "kind": "parameter", "displayName": "Scheduler", "group": "scheduler", "label": "consumer,scheduler", "required": false, "type": "object", "javaType": "java.lang.Object", "deprecated": false, "autowired": false, "secret": false, "defaultValue": "none", "description": "To use a cron scheduler from either camel-spring or camel-quartz component. Use value spring or quartz for built in scheduler" },
    "schedulerProperties": { "kind": "parameter", "displayName": "Scheduler Properties", "group": "scheduler", "label": "consumer,scheduler", "required": false, "type": "object", "javaType": "java.util.Map<java.lang.String, java.lang.Object>", "prefix": "scheduler.", "multiValue": true, "deprecated": false, "autowired": false, "secret": false, "description": "To configure additional properties when using a custom scheduler or any of the Quartz, Spring based scheduler." },
    "startScheduler": { "kind": "parameter", "displayName": "Start Scheduler", "group": "scheduler", "label": "consumer,scheduler", "required": false, "type": "boolean", "javaType": "boolean", "deprecated": false, "autowired": false, "secret": false, "defaultValue": true, "description": "Whether the scheduler should be auto started." },
    "timeUnit": { "kind": "parameter", "displayName": "Time Unit", "group": "scheduler", "label": "consumer,scheduler", "required": false, "type": "object", "javaType": "java.util.concurrent.TimeUnit", "enum": [ "NANOSECONDS", "MICROSECONDS", "MILLISECONDS", "SECONDS", "MINUTES", "HOURS", "DAYS" ], "deprecated": false, "autowired": false, "secret": false, "defaultValue": "MILLISECONDS", "description": "Time unit for initialDelay and delay options." },
    "useFixedDelay": { "kind": "parameter", "displayName": "Use Fixed Delay", "group": "scheduler", "label": "consumer,scheduler", "required": false, "type": "boolean", "javaType": "boolean", "deprecated": false, "autowired": false, "secret": false, "defaultValue": true, "description": "Controls if fixed delay or fixed rate is used. See ScheduledExecutorService in JDK for details." },
    "authorizationToken": { "kind": "parameter", "displayName": "Authorization Token", "group": "security", "label": "security", "required": true, "type": "string", "javaType": "java.lang.String", "deprecated": false, "deprecationNote": "", "autowired": false, "secret": true, "configurationClass": "org.apache.camel.component.telegram.TelegramConfiguration", "configurationField": "configuration", "description": "The authorization token for using the bot (ask the BotFather)" }
  }
}
