{
  "component": {
    "kind": "component",
    "name": "validator",
    "title": "Validator",
    "description": "Validate the payload using XML Schema and JAXP Validation.",
    "deprecated": false,
    "firstVersion": "1.1.0",
    "label": "core,validation",
    "javaType": "org.apache.camel.component.validator.ValidatorComponent",
    "supportLevel": "Stable",
    "groupId": "org.apache.camel",
    "artifactId": "camel-validator",
    "version": "3.20.1-SNAPSHOT",
    "scheme": "validator",
    "extendsScheme": "",
    "syntax": "validator:resourceUri",
    "async": false,
    "api": false,
    "consumerOnly": false,
    "producerOnly": true,
    "lenientProperties": false
  },
  "componentProperties": {
    "lazyStartProducer": { "kind": "property", "displayName": "Lazy Start Producer", "group": "producer", "label": "producer", "required": false, "type": "boolean", "javaType": "boolean", "deprecated": false, "autowired": false, "secret": false, "defaultValue": false, "description": "Whether the producer should be started lazy (on the first message). By starting lazy you can use this to allow CamelContext and routes to startup in situations where a producer may otherwise fail during starting and cause the route to fail being started. By deferring this startup to be lazy then the startup failure can be handled during routing messages via Camel's routing error handlers. Beware that when the first message is processed then creating and starting the producer may take a little time and prolong the total processing time of the processing." },
    "autowiredEnabled": { "kind": "property", "displayName": "Autowired Enabled", "group": "advanced", "label": "advanced", "required": false, "type": "boolean", "javaType": "boolean", "deprecated": false, "autowired": false, "secret": false, "defaultValue": true, "description": "Whether autowiring is enabled. This is used for automatic autowiring options (the option must be marked as autowired) by looking up in the registry to find if there is a single instance of matching type, which then gets configured on the component. This can be used for automatic configuring JDBC data sources, JMS connection factories, AWS Clients, etc." },
    "resourceResolverFactory": { "kind": "property", "displayName": "Resource Resolver Factory", "group": "advanced", "label": "advanced", "required": false, "type": "object", "javaType": "org.apache.camel.component.validator.ValidatorResourceResolverFactory", "deprecated": false, "autowired": false, "secret": false, "description": "To use a custom LSResourceResolver which depends on a dynamic endpoint resource URI" }
  },
  "properties": {
    "resourceUri": { "kind": "path", "displayName": "Resource Uri", "group": "producer", "label": "", "required": true, "type": "string", "javaType": "java.lang.String", "deprecated": false, "deprecationNote": "", "autowired": false, "secret": false, "description": "URL to a local resource on the classpath, or a reference to lookup a bean in the Registry, or a full URL to a remote resource or resource on the file system which contains the XSD to validate against." },
    "failOnNullBody": { "kind": "parameter", "displayName": "Fail On Null Body", "group": "producer", "label": "", "required": false, "type": "boolean", "javaType": "boolean", "deprecated": false, "autowired": false, "secret": false, "defaultValue": true, "description": "Whether to fail if no body exists." },
    "failOnNullHeader": { "kind": "parameter", "displayName": "Fail On Null Header", "group": "producer", "label": "", "required": false, "type": "boolean", "javaType": "boolean", "deprecated": false, "autowired": false, "secret": false, "defaultValue": true, "description": "Whether to fail if no header exists when validating against a header." },
    "headerName": { "kind": "parameter", "displayName": "Header Name", "group": "producer", "label": "", "required": false, "type": "string", "javaType": "java.lang.String", "deprecated": false, "autowired": false, "secret": false, "description": "To validate against a header instead of the message body." },
    "lazyStartProducer": { "kind": "parameter", "displayName": "Lazy Start Producer", "group": "producer (advanced)", "label": "producer,advanced", "required": false, "type": "boolean", "javaType": "boolean", "deprecated": false, "autowired": false, "secret": false, "defaultValue": false, "description": "Whether the producer should be started lazy (on the first message). By starting lazy you can use this to allow CamelContext and routes to startup in situations where a producer may otherwise fail during starting and cause the route to fail being started. By deferring this startup to be lazy then the startup failure can be handled during routing messages via Camel's routing error handlers. Beware that when the first message is processed then creating and starting the producer may take a little time and prolong the total processing time of the processing." },
    "errorHandler": { "kind": "parameter", "displayName": "Error Handler", "group": "advanced", "label": "advanced", "required": false, "type": "object", "javaType": "org.apache.camel.support.processor.validation.ValidatorErrorHandler", "deprecated": false, "autowired": false, "secret": false, "description": "To use a custom org.apache.camel.processor.validation.ValidatorErrorHandler. The default error handler captures the errors and throws an exception." },
    "resourceResolver": { "kind": "parameter", "displayName": "Resource Resolver", "group": "advanced", "label": "advanced", "required": false, "type": "object", "javaType": "org.w3c.dom.ls.LSResourceResolver", "deprecated": false, "autowired": false, "secret": false, "description": "To use a custom LSResourceResolver. Do not use together with resourceResolverFactory" },
    "resourceResolverFactory": { "kind": "parameter", "displayName": "Resource Resolver Factory", "group": "advanced", "label": "advanced", "required": false, "type": "object", "javaType": "org.apache.camel.component.validator.ValidatorResourceResolverFactory", "deprecated": false, "autowired": false, "secret": false, "description": "To use a custom LSResourceResolver which depends on a dynamic endpoint resource URI. The default resource resolver factory resturns a resource resolver which can read files from the class path and file system. Do not use together with resourceResolver." },
    "schemaFactory": { "kind": "parameter", "displayName": "Schema Factory", "group": "advanced", "label": "advanced", "required": false, "type": "object", "javaType": "javax.xml.validation.SchemaFactory", "deprecated": false, "autowired": false, "secret": false, "description": "To use a custom javax.xml.validation.SchemaFactory" },
    "schemaLanguage": { "kind": "parameter", "displayName": "Schema Language", "group": "advanced", "label": "advanced", "required": false, "type": "string", "javaType": "java.lang.String", "deprecated": false, "autowired": false, "secret": false, "defaultValue": "http:\/\/www.w3.org\/2001\/XMLSchema", "description": "Configures the W3C XML Schema Namespace URI." },
    "useSharedSchema": { "kind": "parameter", "displayName": "Use Shared Schema", "group": "advanced", "label": "advanced", "required": false, "type": "boolean", "javaType": "boolean", "deprecated": false, "autowired": false, "secret": false, "defaultValue": true, "description": "Whether the Schema instance should be shared or not. This option is introduced to work around a JDK 1.6.x bug. Xerces should not have this issue." }
  }
}
