{
  "component": {
    "kind": "component",
    "name": "xmpp",
    "title": "XMPP",
    "description": "Send and receive messages to\/from an XMPP chat server.",
    "deprecated": false,
    "firstVersion": "1.0",
    "label": "chat,messaging",
    "javaType": "org.apache.camel.component.xmpp.XmppComponent",
    "supportLevel": "Stable",
    "groupId": "org.apache.camel",
    "artifactId": "camel-xmpp",
    "version": "3.20.1-SNAPSHOT",
    "scheme": "xmpp",
    "extendsScheme": "",
    "syntax": "xmpp:host:port\/participant",
    "alternativeSyntax": "xmpp:user:password@host:port\/participant",
    "async": false,
    "api": false,
    "consumerOnly": false,
    "producerOnly": false,
    "lenientProperties": false
  },
  "componentProperties": {
    "bridgeErrorHandler": { "kind": "property", "displayName": "Bridge Error Handler", "group": "consumer", "label": "consumer", "required": false, "type": "boolean", "javaType": "boolean", "deprecated": false, "autowired": false, "secret": false, "defaultValue": false, "description": "Allows for bridging the consumer to the Camel routing Error Handler, which mean any exceptions occurred while the consumer is trying to pickup incoming messages, or the likes, will now be processed as a message and handled by the routing Error Handler. By default the consumer will use the org.apache.camel.spi.ExceptionHandler to deal with exceptions, that will be logged at WARN or ERROR level and ignored." },
    "lazyStartProducer": { "kind": "property", "displayName": "Lazy Start Producer", "group": "producer", "label": "producer", "required": false, "type": "boolean", "javaType": "boolean", "deprecated": false, "autowired": false, "secret": false, "defaultValue": false, "description": "Whether the producer should be started lazy (on the first message). By starting lazy you can use this to allow CamelContext and routes to startup in situations where a producer may otherwise fail during starting and cause the route to fail being started. By deferring this startup to be lazy then the startup failure can be handled during routing messages via Camel's routing error handlers. Beware that when the first message is processed then creating and starting the producer may take a little time and prolong the total processing time of the processing." },
    "autowiredEnabled": { "kind": "property", "displayName": "Autowired Enabled", "group": "advanced", "label": "advanced", "required": false, "type": "boolean", "javaType": "boolean", "deprecated": false, "autowired": false, "secret": false, "defaultValue": true, "description": "Whether autowiring is enabled. This is used for automatic autowiring options (the option must be marked as autowired) by looking up in the registry to find if there is a single instance of matching type, which then gets configured on the component. This can be used for automatic configuring JDBC data sources, JMS connection factories, AWS Clients, etc." }
  },
  "headers": {
    "CamelXmppDoc": { "kind": "header", "displayName": "", "group": "consumer", "label": "consumer", "required": false, "javaType": "org.jivesoftware.smack.packet.Message", "deprecated": false, "deprecationNote": "", "autowired": false, "secret": false, "description": "The XMPP message", "constantName": "org.apache.camel.component.xmpp.XmppConstants#DOC_HEADER" }
  },
  "properties": {
    "host": { "kind": "path", "displayName": "Host", "group": "common", "label": "", "required": true, "type": "string", "javaType": "java.lang.String", "deprecated": false, "deprecationNote": "", "autowired": false, "secret": false, "description": "Hostname for the chat server" },
    "port": { "kind": "path", "displayName": "Port", "group": "common", "label": "", "required": true, "type": "integer", "javaType": "int", "deprecated": false, "deprecationNote": "", "autowired": false, "secret": false, "description": "Port number for the chat server" },
    "participant": { "kind": "path", "displayName": "Participant", "group": "common", "label": "common", "required": false, "type": "string", "javaType": "java.lang.String", "deprecated": false, "autowired": false, "secret": false, "description": "JID (Jabber ID) of person to receive messages. room parameter has precedence over participant." },
    "login": { "kind": "parameter", "displayName": "Login", "group": "common", "label": "common", "required": false, "type": "boolean", "javaType": "boolean", "deprecated": false, "autowired": false, "secret": false, "defaultValue": true, "description": "Whether to login the user." },
    "nickname": { "kind": "parameter", "displayName": "Nickname", "group": "common", "label": "common", "required": false, "type": "string", "javaType": "java.lang.String", "deprecated": false, "autowired": false, "secret": false, "description": "Use nickname when joining room. If room is specified and nickname is not, user will be used for the nickname." },
    "pubsub": { "kind": "parameter", "displayName": "Pubsub", "group": "common", "label": "common", "required": false, "type": "boolean", "javaType": "boolean", "deprecated": false, "autowired": false, "secret": false, "defaultValue": false, "description": "Accept pubsub packets on input, default is false" },
    "room": { "kind": "parameter", "displayName": "Room", "group": "common", "label": "common", "required": false, "type": "string", "javaType": "java.lang.String", "deprecated": false, "autowired": false, "secret": false, "description": "If this option is specified, the component will connect to MUC (Multi User Chat). Usually, the domain name for MUC is different from the login domain. For example, if you are supermanjabber.org and want to join the krypton room, then the room URL is kryptonconference.jabber.org. Note the conference part. It is not a requirement to provide the full room JID. If the room parameter does not contain the symbol, the domain part will be discovered and added by Camel" },
    "serviceName": { "kind": "parameter", "displayName": "Service Name", "group": "common", "label": "common", "required": false, "type": "string", "javaType": "java.lang.String", "deprecated": false, "autowired": false, "secret": false, "description": "The name of the service you are connecting to. For Google Talk, this would be gmail.com." },
    "testConnectionOnStartup": { "kind": "parameter", "displayName": "Test Connection On Startup", "group": "common", "label": "common", "required": false, "type": "boolean", "javaType": "boolean", "deprecated": false, "autowired": false, "secret": false, "defaultValue": true, "description": "Specifies whether to test the connection on startup. This is used to ensure that the XMPP client has a valid connection to the XMPP server when the route starts. Camel throws an exception on startup if a connection cannot be established. When this option is set to false, Camel will attempt to establish a lazy connection when needed by a producer, and will poll for a consumer connection until the connection is established. Default is true." },
    "createAccount": { "kind": "parameter", "displayName": "Create Account", "group": "common (advanced)", "label": "common,advanced", "required": false, "type": "boolean", "javaType": "boolean", "deprecated": false, "autowired": false, "secret": false, "defaultValue": false, "description": "If true, an attempt to create an account will be made. Default is false." },
    "resource": { "kind": "parameter", "displayName": "Resource", "group": "common (advanced)", "label": "common,advanced", "required": false, "type": "string", "javaType": "java.lang.String", "deprecated": false, "autowired": false, "secret": false, "defaultValue": "Camel", "description": "XMPP resource. The default is Camel." },
    "connectionPollDelay": { "kind": "parameter", "displayName": "Connection Poll Delay", "group": "consumer", "label": "consumer", "required": false, "type": "integer", "javaType": "int", "deprecated": false, "autowired": false, "secret": false, "defaultValue": 10, "description": "The amount of time in seconds between polls (in seconds) to verify the health of the XMPP connection, or between attempts to establish an initial consumer connection. Camel will try to re-establish a connection if it has become inactive. Default is 10 seconds." },
    "doc": { "kind": "parameter", "displayName": "Doc", "group": "consumer", "label": "consumer", "required": false, "type": "boolean", "javaType": "boolean", "deprecated": false, "autowired": false, "secret": false, "defaultValue": false, "description": "Set a doc header on the IN message containing a Document form of the incoming packet; default is true if presence or pubsub are true, otherwise false" },
    "bridgeErrorHandler": { "kind": "parameter", "displayName": "Bridge Error Handler", "group": "consumer (advanced)", "label": "consumer,advanced", "required": false, "type": "boolean", "javaType": "boolean", "deprecated": false, "autowired": false, "secret": false, "defaultValue": false, "description": "Allows for bridging the consumer to the Camel routing Error Handler, which mean any exceptions occurred while the consumer is trying to pickup incoming messages, or the likes, will now be processed as a message and handled by the routing Error Handler. By default the consumer will use the org.apache.camel.spi.ExceptionHandler to deal with exceptions, that will be logged at WARN or ERROR level and ignored." },
    "exceptionHandler": { "kind": "parameter", "displayName": "Exception Handler", "group": "consumer (advanced)", "label": "consumer,advanced", "required": false, "type": "object", "javaType": "org.apache.camel.spi.ExceptionHandler", "optionalPrefix": "consumer.", "deprecated": false, "autowired": false, "secret": false, "description": "To let the consumer use a custom ExceptionHandler. Notice if the option bridgeErrorHandler is enabled then this option is not in use. By default the consumer will deal with exceptions, that will be logged at WARN or ERROR level and ignored." },
    "exchangePattern": { "kind": "parameter", "displayName": "Exchange Pattern", "group": "consumer (advanced)", "label": "consumer,advanced", "required": false, "type": "object", "javaType": "org.apache.camel.ExchangePattern", "enum": [ "InOnly", "InOut", "InOptionalOut" ], "deprecated": false, "autowired": false, "secret": false, "description": "Sets the exchange pattern when the consumer creates an exchange." },
    "lazyStartProducer": { "kind": "parameter", "displayName": "Lazy Start Producer", "group": "producer (advanced)", "label": "producer,advanced", "required": false, "type": "boolean", "javaType": "boolean", "deprecated": false, "autowired": false, "secret": false, "defaultValue": false, "description": "Whether the producer should be started lazy (on the first message). By starting lazy you can use this to allow CamelContext and routes to startup in situations where a producer may otherwise fail during starting and cause the route to fail being started. By deferring this startup to be lazy then the startup failure can be handled during routing messages via Camel's routing error handlers. Beware that when the first message is processed then creating and starting the producer may take a little time and prolong the total processing time of the processing." },
    "connectionConfig": { "kind": "parameter", "displayName": "Connection Config", "group": "advanced", "label": "advanced", "required": false, "type": "object", "javaType": "org.jivesoftware.smack.ConnectionConfiguration", "deprecated": false, "autowired": false, "secret": false, "description": "To use an existing connection configuration. Currently org.jivesoftware.smack.tcp.XMPPTCPConnectionConfiguration is only supported (XMPP over TCP)." },
    "headerFilterStrategy": { "kind": "parameter", "displayName": "Header Filter Strategy", "group": "filter", "label": "filter", "required": false, "type": "object", "javaType": "org.apache.camel.spi.HeaderFilterStrategy", "deprecated": false, "autowired": false, "secret": false, "description": "To use a custom HeaderFilterStrategy to filter header to and from Camel message." },
    "password": { "kind": "parameter", "displayName": "Password", "group": "security", "label": "security", "required": false, "type": "string", "javaType": "java.lang.String", "deprecated": false, "autowired": false, "secret": true, "description": "Password for login" },
    "roomPassword": { "kind": "parameter", "displayName": "Room Password", "group": "security", "label": "security", "required": false, "type": "string", "javaType": "java.lang.String", "deprecated": false, "autowired": false, "secret": true, "description": "Password for room" },
    "user": { "kind": "parameter", "displayName": "User", "group": "security", "label": "security", "required": false, "type": "string", "javaType": "java.lang.String", "deprecated": false, "autowired": false, "secret": true, "description": "User name (without server name). If not specified, anonymous login will be attempted." }
  }
}
