{
  "component": {
    "kind": "component",
    "name": "azure-storage-blob",
    "title": "Azure Storage Blob Service",
    "description": "Store and retrieve blobs from Azure Storage Blob Service.",
    "deprecated": false,
    "firstVersion": "3.3.0",
    "label": "cloud,file",
    "javaType": "org.apache.camel.component.azure.storage.blob.BlobComponent",
    "supportLevel": "Stable",
    "groupId": "org.apache.camel",
    "artifactId": "camel-azure-storage-blob",
    "version": "3.20.2-SNAPSHOT",
    "scheme": "azure-storage-blob",
    "extendsScheme": "",
    "syntax": "azure-storage-blob:accountName\/containerName",
    "async": false,
    "api": false,
    "consumerOnly": false,
    "producerOnly": false,
    "lenientProperties": false
  },
  "componentProperties": {
    "blobName": { "kind": "property", "displayName": "Blob Name", "group": "common", "label": "common", "required": false, "type": "string", "javaType": "java.lang.String", "deprecated": false, "autowired": false, "secret": false, "configurationClass": "org.apache.camel.component.azure.storage.blob.BlobConfiguration", "configurationField": "configuration", "description": "The blob name, to consume specific blob from a container. However, on producer it is only required for the operations on the blob level" },
    "blobOffset": { "kind": "property", "displayName": "Blob Offset", "group": "common", "label": "common", "required": false, "type": "integer", "javaType": "long", "deprecated": false, "autowired": false, "secret": false, "defaultValue": 0, "configurationClass": "org.apache.camel.component.azure.storage.blob.BlobConfiguration", "configurationField": "configuration", "description": "Set the blob offset for the upload or download operations, default is 0" },
    "blobType": { "kind": "property", "displayName": "Blob Type", "group": "common", "label": "common", "required": false, "type": "object", "javaType": "org.apache.camel.component.azure.storage.blob.BlobType", "enum": [ "blockblob", "appendblob", "pageblob" ], "deprecated": false, "autowired": false, "secret": false, "defaultValue": "blockblob", "configurationClass": "org.apache.camel.component.azure.storage.blob.BlobConfiguration", "configurationField": "configuration", "description": "The blob type in order to initiate the appropriate settings for each blob type" },
    "closeStreamAfterRead": { "kind": "property", "displayName": "Close Stream After Read", "group": "common", "label": "", "required": false, "type": "boolean", "javaType": "boolean", "deprecated": false, "autowired": false, "secret": false, "defaultValue": true, "configurationClass": "org.apache.camel.component.azure.storage.blob.BlobConfiguration", "configurationField": "configuration", "description": "Close the stream after read or keep it open, default is true" },
    "configuration": { "kind": "property", "displayName": "Configuration", "group": "common", "label": "", "required": false, "type": "object", "javaType": "org.apache.camel.component.azure.storage.blob.BlobConfiguration", "deprecated": false, "autowired": false, "secret": false, "description": "The component configurations" },
    "credentials": { "kind": "property", "displayName": "Credentials", "group": "common", "label": "", "required": false, "type": "object", "javaType": "com.azure.storage.common.StorageSharedKeyCredential", "deprecated": false, "autowired": false, "secret": false, "configurationClass": "org.apache.camel.component.azure.storage.blob.BlobConfiguration", "configurationField": "configuration", "description": "StorageSharedKeyCredential can be injected to create the azure client, this holds the important authentication information" },
    "credentialType": { "kind": "property", "displayName": "Credential Type", "group": "common", "label": "common", "required": false, "type": "object", "javaType": "org.apache.camel.component.azure.storage.blob.CredentialType", "enum": [ "SHARED_ACCOUNT_KEY", "SHARED_KEY_CREDENTIAL", "AZURE_IDENTITY" ], "deprecated": false, "autowired": false, "secret": false, "defaultValue": "AZURE_IDENTITY", "configurationClass": "org.apache.camel.component.azure.storage.blob.BlobConfiguration", "configurationField": "configuration", "description": "Determines the credential strategy to adopt" },
    "dataCount": { "kind": "property", "displayName": "Data Count", "group": "common", "label": "common", "required": false, "type": "integer", "javaType": "java.lang.Long", "deprecated": false, "autowired": false, "secret": false, "configurationClass": "org.apache.camel.component.azure.storage.blob.BlobConfiguration", "configurationField": "configuration", "description": "How many bytes to include in the range. Must be greater than or equal to 0 if specified." },
    "fileDir": { "kind": "property", "displayName": "File Dir", "group": "common", "label": "common", "required": false, "type": "string", "javaType": "java.lang.String", "deprecated": false, "autowired": false, "secret": false, "configurationClass": "org.apache.camel.component.azure.storage.blob.BlobConfiguration", "configurationField": "configuration", "description": "The file directory where the downloaded blobs will be saved to, this can be used in both, producer and consumer" },
    "maxResultsPerPage": { "kind": "property", "displayName": "Max Results Per Page", "group": "common", "label": "common", "required": false, "type": "integer", "javaType": "java.lang.Integer", "deprecated": false, "autowired": false, "secret": false, "configurationClass": "org.apache.camel.component.azure.storage.blob.BlobConfiguration", "configurationField": "configuration", "description": "Specifies the maximum number of blobs to return, including all BlobPrefix elements. If the request does not specify maxResultsPerPage or specifies a value greater than 5,000, the server will return up to 5,000 items." },
    "maxRetryRequests": { "kind": "property", "displayName": "Max Retry Requests", "group": "common", "label": "common", "required": false, "type": "integer", "javaType": "int", "deprecated": false, "autowired": false, "secret": false, "defaultValue": 0, "configurationClass": "org.apache.camel.component.azure.storage.blob.BlobConfiguration", "configurationField": "configuration", "description": "Specifies the maximum number of additional HTTP Get requests that will be made while reading the data from a response body." },
    "prefix": { "kind": "property", "displayName": "Prefix", "group": "common", "label": "common", "required": false, "type": "string", "javaType": "java.lang.String", "deprecated": false, "autowired": false, "secret": false, "configurationClass": "org.apache.camel.component.azure.storage.blob.BlobConfiguration", "configurationField": "configuration", "description": "Filters the results to return only blobs whose names begin with the specified prefix. May be null to return all blobs." },
    "regex": { "kind": "property", "displayName": "Regex", "group": "common", "label": "common", "required": false, "type": "string", "javaType": "java.lang.String", "deprecated": false, "autowired": false, "secret": false, "configurationClass": "org.apache.camel.component.azure.storage.blob.BlobConfiguration", "configurationField": "configuration", "description": "Filters the results to return only blobs whose names match the specified regular expression. May be null to return all if both prefix and regex are set, regex takes the priority and prefix is ignored." },
    "serviceClient": { "kind": "property", "displayName": "Service Client", "group": "common", "label": "", "required": false, "type": "object", "javaType": "com.azure.storage.blob.BlobServiceClient", "deprecated": false, "deprecationNote": "", "autowired": true, "secret": false, "configurationClass": "org.apache.camel.component.azure.storage.blob.BlobConfiguration", "configurationField": "configuration", "description": "Client to a storage account. This client does not hold any state about a particular storage account but is instead a convenient way of sending off appropriate requests to the resource on the service. It may also be used to construct URLs to blobs and containers. This client contains operations on a service account. Operations on a container are available on BlobContainerClient through BlobServiceClient#getBlobContainerClient(String), and operations on a blob are available on BlobClient through BlobContainerClient#getBlobClient(String)." },
    "timeout": { "kind": "property", "displayName": "Timeout", "group": "common", "label": "common", "required": false, "type": "object", "javaType": "java.time.Duration", "deprecated": false, "autowired": false, "secret": false, "configurationClass": "org.apache.camel.component.azure.storage.blob.BlobConfiguration", "configurationField": "configuration", "description": "An optional timeout value beyond which a RuntimeException will be raised." },
    "bridgeErrorHandler": { "kind": "property", "displayName": "Bridge Error Handler", "group": "consumer", "label": "consumer", "required": false, "type": "boolean", "javaType": "boolean", "deprecated": false, "autowired": false, "secret": false, "defaultValue": false, "description": "Allows for bridging the consumer to the Camel routing Error Handler, which mean any exceptions occurred while the consumer is trying to pickup incoming messages, or the likes, will now be processed as a message and handled by the routing Error Handler. By default the consumer will use the org.apache.camel.spi.ExceptionHandler to deal with exceptions, that will be logged at WARN or ERROR level and ignored." },
    "blobSequenceNumber": { "kind": "property", "displayName": "Blob Sequence Number", "group": "producer", "label": "producer", "required": false, "type": "integer", "javaType": "java.lang.Long", "deprecated": false, "autowired": false, "secret": false, "defaultValue": "0", "configurationClass": "org.apache.camel.component.azure.storage.blob.BlobConfiguration", "configurationField": "configuration", "description": "A user-controlled value that you can use to track requests. The value of the sequence number must be between 0 and 263 - 1.The default value is 0." },
    "blockListType": { "kind": "property", "displayName": "Block List Type", "group": "producer", "label": "producer", "required": false, "type": "object", "javaType": "com.azure.storage.blob.models.BlockListType", "enum": [ "committed", "uncommitted", "all" ], "deprecated": false, "autowired": false, "secret": false, "defaultValue": "COMMITTED", "configurationClass": "org.apache.camel.component.azure.storage.blob.BlobConfiguration", "configurationField": "configuration", "description": "Specifies which type of blocks to return." },
    "changeFeedContext": { "kind": "property", "displayName": "Change Feed Context", "group": "producer", "label": "producer", "required": false, "type": "object", "javaType": "com.azure.core.util.Context", "deprecated": false, "autowired": false, "secret": false, "configurationClass": "org.apache.camel.component.azure.storage.blob.BlobConfiguration", "configurationField": "configuration", "description": "When using getChangeFeed producer operation, this gives additional context that is passed through the Http pipeline during the service call." },
    "changeFeedEndTime": { "kind": "property", "displayName": "Change Feed End Time", "group": "producer", "label": "producer", "required": false, "type": "object", "javaType": "java.time.OffsetDateTime", "deprecated": false, "autowired": false, "secret": false, "configurationClass": "org.apache.camel.component.azure.storage.blob.BlobConfiguration", "configurationField": "configuration", "description": "When using getChangeFeed producer operation, this filters the results to return events approximately before the end time. Note: A few events belonging to the next hour can also be returned. A few events belonging to this hour can be missing; to ensure all events from the hour are returned, round the end time up by an hour." },
    "changeFeedStartTime": { "kind": "property", "displayName": "Change Feed Start Time", "group": "producer", "label": "producer", "required": false, "type": "object", "javaType": "java.time.OffsetDateTime", "deprecated": false, "autowired": false, "secret": false, "configurationClass": "org.apache.camel.component.azure.storage.blob.BlobConfiguration", "configurationField": "configuration", "description": "When using getChangeFeed producer operation, this filters the results to return events approximately after the start time. Note: A few events belonging to the previous hour can also be returned. A few events belonging to this hour can be missing; to ensure all events from the hour are returned, round the start time down by an hour." },
    "closeStreamAfterWrite": { "kind": "property", "displayName": "Close Stream After Write", "group": "producer", "label": "producer", "required": false, "type": "boolean", "javaType": "boolean", "deprecated": false, "autowired": false, "secret": false, "defaultValue": true, "configurationClass": "org.apache.camel.component.azure.storage.blob.BlobConfiguration", "configurationField": "configuration", "description": "Close the stream after write or keep it open, default is true" },
    "commitBlockListLater": { "kind": "property", "displayName": "Commit Block List Later", "group": "producer", "label": "producer", "required": false, "type": "boolean", "javaType": "boolean", "deprecated": false, "autowired": false, "secret": false, "defaultValue": true, "configurationClass": "org.apache.camel.component.azure.storage.blob.BlobConfiguration", "configurationField": "configuration", "description": "When is set to true, the staged blocks will not be committed directly." },
    "createAppendBlob": { "kind": "property", "displayName": "Create Append Blob", "group": "producer", "label": "producer", "required": false, "type": "boolean", "javaType": "boolean", "deprecated": false, "autowired": false, "secret": false, "defaultValue": true, "configurationClass": "org.apache.camel.component.azure.storage.blob.BlobConfiguration", "configurationField": "configuration", "description": "When is set to true, the append blocks will be created when committing append blocks." },
    "createPageBlob": { "kind": "property", "displayName": "Create Page Blob", "group": "producer", "label": "producer", "required": false, "type": "boolean", "javaType": "boolean", "deprecated": false, "autowired": false, "secret": false, "defaultValue": true, "configurationClass": "org.apache.camel.component.azure.storage.blob.BlobConfiguration", "configurationField": "configuration", "description": "When is set to true, the page blob will be created when uploading page blob." },
    "downloadLinkExpiration": { "kind": "property", "displayName": "Download Link Expiration", "group": "producer", "label": "producer", "required": false, "type": "integer", "javaType": "java.lang.Long", "deprecated": false, "autowired": false, "secret": false, "configurationClass": "org.apache.camel.component.azure.storage.blob.BlobConfiguration", "configurationField": "configuration", "description": "Override the default expiration (millis) of URL download link." },
    "lazyStartProducer": { "kind": "property", "displayName": "Lazy Start Producer", "group": "producer", "label": "producer", "required": false, "type": "boolean", "javaType": "boolean", "deprecated": false, "autowired": false, "secret": false, "defaultValue": false, "description": "Whether the producer should be started lazy (on the first message). By starting lazy you can use this to allow CamelContext and routes to startup in situations where a producer may otherwise fail during starting and cause the route to fail being started. By deferring this startup to be lazy then the startup failure can be handled during routing messages via Camel's routing error handlers. Beware that when the first message is processed then creating and starting the producer may take a little time and prolong the total processing time of the processing." },
    "operation": { "kind": "property", "displayName": "Operation", "group": "producer", "label": "producer", "required": false, "type": "object", "javaType": "org.apache.camel.component.azure.storage.blob.BlobOperationsDefinition", "enum": [ "listBlobContainers", "createBlobContainer", "deleteBlobContainer", "listBlobs", "getBlob", "deleteBlob", "downloadBlobToFile", "downloadLink", "uploadBlockBlob", "stageBlockBlobList", "commitBlobBlockList", "getBlobBlockList", "createAppendBlob", "commitAppendBlob", "createPageBlob", "uploadPageBlob", "resizePageBlob", "clearPageBlob", "getPageBlobRanges" ], "deprecated": false, "autowired": false, "secret": false, "defaultValue": "listBlobContainers", "configurationClass": "org.apache.camel.component.azure.storage.blob.BlobConfiguration", "configurationField": "configuration", "description": "The blob operation that can be used with this component on the producer" },
    "pageBlobSize": { "kind": "property", "displayName": "Page Blob Size", "group": "producer", "label": "producer", "required": false, "type": "integer", "javaType": "java.lang.Long", "deprecated": false, "autowired": false, "secret": false, "defaultValue": "512", "configurationClass": "org.apache.camel.component.azure.storage.blob.BlobConfiguration", "configurationField": "configuration", "description": "Specifies the maximum size for the page blob, up to 8 TB. The page blob size must be aligned to a 512-byte boundary." },
    "autowiredEnabled": { "kind": "property", "displayName": "Autowired Enabled", "group": "advanced", "label": "advanced", "required": false, "type": "boolean", "javaType": "boolean", "deprecated": false, "autowired": false, "secret": false, "defaultValue": true, "description": "Whether autowiring is enabled. This is used for automatic autowiring options (the option must be marked as autowired) by looking up in the registry to find if there is a single instance of matching type, which then gets configured on the component. This can be used for automatic configuring JDBC data sources, JMS connection factories, AWS Clients, etc." },
    "accessKey": { "kind": "property", "displayName": "Access Key", "group": "security", "label": "security", "required": false, "type": "string", "javaType": "java.lang.String", "deprecated": false, "autowired": false, "secret": true, "configurationClass": "org.apache.camel.component.azure.storage.blob.BlobConfiguration", "configurationField": "configuration", "description": "Access key for the associated azure account name to be used for authentication with azure blob services" },
    "sourceBlobAccessKey": { "kind": "property", "displayName": "Source Blob Access Key", "group": "security", "label": "security", "required": false, "type": "string", "javaType": "java.lang.String", "deprecated": false, "autowired": false, "secret": true, "configurationClass": "org.apache.camel.component.azure.storage.blob.BlobConfiguration", "configurationField": "configuration", "description": "Source Blob Access Key: for copyblob operation, sadly, we need to have an accessKey for the source blob we want to copy Passing an accessKey as header, it's unsafe so we could set as key." }
  },
  "headers": {
    "CamelAzureStorageBlobOperation": { "kind": "header", "displayName": "", "group": "producer", "label": "producer", "required": false, "javaType": "org.apache.camel.component.azure.storage.blob.BlobOperationsDefinition", "enum": [ "listBlobContainers", "createBlobContainer", "deleteBlobContainer", "listBlobs", "getBlob", "deleteBlob", "downloadBlobToFile", "downloadLink", "uploadBlockBlob", "stageBlockBlobList", "commitBlobBlockList", "getBlobBlockList", "createAppendBlob", "commitAppendBlob", "createPageBlob", "uploadPageBlob", "resizePageBlob", "clearPageBlob", "getPageBlobRanges", "getChangeFeed", "copyBlob" ], "deprecated": false, "deprecationNote": "", "autowired": false, "secret": false, "description": "(All) Specify the producer operation to execute, please see the doc on this page related to producer operation.", "constantName": "org.apache.camel.component.azure.storage.blob.BlobConstants#BLOB_OPERATION" },
    "CamelAzureStorageBlobHttpHeaders": { "kind": "header", "displayName": "", "group": "producer", "label": "producer", "required": false, "javaType": "BlobHttpHeaders", "deprecated": false, "deprecationNote": "", "autowired": false, "secret": false, "description": "(uploadBlockBlob, commitBlobBlockList, createAppendBlob, createPageBlob) Additional parameters for a set of operations.", "constantName": "org.apache.camel.component.azure.storage.blob.BlobConstants#BLOB_HTTP_HEADERS" },
    "CamelAzureStorageBlobETag": { "kind": "header", "displayName": "", "group": "consumer", "label": "consumer", "required": false, "javaType": "String", "deprecated": false, "deprecationNote": "", "autowired": false, "secret": false, "description": "The E Tag of the blob", "constantName": "org.apache.camel.component.azure.storage.blob.BlobConstants#E_TAG" },
    "CamelAzureStorageBlobCreationTime": { "kind": "header", "displayName": "", "group": "consumer", "label": "consumer", "required": false, "javaType": "OffsetDateTime", "deprecated": false, "deprecationNote": "", "autowired": false, "secret": false, "description": "Creation time of the blob.", "constantName": "org.apache.camel.component.azure.storage.blob.BlobConstants#CREATION_TIME" },
    "CamelAzureStorageBlobLastModified": { "kind": "header", "displayName": "", "group": "consumer", "label": "consumer", "required": false, "javaType": "OffsetDateTime", "deprecated": false, "deprecationNote": "", "autowired": false, "secret": false, "description": "Datetime when the blob was last modified.", "constantName": "org.apache.camel.component.azure.storage.blob.BlobConstants#LAST_MODIFIED" },
    "CamelAzureStorageBlobContentType": { "kind": "header", "displayName": "", "group": "consumer", "label": "consumer", "required": false, "javaType": "String", "deprecated": false, "deprecationNote": "", "autowired": false, "secret": false, "description": "Content type specified for the blob.", "constantName": "org.apache.camel.component.azure.storage.blob.BlobConstants#CONTENT_TYPE" },
    "CamelAzureStorageBlobContentMD5": { "kind": "header", "displayName": "", "group": "common", "label": "", "required": false, "javaType": "byte[]", "deprecated": false, "deprecationNote": "", "autowired": false, "secret": false, "description": "(producer) (Most operations related to upload blob) Most operations related to upload blobAn MD5 hash of the block content. This hash is used to verify the integrity of the block during transport. When this header is specified, the storage service compares the hash of the content that has arrived with this header value. Note that this MD5 hash is not stored with the blob. If the two hashes do not match, the operation will fail. (consumer) Content MD5 specified for the blob.", "constantName": "org.apache.camel.component.azure.storage.blob.BlobConstants#CONTENT_MD5" },
    "CamelAzureStorageBlobContentEncoding": { "kind": "header", "displayName": "", "group": "consumer", "label": "consumer", "required": false, "javaType": "String", "deprecated": false, "deprecationNote": "", "autowired": false, "secret": false, "description": "Content encoding specified for the blob.", "constantName": "org.apache.camel.component.azure.storage.blob.BlobConstants#CONTENT_ENCODING" },
    "CamelAzureStorageBlobContentDisposition": { "kind": "header", "displayName": "", "group": "consumer", "label": "consumer", "required": false, "javaType": "String", "deprecated": false, "deprecationNote": "", "autowired": false, "secret": false, "description": "Content disposition specified for the blob.", "constantName": "org.apache.camel.component.azure.storage.blob.BlobConstants#CONTENT_DISPOSITION" },
    "CamelAzureStorageBlobContentLanguage": { "kind": "header", "displayName": "", "group": "consumer", "label": "consumer", "required": false, "javaType": "String", "deprecated": false, "deprecationNote": "", "autowired": false, "secret": false, "description": "Content language specified for the blob.", "constantName": "org.apache.camel.component.azure.storage.blob.BlobConstants#CONTENT_LANGUAGE" },
    "CamelAzureStorageBlobCacheControl": { "kind": "header", "displayName": "", "group": "consumer", "label": "consumer", "required": false, "javaType": "String", "deprecated": false, "deprecationNote": "", "autowired": false, "secret": false, "description": "Cache control specified for the blob.", "constantName": "org.apache.camel.component.azure.storage.blob.BlobConstants#CACHE_CONTROL" },
    "CamelAzureStorageBlobBlobSize": { "kind": "header", "displayName": "", "group": "consumer", "label": "consumer", "required": false, "javaType": "long", "deprecated": false, "deprecationNote": "", "autowired": false, "secret": false, "description": "The size of the blob.", "constantName": "org.apache.camel.component.azure.storage.blob.BlobConstants#BLOB_SIZE" },
    "CamelAzureStorageBlobBlobUploadSize": { "kind": "header", "displayName": "", "group": "producer", "label": "producer", "required": false, "javaType": "long", "deprecated": false, "deprecationNote": "", "autowired": false, "secret": false, "description": "When uploading a blob with the uploadBlockBlob-operation this can be used to tell the client what the length of an InputStream is.", "constantName": "org.apache.camel.component.azure.storage.blob.BlobConstants#BLOB_UPLOAD_SIZE" },
    "CamelAzureStorageBlobSequenceNumber": { "kind": "header", "displayName": "", "group": "common", "label": "", "required": false, "javaType": "Long", "deprecated": false, "deprecationNote": "", "autowired": false, "secret": false, "description": "(producer) (createPageBlob) A user-controlled value that you can use to track requests. The value of the sequence number must be between 0 and 263 - 1. The default value is 0. (consumer) The current sequence number for a page blob.", "constantName": "org.apache.camel.component.azure.storage.blob.BlobConstants#BLOB_SEQUENCE_NUMBER" },
    "CamelAzureStorageBlobBlobType": { "kind": "header", "displayName": "", "group": "consumer", "label": "consumer", "required": false, "javaType": "org.apache.camel.component.azure.storage.blob.BlobType", "enum": [ "blockblob", "appendblob", "pageblob" ], "deprecated": false, "deprecationNote": "", "autowired": false, "secret": false, "description": "The type of the blob.", "constantName": "org.apache.camel.component.azure.storage.blob.BlobConstants#BLOB_TYPE" },
    "CamelAzureStorageBlobLeaseStatus": { "kind": "header", "displayName": "", "group": "consumer", "label": "consumer", "required": false, "javaType": "com.azure.storage.blob.models.LeaseStatusType", "enum": [ "locked", "unlocked" ], "deprecated": false, "deprecationNote": "", "autowired": false, "secret": false, "description": "Status of the lease on the blob.", "constantName": "org.apache.camel.component.azure.storage.blob.BlobConstants#LEASE_STATUS" },
    "CamelAzureStorageBlobLeaseState": { "kind": "header", "displayName": "", "group": "consumer", "label": "consumer", "required": false, "javaType": "com.azure.storage.blob.models.LeaseStateType", "enum": [ "available", "leased", "expired", "breaking", "broken" ], "deprecated": false, "deprecationNote": "", "autowired": false, "secret": false, "description": "State of the lease on the blob.", "constantName": "org.apache.camel.component.azure.storage.blob.BlobConstants#LEASE_STATE" },
    "CamelAzureStorageBlobLeaseDuration": { "kind": "header", "displayName": "", "group": "consumer", "label": "consumer", "required": false, "javaType": "com.azure.storage.blob.models.LeaseDurationType", "enum": [ "infinite", "fixed" ], "deprecated": false, "deprecationNote": "", "autowired": false, "secret": false, "description": "Type of lease on the blob.", "constantName": "org.apache.camel.component.azure.storage.blob.BlobConstants#LEASE_DURATION" },
    "CamelAzureStorageBlobCopyId": { "kind": "header", "displayName": "", "group": "consumer", "label": "consumer", "required": false, "javaType": "String", "deprecated": false, "deprecationNote": "", "autowired": false, "secret": false, "description": "Identifier of the last copy operation performed on the blob.", "constantName": "org.apache.camel.component.azure.storage.blob.BlobConstants#COPY_ID" },
    "CamelAzureStorageBlobCopyStatus": { "kind": "header", "displayName": "", "group": "consumer", "label": "consumer", "required": false, "javaType": "com.azure.storage.blob.models.CopyStatusType", "enum": [ "pending", "success", "aborted", "failed" ], "deprecated": false, "deprecationNote": "", "autowired": false, "secret": false, "description": "Status of the last copy operation performed on the blob.", "constantName": "org.apache.camel.component.azure.storage.blob.BlobConstants#COPY_STATUS" },
    "CamelAzureStorageBlobCopySource": { "kind": "header", "displayName": "", "group": "consumer", "label": "consumer", "required": false, "javaType": "String", "deprecated": false, "deprecationNote": "", "autowired": false, "secret": false, "description": "Source of the last copy operation performed on the blob.", "constantName": "org.apache.camel.component.azure.storage.blob.BlobConstants#COPY_SOURCE" },
    "CamelAzureStorageBlobCopyProgress": { "kind": "header", "displayName": "", "group": "consumer", "label": "consumer", "required": false, "javaType": "String", "deprecated": false, "deprecationNote": "", "autowired": false, "secret": false, "description": "Progress of the last copy operation performed on the blob.", "constantName": "org.apache.camel.component.azure.storage.blob.BlobConstants#COPY_PROGRESS" },
    "CamelAzureStorageBlobCopyCompletionTime": { "kind": "header", "displayName": "", "group": "consumer", "label": "consumer", "required": false, "javaType": "OffsetDateTime", "deprecated": false, "deprecationNote": "", "autowired": false, "secret": false, "description": "Datetime when the last copy operation on the blob completed.", "constantName": "org.apache.camel.component.azure.storage.blob.BlobConstants#COPY_COMPILATION_TIME" },
    "CamelAzureStorageBlobCopyStatusDescription": { "kind": "header", "displayName": "", "group": "consumer", "label": "consumer", "required": false, "javaType": "String", "deprecated": false, "deprecationNote": "", "autowired": false, "secret": false, "description": "Description of the last copy operation on the blob.", "constantName": "org.apache.camel.component.azure.storage.blob.BlobConstants#COPY_STATUS_DESCRIPTION" },
    "CamelAzureStorageBlobCopyDestinationSnapshot": { "kind": "header", "displayName": "", "group": "consumer", "label": "consumer", "required": false, "javaType": "String", "deprecated": false, "deprecationNote": "", "autowired": false, "secret": false, "description": "Snapshot identifier of the last incremental copy snapshot for the blob.", "constantName": "org.apache.camel.component.azure.storage.blob.BlobConstants#COPY_DESTINATION_SNAPSHOT" },
    "CamelAzureStorageBlobIsServerEncrypted": { "kind": "header", "displayName": "", "group": "consumer", "label": "consumer", "required": false, "javaType": "boolean", "deprecated": false, "deprecationNote": "", "autowired": false, "secret": false, "description": "Flag indicating if the blob's content is encrypted on the server.", "constantName": "org.apache.camel.component.azure.storage.blob.BlobConstants#IS_SERVER_ENCRYPTED" },
    "CamelAzureStorageBlobIsIncrementalCopy": { "kind": "header", "displayName": "", "group": "consumer", "label": "consumer", "required": false, "javaType": "boolean", "deprecated": false, "deprecationNote": "", "autowired": false, "secret": false, "description": "Flag indicating if the blob was incrementally copied.", "constantName": "org.apache.camel.component.azure.storage.blob.BlobConstants#IS_INCREMENTAL_COPY" },
    "CamelAzureStorageBlobAccessTier": { "kind": "header", "displayName": "", "group": "common", "label": "", "required": false, "javaType": "AccessTier", "deprecated": false, "deprecationNote": "", "autowired": false, "secret": false, "description": "(producer) (uploadBlockBlob, commitBlobBlockList) Defines values for AccessTier. (consumer) Access tier of the blob.", "constantName": "org.apache.camel.component.azure.storage.blob.BlobConstants#ACCESS_TIER" },
    "CamelAzureStorageBlobIsAccessTierInferred": { "kind": "header", "displayName": "", "group": "consumer", "label": "consumer", "required": false, "javaType": "boolean", "deprecated": false, "deprecationNote": "", "autowired": false, "secret": false, "description": "Flag indicating if the access tier of the blob was inferred from properties of the blob.", "constantName": "org.apache.camel.component.azure.storage.blob.BlobConstants#IS_ACCESS_TIER_INFRRRED" },
    "CamelAzureStorageBlobArchiveStatus": { "kind": "header", "displayName": "", "group": "consumer", "label": "consumer", "required": false, "javaType": "ArchiveStatus", "deprecated": false, "deprecationNote": "", "autowired": false, "secret": false, "description": "Archive status of the blob.", "constantName": "org.apache.camel.component.azure.storage.blob.BlobConstants#ARCHIVE_STATUS" },
    "CamelAzureStorageBlobaccessTierChangeTime": { "kind": "header", "displayName": "", "group": "consumer", "label": "consumer", "required": false, "javaType": "OffsetDateTime", "deprecated": false, "deprecationNote": "", "autowired": false, "secret": false, "description": "Datetime when the access tier of the blob last changed.", "constantName": "org.apache.camel.component.azure.storage.blob.BlobConstants#ACCESS_TIER_CHANGE_TIME" },
    "CamelAzureStorageBlobMetadata": { "kind": "header", "displayName": "", "group": "common", "label": "", "required": false, "javaType": "Map<String,String>", "deprecated": false, "deprecationNote": "", "autowired": false, "secret": false, "description": "(producer) (Operations related to container and blob) Operations related to container and blob Metadata to associate with the container or blob. (consumer) Additional metadata associated with the blob.", "constantName": "org.apache.camel.component.azure.storage.blob.BlobConstants#METADATA" },
    "CamelAzureStorageBlobCommittedBlockCount": { "kind": "header", "displayName": "", "group": "consumer", "label": "consumer", "required": false, "javaType": "Integer", "deprecated": false, "deprecationNote": "", "autowired": false, "secret": false, "description": "Number of blocks committed to an append blob", "constantName": "org.apache.camel.component.azure.storage.blob.BlobConstants#COMMITTED_BLOCK_COUNT" },
    "CamelAzureStorageBlobAppendOffset": { "kind": "header", "displayName": "", "group": "consumer", "label": "consumer", "required": false, "javaType": "String", "deprecated": false, "deprecationNote": "", "autowired": false, "secret": false, "description": "The offset at which the block was committed to the block blob.", "constantName": "org.apache.camel.component.azure.storage.blob.BlobConstants#APPEND_OFFSET" },
    "CamelAzureStorageBlobRawHttpHeaders": { "kind": "header", "displayName": "", "group": "consumer", "label": "consumer", "required": false, "javaType": "HttpHeaders", "deprecated": false, "deprecationNote": "", "autowired": false, "secret": false, "description": "Returns non-parsed httpHeaders that can be used by the user.", "constantName": "org.apache.camel.component.azure.storage.blob.BlobConstants#RAW_HTTP_HEADERS" },
    "CamelAzureStorageBlobFileName": { "kind": "header", "displayName": "", "group": "consumer", "label": "consumer", "required": false, "javaType": "String", "deprecated": false, "deprecationNote": "", "autowired": false, "secret": false, "description": "The downloaded filename from the operation downloadBlobToFile.", "constantName": "org.apache.camel.component.azure.storage.blob.BlobConstants#FILE_NAME" },
    "CamelAzureStorageBlobDownloadLink": { "kind": "header", "displayName": "", "group": "consumer", "label": "consumer", "required": false, "javaType": "String", "deprecated": false, "deprecationNote": "", "autowired": false, "secret": false, "description": "The download link generated by downloadLink operation.", "constantName": "org.apache.camel.component.azure.storage.blob.BlobConstants#DOWNLOAD_LINK" },
    "CamelAzureStorageBlobListBlobOptions": { "kind": "header", "displayName": "", "group": "producer", "label": "producer", "required": false, "javaType": "ListBlobsOptions", "deprecated": false, "deprecationNote": "", "autowired": false, "secret": false, "description": "(listBlobs) Defines options available to configure the behavior of a call to listBlobsFlatSegment on a BlobContainerClient object.", "constantName": "org.apache.camel.component.azure.storage.blob.BlobConstants#LIST_BLOB_OPTIONS" },
    "CamelAzureStorageBlobListDetails": { "kind": "header", "displayName": "", "group": "producer", "label": "producer", "required": false, "javaType": "BlobListDetails", "deprecated": false, "deprecationNote": "", "autowired": false, "secret": false, "description": "(listBlobs) The details for listing specific blobs", "constantName": "org.apache.camel.component.azure.storage.blob.BlobConstants#BLOB_LIST_DETAILS" },
    "CamelAzureStorageBlobPrefix": { "kind": "header", "displayName": "", "group": "producer", "label": "producer", "required": false, "javaType": "String", "deprecated": false, "deprecationNote": "", "autowired": false, "secret": false, "description": "(listBlobs,getBlob) Filters the results to return only blobs whose names begin with the specified prefix. May be null to return all blobs.", "constantName": "org.apache.camel.component.azure.storage.blob.BlobConstants#PREFIX" },
    "CamelAzureStorageBlobRegex": { "kind": "header", "displayName": "", "group": "producer", "label": "producer", "required": false, "javaType": "String", "deprecated": false, "deprecationNote": "", "autowired": false, "secret": false, "description": "(listBlobs,getBlob) Filters the results to return only blobs whose names match the specified regular expression. May be null to return all. If both prefix and regex are set, regex takes the priority and prefix is ignored.", "constantName": "org.apache.camel.component.azure.storage.blob.BlobConstants#REGEX" },
    "CamelAzureStorageBlobMaxResultsPerPage": { "kind": "header", "displayName": "", "group": "producer", "label": "producer", "required": false, "javaType": "Integer", "deprecated": false, "deprecationNote": "", "autowired": false, "secret": false, "description": "(listBlobs) Specifies the maximum number of blobs to return, including all BlobPrefix elements. If the request does not specify maxResultsPerPage or specifies a value greater than 5,000, the server will return up to 5,000 items.", "constantName": "org.apache.camel.component.azure.storage.blob.BlobConstants#MAX_RESULTS_PER_PAGE" },
    "CamelAzureStorageBlobTimeout": { "kind": "header", "displayName": "", "group": "producer", "label": "producer", "required": false, "javaType": "Duration", "deprecated": false, "deprecationNote": "", "autowired": false, "secret": false, "description": "(All) An optional timeout value beyond which a RuntimeException will be raised.", "constantName": "org.apache.camel.component.azure.storage.blob.BlobConstants#TIMEOUT" },
    "CamelAzureStorageBlobPublicAccessType": { "kind": "header", "displayName": "", "group": "producer", "label": "producer", "required": false, "javaType": "PublicAccessType", "deprecated": false, "deprecationNote": "", "autowired": false, "secret": false, "description": "(createContainer) Specifies how the data in this container is available to the public. Pass null for no public access.", "constantName": "org.apache.camel.component.azure.storage.blob.BlobConstants#PUBLIC_ACCESS_TYPE" },
    "CamelAzureStorageBlobRequestCondition": { "kind": "header", "displayName": "", "group": "producer", "label": "producer", "required": false, "javaType": "BlobRequestConditions", "deprecated": false, "deprecationNote": "", "autowired": false, "secret": false, "description": "(Operations related to container and blob) This contains values which will restrict the successful operation of a variety of requests to the conditions present. These conditions are entirely optional.", "constantName": "org.apache.camel.component.azure.storage.blob.BlobConstants#BLOB_REQUEST_CONDITION" },
    "CamelAzureStorageBlobBlobContainerName": { "kind": "header", "displayName": "", "group": "producer", "label": "producer", "required": false, "javaType": "String", "deprecated": false, "deprecationNote": "", "autowired": false, "secret": false, "description": "(Operations related to container and blob) Override\/set the container name on the exchange headers.", "constantName": "org.apache.camel.component.azure.storage.blob.BlobConstants#BLOB_CONTAINER_NAME" },
    "CamelAzureStorageBlobBlobName": { "kind": "header", "displayName": "", "group": "producer", "label": "producer", "required": false, "javaType": "String", "deprecated": false, "deprecationNote": "", "autowired": false, "secret": false, "description": "(Operations related to blob) Override\/set the blob name on the exchange headers.", "constantName": "org.apache.camel.component.azure.storage.blob.BlobConstants#BLOB_NAME" },
    "CamelAzureStorageBlobFileDir": { "kind": "header", "displayName": "", "group": "producer", "label": "producer", "required": false, "javaType": "String", "deprecated": false, "deprecationNote": "", "autowired": false, "secret": false, "description": "(downloadBlobToFile) The file directory where the downloaded blobs will be saved to.", "constantName": "org.apache.camel.component.azure.storage.blob.BlobConstants#FILE_DIR" },
    "CamelAzureStorageBlobPageBlobRange": { "kind": "header", "displayName": "", "group": "producer", "label": "producer", "required": false, "javaType": "PageRange", "deprecated": false, "deprecationNote": "", "autowired": false, "secret": false, "description": "(Operations related to page blob) A PageRange object. Given that pages must be aligned with 512-byte boundaries, the start offset must be a modulus of 512 and the end offset must be a modulus of 512 - 1. Examples of valid byte ranges are 0-511, 512-1023, etc.", "constantName": "org.apache.camel.component.azure.storage.blob.BlobConstants#PAGE_BLOB_RANGE" },
    "CamelAzureStorageBlobPageBlobSize": { "kind": "header", "displayName": "", "group": "producer", "label": "producer", "required": false, "javaType": "Long", "deprecated": false, "deprecationNote": "", "autowired": false, "secret": false, "description": "(createPageBlob, resizePageBlob) Specifies the maximum size for the page blob, up to 8 TB. The page blob size must be aligned to a 512-byte boundary.", "constantName": "org.apache.camel.component.azure.storage.blob.BlobConstants#PAGE_BLOB_SIZE" },
    "CamelAzureStorageBlobCommitBlobBlockListLater": { "kind": "header", "displayName": "", "group": "producer", "label": "producer", "required": false, "javaType": "boolean", "deprecated": false, "deprecationNote": "", "autowired": false, "secret": false, "description": "(stageBlockBlobList) When is set to true, the staged blocks will not be committed directly.", "constantName": "org.apache.camel.component.azure.storage.blob.BlobConstants#COMMIT_BLOCK_LIST_LATER" },
    "CamelAzureStorageBlobBlockListType": { "kind": "header", "displayName": "", "group": "producer", "label": "producer", "required": false, "javaType": "com.azure.storage.blob.models.BlockListType", "enum": [ "committed", "uncommitted", "all" ], "deprecated": false, "deprecationNote": "", "autowired": false, "secret": false, "description": "(getBlobBlockList) Specifies which type of blocks to return.", "constantName": "org.apache.camel.component.azure.storage.blob.BlobConstants#BLOCK_LIST_TYPE" },
    "CamelAzureStorageBlobCreateAppendBlob": { "kind": "header", "displayName": "", "group": "producer", "label": "producer", "required": false, "javaType": "boolean", "deprecated": false, "deprecationNote": "", "autowired": false, "secret": false, "description": "(commitAppendBlob) When is set to true, the append blocks will be created when committing append blocks.", "constantName": "org.apache.camel.component.azure.storage.blob.BlobConstants#CREATE_APPEND_BLOB" },
    "CamelAzureStorageBlobCreatePageBlob": { "kind": "header", "displayName": "", "group": "producer", "label": "producer", "required": false, "javaType": "boolean", "deprecated": false, "deprecationNote": "", "autowired": false, "secret": false, "description": "(uploadPageBlob) When is set to true, the page blob will be created when uploading page blob.", "constantName": "org.apache.camel.component.azure.storage.blob.BlobConstants#CREATE_PAGE_BLOB" },
    "CamelAzureStorageBlobDeleteSnapshotsOptionType": { "kind": "header", "displayName": "", "group": "producer", "label": "producer", "required": false, "javaType": "com.azure.storage.blob.models.DeleteSnapshotsOptionType", "enum": [ "include", "only" ], "deprecated": false, "deprecationNote": "", "autowired": false, "secret": false, "description": "(deleteBlob) Specifies the behavior for deleting the snapshots on this blob. Include will delete the base blob and all snapshots. Only will delete only the snapshots. If a snapshot is being deleted, you must pass null.", "constantName": "org.apache.camel.component.azure.storage.blob.BlobConstants#DELETE_SNAPSHOT_OPTION_TYPE" },
    "CamelAzureStorageBlobListBlobContainersOptions": { "kind": "header", "displayName": "", "group": "producer", "label": "producer", "required": false, "javaType": "ListBlobContainersOptions", "deprecated": false, "deprecationNote": "", "autowired": false, "secret": false, "description": "(listBlobContainers) A ListBlobContainersOptions which specifies what data should be returned by the service.", "constantName": "org.apache.camel.component.azure.storage.blob.BlobConstants#LIST_BLOB_CONTAINERS_OPTIONS" },
    "CamelAzureStorageBlobParallelTransferOptions": { "kind": "header", "displayName": "", "group": "producer", "label": "producer", "required": false, "javaType": "ParallelTransferOptions", "deprecated": false, "deprecationNote": "", "autowired": false, "secret": false, "description": "(downloadBlobToFile) ParallelTransferOptions to use to download to file. Number of parallel transfers parameter is ignored.", "constantName": "org.apache.camel.component.azure.storage.blob.BlobConstants#PARALLEL_TRANSFER_OPTIONS" },
    "CamelAzureStorageBlobDownloadLinkExpiration": { "kind": "header", "displayName": "", "group": "producer", "label": "producer", "required": false, "javaType": "Long", "deprecated": false, "deprecationNote": "", "autowired": false, "secret": false, "description": "(downloadLink) Override the default expiration (millis) of URL download link.", "constantName": "org.apache.camel.component.azure.storage.blob.BlobConstants#DOWNLOAD_LINK_EXPIRATION" },
    "CamelAzureStorageBlobSourceBlobAccountName": { "kind": "header", "displayName": "", "group": "producer", "label": "producer", "required": false, "javaType": "String", "deprecated": false, "deprecationNote": "", "autowired": false, "secret": false, "description": "(copyBlob) The source blob account name to be used as source account name in a copy blob operation", "constantName": "org.apache.camel.component.azure.storage.blob.BlobConstants#SOURCE_BLOB_ACCOUNT_NAME" },
    "CamelAzureStorageBlobSourceBlobContainerName": { "kind": "header", "displayName": "", "group": "producer", "label": "producer", "required": false, "javaType": "String", "deprecated": false, "deprecationNote": "", "autowired": false, "secret": false, "description": "(copyBlob) The source blob container name to be used as source container name in a copy blob operation", "constantName": "org.apache.camel.component.azure.storage.blob.BlobConstants#SOURCE_BLOB_CONTAINER_NAME" },
    "CamelAzureStorageBlobChangeFeedStartTime": { "kind": "header", "displayName": "", "group": "producer", "label": "producer", "required": false, "javaType": "OffsetDateTime", "deprecated": false, "deprecationNote": "", "autowired": false, "secret": false, "description": "(getChangeFeed) It filters the results to return events approximately after the start time. Note: A few events belonging to the previous hour can also be returned. A few events belonging to this hour can be missing; to ensure all events from the hour are returned, round the start time down by an hour.", "constantName": "org.apache.camel.component.azure.storage.blob.BlobConstants#CHANGE_FEED_START_TIME" },
    "CamelAzureStorageBlobChangeFeedEndTime": { "kind": "header", "displayName": "", "group": "producer", "label": "producer", "required": false, "javaType": "OffsetDateTime", "deprecated": false, "deprecationNote": "", "autowired": false, "secret": false, "description": "(getChangeFeed) It filters the results to return events approximately before the end time. Note: A few events belonging to the next hour can also be returned. A few events belonging to this hour can be missing; to ensure all events from the hour are returned, round the end time up by an hour.", "constantName": "org.apache.camel.component.azure.storage.blob.BlobConstants#CHANGE_FEED_END_TIME" },
    "CamelAzureStorageBlobContext": { "kind": "header", "displayName": "", "group": "producer", "label": "producer", "required": false, "javaType": "Context", "deprecated": false, "deprecationNote": "", "autowired": false, "secret": false, "description": "(getChangeFeed) This gives additional context that is passed through the Http pipeline during the service call.", "constantName": "org.apache.camel.component.azure.storage.blob.BlobConstants#CHANGE_FEED_CONTEXT" }
  },
  "properties": {
    "accountName": { "kind": "path", "displayName": "Account Name", "group": "common", "label": "", "required": false, "type": "string", "javaType": "java.lang.String", "deprecated": false, "autowired": false, "secret": false, "configurationClass": "org.apache.camel.component.azure.storage.blob.BlobConfiguration", "configurationField": "configuration", "description": "Azure account name to be used for authentication with azure blob services" },
    "containerName": { "kind": "path", "displayName": "Container Name", "group": "common", "label": "", "required": false, "type": "string", "javaType": "java.lang.String", "deprecated": false, "autowired": false, "secret": false, "configurationClass": "org.apache.camel.component.azure.storage.blob.BlobConfiguration", "configurationField": "configuration", "description": "The blob container name" },
    "blobName": { "kind": "parameter", "displayName": "Blob Name", "group": "common", "label": "common", "required": false, "type": "string", "javaType": "java.lang.String", "deprecated": false, "autowired": false, "secret": false, "configurationClass": "org.apache.camel.component.azure.storage.blob.BlobConfiguration", "configurationField": "configuration", "description": "The blob name, to consume specific blob from a container. However, on producer it is only required for the operations on the blob level" },
    "blobOffset": { "kind": "parameter", "displayName": "Blob Offset", "group": "common", "label": "common", "required": false, "type": "integer", "javaType": "long", "deprecated": false, "autowired": false, "secret": false, "defaultValue": 0, "configurationClass": "org.apache.camel.component.azure.storage.blob.BlobConfiguration", "configurationField": "configuration", "description": "Set the blob offset for the upload or download operations, default is 0" },
    "blobServiceClient": { "kind": "parameter", "displayName": "Blob Service Client", "group": "common", "label": "", "required": false, "type": "object", "javaType": "com.azure.storage.blob.BlobServiceClient", "deprecated": false, "autowired": false, "secret": false, "description": "Client to a storage account. This client does not hold any state about a particular storage account but is instead a convenient way of sending off appropriate requests to the resource on the service. It may also be used to construct URLs to blobs and containers. This client contains operations on a service account. Operations on a container are available on BlobContainerClient through getBlobContainerClient(String), and operations on a blob are available on BlobClient through getBlobContainerClient(String).getBlobClient(String)." },
    "blobType": { "kind": "parameter", "displayName": "Blob Type", "group": "common", "label": "common", "required": false, "type": "object", "javaType": "org.apache.camel.component.azure.storage.blob.BlobType", "enum": [ "blockblob", "appendblob", "pageblob" ], "deprecated": false, "autowired": false, "secret": false, "defaultValue": "blockblob", "configurationClass": "org.apache.camel.component.azure.storage.blob.BlobConfiguration", "configurationField": "configuration", "description": "The blob type in order to initiate the appropriate settings for each blob type" },
    "closeStreamAfterRead": { "kind": "parameter", "displayName": "Close Stream After Read", "group": "common", "label": "", "required": false, "type": "boolean", "javaType": "boolean", "deprecated": false, "autowired": false, "secret": false, "defaultValue": true, "configurationClass": "org.apache.camel.component.azure.storage.blob.BlobConfiguration", "configurationField": "configuration", "description": "Close the stream after read or keep it open, default is true" },
    "credentials": { "kind": "parameter", "displayName": "Credentials", "group": "common", "label": "", "required": false, "type": "object", "javaType": "com.azure.storage.common.StorageSharedKeyCredential", "deprecated": false, "autowired": false, "secret": false, "configurationClass": "org.apache.camel.component.azure.storage.blob.BlobConfiguration", "configurationField": "configuration", "description": "StorageSharedKeyCredential can be injected to create the azure client, this holds the important authentication information" },
    "credentialType": { "kind": "parameter", "displayName": "Credential Type", "group": "common", "label": "common", "required": false, "type": "object", "javaType": "org.apache.camel.component.azure.storage.blob.CredentialType", "enum": [ "SHARED_ACCOUNT_KEY", "SHARED_KEY_CREDENTIAL", "AZURE_IDENTITY" ], "deprecated": false, "autowired": false, "secret": false, "defaultValue": "AZURE_IDENTITY", "configurationClass": "org.apache.camel.component.azure.storage.blob.BlobConfiguration", "configurationField": "configuration", "description": "Determines the credential strategy to adopt" },
    "dataCount": { "kind": "parameter", "displayName": "Data Count", "group": "common", "label": "common", "required": false, "type": "integer", "javaType": "java.lang.Long", "deprecated": false, "autowired": false, "secret": false, "configurationClass": "org.apache.camel.component.azure.storage.blob.BlobConfiguration", "configurationField": "configuration", "description": "How many bytes to include in the range. Must be greater than or equal to 0 if specified." },
    "fileDir": { "kind": "parameter", "displayName": "File Dir", "group": "common", "label": "common", "required": false, "type": "string", "javaType": "java.lang.String", "deprecated": false, "autowired": false, "secret": false, "configurationClass": "org.apache.camel.component.azure.storage.blob.BlobConfiguration", "configurationField": "configuration", "description": "The file directory where the downloaded blobs will be saved to, this can be used in both, producer and consumer" },
    "maxResultsPerPage": { "kind": "parameter", "displayName": "Max Results Per Page", "group": "common", "label": "common", "required": false, "type": "integer", "javaType": "java.lang.Integer", "deprecated": false, "autowired": false, "secret": false, "configurationClass": "org.apache.camel.component.azure.storage.blob.BlobConfiguration", "configurationField": "configuration", "description": "Specifies the maximum number of blobs to return, including all BlobPrefix elements. If the request does not specify maxResultsPerPage or specifies a value greater than 5,000, the server will return up to 5,000 items." },
    "maxRetryRequests": { "kind": "parameter", "displayName": "Max Retry Requests", "group": "common", "label": "common", "required": false, "type": "integer", "javaType": "int", "deprecated": false, "autowired": false, "secret": false, "defaultValue": 0, "configurationClass": "org.apache.camel.component.azure.storage.blob.BlobConfiguration", "configurationField": "configuration", "description": "Specifies the maximum number of additional HTTP Get requests that will be made while reading the data from a response body." },
    "prefix": { "kind": "parameter", "displayName": "Prefix", "group": "common", "label": "common", "required": false, "type": "string", "javaType": "java.lang.String", "deprecated": false, "autowired": false, "secret": false, "configurationClass": "org.apache.camel.component.azure.storage.blob.BlobConfiguration", "configurationField": "configuration", "description": "Filters the results to return only blobs whose names begin with the specified prefix. May be null to return all blobs." },
    "regex": { "kind": "parameter", "displayName": "Regex", "group": "common", "label": "common", "required": false, "type": "string", "javaType": "java.lang.String", "deprecated": false, "autowired": false, "secret": false, "configurationClass": "org.apache.camel.component.azure.storage.blob.BlobConfiguration", "configurationField": "configuration", "description": "Filters the results to return only blobs whose names match the specified regular expression. May be null to return all if both prefix and regex are set, regex takes the priority and prefix is ignored." },
    "serviceClient": { "kind": "parameter", "displayName": "Service Client", "group": "common", "label": "", "required": false, "type": "object", "javaType": "com.azure.storage.blob.BlobServiceClient", "deprecated": false, "deprecationNote": "", "autowired": true, "secret": false, "configurationClass": "org.apache.camel.component.azure.storage.blob.BlobConfiguration", "configurationField": "configuration", "description": "Client to a storage account. This client does not hold any state about a particular storage account but is instead a convenient way of sending off appropriate requests to the resource on the service. It may also be used to construct URLs to blobs and containers. This client contains operations on a service account. Operations on a container are available on BlobContainerClient through BlobServiceClient#getBlobContainerClient(String), and operations on a blob are available on BlobClient through BlobContainerClient#getBlobClient(String)." },
    "timeout": { "kind": "parameter", "displayName": "Timeout", "group": "common", "label": "common", "required": false, "type": "object", "javaType": "java.time.Duration", "deprecated": false, "autowired": false, "secret": false, "configurationClass": "org.apache.camel.component.azure.storage.blob.BlobConfiguration", "configurationField": "configuration", "description": "An optional timeout value beyond which a RuntimeException will be raised." },
    "sendEmptyMessageWhenIdle": { "kind": "parameter", "displayName": "Send Empty Message When Idle", "group": "consumer", "label": "consumer", "required": false, "type": "boolean", "javaType": "boolean", "deprecated": false, "autowired": false, "secret": false, "defaultValue": false, "description": "If the polling consumer did not poll any files, you can enable this option to send an empty message (no body) instead." },
    "bridgeErrorHandler": { "kind": "parameter", "displayName": "Bridge Error Handler", "group": "consumer (advanced)", "label": "consumer,advanced", "required": false, "type": "boolean", "javaType": "boolean", "deprecated": false, "autowired": false, "secret": false, "defaultValue": false, "description": "Allows for bridging the consumer to the Camel routing Error Handler, which mean any exceptions occurred while the consumer is trying to pickup incoming messages, or the likes, will now be processed as a message and handled by the routing Error Handler. By default the consumer will use the org.apache.camel.spi.ExceptionHandler to deal with exceptions, that will be logged at WARN or ERROR level and ignored." },
    "exceptionHandler": { "kind": "parameter", "displayName": "Exception Handler", "group": "consumer (advanced)", "label": "consumer,advanced", "required": false, "type": "object", "javaType": "org.apache.camel.spi.ExceptionHandler", "optionalPrefix": "consumer.", "deprecated": false, "autowired": false, "secret": false, "description": "To let the consumer use a custom ExceptionHandler. Notice if the option bridgeErrorHandler is enabled then this option is not in use. By default the consumer will deal with exceptions, that will be logged at WARN or ERROR level and ignored." },
    "exchangePattern": { "kind": "parameter", "displayName": "Exchange Pattern", "group": "consumer (advanced)", "label": "consumer,advanced", "required": false, "type": "object", "javaType": "org.apache.camel.ExchangePattern", "enum": [ "InOnly", "InOut", "InOptionalOut" ], "deprecated": false, "autowired": false, "secret": false, "description": "Sets the exchange pattern when the consumer creates an exchange." },
    "pollStrategy": { "kind": "parameter", "displayName": "Poll Strategy", "group": "consumer (advanced)", "label": "consumer,advanced", "required": false, "type": "object", "javaType": "org.apache.camel.spi.PollingConsumerPollStrategy", "deprecated": false, "autowired": false, "secret": false, "description": "A pluggable org.apache.camel.PollingConsumerPollingStrategy allowing you to provide your custom implementation to control error handling usually occurred during the poll operation before an Exchange have been created and being routed in Camel." },
    "blobSequenceNumber": { "kind": "parameter", "displayName": "Blob Sequence Number", "group": "producer", "label": "producer", "required": false, "type": "integer", "javaType": "java.lang.Long", "deprecated": false, "autowired": false, "secret": false, "defaultValue": "0", "configurationClass": "org.apache.camel.component.azure.storage.blob.BlobConfiguration", "configurationField": "configuration", "description": "A user-controlled value that you can use to track requests. The value of the sequence number must be between 0 and 263 - 1.The default value is 0." },
    "blockListType": { "kind": "parameter", "displayName": "Block List Type", "group": "producer", "label": "producer", "required": false, "type": "object", "javaType": "com.azure.storage.blob.models.BlockListType", "enum": [ "committed", "uncommitted", "all" ], "deprecated": false, "autowired": false, "secret": false, "defaultValue": "COMMITTED", "configurationClass": "org.apache.camel.component.azure.storage.blob.BlobConfiguration", "configurationField": "configuration", "description": "Specifies which type of blocks to return." },
    "changeFeedContext": { "kind": "parameter", "displayName": "Change Feed Context", "group": "producer", "label": "producer", "required": false, "type": "object", "javaType": "com.azure.core.util.Context", "deprecated": false, "autowired": false, "secret": false, "configurationClass": "org.apache.camel.component.azure.storage.blob.BlobConfiguration", "configurationField": "configuration", "description": "When using getChangeFeed producer operation, this gives additional context that is passed through the Http pipeline during the service call." },
    "changeFeedEndTime": { "kind": "parameter", "displayName": "Change Feed End Time", "group": "producer", "label": "producer", "required": false, "type": "object", "javaType": "java.time.OffsetDateTime", "deprecated": false, "autowired": false, "secret": false, "configurationClass": "org.apache.camel.component.azure.storage.blob.BlobConfiguration", "configurationField": "configuration", "description": "When using getChangeFeed producer operation, this filters the results to return events approximately before the end time. Note: A few events belonging to the next hour can also be returned. A few events belonging to this hour can be missing; to ensure all events from the hour are returned, round the end time up by an hour." },
    "changeFeedStartTime": { "kind": "parameter", "displayName": "Change Feed Start Time", "group": "producer", "label": "producer", "required": false, "type": "object", "javaType": "java.time.OffsetDateTime", "deprecated": false, "autowired": false, "secret": false, "configurationClass": "org.apache.camel.component.azure.storage.blob.BlobConfiguration", "configurationField": "configuration", "description": "When using getChangeFeed producer operation, this filters the results to return events approximately after the start time. Note: A few events belonging to the previous hour can also be returned. A few events belonging to this hour can be missing; to ensure all events from the hour are returned, round the start time down by an hour." },
    "closeStreamAfterWrite": { "kind": "parameter", "displayName": "Close Stream After Write", "group": "producer", "label": "producer", "required": false, "type": "boolean", "javaType": "boolean", "deprecated": false, "autowired": false, "secret": false, "defaultValue": true, "configurationClass": "org.apache.camel.component.azure.storage.blob.BlobConfiguration", "configurationField": "configuration", "description": "Close the stream after write or keep it open, default is true" },
    "commitBlockListLater": { "kind": "parameter", "displayName": "Commit Block List Later", "group": "producer", "label": "producer", "required": false, "type": "boolean", "javaType": "boolean", "deprecated": false, "autowired": false, "secret": false, "defaultValue": true, "configurationClass": "org.apache.camel.component.azure.storage.blob.BlobConfiguration", "configurationField": "configuration", "description": "When is set to true, the staged blocks will not be committed directly." },
    "createAppendBlob": { "kind": "parameter", "displayName": "Create Append Blob", "group": "producer", "label": "producer", "required": false, "type": "boolean", "javaType": "boolean", "deprecated": false, "autowired": false, "secret": false, "defaultValue": true, "configurationClass": "org.apache.camel.component.azure.storage.blob.BlobConfiguration", "configurationField": "configuration", "description": "When is set to true, the append blocks will be created when committing append blocks." },
    "createPageBlob": { "kind": "parameter", "displayName": "Create Page Blob", "group": "producer", "label": "producer", "required": false, "type": "boolean", "javaType": "boolean", "deprecated": false, "autowired": false, "secret": false, "defaultValue": true, "configurationClass": "org.apache.camel.component.azure.storage.blob.BlobConfiguration", "configurationField": "configuration", "description": "When is set to true, the page blob will be created when uploading page blob." },
    "downloadLinkExpiration": { "kind": "parameter", "displayName": "Download Link Expiration", "group": "producer", "label": "producer", "required": false, "type": "integer", "javaType": "java.lang.Long", "deprecated": false, "autowired": false, "secret": false, "configurationClass": "org.apache.camel.component.azure.storage.blob.BlobConfiguration", "configurationField": "configuration", "description": "Override the default expiration (millis) of URL download link." },
    "operation": { "kind": "parameter", "displayName": "Operation", "group": "producer", "label": "producer", "required": false, "type": "object", "javaType": "org.apache.camel.component.azure.storage.blob.BlobOperationsDefinition", "enum": [ "listBlobContainers", "createBlobContainer", "deleteBlobContainer", "listBlobs", "getBlob", "deleteBlob", "downloadBlobToFile", "downloadLink", "uploadBlockBlob", "stageBlockBlobList", "commitBlobBlockList", "getBlobBlockList", "createAppendBlob", "commitAppendBlob", "createPageBlob", "uploadPageBlob", "resizePageBlob", "clearPageBlob", "getPageBlobRanges" ], "deprecated": false, "autowired": false, "secret": false, "defaultValue": "listBlobContainers", "configurationClass": "org.apache.camel.component.azure.storage.blob.BlobConfiguration", "configurationField": "configuration", "description": "The blob operation that can be used with this component on the producer" },
    "pageBlobSize": { "kind": "parameter", "displayName": "Page Blob Size", "group": "producer", "label": "producer", "required": false, "type": "integer", "javaType": "java.lang.Long", "deprecated": false, "autowired": false, "secret": false, "defaultValue": "512", "configurationClass": "org.apache.camel.component.azure.storage.blob.BlobConfiguration", "configurationField": "configuration", "description": "Specifies the maximum size for the page blob, up to 8 TB. The page blob size must be aligned to a 512-byte boundary." },
    "lazyStartProducer": { "kind": "parameter", "displayName": "Lazy Start Producer", "group": "producer (advanced)", "label": "producer,advanced", "required": false, "type": "boolean", "javaType": "boolean", "deprecated": false, "autowired": false, "secret": false, "defaultValue": false, "description": "Whether the producer should be started lazy (on the first message). By starting lazy you can use this to allow CamelContext and routes to startup in situations where a producer may otherwise fail during starting and cause the route to fail being started. By deferring this startup to be lazy then the startup failure can be handled during routing messages via Camel's routing error handlers. Beware that when the first message is processed then creating and starting the producer may take a little time and prolong the total processing time of the processing." },
    "backoffErrorThreshold": { "kind": "parameter", "displayName": "Backoff Error Threshold", "group": "scheduler", "label": "consumer,scheduler", "required": false, "type": "integer", "javaType": "int", "deprecated": false, "autowired": false, "secret": false, "description": "The number of subsequent error polls (failed due some error) that should happen before the backoffMultipler should kick-in." },
    "backoffIdleThreshold": { "kind": "parameter", "displayName": "Backoff Idle Threshold", "group": "scheduler", "label": "consumer,scheduler", "required": false, "type": "integer", "javaType": "int", "deprecated": false, "autowired": false, "secret": false, "description": "The number of subsequent idle polls that should happen before the backoffMultipler should kick-in." },
    "backoffMultiplier": { "kind": "parameter", "displayName": "Backoff Multiplier", "group": "scheduler", "label": "consumer,scheduler", "required": false, "type": "integer", "javaType": "int", "deprecated": false, "autowired": false, "secret": false, "description": "To let the scheduled polling consumer backoff if there has been a number of subsequent idles\/errors in a row. The multiplier is then the number of polls that will be skipped before the next actual attempt is happening again. When this option is in use then backoffIdleThreshold and\/or backoffErrorThreshold must also be configured." },
    "delay": { "kind": "parameter", "displayName": "Delay", "group": "scheduler", "label": "consumer,scheduler", "required": false, "type": "integer", "javaType": "long", "deprecated": false, "autowired": false, "secret": false, "defaultValue": 500, "description": "Milliseconds before the next poll." },
    "greedy": { "kind": "parameter", "displayName": "Greedy", "group": "scheduler", "label": "consumer,scheduler", "required": false, "type": "boolean", "javaType": "boolean", "deprecated": false, "autowired": false, "secret": false, "defaultValue": false, "description": "If greedy is enabled, then the ScheduledPollConsumer will run immediately again, if the previous run polled 1 or more messages." },
    "initialDelay": { "kind": "parameter", "displayName": "Initial Delay", "group": "scheduler", "label": "consumer,scheduler", "required": false, "type": "integer", "javaType": "long", "deprecated": false, "autowired": false, "secret": false, "defaultValue": 1000, "description": "Milliseconds before the first poll starts." },
    "repeatCount": { "kind": "parameter", "displayName": "Repeat Count", "group": "scheduler", "label": "consumer,scheduler", "required": false, "type": "integer", "javaType": "long", "deprecated": false, "autowired": false, "secret": false, "defaultValue": 0, "description": "Specifies a maximum limit of number of fires. So if you set it to 1, the scheduler will only fire once. If you set it to 5, it will only fire five times. A value of zero or negative means fire forever." },
    "runLoggingLevel": { "kind": "parameter", "displayName": "Run Logging Level", "group": "scheduler", "label": "consumer,scheduler", "required": false, "type": "object", "javaType": "org.apache.camel.LoggingLevel", "enum": [ "TRACE", "DEBUG", "INFO", "WARN", "ERROR", "OFF" ], "deprecated": false, "autowired": false, "secret": false, "defaultValue": "TRACE", "description": "The consumer logs a start\/complete log line when it polls. This option allows you to configure the logging level for that." },
    "scheduledExecutorService": { "kind": "parameter", "displayName": "Scheduled Executor Service", "group": "scheduler", "label": "consumer,scheduler", "required": false, "type": "object", "javaType": "java.util.concurrent.ScheduledExecutorService", "deprecated": false, "autowired": false, "secret": false, "description": "Allows for configuring a custom\/shared thread pool to use for the consumer. By default each consumer has its own single threaded thread pool." },
    "scheduler": { "kind": "parameter", "displayName": "Scheduler", "group": "scheduler", "label": "consumer,scheduler", "required": false, "type": "object", "javaType": "java.lang.Object", "deprecated": false, "autowired": false, "secret": false, "defaultValue": "none", "description": "To use a cron scheduler from either camel-spring or camel-quartz component. Use value spring or quartz for built in scheduler" },
    "schedulerProperties": { "kind": "parameter", "displayName": "Scheduler Properties", "group": "scheduler", "label": "consumer,scheduler", "required": false, "type": "object", "javaType": "java.util.Map<java.lang.String, java.lang.Object>", "prefix": "scheduler.", "multiValue": true, "deprecated": false, "autowired": false, "secret": false, "description": "To configure additional properties when using a custom scheduler or any of the Quartz, Spring based scheduler." },
    "startScheduler": { "kind": "parameter", "displayName": "Start Scheduler", "group": "scheduler", "label": "consumer,scheduler", "required": false, "type": "boolean", "javaType": "boolean", "deprecated": false, "autowired": false, "secret": false, "defaultValue": true, "description": "Whether the scheduler should be auto started." },
    "timeUnit": { "kind": "parameter", "displayName": "Time Unit", "group": "scheduler", "label": "consumer,scheduler", "required": false, "type": "object", "javaType": "java.util.concurrent.TimeUnit", "enum": [ "NANOSECONDS", "MICROSECONDS", "MILLISECONDS", "SECONDS", "MINUTES", "HOURS", "DAYS" ], "deprecated": false, "autowired": false, "secret": false, "defaultValue": "MILLISECONDS", "description": "Time unit for initialDelay and delay options." },
    "useFixedDelay": { "kind": "parameter", "displayName": "Use Fixed Delay", "group": "scheduler", "label": "consumer,scheduler", "required": false, "type": "boolean", "javaType": "boolean", "deprecated": false, "autowired": false, "secret": false, "defaultValue": true, "description": "Controls if fixed delay or fixed rate is used. See ScheduledExecutorService in JDK for details." },
    "accessKey": { "kind": "parameter", "displayName": "Access Key", "group": "security", "label": "security", "required": false, "type": "string", "javaType": "java.lang.String", "deprecated": false, "autowired": false, "secret": true, "configurationClass": "org.apache.camel.component.azure.storage.blob.BlobConfiguration", "configurationField": "configuration", "description": "Access key for the associated azure account name to be used for authentication with azure blob services" },
    "sourceBlobAccessKey": { "kind": "parameter", "displayName": "Source Blob Access Key", "group": "security", "label": "security", "required": false, "type": "string", "javaType": "java.lang.String", "deprecated": false, "autowired": false, "secret": true, "configurationClass": "org.apache.camel.component.azure.storage.blob.BlobConfiguration", "configurationField": "configuration", "description": "Source Blob Access Key: for copyblob operation, sadly, we need to have an accessKey for the source blob we want to copy Passing an accessKey as header, it's unsafe so we could set as key." }
  }
}
