{
  "component": {
    "kind": "component",
    "name": "docker",
    "title": "Docker",
    "description": "Manage Docker containers.",
    "deprecated": false,
    "firstVersion": "2.15.0",
    "label": "cloud,container,paas",
    "javaType": "org.apache.camel.component.docker.DockerComponent",
    "supportLevel": "Stable",
    "groupId": "org.apache.camel",
    "artifactId": "camel-docker",
    "version": "3.20.2-SNAPSHOT",
    "scheme": "docker",
    "extendsScheme": "",
    "syntax": "docker:operation",
    "async": false,
    "api": false,
    "consumerOnly": false,
    "producerOnly": false,
    "lenientProperties": true
  },
  "componentProperties": {
    "configuration": { "kind": "property", "displayName": "Configuration", "group": "common", "label": "", "required": false, "type": "object", "javaType": "org.apache.camel.component.docker.DockerConfiguration", "deprecated": false, "autowired": false, "secret": false, "description": "To use the shared docker configuration" },
    "email": { "kind": "property", "displayName": "Email", "group": "common", "label": "", "required": false, "type": "string", "javaType": "java.lang.String", "deprecated": false, "autowired": false, "secret": false, "configurationClass": "org.apache.camel.component.docker.DockerConfiguration", "configurationField": "configuration", "description": "Email address associated with the user" },
    "host": { "kind": "property", "displayName": "Host", "group": "common", "label": "", "required": true, "type": "string", "javaType": "java.lang.String", "deprecated": false, "deprecationNote": "", "autowired": false, "secret": false, "defaultValue": "localhost", "configurationClass": "org.apache.camel.component.docker.DockerConfiguration", "configurationField": "configuration", "description": "Docker host" },
    "port": { "kind": "property", "displayName": "Port", "group": "common", "label": "", "required": false, "type": "integer", "javaType": "java.lang.Integer", "deprecated": false, "autowired": false, "secret": false, "defaultValue": "2375", "configurationClass": "org.apache.camel.component.docker.DockerConfiguration", "configurationField": "configuration", "description": "Docker port" },
    "requestTimeout": { "kind": "property", "displayName": "Request Timeout", "group": "common", "label": "", "required": false, "type": "integer", "javaType": "java.lang.Integer", "deprecated": false, "autowired": false, "secret": false, "configurationClass": "org.apache.camel.component.docker.DockerConfiguration", "configurationField": "configuration", "description": "Request timeout for response (in seconds)" },
    "bridgeErrorHandler": { "kind": "property", "displayName": "Bridge Error Handler", "group": "consumer", "label": "consumer", "required": false, "type": "boolean", "javaType": "boolean", "deprecated": false, "autowired": false, "secret": false, "defaultValue": false, "description": "Allows for bridging the consumer to the Camel routing Error Handler, which mean any exceptions occurred while the consumer is trying to pickup incoming messages, or the likes, will now be processed as a message and handled by the routing Error Handler. By default the consumer will use the org.apache.camel.spi.ExceptionHandler to deal with exceptions, that will be logged at WARN or ERROR level and ignored." },
    "lazyStartProducer": { "kind": "property", "displayName": "Lazy Start Producer", "group": "producer", "label": "producer", "required": false, "type": "boolean", "javaType": "boolean", "deprecated": false, "autowired": false, "secret": false, "defaultValue": false, "description": "Whether the producer should be started lazy (on the first message). By starting lazy you can use this to allow CamelContext and routes to startup in situations where a producer may otherwise fail during starting and cause the route to fail being started. By deferring this startup to be lazy then the startup failure can be handled during routing messages via Camel's routing error handlers. Beware that when the first message is processed then creating and starting the producer may take a little time and prolong the total processing time of the processing." },
    "autowiredEnabled": { "kind": "property", "displayName": "Autowired Enabled", "group": "advanced", "label": "advanced", "required": false, "type": "boolean", "javaType": "boolean", "deprecated": false, "autowired": false, "secret": false, "defaultValue": true, "description": "Whether autowiring is enabled. This is used for automatic autowiring options (the option must be marked as autowired) by looking up in the registry to find if there is a single instance of matching type, which then gets configured on the component. This can be used for automatic configuring JDBC data sources, JMS connection factories, AWS Clients, etc." },
    "cmdExecFactory": { "kind": "property", "displayName": "Cmd Exec Factory", "group": "advanced", "label": "advanced", "required": false, "type": "string", "javaType": "java.lang.String", "deprecated": false, "autowired": false, "secret": false, "defaultValue": "com.github.dockerjava.netty.NettyDockerCmdExecFactory", "configurationClass": "org.apache.camel.component.docker.DockerConfiguration", "configurationField": "configuration", "description": "The fully qualified class name of the DockerCmdExecFactory implementation to use" },
    "followRedirectFilter": { "kind": "property", "displayName": "Follow Redirect Filter", "group": "advanced", "label": "advanced", "required": false, "type": "boolean", "javaType": "boolean", "deprecated": false, "autowired": false, "secret": false, "defaultValue": false, "configurationClass": "org.apache.camel.component.docker.DockerConfiguration", "configurationField": "configuration", "description": "Whether to follow redirect filter" },
    "loggingFilter": { "kind": "property", "displayName": "Logging Filter", "group": "advanced", "label": "advanced", "required": false, "type": "boolean", "javaType": "boolean", "deprecated": false, "autowired": false, "secret": false, "defaultValue": false, "configurationClass": "org.apache.camel.component.docker.DockerConfiguration", "configurationField": "configuration", "description": "Whether to use logging filter" },
    "maxPerRouteConnections": { "kind": "property", "displayName": "Max Per Route Connections", "group": "advanced", "label": "advanced", "required": false, "type": "integer", "javaType": "java.lang.Integer", "deprecated": false, "autowired": false, "secret": false, "defaultValue": "100", "configurationClass": "org.apache.camel.component.docker.DockerConfiguration", "configurationField": "configuration", "description": "Maximum route connections" },
    "maxTotalConnections": { "kind": "property", "displayName": "Max Total Connections", "group": "advanced", "label": "advanced", "required": false, "type": "integer", "javaType": "java.lang.Integer", "deprecated": false, "autowired": false, "secret": false, "defaultValue": "100", "configurationClass": "org.apache.camel.component.docker.DockerConfiguration", "configurationField": "configuration", "description": "Maximum total connections" },
    "parameters": { "kind": "property", "displayName": "Parameters", "group": "advanced", "label": "advanced", "required": false, "type": "object", "javaType": "java.util.Map<java.lang.String, java.lang.Object>", "deprecated": false, "autowired": false, "secret": false, "configurationClass": "org.apache.camel.component.docker.DockerConfiguration", "configurationField": "configuration", "description": "Additional configuration parameters as key\/value pairs" },
    "serverAddress": { "kind": "property", "displayName": "Server Address", "group": "advanced", "label": "advanced", "required": false, "type": "string", "javaType": "java.lang.String", "deprecated": false, "autowired": false, "secret": false, "defaultValue": "https:\/\/index.docker.io\/v1\/", "configurationClass": "org.apache.camel.component.docker.DockerConfiguration", "configurationField": "configuration", "description": "Server address for docker registry." },
    "socket": { "kind": "property", "displayName": "Socket", "group": "advanced", "label": "advanced", "required": false, "type": "boolean", "javaType": "boolean", "deprecated": false, "autowired": false, "secret": false, "defaultValue": true, "configurationClass": "org.apache.camel.component.docker.DockerConfiguration", "configurationField": "configuration", "description": "Socket connection mode" },
    "certPath": { "kind": "property", "displayName": "Cert Path", "group": "security", "label": "security", "required": false, "type": "string", "javaType": "java.lang.String", "deprecated": false, "autowired": false, "secret": false, "configurationClass": "org.apache.camel.component.docker.DockerConfiguration", "configurationField": "configuration", "description": "Location containing the SSL certificate chain" },
    "password": { "kind": "property", "displayName": "Password", "group": "security", "label": "security", "required": false, "type": "string", "javaType": "java.lang.String", "deprecated": false, "autowired": false, "secret": true, "configurationClass": "org.apache.camel.component.docker.DockerConfiguration", "configurationField": "configuration", "description": "Password to authenticate with" },
    "secure": { "kind": "property", "displayName": "Secure", "group": "security", "label": "security", "required": false, "type": "boolean", "javaType": "boolean", "deprecated": false, "autowired": false, "secret": false, "defaultValue": false, "configurationClass": "org.apache.camel.component.docker.DockerConfiguration", "configurationField": "configuration", "description": "Use HTTPS communication" },
    "tlsVerify": { "kind": "property", "displayName": "Tls Verify", "group": "security", "label": "security", "required": false, "type": "boolean", "javaType": "boolean", "deprecated": false, "autowired": false, "secret": false, "defaultValue": false, "configurationClass": "org.apache.camel.component.docker.DockerConfiguration", "configurationField": "configuration", "description": "Check TLS" },
    "username": { "kind": "property", "displayName": "Username", "group": "security", "label": "security", "required": false, "type": "string", "javaType": "java.lang.String", "deprecated": false, "autowired": false, "secret": true, "configurationClass": "org.apache.camel.component.docker.DockerConfiguration", "configurationField": "configuration", "description": "User name to authenticate with" }
  },
  "headers": {
    "CamelDockerRequestTimeout": { "kind": "header", "displayName": "", "group": "common", "label": "", "required": false, "javaType": "Integer", "deprecated": false, "deprecationNote": "", "autowired": false, "secret": false, "description": "The request timeout for response (in seconds)", "constantName": "org.apache.camel.component.docker.DockerConstants#DOCKER_API_REQUEST_TIMEOUT" },
    "CamelDockerCertPath": { "kind": "header", "displayName": "", "group": "common", "label": "", "required": false, "javaType": "String", "deprecated": false, "deprecationNote": "", "autowired": false, "secret": false, "description": "The location containing the SSL certificate chain", "constantName": "org.apache.camel.component.docker.DockerConstants#DOCKER_CERT_PATH" },
    "CamelDockerHost": { "kind": "header", "displayName": "", "group": "common", "label": "", "required": false, "javaType": "String", "deprecated": false, "deprecationNote": "", "autowired": false, "secret": false, "description": "The docker host", "constantName": "org.apache.camel.component.docker.DockerConstants#DOCKER_HOST" },
    "CamelDockerPort": { "kind": "header", "displayName": "", "group": "common", "label": "", "required": false, "javaType": "Integer", "deprecated": false, "deprecationNote": "", "autowired": false, "secret": false, "description": "The docker port", "constantName": "org.apache.camel.component.docker.DockerConstants#DOCKER_PORT" },
    "CamelDockerMaxPerRouteConnections": { "kind": "header", "displayName": "", "group": "common", "label": "", "required": false, "javaType": "Integer", "deprecated": false, "deprecationNote": "", "autowired": false, "secret": false, "description": "The maximum route connections", "constantName": "org.apache.camel.component.docker.DockerConstants#DOCKER_MAX_PER_ROUTE_CONNECTIONS" },
    "CamelDockerMaxTotalConnections": { "kind": "header", "displayName": "", "group": "common", "label": "", "required": false, "javaType": "Integer", "deprecated": false, "deprecationNote": "", "autowired": false, "secret": false, "description": "The maximum total connections", "constantName": "org.apache.camel.component.docker.DockerConstants#DOCKER_MAX_TOTAL_CONNECTIONS" },
    "CamelDockerSecure": { "kind": "header", "displayName": "", "group": "common", "label": "", "required": false, "javaType": "Boolean", "deprecated": false, "deprecationNote": "", "autowired": false, "secret": false, "defaultValue": "false", "description": "Use HTTPS communication", "constantName": "org.apache.camel.component.docker.DockerConstants#DOCKER_SECURE" },
    "CamelDockerTlsVerify": { "kind": "header", "displayName": "", "group": "common", "label": "", "required": false, "javaType": "Boolean", "deprecated": false, "deprecationNote": "", "autowired": false, "secret": false, "defaultValue": "false", "description": "Check TLS", "constantName": "org.apache.camel.component.docker.DockerConstants#DOCKER_TLSVERIFY" },
    "CamelDockerSocketEnabled": { "kind": "header", "displayName": "", "group": "common", "label": "", "required": false, "javaType": "Boolean", "deprecated": false, "deprecationNote": "", "autowired": false, "secret": false, "defaultValue": "true", "description": "Socket connection mode", "constantName": "org.apache.camel.component.docker.DockerConstants#DOCKER_SOCKET_ENABLED" },
    "CamelDockerCmdExecFactory": { "kind": "header", "displayName": "", "group": "common", "label": "", "required": false, "javaType": "String", "deprecated": false, "deprecationNote": "", "autowired": false, "secret": false, "description": "The fully qualified class name of the DockerCmdExecFactory implementation to use", "constantName": "org.apache.camel.component.docker.DockerConstants#DOCKER_CMD_EXEC_FACTORY" },
    "CamelDockerFilter": { "kind": "header", "displayName": "", "group": "common", "label": "", "required": false, "javaType": "String", "deprecated": false, "deprecationNote": "", "autowired": false, "secret": false, "description": "With label filter", "constantName": "org.apache.camel.component.docker.DockerConstants#DOCKER_FILTER" },
    "CamelDockerShowAll": { "kind": "header", "displayName": "", "group": "common", "label": "", "required": false, "javaType": "Boolean", "deprecated": false, "deprecationNote": "", "autowired": false, "secret": false, "description": "With show all flag", "constantName": "org.apache.camel.component.docker.DockerConstants#DOCKER_SHOW_ALL" },
    "CamelDockerContainerId": { "kind": "header", "displayName": "", "group": "common", "label": "", "required": false, "javaType": "String", "deprecated": false, "deprecationNote": "", "autowired": false, "secret": false, "description": "The id of the container", "constantName": "org.apache.camel.component.docker.DockerConstants#DOCKER_CONTAINER_ID" },
    "CamelDockerImageId": { "kind": "header", "displayName": "", "group": "common", "label": "", "required": false, "javaType": "String", "deprecated": false, "deprecationNote": "", "autowired": false, "secret": false, "description": "The Image ID", "constantName": "org.apache.camel.component.docker.DockerConstants#DOCKER_IMAGE_ID" },
    "CamelDockerEmail": { "kind": "header", "displayName": "", "group": "common", "label": "", "required": false, "javaType": "String", "deprecated": false, "deprecationNote": "", "autowired": false, "secret": false, "description": "The email address associated with the user", "constantName": "org.apache.camel.component.docker.DockerConstants#DOCKER_EMAIL" },
    "CamelDockerPassword": { "kind": "header", "displayName": "", "group": "common", "label": "", "required": false, "javaType": "String", "deprecated": false, "deprecationNote": "", "autowired": false, "secret": false, "description": "The password to authenticate with", "constantName": "org.apache.camel.component.docker.DockerConstants#DOCKER_PASSWORD" },
    "CamelDockerServerAddress": { "kind": "header", "displayName": "", "group": "common", "label": "", "required": false, "javaType": "String", "deprecated": false, "deprecationNote": "", "autowired": false, "secret": false, "description": "The server address for docker registry", "constantName": "org.apache.camel.component.docker.DockerConstants#DOCKER_SERVER_ADDRESS" },
    "CamelDockerUsername": { "kind": "header", "displayName": "", "group": "common", "label": "", "required": false, "javaType": "String", "deprecated": false, "deprecationNote": "", "autowired": false, "secret": false, "description": "The user name to authenticate with", "constantName": "org.apache.camel.component.docker.DockerConstants#DOCKER_USERNAME" },
    "CamelDockerRegistry": { "kind": "header", "displayName": "", "group": "common", "label": "", "required": false, "javaType": "String", "deprecated": false, "deprecationNote": "", "autowired": false, "secret": false, "description": "The registry", "constantName": "org.apache.camel.component.docker.DockerConstants#DOCKER_REGISTRY" },
    "CamelDockerRepository": { "kind": "header", "displayName": "", "group": "common", "label": "", "required": false, "javaType": "String", "deprecated": false, "deprecationNote": "", "autowired": false, "secret": false, "description": "The repository", "constantName": "org.apache.camel.component.docker.DockerConstants#DOCKER_REPOSITORY" },
    "CamelDockerTag": { "kind": "header", "displayName": "", "group": "common", "label": "", "required": false, "javaType": "String", "deprecated": false, "deprecationNote": "", "autowired": false, "secret": false, "description": "The tag", "constantName": "org.apache.camel.component.docker.DockerConstants#DOCKER_TAG" },
    "CamelDockerName": { "kind": "header", "displayName": "", "group": "common", "label": "", "required": false, "javaType": "String", "deprecated": false, "deprecationNote": "", "autowired": false, "secret": false, "description": "The image name", "constantName": "org.apache.camel.component.docker.DockerConstants#DOCKER_NAME" },
    "CamelDockerTerm": { "kind": "header", "displayName": "", "group": "common", "label": "", "required": false, "javaType": "String", "deprecated": false, "deprecationNote": "", "autowired": false, "secret": false, "description": "The term to search", "constantName": "org.apache.camel.component.docker.DockerConstants#DOCKER_TERM" },
    "CamelDockerForce": { "kind": "header", "displayName": "", "group": "common", "label": "", "required": false, "javaType": "Boolean", "deprecated": false, "deprecationNote": "", "autowired": false, "secret": false, "description": "With force flag", "constantName": "org.apache.camel.component.docker.DockerConstants#DOCKER_FORCE" },
    "CamelDockerNoPrune": { "kind": "header", "displayName": "", "group": "common", "label": "", "required": false, "javaType": "Boolean", "deprecated": false, "deprecationNote": "", "autowired": false, "secret": false, "description": "With no prune flag", "constantName": "org.apache.camel.component.docker.DockerConstants#DOCKER_NO_PRUNE" },
    "CamelDockerInitialRange": { "kind": "header", "displayName": "", "group": "common", "label": "", "required": false, "javaType": "Long", "deprecated": false, "deprecationNote": "", "autowired": false, "secret": false, "description": "The initial range", "constantName": "org.apache.camel.component.docker.DockerConstants#DOCKER_INITIAL_RANGE" },
    "CamelDockerBefore": { "kind": "header", "displayName": "", "group": "common", "label": "", "required": false, "javaType": "String", "deprecated": false, "deprecationNote": "", "autowired": false, "secret": false, "description": "With before", "constantName": "org.apache.camel.component.docker.DockerConstants#DOCKER_BEFORE" },
    "CamelDockerLimit": { "kind": "header", "displayName": "", "group": "common", "label": "", "required": false, "javaType": "Integer", "deprecated": false, "deprecationNote": "", "autowired": false, "secret": false, "description": "With limit", "constantName": "org.apache.camel.component.docker.DockerConstants#DOCKER_LIMIT" },
    "CamelDockerShowSize": { "kind": "header", "displayName": "", "group": "common", "label": "", "required": false, "javaType": "Boolean", "deprecated": false, "deprecationNote": "", "autowired": false, "secret": false, "description": "With show size flag", "constantName": "org.apache.camel.component.docker.DockerConstants#DOCKER_SHOW_SIZE" },
    "CamelDockerSince": { "kind": "header", "displayName": "", "group": "common", "label": "", "required": false, "javaType": "String", "deprecated": false, "deprecationNote": "", "autowired": false, "secret": false, "description": "With since", "constantName": "org.apache.camel.component.docker.DockerConstants#DOCKER_SINCE" },
    "CamelDockerRemoveVolumes": { "kind": "header", "displayName": "", "group": "common", "label": "", "required": false, "javaType": "Boolean", "deprecated": false, "deprecationNote": "", "autowired": false, "secret": false, "description": "With remove volumes flag", "constantName": "org.apache.camel.component.docker.DockerConstants#DOCKER_REMOVE_VOLUMES" },
    "CamelDockerFollowStream": { "kind": "header", "displayName": "", "group": "common", "label": "", "required": false, "javaType": "Boolean", "deprecated": false, "deprecationNote": "", "autowired": false, "secret": false, "description": "With follow stream flag", "constantName": "org.apache.camel.component.docker.DockerConstants#DOCKER_FOLLOW_STREAM" },
    "CamelDockerLogs": { "kind": "header", "displayName": "", "group": "common", "label": "", "required": false, "javaType": "Boolean", "deprecated": false, "deprecationNote": "", "autowired": false, "secret": false, "description": "With logs flag", "constantName": "org.apache.camel.component.docker.DockerConstants#DOCKER_LOGS" },
    "CamelDockerStdErr": { "kind": "header", "displayName": "", "group": "common", "label": "", "required": false, "javaType": "Boolean", "deprecated": false, "deprecationNote": "", "autowired": false, "secret": false, "description": "With stdErr flag", "constantName": "org.apache.camel.component.docker.DockerConstants#DOCKER_STD_ERR" },
    "CamelDockerStdOut": { "kind": "header", "displayName": "", "group": "common", "label": "", "required": false, "javaType": "Boolean", "deprecated": false, "deprecationNote": "", "autowired": false, "secret": false, "description": "With stdOut flag", "constantName": "org.apache.camel.component.docker.DockerConstants#DOCKER_STD_OUT" },
    "CamelDockerTimestamps": { "kind": "header", "displayName": "", "group": "common", "label": "", "required": false, "javaType": "Boolean", "deprecated": false, "deprecationNote": "", "autowired": false, "secret": false, "description": "With timestamps flag", "constantName": "org.apache.camel.component.docker.DockerConstants#DOCKER_TIMESTAMPS" },
    "CamelDockerTail": { "kind": "header", "displayName": "", "group": "common", "label": "", "required": false, "javaType": "Integer", "deprecated": false, "deprecationNote": "", "autowired": false, "secret": false, "description": "With Tail", "constantName": "org.apache.camel.component.docker.DockerConstants#DOCKER_TAIL" },
    "CamelDockerTailAll": { "kind": "header", "displayName": "", "group": "common", "label": "", "required": false, "javaType": "Boolean", "deprecated": false, "deprecationNote": "", "autowired": false, "secret": false, "description": "With tail all flag", "constantName": "org.apache.camel.component.docker.DockerConstants#DOCKER_TAIL_ALL" },
    "CamelDockerHostPath": { "kind": "header", "displayName": "", "group": "common", "label": "", "required": false, "javaType": "String", "deprecated": false, "deprecationNote": "", "autowired": false, "secret": false, "description": "The host path", "constantName": "org.apache.camel.component.docker.DockerConstants#DOCKER_HOST_PATH" },
    "CamelDockerResource": { "kind": "header", "displayName": "", "group": "common", "label": "", "required": false, "javaType": "String", "deprecated": false, "deprecationNote": "", "autowired": false, "secret": false, "description": "The resource", "constantName": "org.apache.camel.component.docker.DockerConstants#DOCKER_RESOURCE" },
    "CamelDockerContainerIdDiff": { "kind": "header", "displayName": "", "group": "common", "label": "", "required": false, "javaType": "String", "deprecated": false, "deprecationNote": "", "autowired": false, "secret": false, "description": "With container id for diff container request", "constantName": "org.apache.camel.component.docker.DockerConstants#DOCKER_CONTAINER_ID_DIFF" },
    "CamelDockerTimeout": { "kind": "header", "displayName": "", "group": "common", "label": "", "required": false, "javaType": "Integer", "deprecated": false, "deprecationNote": "", "autowired": false, "secret": false, "description": "With timeout", "constantName": "org.apache.camel.component.docker.DockerConstants#DOCKER_TIMEOUT" },
    "CamelDockerSignal": { "kind": "header", "displayName": "", "group": "common", "label": "", "required": false, "javaType": "String", "deprecated": false, "deprecationNote": "", "autowired": false, "secret": false, "description": "With signal", "constantName": "org.apache.camel.component.docker.DockerConstants#DOCKER_SIGNAL" },
    "CamelDockerPsArgs": { "kind": "header", "displayName": "", "group": "common", "label": "", "required": false, "javaType": "String", "deprecated": false, "deprecationNote": "", "autowired": false, "secret": false, "description": "With ps args", "constantName": "org.apache.camel.component.docker.DockerConstants#DOCKER_PS_ARGS" },
    "CamelDockerNoCache": { "kind": "header", "displayName": "", "group": "common", "label": "", "required": false, "javaType": "Boolean", "deprecated": false, "deprecationNote": "", "autowired": false, "secret": false, "description": "With no cache flag", "constantName": "org.apache.camel.component.docker.DockerConstants#DOCKER_NO_CACHE" },
    "CamelDockerQuiet": { "kind": "header", "displayName": "", "group": "common", "label": "", "required": false, "javaType": "Boolean", "deprecated": false, "deprecationNote": "", "autowired": false, "secret": false, "description": "With quiet flag", "constantName": "org.apache.camel.component.docker.DockerConstants#DOCKER_QUIET" },
    "CamelDockerRemove": { "kind": "header", "displayName": "", "group": "common", "label": "", "required": false, "javaType": "Boolean", "deprecated": false, "deprecationNote": "", "autowired": false, "secret": false, "description": "With remove flag", "constantName": "org.apache.camel.component.docker.DockerConstants#DOCKER_REMOVE" },
    "CamelDockerAttachStdErr": { "kind": "header", "displayName": "", "group": "common", "label": "", "required": false, "javaType": "Boolean", "deprecated": false, "deprecationNote": "", "autowired": false, "secret": false, "description": "With attach StdErr flag", "constantName": "org.apache.camel.component.docker.DockerConstants#DOCKER_ATTACH_STD_ERR" },
    "CamelDockerAttachStdIn": { "kind": "header", "displayName": "", "group": "common", "label": "", "required": false, "javaType": "Boolean", "deprecated": false, "deprecationNote": "", "autowired": false, "secret": false, "description": "With attach StdIn flag", "constantName": "org.apache.camel.component.docker.DockerConstants#DOCKER_ATTACH_STD_IN" },
    "CamelDockerAttachStdOut": { "kind": "header", "displayName": "", "group": "common", "label": "", "required": false, "javaType": "Boolean", "deprecated": false, "deprecationNote": "", "autowired": false, "secret": false, "description": "With attach StdOut flag", "constantName": "org.apache.camel.component.docker.DockerConstants#DOCKER_ATTACH_STD_OUT" },
    "CamelDockerAuthor": { "kind": "header", "displayName": "", "group": "common", "label": "", "required": false, "javaType": "String", "deprecated": false, "deprecationNote": "", "autowired": false, "secret": false, "description": "The author", "constantName": "org.apache.camel.component.docker.DockerConstants#DOCKER_AUTHOR" },
    "CamelDockerCmd": { "kind": "header", "displayName": "", "group": "common", "label": "", "required": false, "javaType": "String or String[]", "deprecated": false, "deprecationNote": "", "autowired": false, "secret": false, "description": "With cmd", "constantName": "org.apache.camel.component.docker.DockerConstants#DOCKER_CMD" },
    "CamelDockerDisableNetwork": { "kind": "header", "displayName": "", "group": "common", "label": "", "required": false, "javaType": "Boolean", "deprecated": false, "deprecationNote": "", "autowired": false, "secret": false, "description": "With disable network flag", "constantName": "org.apache.camel.component.docker.DockerConstants#DOCKER_DISABLE_NETWORK" },
    "CamelDockerEnv": { "kind": "header", "displayName": "", "group": "common", "label": "", "required": false, "javaType": "String or String[]", "deprecated": false, "deprecationNote": "", "autowired": false, "secret": false, "description": "With env", "constantName": "org.apache.camel.component.docker.DockerConstants#DOCKER_ENV" },
    "CamelDockerExposedPorts": { "kind": "header", "displayName": "", "group": "common", "label": "", "required": false, "javaType": "ExposedPorts or ExposedPorts[]", "deprecated": false, "deprecationNote": "", "autowired": false, "secret": false, "description": "The exposed ports", "constantName": "org.apache.camel.component.docker.DockerConstants#DOCKER_EXPOSED_PORTS" },
    "CamelDockerHostname": { "kind": "header", "displayName": "", "group": "common", "label": "", "required": false, "javaType": "String", "deprecated": false, "deprecationNote": "", "autowired": false, "secret": false, "description": "The hostname", "constantName": "org.apache.camel.component.docker.DockerConstants#DOCKER_HOSTNAME" },
    "CamelDockerMessage": { "kind": "header", "displayName": "", "group": "common", "label": "", "required": false, "javaType": "String", "deprecated": false, "deprecationNote": "", "autowired": false, "secret": false, "description": "The message", "constantName": "org.apache.camel.component.docker.DockerConstants#DOCKER_MESSAGE" },
    "CamelDockerMemory": { "kind": "header", "displayName": "", "group": "common", "label": "", "required": false, "javaType": "Integer", "deprecated": false, "deprecationNote": "", "autowired": false, "secret": false, "description": "With memory", "constantName": "org.apache.camel.component.docker.DockerConstants#DOCKER_MEMORY" },
    "CamelDockerMemorySwap": { "kind": "header", "displayName": "", "group": "common", "label": "", "required": false, "javaType": "Long or Integer", "deprecated": false, "deprecationNote": "", "autowired": false, "secret": false, "description": "With memory swap", "constantName": "org.apache.camel.component.docker.DockerConstants#DOCKER_MEMORY_SWAP" },
    "CamelDockerOpenStdIn": { "kind": "header", "displayName": "", "group": "common", "label": "", "required": false, "javaType": "Boolean", "deprecated": false, "deprecationNote": "", "autowired": false, "secret": false, "description": "With open StdIn flag", "constantName": "org.apache.camel.component.docker.DockerConstants#DOCKER_OPEN_STD_IN" },
    "CamelDockerPause": { "kind": "header", "displayName": "", "group": "common", "label": "", "required": false, "javaType": "Boolean", "deprecated": false, "deprecationNote": "", "autowired": false, "secret": false, "description": "With pause flag", "constantName": "org.apache.camel.component.docker.DockerConstants#DOCKER_PAUSE" },
    "CamelDockerPortSpecs": { "kind": "header", "displayName": "", "group": "common", "label": "", "required": false, "javaType": "String or String[]", "deprecated": false, "deprecationNote": "", "autowired": false, "secret": false, "description": "With port specs", "constantName": "org.apache.camel.component.docker.DockerConstants#DOCKER_PORT_SPECS" },
    "CamelDockerStdInOnce": { "kind": "header", "displayName": "", "group": "common", "label": "", "required": false, "javaType": "Boolean", "deprecated": false, "deprecationNote": "", "autowired": false, "secret": false, "description": "With StdIn in once flag", "constantName": "org.apache.camel.component.docker.DockerConstants#DOCKER_STD_IN_ONCE" },
    "CamelDockerTty": { "kind": "header", "displayName": "", "group": "common", "label": "", "required": false, "javaType": "Boolean", "deprecated": false, "deprecationNote": "", "autowired": false, "secret": false, "description": "With TTY flag", "constantName": "org.apache.camel.component.docker.DockerConstants#DOCKER_TTY" },
    "CamelDockerUser": { "kind": "header", "displayName": "", "group": "common", "label": "", "required": false, "javaType": "String", "deprecated": false, "deprecationNote": "", "autowired": false, "secret": false, "description": "With user", "constantName": "org.apache.camel.component.docker.DockerConstants#DOCKER_USER" },
    "CamelDockerVolumes": { "kind": "header", "displayName": "", "group": "common", "label": "", "required": false, "javaType": "Volume or Volume[]", "deprecated": false, "deprecationNote": "", "autowired": false, "secret": false, "description": "With volumes", "constantName": "org.apache.camel.component.docker.DockerConstants#DOCKER_VOLUMES" },
    "CamelDockerWorkingDir": { "kind": "header", "displayName": "", "group": "common", "label": "", "required": false, "javaType": "String", "deprecated": false, "deprecationNote": "", "autowired": false, "secret": false, "description": "With working directory", "constantName": "org.apache.camel.component.docker.DockerConstants#DOCKER_WORKING_DIR" },
    "CamelDockerCpuShares": { "kind": "header", "displayName": "", "group": "common", "label": "", "required": false, "javaType": "Integer", "deprecated": false, "deprecationNote": "", "autowired": false, "secret": false, "description": "With CPU shares", "constantName": "org.apache.camel.component.docker.DockerConstants#DOCKER_CPU_SHARES" },
    "CamelDockerDns": { "kind": "header", "displayName": "", "group": "common", "label": "", "required": false, "javaType": "String or String[]", "deprecated": false, "deprecationNote": "", "autowired": false, "secret": false, "description": "With dns", "constantName": "org.apache.camel.component.docker.DockerConstants#DOCKER_DNS" },
    "CamelDockerEntryPoint": { "kind": "header", "displayName": "", "group": "common", "label": "", "required": false, "javaType": "String or String[]", "deprecated": false, "deprecationNote": "", "autowired": false, "secret": false, "description": "With entrypoint", "constantName": "org.apache.camel.component.docker.DockerConstants#DOCKER_ENTRYPOINT" },
    "CamelDockerHostConfig": { "kind": "header", "displayName": "", "group": "common", "label": "", "required": false, "javaType": "com.github.dockerjava.api.model.HostConfig", "deprecated": false, "deprecationNote": "", "autowired": false, "secret": false, "description": "With host config", "constantName": "org.apache.camel.component.docker.DockerConstants#DOCKER_HOST_CONFIG" },
    "CamelDockerImage": { "kind": "header", "displayName": "", "group": "common", "label": "", "required": false, "javaType": "String", "deprecated": false, "deprecationNote": "", "autowired": false, "secret": false, "description": "The docker image", "constantName": "org.apache.camel.component.docker.DockerConstants#DOCKER_IMAGE" },
    "CamelDockerMemoryLimit": { "kind": "header", "displayName": "", "group": "common", "label": "", "required": false, "javaType": "Long", "deprecated": false, "deprecationNote": "", "autowired": false, "secret": false, "description": "With memory limit", "constantName": "org.apache.camel.component.docker.DockerConstants#DOCKER_MEMORY_LIMIT" },
    "CamelDockerStdInOpen": { "kind": "header", "displayName": "", "group": "common", "label": "", "required": false, "javaType": "Boolean", "deprecated": false, "deprecationNote": "", "autowired": false, "secret": false, "description": "With StdIn in open flag", "constantName": "org.apache.camel.component.docker.DockerConstants#DOCKER_STD_IN_OPEN" },
    "CamelDockerVolumesFrom": { "kind": "header", "displayName": "", "group": "common", "label": "", "required": false, "javaType": "VolumesFrom or VolumesFrom[]", "deprecated": false, "deprecationNote": "", "autowired": false, "secret": false, "description": "With volumes from", "constantName": "org.apache.camel.component.docker.DockerConstants#DOCKER_VOLUMES_FROM" },
    "CamelDockerDomainName": { "kind": "header", "displayName": "", "group": "common", "label": "", "required": false, "javaType": "String", "deprecated": false, "deprecationNote": "", "autowired": false, "secret": false, "description": "With domain name", "constantName": "org.apache.camel.component.docker.DockerConstants#DOCKER_DOMAIN_NAME" },
    "CamelDockerBinds": { "kind": "header", "displayName": "", "group": "common", "label": "", "required": false, "javaType": "Bind or Bind[]", "deprecated": false, "deprecationNote": "", "autowired": false, "secret": false, "description": "With binds", "constantName": "org.apache.camel.component.docker.DockerConstants#DOCKER_BINDS" },
    "CamelDockerCapAdd": { "kind": "header", "displayName": "", "group": "common", "label": "", "required": false, "javaType": "Capability or Capability[]", "deprecated": false, "deprecationNote": "", "autowired": false, "secret": false, "description": "With cap add", "constantName": "org.apache.camel.component.docker.DockerConstants#DOCKER_CAP_ADD" },
    "CamelDockerCapDrop": { "kind": "header", "displayName": "", "group": "common", "label": "", "required": false, "javaType": "Capability or Capability[]", "deprecated": false, "deprecationNote": "", "autowired": false, "secret": false, "description": "With cap drop", "constantName": "org.apache.camel.component.docker.DockerConstants#DOCKER_CAP_DROP" },
    "CamelDockerNetwork": { "kind": "header", "displayName": "", "group": "common", "label": "", "required": false, "javaType": "String", "deprecated": false, "deprecationNote": "", "autowired": false, "secret": false, "description": "The network name", "constantName": "org.apache.camel.component.docker.DockerConstants#DOCKER_NETWORK" },
    "CamelDockerDetach": { "kind": "header", "displayName": "", "group": "common", "label": "", "required": false, "javaType": "Boolean", "deprecated": false, "deprecationNote": "", "autowired": false, "secret": false, "description": "With detach flag", "constantName": "org.apache.camel.component.docker.DockerConstants#DOCKER_DETACH" },
    "CamelDockerExecId": { "kind": "header", "displayName": "", "group": "common", "label": "", "required": false, "javaType": "String", "deprecated": false, "deprecationNote": "", "autowired": false, "secret": false, "description": "The Exec ID", "constantName": "org.apache.camel.component.docker.DockerConstants#DOCKER_EXEC_ID" }
  },
  "properties": {
    "operation": { "kind": "path", "displayName": "Operation", "group": "common", "label": "", "required": true, "type": "object", "javaType": "org.apache.camel.component.docker.DockerOperation", "enum": [ "events", "stats", "auth", "info", "ping", "version", "imagebuild", "imagecreate", "imageinspect", "imagelist", "imagepull", "imagepush", "imageremove", "imagesearch", "imagetag", "containerattach", "containercommit", "containercopyfile", "containercreate", "containerdiff", "inspectcontainer", "containerkill", "containerlist", "containerlog", "containerpause", "containerrestart", "containerremove", "containerstart", "containerstop", "containertop", "containerunpause", "containerwait", "execcreate", "execstart", "networkconnect", "networkcreate", "networkremove" ], "deprecated": false, "deprecationNote": "", "autowired": false, "secret": false, "configurationClass": "org.apache.camel.component.docker.DockerConfiguration", "configurationField": "configuration", "description": "Which operation to use" },
    "email": { "kind": "parameter", "displayName": "Email", "group": "common", "label": "", "required": false, "type": "string", "javaType": "java.lang.String", "deprecated": false, "autowired": false, "secret": false, "configurationClass": "org.apache.camel.component.docker.DockerConfiguration", "configurationField": "configuration", "description": "Email address associated with the user" },
    "host": { "kind": "parameter", "displayName": "Host", "group": "common", "label": "", "required": true, "type": "string", "javaType": "java.lang.String", "deprecated": false, "deprecationNote": "", "autowired": false, "secret": false, "defaultValue": "localhost", "configurationClass": "org.apache.camel.component.docker.DockerConfiguration", "configurationField": "configuration", "description": "Docker host" },
    "port": { "kind": "parameter", "displayName": "Port", "group": "common", "label": "", "required": false, "type": "integer", "javaType": "java.lang.Integer", "deprecated": false, "autowired": false, "secret": false, "defaultValue": "2375", "configurationClass": "org.apache.camel.component.docker.DockerConfiguration", "configurationField": "configuration", "description": "Docker port" },
    "requestTimeout": { "kind": "parameter", "displayName": "Request Timeout", "group": "common", "label": "", "required": false, "type": "integer", "javaType": "java.lang.Integer", "deprecated": false, "autowired": false, "secret": false, "configurationClass": "org.apache.camel.component.docker.DockerConfiguration", "configurationField": "configuration", "description": "Request timeout for response (in seconds)" },
    "bridgeErrorHandler": { "kind": "parameter", "displayName": "Bridge Error Handler", "group": "consumer (advanced)", "label": "consumer,advanced", "required": false, "type": "boolean", "javaType": "boolean", "deprecated": false, "autowired": false, "secret": false, "defaultValue": false, "description": "Allows for bridging the consumer to the Camel routing Error Handler, which mean any exceptions occurred while the consumer is trying to pickup incoming messages, or the likes, will now be processed as a message and handled by the routing Error Handler. By default the consumer will use the org.apache.camel.spi.ExceptionHandler to deal with exceptions, that will be logged at WARN or ERROR level and ignored." },
    "exceptionHandler": { "kind": "parameter", "displayName": "Exception Handler", "group": "consumer (advanced)", "label": "consumer,advanced", "required": false, "type": "object", "javaType": "org.apache.camel.spi.ExceptionHandler", "optionalPrefix": "consumer.", "deprecated": false, "autowired": false, "secret": false, "description": "To let the consumer use a custom ExceptionHandler. Notice if the option bridgeErrorHandler is enabled then this option is not in use. By default the consumer will deal with exceptions, that will be logged at WARN or ERROR level and ignored." },
    "exchangePattern": { "kind": "parameter", "displayName": "Exchange Pattern", "group": "consumer (advanced)", "label": "consumer,advanced", "required": false, "type": "object", "javaType": "org.apache.camel.ExchangePattern", "enum": [ "InOnly", "InOut", "InOptionalOut" ], "deprecated": false, "autowired": false, "secret": false, "description": "Sets the exchange pattern when the consumer creates an exchange." },
    "lazyStartProducer": { "kind": "parameter", "displayName": "Lazy Start Producer", "group": "producer (advanced)", "label": "producer,advanced", "required": false, "type": "boolean", "javaType": "boolean", "deprecated": false, "autowired": false, "secret": false, "defaultValue": false, "description": "Whether the producer should be started lazy (on the first message). By starting lazy you can use this to allow CamelContext and routes to startup in situations where a producer may otherwise fail during starting and cause the route to fail being started. By deferring this startup to be lazy then the startup failure can be handled during routing messages via Camel's routing error handlers. Beware that when the first message is processed then creating and starting the producer may take a little time and prolong the total processing time of the processing." },
    "cmdExecFactory": { "kind": "parameter", "displayName": "Cmd Exec Factory", "group": "advanced", "label": "advanced", "required": false, "type": "string", "javaType": "java.lang.String", "deprecated": false, "autowired": false, "secret": false, "defaultValue": "com.github.dockerjava.netty.NettyDockerCmdExecFactory", "configurationClass": "org.apache.camel.component.docker.DockerConfiguration", "configurationField": "configuration", "description": "The fully qualified class name of the DockerCmdExecFactory implementation to use" },
    "followRedirectFilter": { "kind": "parameter", "displayName": "Follow Redirect Filter", "group": "advanced", "label": "advanced", "required": false, "type": "boolean", "javaType": "boolean", "deprecated": false, "autowired": false, "secret": false, "defaultValue": false, "configurationClass": "org.apache.camel.component.docker.DockerConfiguration", "configurationField": "configuration", "description": "Whether to follow redirect filter" },
    "loggingFilter": { "kind": "parameter", "displayName": "Logging Filter", "group": "advanced", "label": "advanced", "required": false, "type": "boolean", "javaType": "boolean", "deprecated": false, "autowired": false, "secret": false, "defaultValue": false, "configurationClass": "org.apache.camel.component.docker.DockerConfiguration", "configurationField": "configuration", "description": "Whether to use logging filter" },
    "maxPerRouteConnections": { "kind": "parameter", "displayName": "Max Per Route Connections", "group": "advanced", "label": "advanced", "required": false, "type": "integer", "javaType": "java.lang.Integer", "deprecated": false, "autowired": false, "secret": false, "defaultValue": "100", "configurationClass": "org.apache.camel.component.docker.DockerConfiguration", "configurationField": "configuration", "description": "Maximum route connections" },
    "maxTotalConnections": { "kind": "parameter", "displayName": "Max Total Connections", "group": "advanced", "label": "advanced", "required": false, "type": "integer", "javaType": "java.lang.Integer", "deprecated": false, "autowired": false, "secret": false, "defaultValue": "100", "configurationClass": "org.apache.camel.component.docker.DockerConfiguration", "configurationField": "configuration", "description": "Maximum total connections" },
    "parameters": { "kind": "parameter", "displayName": "Parameters", "group": "advanced", "label": "advanced", "required": false, "type": "object", "javaType": "java.util.Map<java.lang.String, java.lang.Object>", "deprecated": false, "autowired": false, "secret": false, "configurationClass": "org.apache.camel.component.docker.DockerConfiguration", "configurationField": "configuration", "description": "Additional configuration parameters as key\/value pairs" },
    "serverAddress": { "kind": "parameter", "displayName": "Server Address", "group": "advanced", "label": "advanced", "required": false, "type": "string", "javaType": "java.lang.String", "deprecated": false, "autowired": false, "secret": false, "defaultValue": "https:\/\/index.docker.io\/v1\/", "configurationClass": "org.apache.camel.component.docker.DockerConfiguration", "configurationField": "configuration", "description": "Server address for docker registry." },
    "socket": { "kind": "parameter", "displayName": "Socket", "group": "advanced", "label": "advanced", "required": false, "type": "boolean", "javaType": "boolean", "deprecated": false, "autowired": false, "secret": false, "defaultValue": true, "configurationClass": "org.apache.camel.component.docker.DockerConfiguration", "configurationField": "configuration", "description": "Socket connection mode" },
    "certPath": { "kind": "parameter", "displayName": "Cert Path", "group": "security", "label": "security", "required": false, "type": "string", "javaType": "java.lang.String", "deprecated": false, "autowired": false, "secret": false, "configurationClass": "org.apache.camel.component.docker.DockerConfiguration", "configurationField": "configuration", "description": "Location containing the SSL certificate chain" },
    "password": { "kind": "parameter", "displayName": "Password", "group": "security", "label": "security", "required": false, "type": "string", "javaType": "java.lang.String", "deprecated": false, "autowired": false, "secret": true, "configurationClass": "org.apache.camel.component.docker.DockerConfiguration", "configurationField": "configuration", "description": "Password to authenticate with" },
    "secure": { "kind": "parameter", "displayName": "Secure", "group": "security", "label": "security", "required": false, "type": "boolean", "javaType": "boolean", "deprecated": false, "autowired": false, "secret": false, "defaultValue": false, "configurationClass": "org.apache.camel.component.docker.DockerConfiguration", "configurationField": "configuration", "description": "Use HTTPS communication" },
    "tlsVerify": { "kind": "parameter", "displayName": "Tls Verify", "group": "security", "label": "security", "required": false, "type": "boolean", "javaType": "boolean", "deprecated": false, "autowired": false, "secret": false, "defaultValue": false, "configurationClass": "org.apache.camel.component.docker.DockerConfiguration", "configurationField": "configuration", "description": "Check TLS" },
    "username": { "kind": "parameter", "displayName": "Username", "group": "security", "label": "security", "required": false, "type": "string", "javaType": "java.lang.String", "deprecated": false, "autowired": false, "secret": true, "configurationClass": "org.apache.camel.component.docker.DockerConfiguration", "configurationField": "configuration", "description": "User name to authenticate with" }
  }
}
