{
  "component": {
    "kind": "component",
    "name": "dozer",
    "title": "Dozer",
    "description": "Map between Java beans using the Dozer mapping library.",
    "deprecated": true,
    "firstVersion": "2.15.0",
    "label": "transformation",
    "javaType": "org.apache.camel.component.dozer.DozerComponent",
    "supportLevel": "Stable",
    "groupId": "org.apache.camel",
    "artifactId": "camel-dozer",
    "version": "3.20.2-SNAPSHOT",
    "scheme": "dozer",
    "extendsScheme": "",
    "syntax": "dozer:name",
    "async": false,
    "api": false,
    "consumerOnly": false,
    "producerOnly": true,
    "lenientProperties": false
  },
  "componentProperties": {
    "lazyStartProducer": { "kind": "property", "displayName": "Lazy Start Producer", "group": "producer", "label": "producer", "required": false, "type": "boolean", "javaType": "boolean", "deprecated": false, "autowired": false, "secret": false, "defaultValue": false, "description": "Whether the producer should be started lazy (on the first message). By starting lazy you can use this to allow CamelContext and routes to startup in situations where a producer may otherwise fail during starting and cause the route to fail being started. By deferring this startup to be lazy then the startup failure can be handled during routing messages via Camel's routing error handlers. Beware that when the first message is processed then creating and starting the producer may take a little time and prolong the total processing time of the processing." },
    "autowiredEnabled": { "kind": "property", "displayName": "Autowired Enabled", "group": "advanced", "label": "advanced", "required": false, "type": "boolean", "javaType": "boolean", "deprecated": false, "autowired": false, "secret": false, "defaultValue": true, "description": "Whether autowiring is enabled. This is used for automatic autowiring options (the option must be marked as autowired) by looking up in the registry to find if there is a single instance of matching type, which then gets configured on the component. This can be used for automatic configuring JDBC data sources, JMS connection factories, AWS Clients, etc." }
  },
  "properties": {
    "name": { "kind": "path", "displayName": "Name", "group": "producer", "label": "", "required": true, "type": "string", "javaType": "java.lang.String", "deprecated": false, "deprecationNote": "", "autowired": false, "secret": false, "configurationClass": "org.apache.camel.component.dozer.DozerConfiguration", "configurationField": "configuration", "description": "A human readable name of the mapping." },
    "mappingConfiguration": { "kind": "parameter", "displayName": "Mapping Configuration", "group": "producer", "label": "", "required": false, "type": "object", "javaType": "org.apache.camel.converter.dozer.DozerBeanMapperConfiguration", "deprecated": false, "autowired": false, "secret": false, "configurationClass": "org.apache.camel.component.dozer.DozerConfiguration", "configurationField": "configuration", "description": "The name of a DozerBeanMapperConfiguration bean in the Camel registry which should be used for configuring the Dozer mapping. This is an alternative to the mappingFile option that can be used for fine-grained control over how Dozer is configured. Remember to use a # prefix in the value to indicate that the bean is in the Camel registry (e.g. #myDozerConfig)." },
    "mappingFile": { "kind": "parameter", "displayName": "Mapping File", "group": "producer", "label": "", "required": false, "type": "string", "javaType": "java.lang.String", "deprecated": false, "autowired": false, "secret": false, "defaultValue": "dozerBeanMapping.xml", "configurationClass": "org.apache.camel.component.dozer.DozerConfiguration", "configurationField": "configuration", "description": "The location of a Dozer configuration file. The file is loaded from the classpath by default, but you can use file:, classpath:, or http: to load the configuration from a specific location." },
    "marshalId": { "kind": "parameter", "displayName": "Marshal Id", "group": "producer", "label": "", "required": false, "type": "string", "javaType": "java.lang.String", "deprecated": false, "autowired": false, "secret": false, "configurationClass": "org.apache.camel.component.dozer.DozerConfiguration", "configurationField": "configuration", "description": "The id of a dataFormat defined within the Camel Context to use for marshalling the mapping output to a non-Java type." },
    "sourceModel": { "kind": "parameter", "displayName": "Source Model", "group": "producer", "label": "", "required": false, "type": "string", "javaType": "java.lang.String", "deprecated": false, "autowired": false, "secret": false, "configurationClass": "org.apache.camel.component.dozer.DozerConfiguration", "configurationField": "configuration", "description": "Fully-qualified class name for the source type used in the mapping. If specified, the input to the mapping is converted to the specified type before being mapped with Dozer." },
    "targetModel": { "kind": "parameter", "displayName": "Target Model", "group": "producer", "label": "", "required": true, "type": "string", "javaType": "java.lang.String", "deprecated": false, "deprecationNote": "", "autowired": false, "secret": false, "configurationClass": "org.apache.camel.component.dozer.DozerConfiguration", "configurationField": "configuration", "description": "Fully-qualified class name for the target type used in the mapping." },
    "unmarshalId": { "kind": "parameter", "displayName": "Unmarshal Id", "group": "producer", "label": "", "required": false, "type": "string", "javaType": "java.lang.String", "deprecated": false, "autowired": false, "secret": false, "configurationClass": "org.apache.camel.component.dozer.DozerConfiguration", "configurationField": "configuration", "description": "The id of a dataFormat defined within the Camel Context to use for unmarshalling the mapping input from a non-Java type." },
    "lazyStartProducer": { "kind": "parameter", "displayName": "Lazy Start Producer", "group": "producer (advanced)", "label": "producer,advanced", "required": false, "type": "boolean", "javaType": "boolean", "deprecated": false, "autowired": false, "secret": false, "defaultValue": false, "description": "Whether the producer should be started lazy (on the first message). By starting lazy you can use this to allow CamelContext and routes to startup in situations where a producer may otherwise fail during starting and cause the route to fail being started. By deferring this startup to be lazy then the startup failure can be handled during routing messages via Camel's routing error handlers. Beware that when the first message is processed then creating and starting the producer may take a little time and prolong the total processing time of the processing." }
  }
}
