{
  "component": {
    "kind": "component",
    "name": "git",
    "title": "Git",
    "description": "Perform operations on git repositories.",
    "deprecated": false,
    "firstVersion": "2.16.0",
    "label": "file",
    "javaType": "org.apache.camel.component.git.GitComponent",
    "supportLevel": "Stable",
    "groupId": "org.apache.camel",
    "artifactId": "camel-git",
    "version": "3.20.2-SNAPSHOT",
    "scheme": "git",
    "extendsScheme": "",
    "syntax": "git:localPath",
    "async": false,
    "api": false,
    "consumerOnly": false,
    "producerOnly": false,
    "lenientProperties": false
  },
  "componentProperties": {
    "bridgeErrorHandler": { "kind": "property", "displayName": "Bridge Error Handler", "group": "consumer", "label": "consumer", "required": false, "type": "boolean", "javaType": "boolean", "deprecated": false, "autowired": false, "secret": false, "defaultValue": false, "description": "Allows for bridging the consumer to the Camel routing Error Handler, which mean any exceptions occurred while the consumer is trying to pickup incoming messages, or the likes, will now be processed as a message and handled by the routing Error Handler. By default the consumer will use the org.apache.camel.spi.ExceptionHandler to deal with exceptions, that will be logged at WARN or ERROR level and ignored." },
    "lazyStartProducer": { "kind": "property", "displayName": "Lazy Start Producer", "group": "producer", "label": "producer", "required": false, "type": "boolean", "javaType": "boolean", "deprecated": false, "autowired": false, "secret": false, "defaultValue": false, "description": "Whether the producer should be started lazy (on the first message). By starting lazy you can use this to allow CamelContext and routes to startup in situations where a producer may otherwise fail during starting and cause the route to fail being started. By deferring this startup to be lazy then the startup failure can be handled during routing messages via Camel's routing error handlers. Beware that when the first message is processed then creating and starting the producer may take a little time and prolong the total processing time of the processing." },
    "autowiredEnabled": { "kind": "property", "displayName": "Autowired Enabled", "group": "advanced", "label": "advanced", "required": false, "type": "boolean", "javaType": "boolean", "deprecated": false, "autowired": false, "secret": false, "defaultValue": true, "description": "Whether autowiring is enabled. This is used for automatic autowiring options (the option must be marked as autowired) by looking up in the registry to find if there is a single instance of matching type, which then gets configured on the component. This can be used for automatic configuring JDBC data sources, JMS connection factories, AWS Clients, etc." }
  },
  "headers": {
    "CamelGitOperation": { "kind": "header", "displayName": "", "group": "producer", "label": "producer", "required": false, "javaType": "String", "deprecated": false, "deprecationNote": "", "autowired": false, "secret": false, "description": "The operation to do on a repository, if not specified as endpoint option", "constantName": "org.apache.camel.component.git.GitConstants#GIT_OPERATION" },
    "CamelGitFilename": { "kind": "header", "displayName": "", "group": "producer", "label": "producer", "required": false, "javaType": "String", "deprecated": false, "deprecationNote": "", "autowired": false, "secret": false, "description": "The file name in an add operation", "constantName": "org.apache.camel.component.git.GitConstants#GIT_FILE_NAME" },
    "CamelGitCommitMessage": { "kind": "header", "displayName": "", "group": "producer", "label": "producer", "required": false, "javaType": "String", "deprecated": false, "deprecationNote": "", "autowired": false, "secret": false, "description": "The commit message related in a commit operation", "constantName": "org.apache.camel.component.git.GitConstants#GIT_COMMIT_MESSAGE" },
    "CamelGitCommitUsername": { "kind": "header", "displayName": "", "group": "producer", "label": "producer", "required": false, "javaType": "String", "deprecated": false, "deprecationNote": "", "autowired": false, "secret": false, "description": "The commit username in a commit operation", "constantName": "org.apache.camel.component.git.GitConstants#GIT_COMMIT_USERNAME" },
    "CamelGitCommitEmail": { "kind": "header", "displayName": "", "group": "producer", "label": "producer", "required": false, "javaType": "String", "deprecated": false, "deprecationNote": "", "autowired": false, "secret": false, "description": "The commit email in a commit operation", "constantName": "org.apache.camel.component.git.GitConstants#GIT_COMMIT_EMAIL" },
    "CamelGitCommitId": { "kind": "header", "displayName": "", "group": "common", "label": "", "required": false, "javaType": "String", "deprecated": false, "deprecationNote": "", "autowired": false, "secret": false, "description": "The commit id", "constantName": "org.apache.camel.component.git.GitConstants#GIT_COMMIT_ID" },
    "CamelGitAllowEmpty": { "kind": "header", "displayName": "", "group": "producer", "label": "producer", "required": false, "javaType": "Boolean", "deprecated": false, "deprecationNote": "", "autowired": false, "secret": false, "description": "The flag to manage empty git commits", "constantName": "org.apache.camel.component.git.GitConstants#GIT_ALLOW_EMPTY" },
    "CamelGitAuthorName": { "kind": "header", "displayName": "", "group": "consumer", "label": "consumer", "required": false, "javaType": "String", "deprecated": false, "deprecationNote": "", "autowired": false, "secret": false, "description": "The author name", "constantName": "org.apache.camel.component.git.GitConstants#GIT_COMMIT_AUTHOR_NAME" },
    "CamelGitCommiterName": { "kind": "header", "displayName": "", "group": "consumer", "label": "consumer", "required": false, "javaType": "String", "deprecated": false, "deprecationNote": "", "autowired": false, "secret": false, "description": "The committer name", "constantName": "org.apache.camel.component.git.GitConstants#GIT_COMMIT_COMMITTER_NAME" },
    "CamelGitCommitTime": { "kind": "header", "displayName": "", "group": "consumer", "label": "consumer", "required": false, "javaType": "int", "deprecated": false, "deprecationNote": "", "autowired": false, "secret": false, "description": "The commit time", "constantName": "org.apache.camel.component.git.GitConstants#GIT_COMMIT_TIME" },
    "CamelGitBranchLeaf": { "kind": "header", "displayName": "", "group": "consumer", "label": "consumer", "required": false, "javaType": "String", "deprecated": false, "deprecationNote": "", "autowired": false, "secret": false, "description": "The leaf", "constantName": "org.apache.camel.component.git.GitConstants#GIT_BRANCH_LEAF" },
    "CamelGitBranchObjectId": { "kind": "header", "displayName": "", "group": "consumer", "label": "consumer", "required": false, "javaType": "String", "deprecated": false, "deprecationNote": "", "autowired": false, "secret": false, "description": "The object id", "constantName": "org.apache.camel.component.git.GitConstants#GIT_BRANCH_OBJECT_ID" }
  },
  "properties": {
    "localPath": { "kind": "path", "displayName": "Local Path", "group": "common", "label": "", "required": true, "type": "string", "javaType": "java.lang.String", "deprecated": false, "deprecationNote": "", "autowired": false, "secret": false, "description": "Local repository path" },
    "branchName": { "kind": "parameter", "displayName": "Branch Name", "group": "common", "label": "", "required": false, "type": "string", "javaType": "java.lang.String", "deprecated": false, "autowired": false, "secret": false, "description": "The branch name to work on" },
    "type": { "kind": "parameter", "displayName": "Type", "group": "consumer", "label": "consumer", "required": false, "type": "object", "javaType": "org.apache.camel.component.git.consumer.GitType", "enum": [ "commit", "tag", "branch" ], "deprecated": false, "autowired": false, "secret": false, "description": "The consumer type" },
    "bridgeErrorHandler": { "kind": "parameter", "displayName": "Bridge Error Handler", "group": "consumer (advanced)", "label": "consumer,advanced", "required": false, "type": "boolean", "javaType": "boolean", "deprecated": false, "autowired": false, "secret": false, "defaultValue": false, "description": "Allows for bridging the consumer to the Camel routing Error Handler, which mean any exceptions occurred while the consumer is trying to pickup incoming messages, or the likes, will now be processed as a message and handled by the routing Error Handler. By default the consumer will use the org.apache.camel.spi.ExceptionHandler to deal with exceptions, that will be logged at WARN or ERROR level and ignored." },
    "exceptionHandler": { "kind": "parameter", "displayName": "Exception Handler", "group": "consumer (advanced)", "label": "consumer,advanced", "required": false, "type": "object", "javaType": "org.apache.camel.spi.ExceptionHandler", "optionalPrefix": "consumer.", "deprecated": false, "autowired": false, "secret": false, "description": "To let the consumer use a custom ExceptionHandler. Notice if the option bridgeErrorHandler is enabled then this option is not in use. By default the consumer will deal with exceptions, that will be logged at WARN or ERROR level and ignored." },
    "exchangePattern": { "kind": "parameter", "displayName": "Exchange Pattern", "group": "consumer (advanced)", "label": "consumer,advanced", "required": false, "type": "object", "javaType": "org.apache.camel.ExchangePattern", "enum": [ "InOnly", "InOut", "InOptionalOut" ], "deprecated": false, "autowired": false, "secret": false, "description": "Sets the exchange pattern when the consumer creates an exchange." },
    "allowEmpty": { "kind": "parameter", "displayName": "Allow Empty", "group": "producer", "label": "producer", "required": false, "type": "boolean", "javaType": "boolean", "deprecated": false, "deprecationNote": "", "autowired": false, "secret": false, "defaultValue": true, "description": "The flag to manage empty git commits" },
    "operation": { "kind": "parameter", "displayName": "Operation", "group": "producer", "label": "producer", "required": false, "type": "string", "javaType": "java.lang.String", "enum": [ "clone", "init", "add", "remove", "commit", "commitAll", "createBranch", "deleteBranch", "createTag", "deleteTag", "status", "log", "push", "pull", "showBranches", "cherryPick", "remoteAdd", "remoteList" ], "deprecated": false, "autowired": false, "secret": false, "description": "The operation to do on the repository" },
    "password": { "kind": "parameter", "displayName": "Password", "group": "producer", "label": "producer", "required": false, "type": "string", "javaType": "java.lang.String", "deprecated": false, "autowired": false, "secret": false, "description": "Remote repository password" },
    "remoteName": { "kind": "parameter", "displayName": "Remote Name", "group": "producer", "label": "producer", "required": false, "type": "string", "javaType": "java.lang.String", "deprecated": false, "autowired": false, "secret": false, "description": "The remote repository name to use in particular operation like pull" },
    "remotePath": { "kind": "parameter", "displayName": "Remote Path", "group": "producer", "label": "producer", "required": false, "type": "string", "javaType": "java.lang.String", "deprecated": false, "autowired": false, "secret": false, "description": "The remote repository path" },
    "tagName": { "kind": "parameter", "displayName": "Tag Name", "group": "producer", "label": "producer", "required": false, "type": "string", "javaType": "java.lang.String", "deprecated": false, "autowired": false, "secret": false, "description": "The tag name to work on" },
    "targetBranchName": { "kind": "parameter", "displayName": "Target Branch Name", "group": "producer", "label": "producer", "required": false, "type": "string", "javaType": "java.lang.String", "deprecated": false, "autowired": false, "secret": false, "defaultValue": "master", "description": "Name of target branch in merge operation. If not supplied will try to use init.defaultBranch git configs. If not configured will use default value" },
    "username": { "kind": "parameter", "displayName": "Username", "group": "producer", "label": "producer", "required": false, "type": "string", "javaType": "java.lang.String", "deprecated": false, "autowired": false, "secret": false, "description": "Remote repository username" },
    "lazyStartProducer": { "kind": "parameter", "displayName": "Lazy Start Producer", "group": "producer (advanced)", "label": "producer,advanced", "required": false, "type": "boolean", "javaType": "boolean", "deprecated": false, "autowired": false, "secret": false, "defaultValue": false, "description": "Whether the producer should be started lazy (on the first message). By starting lazy you can use this to allow CamelContext and routes to startup in situations where a producer may otherwise fail during starting and cause the route to fail being started. By deferring this startup to be lazy then the startup failure can be handled during routing messages via Camel's routing error handlers. Beware that when the first message is processed then creating and starting the producer may take a little time and prolong the total processing time of the processing." },
    "gitConfigFile": { "kind": "parameter", "displayName": "Git Config File", "group": "advanced", "label": "advanced", "required": false, "type": "string", "javaType": "java.lang.String", "deprecated": false, "autowired": false, "secret": false, "description": "A String with path to a .gitconfig file" }
  }
}
