{
  "component": {
    "kind": "component",
    "name": "google-bigquery",
    "title": "Google BigQuery",
    "description": "Google BigQuery data warehouse for analytics.",
    "deprecated": false,
    "firstVersion": "2.20.0",
    "label": "cloud,bigdata",
    "javaType": "org.apache.camel.component.google.bigquery.GoogleBigQueryComponent",
    "supportLevel": "Stable",
    "groupId": "org.apache.camel",
    "artifactId": "camel-google-bigquery",
    "version": "3.20.2-SNAPSHOT",
    "scheme": "google-bigquery",
    "extendsScheme": "",
    "syntax": "google-bigquery:projectId:datasetId:tableId",
    "async": false,
    "api": false,
    "consumerOnly": false,
    "producerOnly": true,
    "lenientProperties": false
  },
  "componentProperties": {
    "connectionFactory": { "kind": "property", "displayName": "Connection Factory", "group": "producer", "label": "", "required": false, "type": "object", "javaType": "org.apache.camel.component.google.bigquery.GoogleBigQueryConnectionFactory", "deprecated": false, "autowired": true, "secret": false, "description": "ConnectionFactory to obtain connection to Bigquery Service. If not provided the default one will be used" },
    "datasetId": { "kind": "property", "displayName": "Dataset Id", "group": "producer", "label": "", "required": false, "type": "string", "javaType": "java.lang.String", "deprecated": false, "autowired": false, "secret": false, "description": "BigQuery Dataset Id" },
    "lazyStartProducer": { "kind": "property", "displayName": "Lazy Start Producer", "group": "producer", "label": "producer", "required": false, "type": "boolean", "javaType": "boolean", "deprecated": false, "autowired": false, "secret": false, "defaultValue": false, "description": "Whether the producer should be started lazy (on the first message). By starting lazy you can use this to allow CamelContext and routes to startup in situations where a producer may otherwise fail during starting and cause the route to fail being started. By deferring this startup to be lazy then the startup failure can be handled during routing messages via Camel's routing error handlers. Beware that when the first message is processed then creating and starting the producer may take a little time and prolong the total processing time of the processing." },
    "projectId": { "kind": "property", "displayName": "Project Id", "group": "producer", "label": "", "required": false, "type": "string", "javaType": "java.lang.String", "deprecated": false, "autowired": false, "secret": false, "description": "Google Cloud Project Id" },
    "autowiredEnabled": { "kind": "property", "displayName": "Autowired Enabled", "group": "advanced", "label": "advanced", "required": false, "type": "boolean", "javaType": "boolean", "deprecated": false, "autowired": false, "secret": false, "defaultValue": true, "description": "Whether autowiring is enabled. This is used for automatic autowiring options (the option must be marked as autowired) by looking up in the registry to find if there is a single instance of matching type, which then gets configured on the component. This can be used for automatic configuring JDBC data sources, JMS connection factories, AWS Clients, etc." }
  },
  "headers": {
    "CamelGoogleBigQueryTableSuffix": { "kind": "header", "displayName": "", "group": "producer", "label": "", "required": false, "javaType": "String", "deprecated": false, "deprecationNote": "", "autowired": false, "secret": false, "description": "Table suffix to use when inserting data", "constantName": "org.apache.camel.component.google.bigquery.GoogleBigQueryConstants#TABLE_SUFFIX" },
    "CamelGoogleBigQueryTableId": { "kind": "header", "displayName": "", "group": "producer", "label": "", "required": false, "javaType": "String", "deprecated": false, "deprecationNote": "", "autowired": false, "secret": false, "description": "Table id where data will be submitted. If specified will override endpoint configuration", "constantName": "org.apache.camel.component.google.bigquery.GoogleBigQueryConstants#TABLE_ID" },
    "CamelGoogleBigQueryInsertId": { "kind": "header", "displayName": "", "group": "producer", "label": "", "required": false, "javaType": "String", "deprecated": false, "deprecationNote": "", "autowired": false, "secret": false, "description": "InsertId to use when inserting data", "constantName": "org.apache.camel.component.google.bigquery.GoogleBigQueryConstants#INSERT_ID" },
    "CamelGoogleBigQueryPartitionDecorator": { "kind": "header", "displayName": "", "group": "producer", "label": "", "required": false, "javaType": "String", "deprecated": false, "deprecationNote": "", "autowired": false, "secret": false, "description": "Partition decorator to indicate partition to use when inserting data", "constantName": "org.apache.camel.component.google.bigquery.GoogleBigQueryConstants#PARTITION_DECORATOR" }
  },
  "properties": {
    "projectId": { "kind": "path", "displayName": "Project Id", "group": "common", "label": "common", "required": true, "type": "string", "javaType": "java.lang.String", "deprecated": false, "deprecationNote": "", "autowired": false, "secret": false, "configurationClass": "org.apache.camel.component.google.bigquery.GoogleBigQueryConfiguration", "configurationField": "configuration", "description": "Google Cloud Project Id" },
    "datasetId": { "kind": "path", "displayName": "Dataset Id", "group": "common", "label": "common", "required": true, "type": "string", "javaType": "java.lang.String", "deprecated": false, "deprecationNote": "", "autowired": false, "secret": false, "configurationClass": "org.apache.camel.component.google.bigquery.GoogleBigQueryConfiguration", "configurationField": "configuration", "description": "BigQuery Dataset Id" },
    "tableId": { "kind": "path", "displayName": "Table Id", "group": "common", "label": "common", "required": false, "type": "string", "javaType": "java.lang.String", "deprecated": false, "deprecationNote": "", "autowired": false, "secret": false, "configurationClass": "org.apache.camel.component.google.bigquery.GoogleBigQueryConfiguration", "configurationField": "configuration", "description": "BigQuery table id" },
    "connectionFactory": { "kind": "parameter", "displayName": "Connection Factory", "group": "producer", "label": "", "required": false, "type": "object", "javaType": "org.apache.camel.component.google.bigquery.GoogleBigQueryConnectionFactory", "deprecated": false, "deprecationNote": "", "autowired": true, "secret": false, "configurationClass": "org.apache.camel.component.google.bigquery.GoogleBigQueryConfiguration", "configurationField": "configuration", "description": "ConnectionFactory to obtain connection to Bigquery Service. If not provided the default one will be used" },
    "useAsInsertId": { "kind": "parameter", "displayName": "Use As Insert Id", "group": "producer", "label": "", "required": false, "type": "string", "javaType": "java.lang.String", "deprecated": false, "autowired": false, "secret": false, "configurationClass": "org.apache.camel.component.google.bigquery.GoogleBigQueryConfiguration", "configurationField": "configuration", "description": "Field name to use as insert id" },
    "lazyStartProducer": { "kind": "parameter", "displayName": "Lazy Start Producer", "group": "producer (advanced)", "label": "producer,advanced", "required": false, "type": "boolean", "javaType": "boolean", "deprecated": false, "autowired": false, "secret": false, "defaultValue": false, "description": "Whether the producer should be started lazy (on the first message). By starting lazy you can use this to allow CamelContext and routes to startup in situations where a producer may otherwise fail during starting and cause the route to fail being started. By deferring this startup to be lazy then the startup failure can be handled during routing messages via Camel's routing error handlers. Beware that when the first message is processed then creating and starting the producer may take a little time and prolong the total processing time of the processing." },
    "serviceAccountKey": { "kind": "parameter", "displayName": "Service Account Key", "group": "security", "label": "security", "required": false, "type": "string", "javaType": "java.lang.String", "deprecated": false, "deprecationNote": "", "autowired": false, "secret": false, "configurationClass": "org.apache.camel.component.google.bigquery.GoogleBigQueryConfiguration", "configurationField": "configuration", "description": "Service account key in json format to authenticate an application as a service account to google cloud platform" }
  }
}
