{
  "component": {
    "kind": "component",
    "name": "gora",
    "title": "Gora",
    "description": "Access NoSQL databases using the Apache Gora framework.",
    "deprecated": false,
    "firstVersion": "2.14.0",
    "label": "database,nosql,bigdata",
    "javaType": "org.apache.camel.component.gora.GoraComponent",
    "supportLevel": "Stable",
    "groupId": "org.apache.camel",
    "artifactId": "camel-gora",
    "version": "3.20.2-SNAPSHOT",
    "scheme": "gora",
    "extendsScheme": "",
    "syntax": "gora:name",
    "async": false,
    "api": false,
    "consumerOnly": false,
    "producerOnly": false,
    "lenientProperties": false
  },
  "componentProperties": {
    "bridgeErrorHandler": { "kind": "property", "displayName": "Bridge Error Handler", "group": "consumer", "label": "consumer", "required": false, "type": "boolean", "javaType": "boolean", "deprecated": false, "autowired": false, "secret": false, "defaultValue": false, "description": "Allows for bridging the consumer to the Camel routing Error Handler, which mean any exceptions occurred while the consumer is trying to pickup incoming messages, or the likes, will now be processed as a message and handled by the routing Error Handler. By default the consumer will use the org.apache.camel.spi.ExceptionHandler to deal with exceptions, that will be logged at WARN or ERROR level and ignored." },
    "lazyStartProducer": { "kind": "property", "displayName": "Lazy Start Producer", "group": "producer", "label": "producer", "required": false, "type": "boolean", "javaType": "boolean", "deprecated": false, "autowired": false, "secret": false, "defaultValue": false, "description": "Whether the producer should be started lazy (on the first message). By starting lazy you can use this to allow CamelContext and routes to startup in situations where a producer may otherwise fail during starting and cause the route to fail being started. By deferring this startup to be lazy then the startup failure can be handled during routing messages via Camel's routing error handlers. Beware that when the first message is processed then creating and starting the producer may take a little time and prolong the total processing time of the processing." },
    "autowiredEnabled": { "kind": "property", "displayName": "Autowired Enabled", "group": "advanced", "label": "advanced", "required": false, "type": "boolean", "javaType": "boolean", "deprecated": false, "autowired": false, "secret": false, "defaultValue": true, "description": "Whether autowiring is enabled. This is used for automatic autowiring options (the option must be marked as autowired) by looking up in the registry to find if there is a single instance of matching type, which then gets configured on the component. This can be used for automatic configuring JDBC data sources, JMS connection factories, AWS Clients, etc." }
  },
  "headers": {
    "goraKey": { "kind": "header", "displayName": "", "group": "producer", "label": "producer", "required": false, "javaType": "Object", "deprecated": false, "deprecationNote": "", "autowired": false, "secret": false, "description": "Used in order to define the datum key for the operations need it.", "constantName": "org.apache.camel.component.gora.GoraAttribute#GORA_KEY@value" },
    "goraOperation": { "kind": "header", "displayName": "", "group": "producer", "label": "producer", "required": false, "javaType": "String", "deprecated": false, "deprecationNote": "", "autowired": false, "secret": false, "description": "Used in order to define the operation to execute.", "constantName": "org.apache.camel.component.gora.GoraAttribute#GORA_OPERATION@value" }
  },
  "properties": {
    "name": { "kind": "path", "displayName": "Name", "group": "common", "label": "", "required": true, "type": "string", "javaType": "java.lang.String", "deprecated": false, "deprecationNote": "", "autowired": false, "secret": false, "configurationClass": "org.apache.camel.component.gora.GoraConfiguration", "configurationField": "configuration", "description": "Instance name" },
    "dataStoreClass": { "kind": "parameter", "displayName": "Data Store Class", "group": "common", "label": "", "required": false, "type": "string", "javaType": "java.lang.String", "deprecated": false, "autowired": false, "secret": false, "configurationClass": "org.apache.camel.component.gora.GoraConfiguration", "configurationField": "configuration", "description": "The type of the dataStore" },
    "keyClass": { "kind": "parameter", "displayName": "Key Class", "group": "common", "label": "", "required": false, "type": "string", "javaType": "java.lang.String", "deprecated": false, "autowired": false, "secret": false, "configurationClass": "org.apache.camel.component.gora.GoraConfiguration", "configurationField": "configuration", "description": "The type class of the key" },
    "valueClass": { "kind": "parameter", "displayName": "Value Class", "group": "common", "label": "", "required": false, "type": "string", "javaType": "java.lang.String", "deprecated": false, "autowired": false, "secret": false, "configurationClass": "org.apache.camel.component.gora.GoraConfiguration", "configurationField": "configuration", "description": "The type of the value" },
    "concurrentConsumers": { "kind": "parameter", "displayName": "Concurrent Consumers", "group": "consumer", "label": "consumer", "required": false, "type": "integer", "javaType": "int", "deprecated": false, "autowired": false, "secret": false, "defaultValue": 1, "configurationClass": "org.apache.camel.component.gora.GoraConfiguration", "configurationField": "configuration", "description": "Number of concurrent consumers" },
    "endKey": { "kind": "parameter", "displayName": "End Key", "group": "consumer", "label": "consumer", "required": false, "type": "object", "javaType": "java.lang.Object", "deprecated": false, "autowired": false, "secret": false, "configurationClass": "org.apache.camel.component.gora.GoraConfiguration", "configurationField": "configuration", "description": "The End Key" },
    "endTime": { "kind": "parameter", "displayName": "End Time", "group": "consumer", "label": "consumer", "required": false, "type": "integer", "javaType": "long", "deprecated": false, "autowired": false, "secret": false, "configurationClass": "org.apache.camel.component.gora.GoraConfiguration", "configurationField": "configuration", "description": "The End Time" },
    "fields": { "kind": "parameter", "displayName": "Fields", "group": "consumer", "label": "consumer", "required": false, "type": "object", "javaType": "com.google.common.base.Strings", "deprecated": false, "autowired": false, "secret": false, "configurationClass": "org.apache.camel.component.gora.GoraConfiguration", "configurationField": "configuration", "description": "The Fields" },
    "keyRangeFrom": { "kind": "parameter", "displayName": "Key Range From", "group": "consumer", "label": "consumer", "required": false, "type": "object", "javaType": "java.lang.Object", "deprecated": false, "autowired": false, "secret": false, "configurationClass": "org.apache.camel.component.gora.GoraConfiguration", "configurationField": "configuration", "description": "The Key Range From" },
    "keyRangeTo": { "kind": "parameter", "displayName": "Key Range To", "group": "consumer", "label": "consumer", "required": false, "type": "object", "javaType": "java.lang.Object", "deprecated": false, "autowired": false, "secret": false, "configurationClass": "org.apache.camel.component.gora.GoraConfiguration", "configurationField": "configuration", "description": "The Key Range To" },
    "limit": { "kind": "parameter", "displayName": "Limit", "group": "consumer", "label": "consumer", "required": false, "type": "integer", "javaType": "long", "deprecated": false, "autowired": false, "secret": false, "configurationClass": "org.apache.camel.component.gora.GoraConfiguration", "configurationField": "configuration", "description": "The Limit" },
    "startKey": { "kind": "parameter", "displayName": "Start Key", "group": "consumer", "label": "consumer", "required": false, "type": "object", "javaType": "java.lang.Object", "deprecated": false, "autowired": false, "secret": false, "configurationClass": "org.apache.camel.component.gora.GoraConfiguration", "configurationField": "configuration", "description": "The Start Key" },
    "startTime": { "kind": "parameter", "displayName": "Start Time", "group": "consumer", "label": "consumer", "required": false, "type": "integer", "javaType": "long", "deprecated": false, "autowired": false, "secret": false, "configurationClass": "org.apache.camel.component.gora.GoraConfiguration", "configurationField": "configuration", "description": "The Start Time" },
    "timeRangeFrom": { "kind": "parameter", "displayName": "Time Range From", "group": "consumer", "label": "consumer", "required": false, "type": "integer", "javaType": "long", "deprecated": false, "autowired": false, "secret": false, "configurationClass": "org.apache.camel.component.gora.GoraConfiguration", "configurationField": "configuration", "description": "The Time Range From" },
    "timeRangeTo": { "kind": "parameter", "displayName": "Time Range To", "group": "consumer", "label": "consumer", "required": false, "type": "integer", "javaType": "long", "deprecated": false, "autowired": false, "secret": false, "configurationClass": "org.apache.camel.component.gora.GoraConfiguration", "configurationField": "configuration", "description": "The Time Range To" },
    "timestamp": { "kind": "parameter", "displayName": "Timestamp", "group": "consumer", "label": "consumer", "required": false, "type": "integer", "javaType": "long", "deprecated": false, "autowired": false, "secret": false, "configurationClass": "org.apache.camel.component.gora.GoraConfiguration", "configurationField": "configuration", "description": "The Timestamp" },
    "bridgeErrorHandler": { "kind": "parameter", "displayName": "Bridge Error Handler", "group": "consumer (advanced)", "label": "consumer,advanced", "required": false, "type": "boolean", "javaType": "boolean", "deprecated": false, "autowired": false, "secret": false, "defaultValue": false, "description": "Allows for bridging the consumer to the Camel routing Error Handler, which mean any exceptions occurred while the consumer is trying to pickup incoming messages, or the likes, will now be processed as a message and handled by the routing Error Handler. By default the consumer will use the org.apache.camel.spi.ExceptionHandler to deal with exceptions, that will be logged at WARN or ERROR level and ignored." },
    "exceptionHandler": { "kind": "parameter", "displayName": "Exception Handler", "group": "consumer (advanced)", "label": "consumer,advanced", "required": false, "type": "object", "javaType": "org.apache.camel.spi.ExceptionHandler", "optionalPrefix": "consumer.", "deprecated": false, "autowired": false, "secret": false, "description": "To let the consumer use a custom ExceptionHandler. Notice if the option bridgeErrorHandler is enabled then this option is not in use. By default the consumer will deal with exceptions, that will be logged at WARN or ERROR level and ignored." },
    "exchangePattern": { "kind": "parameter", "displayName": "Exchange Pattern", "group": "consumer (advanced)", "label": "consumer,advanced", "required": false, "type": "object", "javaType": "org.apache.camel.ExchangePattern", "enum": [ "InOnly", "InOut", "InOptionalOut" ], "deprecated": false, "autowired": false, "secret": false, "description": "Sets the exchange pattern when the consumer creates an exchange." },
    "flushOnEveryOperation": { "kind": "parameter", "displayName": "Flush On Every Operation", "group": "producer", "label": "producer", "required": false, "type": "boolean", "javaType": "boolean", "deprecated": false, "autowired": false, "secret": false, "defaultValue": true, "configurationClass": "org.apache.camel.component.gora.GoraConfiguration", "configurationField": "configuration", "description": "Flush on every operation" },
    "lazyStartProducer": { "kind": "parameter", "displayName": "Lazy Start Producer", "group": "producer (advanced)", "label": "producer,advanced", "required": false, "type": "boolean", "javaType": "boolean", "deprecated": false, "autowired": false, "secret": false, "defaultValue": false, "description": "Whether the producer should be started lazy (on the first message). By starting lazy you can use this to allow CamelContext and routes to startup in situations where a producer may otherwise fail during starting and cause the route to fail being started. By deferring this startup to be lazy then the startup failure can be handled during routing messages via Camel's routing error handlers. Beware that when the first message is processed then creating and starting the producer may take a little time and prolong the total processing time of the processing." },
    "hadoopConfiguration": { "kind": "parameter", "displayName": "Hadoop Configuration", "group": "advanced", "label": "advanced", "required": false, "type": "object", "javaType": "org.apache.hadoop.conf.Configuration", "deprecated": false, "autowired": false, "secret": false, "configurationClass": "org.apache.camel.component.gora.GoraConfiguration", "configurationField": "configuration", "description": "Hadoop Configuration" }
  }
}
