{
  "component": {
    "kind": "component",
    "name": "grpc",
    "title": "gRPC",
    "description": "Expose gRPC endpoints and access external gRPC endpoints.",
    "deprecated": false,
    "firstVersion": "2.19.0",
    "label": "rpc",
    "javaType": "org.apache.camel.component.grpc.GrpcComponent",
    "supportLevel": "Stable",
    "groupId": "org.apache.camel",
    "artifactId": "camel-grpc",
    "version": "3.20.2-SNAPSHOT",
    "scheme": "grpc",
    "extendsScheme": "",
    "syntax": "grpc:host:port\/service",
    "async": false,
    "api": false,
    "consumerOnly": false,
    "producerOnly": false,
    "lenientProperties": false
  },
  "componentProperties": {
    "bridgeErrorHandler": { "kind": "property", "displayName": "Bridge Error Handler", "group": "consumer", "label": "consumer", "required": false, "type": "boolean", "javaType": "boolean", "deprecated": false, "autowired": false, "secret": false, "defaultValue": false, "description": "Allows for bridging the consumer to the Camel routing Error Handler, which mean any exceptions occurred while the consumer is trying to pickup incoming messages, or the likes, will now be processed as a message and handled by the routing Error Handler. By default the consumer will use the org.apache.camel.spi.ExceptionHandler to deal with exceptions, that will be logged at WARN or ERROR level and ignored." },
    "lazyStartProducer": { "kind": "property", "displayName": "Lazy Start Producer", "group": "producer", "label": "producer", "required": false, "type": "boolean", "javaType": "boolean", "deprecated": false, "autowired": false, "secret": false, "defaultValue": false, "description": "Whether the producer should be started lazy (on the first message). By starting lazy you can use this to allow CamelContext and routes to startup in situations where a producer may otherwise fail during starting and cause the route to fail being started. By deferring this startup to be lazy then the startup failure can be handled during routing messages via Camel's routing error handlers. Beware that when the first message is processed then creating and starting the producer may take a little time and prolong the total processing time of the processing." },
    "autowiredEnabled": { "kind": "property", "displayName": "Autowired Enabled", "group": "advanced", "label": "advanced", "required": false, "type": "boolean", "javaType": "boolean", "deprecated": false, "autowired": false, "secret": false, "defaultValue": true, "description": "Whether autowiring is enabled. This is used for automatic autowiring options (the option must be marked as autowired) by looking up in the registry to find if there is a single instance of matching type, which then gets configured on the component. This can be used for automatic configuring JDBC data sources, JMS connection factories, AWS Clients, etc." }
  },
  "headers": {
    "CamelGrpcMethodName": { "kind": "header", "displayName": "", "group": "consumer", "label": "consumer", "required": false, "javaType": "String", "deprecated": false, "deprecationNote": "", "autowired": false, "secret": false, "description": "Method name handled by the consumer service", "constantName": "org.apache.camel.component.grpc.GrpcConstants#GRPC_METHOD_NAME_HEADER" },
    "CamelGrpcUserAgent": { "kind": "header", "displayName": "", "group": "consumer", "label": "consumer", "required": false, "javaType": "String", "deprecated": false, "deprecationNote": "", "autowired": false, "secret": false, "description": "If provided, the given agent will prepend the gRPC library's user agent information", "constantName": "org.apache.camel.component.grpc.GrpcConstants#GRPC_USER_AGENT_HEADER" },
    "CamelGrpcEventType": { "kind": "header", "displayName": "", "group": "consumer", "label": "consumer", "required": false, "javaType": "String", "deprecated": false, "deprecationNote": "", "autowired": false, "secret": false, "description": "Received event type from the sent request. Possible values: onNext onCompleted onError", "constantName": "org.apache.camel.component.grpc.GrpcConstants#GRPC_EVENT_TYPE_HEADER" }
  },
  "properties": {
    "host": { "kind": "path", "displayName": "Host", "group": "common", "label": "", "required": true, "type": "string", "javaType": "java.lang.String", "deprecated": false, "deprecationNote": "", "autowired": false, "secret": false, "configurationClass": "org.apache.camel.component.grpc.GrpcConfiguration", "configurationField": "configuration", "description": "The gRPC server host name. This is localhost or 0.0.0.0 when being a consumer or remote server host name when using producer." },
    "port": { "kind": "path", "displayName": "Port", "group": "common", "label": "", "required": true, "type": "integer", "javaType": "int", "deprecated": false, "deprecationNote": "", "autowired": false, "secret": false, "configurationClass": "org.apache.camel.component.grpc.GrpcConfiguration", "configurationField": "configuration", "description": "The gRPC local or remote server port" },
    "service": { "kind": "path", "displayName": "Service", "group": "common", "label": "", "required": true, "type": "string", "javaType": "java.lang.String", "deprecated": false, "deprecationNote": "", "autowired": false, "secret": false, "configurationClass": "org.apache.camel.component.grpc.GrpcConfiguration", "configurationField": "configuration", "description": "Fully qualified service name from the protocol buffer descriptor file (package dot service definition name)" },
    "flowControlWindow": { "kind": "parameter", "displayName": "Flow Control Window", "group": "common", "label": "", "required": false, "type": "integer", "javaType": "int", "deprecated": false, "autowired": false, "secret": false, "defaultValue": 1048576, "configurationClass": "org.apache.camel.component.grpc.GrpcConfiguration", "configurationField": "configuration", "description": "The HTTP\/2 flow control window size (MiB)" },
    "maxMessageSize": { "kind": "parameter", "displayName": "Max Message Size", "group": "common", "label": "", "required": false, "type": "integer", "javaType": "int", "deprecated": false, "autowired": false, "secret": false, "defaultValue": 4194304, "configurationClass": "org.apache.camel.component.grpc.GrpcConfiguration", "configurationField": "configuration", "description": "The maximum message size allowed to be received\/sent (MiB)" },
    "autoDiscoverServerInterceptors": { "kind": "parameter", "displayName": "Auto Discover Server Interceptors", "group": "consumer", "label": "consumer", "required": false, "type": "boolean", "javaType": "boolean", "deprecated": false, "autowired": false, "secret": false, "defaultValue": true, "configurationClass": "org.apache.camel.component.grpc.GrpcConfiguration", "configurationField": "configuration", "description": "Setting the autoDiscoverServerInterceptors mechanism, if true, the component will look for a ServerInterceptor instance in the registry automatically otherwise it will skip that checking." },
    "consumerStrategy": { "kind": "parameter", "displayName": "Consumer Strategy", "group": "consumer", "label": "consumer", "required": false, "type": "object", "javaType": "org.apache.camel.component.grpc.GrpcConsumerStrategy", "enum": [ "AGGREGATION", "PROPAGATION" ], "deprecated": false, "autowired": false, "secret": false, "defaultValue": "PROPAGATION", "configurationClass": "org.apache.camel.component.grpc.GrpcConfiguration", "configurationField": "configuration", "description": "This option specifies the top-level strategy for processing service requests and responses in streaming mode. If an aggregation strategy is selected, all requests will be accumulated in the list, then transferred to the flow, and the accumulated responses will be sent to the sender. If a propagation strategy is selected, request is sent to the stream, and the response will be immediately sent back to the sender." },
    "forwardOnCompleted": { "kind": "parameter", "displayName": "Forward On Completed", "group": "consumer", "label": "consumer", "required": false, "type": "boolean", "javaType": "boolean", "deprecated": false, "autowired": false, "secret": false, "defaultValue": false, "configurationClass": "org.apache.camel.component.grpc.GrpcConfiguration", "configurationField": "configuration", "description": "Determines if onCompleted events should be pushed to the Camel route." },
    "forwardOnError": { "kind": "parameter", "displayName": "Forward On Error", "group": "consumer", "label": "consumer", "required": false, "type": "boolean", "javaType": "boolean", "deprecated": false, "autowired": false, "secret": false, "defaultValue": false, "configurationClass": "org.apache.camel.component.grpc.GrpcConfiguration", "configurationField": "configuration", "description": "Determines if onError events should be pushed to the Camel route. Exceptions will be set as message body." },
    "maxConcurrentCallsPerConnection": { "kind": "parameter", "displayName": "Max Concurrent Calls Per Connection", "group": "consumer", "label": "consumer", "required": false, "type": "integer", "javaType": "int", "deprecated": false, "autowired": false, "secret": false, "defaultValue": 2147483647, "configurationClass": "org.apache.camel.component.grpc.GrpcConfiguration", "configurationField": "configuration", "description": "The maximum number of concurrent calls permitted for each incoming server connection" },
    "routeControlledStreamObserver": { "kind": "parameter", "displayName": "Route Controlled Stream Observer", "group": "consumer", "label": "consumer", "required": false, "type": "boolean", "javaType": "boolean", "deprecated": false, "autowired": false, "secret": false, "defaultValue": false, "configurationClass": "org.apache.camel.component.grpc.GrpcConfiguration", "configurationField": "configuration", "description": "Lets the route to take control over stream observer. If this value is set to true, then the response observer of gRPC call will be set with the name GrpcConstants.GRPC_RESPONSE_OBSERVER in the Exchange object. Please note that the stream observer's onNext(), onError(), onCompleted() methods should be called in the route." },
    "bridgeErrorHandler": { "kind": "parameter", "displayName": "Bridge Error Handler", "group": "consumer (advanced)", "label": "consumer,advanced", "required": false, "type": "boolean", "javaType": "boolean", "deprecated": false, "autowired": false, "secret": false, "defaultValue": false, "description": "Allows for bridging the consumer to the Camel routing Error Handler, which mean any exceptions occurred while the consumer is trying to pickup incoming messages, or the likes, will now be processed as a message and handled by the routing Error Handler. By default the consumer will use the org.apache.camel.spi.ExceptionHandler to deal with exceptions, that will be logged at WARN or ERROR level and ignored." },
    "exceptionHandler": { "kind": "parameter", "displayName": "Exception Handler", "group": "consumer (advanced)", "label": "consumer,advanced", "required": false, "type": "object", "javaType": "org.apache.camel.spi.ExceptionHandler", "optionalPrefix": "consumer.", "deprecated": false, "autowired": false, "secret": false, "description": "To let the consumer use a custom ExceptionHandler. Notice if the option bridgeErrorHandler is enabled then this option is not in use. By default the consumer will deal with exceptions, that will be logged at WARN or ERROR level and ignored." },
    "exchangePattern": { "kind": "parameter", "displayName": "Exchange Pattern", "group": "consumer (advanced)", "label": "consumer,advanced", "required": false, "type": "object", "javaType": "org.apache.camel.ExchangePattern", "enum": [ "InOnly", "InOut", "InOptionalOut" ], "deprecated": false, "autowired": false, "secret": false, "description": "Sets the exchange pattern when the consumer creates an exchange." },
    "autoDiscoverClientInterceptors": { "kind": "parameter", "displayName": "Auto Discover Client Interceptors", "group": "producer", "label": "producer", "required": false, "type": "boolean", "javaType": "boolean", "deprecated": false, "autowired": false, "secret": false, "defaultValue": true, "configurationClass": "org.apache.camel.component.grpc.GrpcConfiguration", "configurationField": "configuration", "description": "Setting the autoDiscoverClientInterceptors mechanism, if true, the component will look for a ClientInterceptor instance in the registry automatically otherwise it will skip that checking." },
    "method": { "kind": "parameter", "displayName": "Method", "group": "producer", "label": "producer", "required": false, "type": "string", "javaType": "java.lang.String", "deprecated": false, "autowired": false, "secret": false, "configurationClass": "org.apache.camel.component.grpc.GrpcConfiguration", "configurationField": "configuration", "description": "gRPC method name" },
    "producerStrategy": { "kind": "parameter", "displayName": "Producer Strategy", "group": "producer", "label": "producer", "required": false, "type": "object", "javaType": "org.apache.camel.component.grpc.GrpcProducerStrategy", "enum": [ "SIMPLE", "STREAMING" ], "deprecated": false, "autowired": false, "secret": false, "defaultValue": "SIMPLE", "configurationClass": "org.apache.camel.component.grpc.GrpcConfiguration", "configurationField": "configuration", "description": "The mode used to communicate with a remote gRPC server. In SIMPLE mode a single exchange is translated into a remote procedure call. In STREAMING mode all exchanges will be sent within the same request (input and output of the recipient gRPC service must be of type 'stream')." },
    "streamRepliesTo": { "kind": "parameter", "displayName": "Stream Replies To", "group": "producer", "label": "producer", "required": false, "type": "string", "javaType": "java.lang.String", "deprecated": false, "autowired": false, "secret": false, "configurationClass": "org.apache.camel.component.grpc.GrpcConfiguration", "configurationField": "configuration", "description": "When using STREAMING client mode, it indicates the endpoint where responses should be forwarded." },
    "userAgent": { "kind": "parameter", "displayName": "User Agent", "group": "producer", "label": "producer", "required": false, "type": "string", "javaType": "java.lang.String", "deprecated": false, "autowired": false, "secret": false, "configurationClass": "org.apache.camel.component.grpc.GrpcConfiguration", "configurationField": "configuration", "description": "The user agent header passed to the server" },
    "lazyStartProducer": { "kind": "parameter", "displayName": "Lazy Start Producer", "group": "producer (advanced)", "label": "producer,advanced", "required": false, "type": "boolean", "javaType": "boolean", "deprecated": false, "autowired": false, "secret": false, "defaultValue": false, "description": "Whether the producer should be started lazy (on the first message). By starting lazy you can use this to allow CamelContext and routes to startup in situations where a producer may otherwise fail during starting and cause the route to fail being started. By deferring this startup to be lazy then the startup failure can be handled during routing messages via Camel's routing error handlers. Beware that when the first message is processed then creating and starting the producer may take a little time and prolong the total processing time of the processing." },
    "synchronous": { "kind": "parameter", "displayName": "Synchronous", "group": "advanced", "label": "advanced", "required": false, "type": "boolean", "javaType": "boolean", "deprecated": false, "autowired": false, "secret": false, "defaultValue": false, "configurationClass": "org.apache.camel.component.grpc.GrpcConfiguration", "configurationField": "configuration", "description": "Sets whether synchronous processing should be strictly used" },
    "authenticationType": { "kind": "parameter", "displayName": "Authentication Type", "group": "security", "label": "security", "required": false, "type": "object", "javaType": "org.apache.camel.component.grpc.GrpcAuthType", "enum": [ "NONE", "GOOGLE", "JWT" ], "deprecated": false, "autowired": false, "secret": false, "defaultValue": "NONE", "configurationClass": "org.apache.camel.component.grpc.GrpcConfiguration", "configurationField": "configuration", "description": "Authentication method type in advance to the SSL\/TLS negotiation" },
    "jwtAlgorithm": { "kind": "parameter", "displayName": "Jwt Algorithm", "group": "security", "label": "security", "required": false, "type": "object", "javaType": "org.apache.camel.component.grpc.auth.jwt.JwtAlgorithm", "enum": [ "HMAC256", "HMAC384", "HMAC512" ], "deprecated": false, "autowired": false, "secret": false, "defaultValue": "HMAC256", "configurationClass": "org.apache.camel.component.grpc.GrpcConfiguration", "configurationField": "configuration", "description": "JSON Web Token sign algorithm" },
    "jwtIssuer": { "kind": "parameter", "displayName": "Jwt Issuer", "group": "security", "label": "security", "required": false, "type": "string", "javaType": "java.lang.String", "deprecated": false, "autowired": false, "secret": false, "configurationClass": "org.apache.camel.component.grpc.GrpcConfiguration", "configurationField": "configuration", "description": "JSON Web Token issuer" },
    "jwtSecret": { "kind": "parameter", "displayName": "Jwt Secret", "group": "security", "label": "security", "required": false, "type": "string", "javaType": "java.lang.String", "deprecated": false, "autowired": false, "secret": true, "configurationClass": "org.apache.camel.component.grpc.GrpcConfiguration", "configurationField": "configuration", "description": "JSON Web Token secret" },
    "jwtSubject": { "kind": "parameter", "displayName": "Jwt Subject", "group": "security", "label": "security", "required": false, "type": "string", "javaType": "java.lang.String", "deprecated": false, "autowired": false, "secret": false, "configurationClass": "org.apache.camel.component.grpc.GrpcConfiguration", "configurationField": "configuration", "description": "JSON Web Token subject" },
    "keyCertChainResource": { "kind": "parameter", "displayName": "Key Cert Chain Resource", "group": "security", "label": "security", "required": false, "type": "string", "javaType": "java.lang.String", "deprecated": false, "autowired": false, "secret": false, "configurationClass": "org.apache.camel.component.grpc.GrpcConfiguration", "configurationField": "configuration", "description": "The X.509 certificate chain file resource in PEM format link" },
    "keyPassword": { "kind": "parameter", "displayName": "Key Password", "group": "security", "label": "security", "required": false, "type": "string", "javaType": "java.lang.String", "deprecated": false, "autowired": false, "secret": true, "configurationClass": "org.apache.camel.component.grpc.GrpcConfiguration", "configurationField": "configuration", "description": "The PKCS#8 private key file password" },
    "keyResource": { "kind": "parameter", "displayName": "Key Resource", "group": "security", "label": "security", "required": false, "type": "string", "javaType": "java.lang.String", "deprecated": false, "autowired": false, "secret": false, "configurationClass": "org.apache.camel.component.grpc.GrpcConfiguration", "configurationField": "configuration", "description": "The PKCS#8 private key file resource in PEM format link" },
    "negotiationType": { "kind": "parameter", "displayName": "Negotiation Type", "group": "security", "label": "security", "required": false, "type": "object", "javaType": "io.grpc.netty.NegotiationType", "enum": [ "TLS", "PLAINTEXT_UPGRADE", "PLAINTEXT" ], "deprecated": false, "autowired": false, "secret": false, "defaultValue": "PLAINTEXT", "configurationClass": "org.apache.camel.component.grpc.GrpcConfiguration", "configurationField": "configuration", "description": "Identifies the security negotiation type used for HTTP\/2 communication" },
    "serviceAccountResource": { "kind": "parameter", "displayName": "Service Account Resource", "group": "security", "label": "security", "required": false, "type": "string", "javaType": "java.lang.String", "deprecated": false, "autowired": false, "secret": false, "configurationClass": "org.apache.camel.component.grpc.GrpcConfiguration", "configurationField": "configuration", "description": "Service Account key file in JSON format resource link supported by the Google Cloud SDK" },
    "trustCertCollectionResource": { "kind": "parameter", "displayName": "Trust Cert Collection Resource", "group": "security", "label": "security", "required": false, "type": "string", "javaType": "java.lang.String", "deprecated": false, "autowired": false, "secret": false, "configurationClass": "org.apache.camel.component.grpc.GrpcConfiguration", "configurationField": "configuration", "description": "The trusted certificates collection file resource in PEM format for verifying the remote endpoint's certificate" }
  }
}
