{
  "component": {
    "kind": "component",
    "name": "hwcloud-iam",
    "title": "Huawei Identity and Access Management (IAM)",
    "description": "To securely manage users on Huawei Cloud",
    "deprecated": false,
    "firstVersion": "3.11.0",
    "label": "cloud",
    "javaType": "org.apache.camel.component.huaweicloud.iam.IAMComponent",
    "supportLevel": "Stable",
    "groupId": "org.apache.camel",
    "artifactId": "camel-huaweicloud-iam",
    "version": "3.20.2-SNAPSHOT",
    "scheme": "hwcloud-iam",
    "extendsScheme": "",
    "syntax": "hwcloud-iam:operation",
    "async": false,
    "api": false,
    "consumerOnly": false,
    "producerOnly": true,
    "lenientProperties": false
  },
  "componentProperties": {
    "lazyStartProducer": { "kind": "property", "displayName": "Lazy Start Producer", "group": "producer", "label": "producer", "required": false, "type": "boolean", "javaType": "boolean", "deprecated": false, "autowired": false, "secret": false, "defaultValue": false, "description": "Whether the producer should be started lazy (on the first message). By starting lazy you can use this to allow CamelContext and routes to startup in situations where a producer may otherwise fail during starting and cause the route to fail being started. By deferring this startup to be lazy then the startup failure can be handled during routing messages via Camel's routing error handlers. Beware that when the first message is processed then creating and starting the producer may take a little time and prolong the total processing time of the processing." },
    "autowiredEnabled": { "kind": "property", "displayName": "Autowired Enabled", "group": "advanced", "label": "advanced", "required": false, "type": "boolean", "javaType": "boolean", "deprecated": false, "autowired": false, "secret": false, "defaultValue": true, "description": "Whether autowiring is enabled. This is used for automatic autowiring options (the option must be marked as autowired) by looking up in the registry to find if there is a single instance of matching type, which then gets configured on the component. This can be used for automatic configuring JDBC data sources, JMS connection factories, AWS Clients, etc." }
  },
  "properties": {
    "operation": { "kind": "path", "displayName": "Operation", "group": "producer", "label": "producer", "required": true, "type": "string", "javaType": "java.lang.String", "deprecated": false, "deprecationNote": "", "autowired": false, "secret": false, "description": "Operation to be performed" },
    "accessKey": { "kind": "parameter", "displayName": "API access key (AK)", "group": "producer", "label": "", "required": true, "type": "string", "javaType": "java.lang.String", "deprecated": false, "deprecationNote": "", "autowired": false, "secret": true, "description": "Access key for the cloud user" },
    "groupId": { "kind": "parameter", "displayName": "Group ID", "group": "producer", "label": "", "required": false, "type": "string", "javaType": "java.lang.String", "deprecated": false, "deprecationNote": "", "autowired": false, "secret": true, "description": "Group ID to perform operation with" },
    "ignoreSslVerification": { "kind": "parameter", "displayName": "SSL Verification Ignored", "group": "producer", "label": "", "required": false, "type": "boolean", "javaType": "boolean", "deprecated": false, "deprecationNote": "", "autowired": false, "secret": false, "defaultValue": false, "description": "Ignore SSL verification" },
    "proxyHost": { "kind": "parameter", "displayName": "Proxy server host", "group": "producer", "label": "", "required": false, "type": "string", "javaType": "java.lang.String", "deprecated": false, "deprecationNote": "", "autowired": false, "secret": false, "description": "Proxy server ip\/hostname" },
    "proxyPassword": { "kind": "parameter", "displayName": "Proxy password", "group": "producer", "label": "", "required": false, "type": "string", "javaType": "java.lang.String", "deprecated": false, "deprecationNote": "", "autowired": false, "secret": true, "description": "Proxy authentication password" },
    "proxyPort": { "kind": "parameter", "displayName": "Proxy server port", "group": "producer", "label": "", "required": false, "type": "integer", "javaType": "int", "deprecated": false, "deprecationNote": "", "autowired": false, "secret": false, "description": "Proxy server port" },
    "proxyUser": { "kind": "parameter", "displayName": "Proxy user", "group": "producer", "label": "", "required": false, "type": "string", "javaType": "java.lang.String", "deprecated": false, "deprecationNote": "", "autowired": false, "secret": true, "description": "Proxy authentication user" },
    "region": { "kind": "parameter", "displayName": "Service region", "group": "producer", "label": "", "required": true, "type": "string", "javaType": "java.lang.String", "deprecated": false, "deprecationNote": "", "autowired": false, "secret": false, "description": "IAM service region" },
    "secretKey": { "kind": "parameter", "displayName": "API secret key (SK)", "group": "producer", "label": "", "required": true, "type": "string", "javaType": "java.lang.String", "deprecated": false, "deprecationNote": "", "autowired": false, "secret": true, "description": "Secret key for the cloud user" },
    "serviceKeys": { "kind": "parameter", "displayName": "Service Configuration", "group": "producer", "label": "", "required": false, "type": "object", "javaType": "org.apache.camel.component.huaweicloud.common.models.ServiceKeys", "deprecated": false, "deprecationNote": "", "autowired": false, "secret": true, "description": "Configuration object for cloud service authentication" },
    "userId": { "kind": "parameter", "displayName": "User ID", "group": "producer", "label": "", "required": false, "type": "string", "javaType": "java.lang.String", "deprecated": false, "deprecationNote": "", "autowired": false, "secret": true, "description": "User ID to perform operation with" },
    "lazyStartProducer": { "kind": "parameter", "displayName": "Lazy Start Producer", "group": "producer (advanced)", "label": "producer,advanced", "required": false, "type": "boolean", "javaType": "boolean", "deprecated": false, "autowired": false, "secret": false, "defaultValue": false, "description": "Whether the producer should be started lazy (on the first message). By starting lazy you can use this to allow CamelContext and routes to startup in situations where a producer may otherwise fail during starting and cause the route to fail being started. By deferring this startup to be lazy then the startup failure can be handled during routing messages via Camel's routing error handlers. Beware that when the first message is processed then creating and starting the producer may take a little time and prolong the total processing time of the processing." }
  }
}
