{
  "component": {
    "kind": "component",
    "name": "mllp",
    "title": "MLLP",
    "description": "Communicate with external systems using the MLLP protocol.",
    "deprecated": false,
    "firstVersion": "2.17.0",
    "label": "networking,rpc,mllp",
    "javaType": "org.apache.camel.component.mllp.MllpComponent",
    "supportLevel": "Stable",
    "groupId": "org.apache.camel",
    "artifactId": "camel-mllp",
    "version": "3.20.2-SNAPSHOT",
    "scheme": "mllp",
    "extendsScheme": "",
    "syntax": "mllp:hostname:port",
    "async": false,
    "api": false,
    "consumerOnly": false,
    "producerOnly": false,
    "lenientProperties": false
  },
  "componentProperties": {
    "autoAck": { "kind": "property", "displayName": "Auto Ack", "group": "common", "label": "", "required": false, "type": "boolean", "javaType": "boolean", "deprecated": false, "autowired": false, "secret": false, "defaultValue": true, "configurationClass": "org.apache.camel.component.mllp.MllpConfiguration", "configurationField": "configuration", "description": "Enable\/Disable the automatic generation of a MLLP Acknowledgement MLLP Consumers only" },
    "charsetName": { "kind": "property", "displayName": "Charset Name", "group": "common", "label": "", "required": false, "type": "string", "javaType": "java.lang.String", "deprecated": false, "autowired": false, "secret": false, "configurationClass": "org.apache.camel.component.mllp.MllpConfiguration", "configurationField": "configuration", "description": "Sets the default charset to use" },
    "configuration": { "kind": "property", "displayName": "Configuration", "group": "common", "label": "", "required": false, "type": "object", "javaType": "org.apache.camel.component.mllp.MllpConfiguration", "deprecated": false, "autowired": false, "secret": false, "description": "Sets the default configuration to use when creating MLLP endpoints." },
    "hl7Headers": { "kind": "property", "displayName": "Hl7 Headers", "group": "common", "label": "", "required": false, "type": "boolean", "javaType": "boolean", "deprecated": false, "autowired": false, "secret": false, "defaultValue": true, "configurationClass": "org.apache.camel.component.mllp.MllpConfiguration", "configurationField": "configuration", "description": "Enable\/Disable the automatic generation of message headers from the HL7 Message MLLP Consumers only" },
    "requireEndOfData": { "kind": "property", "displayName": "Require End Of Data", "group": "common", "label": "", "required": false, "type": "boolean", "javaType": "boolean", "deprecated": false, "autowired": false, "secret": false, "defaultValue": true, "configurationClass": "org.apache.camel.component.mllp.MllpConfiguration", "configurationField": "configuration", "description": "Enable\/Disable strict compliance to the MLLP standard. The MLLP standard specifies START_OF_BLOCKhl7 payloadEND_OF_BLOCKEND_OF_DATA, however, some systems do not send the final END_OF_DATA byte. This setting controls whether or not the final END_OF_DATA byte is required or optional." },
    "stringPayload": { "kind": "property", "displayName": "String Payload", "group": "common", "label": "", "required": false, "type": "boolean", "javaType": "boolean", "deprecated": false, "autowired": false, "secret": false, "defaultValue": true, "configurationClass": "org.apache.camel.component.mllp.MllpConfiguration", "configurationField": "configuration", "description": "Enable\/Disable converting the payload to a String. If enabled, HL7 Payloads received from external systems will be validated converted to a String. If the charsetName property is set, that character set will be used for the conversion. If the charsetName property is not set, the value of MSH-18 will be used to determine th appropriate character set. If MSH-18 is not set, then the default ISO-8859-1 character set will be use." },
    "validatePayload": { "kind": "property", "displayName": "Validate Payload", "group": "common", "label": "", "required": false, "type": "boolean", "javaType": "boolean", "deprecated": false, "autowired": false, "secret": false, "defaultValue": false, "configurationClass": "org.apache.camel.component.mllp.MllpConfiguration", "configurationField": "configuration", "description": "Enable\/Disable the validation of HL7 Payloads If enabled, HL7 Payloads received from external systems will be validated (see Hl7Util.generateInvalidPayloadExceptionMessage for details on the validation). If and invalid payload is detected, a MllpInvalidMessageException (for consumers) or a MllpInvalidAcknowledgementException will be thrown." },
    "acceptTimeout": { "kind": "property", "displayName": "Accept Timeout", "group": "consumer", "label": "advanced,consumer", "required": false, "type": "integer", "javaType": "int", "deprecated": false, "autowired": false, "secret": false, "defaultValue": 60000, "configurationClass": "org.apache.camel.component.mllp.MllpConfiguration", "configurationField": "configuration", "description": "Timeout (in milliseconds) while waiting for a TCP connection TCP Server Only" },
    "backlog": { "kind": "property", "displayName": "Backlog", "group": "consumer", "label": "advanced,consumer", "required": false, "type": "integer", "javaType": "java.lang.Integer", "deprecated": false, "autowired": false, "secret": false, "defaultValue": "5", "configurationClass": "org.apache.camel.component.mllp.MllpConfiguration", "configurationField": "configuration", "description": "The maximum queue length for incoming connection indications (a request to connect) is set to the backlog parameter. If a connection indication arrives when the queue is full, the connection is refused." },
    "bindRetryInterval": { "kind": "property", "displayName": "Bind Retry Interval", "group": "consumer", "label": "advanced,consumer", "required": false, "type": "integer", "javaType": "int", "deprecated": false, "autowired": false, "secret": false, "defaultValue": 5000, "configurationClass": "org.apache.camel.component.mllp.MllpConfiguration", "configurationField": "configuration", "description": "TCP Server Only - The number of milliseconds to wait between bind attempts" },
    "bindTimeout": { "kind": "property", "displayName": "Bind Timeout", "group": "consumer", "label": "advanced,consumer", "required": false, "type": "integer", "javaType": "int", "deprecated": false, "autowired": false, "secret": false, "defaultValue": 30000, "configurationClass": "org.apache.camel.component.mllp.MllpConfiguration", "configurationField": "configuration", "description": "TCP Server Only - The number of milliseconds to retry binding to a server port" },
    "bridgeErrorHandler": { "kind": "property", "displayName": "Bridge Error Handler", "group": "consumer", "label": "consumer", "required": false, "type": "boolean", "javaType": "boolean", "deprecated": false, "autowired": false, "secret": false, "defaultValue": true, "configurationClass": "org.apache.camel.component.mllp.MllpConfiguration", "configurationField": "configuration", "description": "Allows for bridging the consumer to the Camel routing Error Handler, which mean any exceptions occurred while the consumer is trying to receive incoming messages, or the likes, will now be processed as a message and handled by the routing Error Handler. If disabled, the consumer will use the org.apache.camel.spi.ExceptionHandler to deal with exceptions by logging them at WARN or ERROR level and ignored." },
    "lenientBind": { "kind": "property", "displayName": "Lenient Bind", "group": "consumer", "label": "advanced,consumer", "required": false, "type": "boolean", "javaType": "boolean", "deprecated": false, "autowired": false, "secret": false, "defaultValue": false, "configurationClass": "org.apache.camel.component.mllp.MllpConfiguration", "configurationField": "configuration", "description": "TCP Server Only - Allow the endpoint to start before the TCP ServerSocket is bound. In some environments, it may be desirable to allow the endpoint to start before the TCP ServerSocket is bound." },
    "maxConcurrentConsumers": { "kind": "property", "displayName": "Max Concurrent Consumers", "group": "consumer", "label": "advanced,consumer", "required": false, "type": "integer", "javaType": "int", "deprecated": false, "autowired": false, "secret": false, "defaultValue": 5, "configurationClass": "org.apache.camel.component.mllp.MllpConfiguration", "configurationField": "configuration", "description": "The maximum number of concurrent MLLP Consumer connections that will be allowed. If a new connection is received and the maximum is number are already established, the new connection will be reset immediately." },
    "reuseAddress": { "kind": "property", "displayName": "Reuse Address", "group": "consumer", "label": "advanced,consumer", "required": false, "type": "boolean", "javaType": "java.lang.Boolean", "deprecated": false, "autowired": false, "secret": false, "defaultValue": "false", "configurationClass": "org.apache.camel.component.mllp.MllpConfiguration", "configurationField": "configuration", "description": "Enable\/disable the SO_REUSEADDR socket option." },
    "exchangePattern": { "kind": "property", "displayName": "Exchange Pattern", "group": "consumer (advanced)", "label": "consumer,advanced", "required": false, "type": "object", "javaType": "org.apache.camel.ExchangePattern", "enum": [ "InOnly", "InOut", "InOptionalOut" ], "deprecated": false, "autowired": false, "secret": false, "defaultValue": "InOut", "configurationClass": "org.apache.camel.component.mllp.MllpConfiguration", "configurationField": "configuration", "description": "Sets the exchange pattern when the consumer creates an exchange." },
    "connectTimeout": { "kind": "property", "displayName": "Connect Timeout", "group": "producer", "label": "advanced,producer", "required": false, "type": "integer", "javaType": "int", "deprecated": false, "autowired": false, "secret": false, "defaultValue": 30000, "configurationClass": "org.apache.camel.component.mllp.MllpConfiguration", "configurationField": "configuration", "description": "Timeout (in milliseconds) for establishing for a TCP connection TCP Client only" },
    "idleTimeoutStrategy": { "kind": "property", "displayName": "Idle Timeout Strategy", "group": "producer", "label": "advanced,producer", "required": false, "type": "object", "javaType": "org.apache.camel.component.mllp.MllpIdleTimeoutStrategy", "enum": [ "RESET", "CLOSE" ], "deprecated": false, "autowired": false, "secret": false, "defaultValue": "RESET", "configurationClass": "org.apache.camel.component.mllp.MllpConfiguration", "configurationField": "configuration", "description": "decide what action to take when idle timeout occurs. Possible values are : RESET: set SO_LINGER to 0 and reset the socket CLOSE: close the socket gracefully default is RESET." },
    "keepAlive": { "kind": "property", "displayName": "Keep Alive", "group": "producer", "label": "advanced,producer", "required": false, "type": "boolean", "javaType": "java.lang.Boolean", "deprecated": false, "autowired": false, "secret": false, "defaultValue": "true", "configurationClass": "org.apache.camel.component.mllp.MllpConfiguration", "configurationField": "configuration", "description": "Enable\/disable the SO_KEEPALIVE socket option." },
    "lazyStartProducer": { "kind": "property", "displayName": "Lazy Start Producer", "group": "producer", "label": "producer", "required": false, "type": "boolean", "javaType": "boolean", "deprecated": false, "autowired": false, "secret": false, "defaultValue": false, "description": "Whether the producer should be started lazy (on the first message). By starting lazy you can use this to allow CamelContext and routes to startup in situations where a producer may otherwise fail during starting and cause the route to fail being started. By deferring this startup to be lazy then the startup failure can be handled during routing messages via Camel's routing error handlers. Beware that when the first message is processed then creating and starting the producer may take a little time and prolong the total processing time of the processing." },
    "tcpNoDelay": { "kind": "property", "displayName": "Tcp No Delay", "group": "producer", "label": "advanced,producer", "required": false, "type": "boolean", "javaType": "java.lang.Boolean", "deprecated": false, "autowired": false, "secret": false, "defaultValue": "true", "configurationClass": "org.apache.camel.component.mllp.MllpConfiguration", "configurationField": "configuration", "description": "Enable\/disable the TCP_NODELAY socket option." },
    "autowiredEnabled": { "kind": "property", "displayName": "Autowired Enabled", "group": "advanced", "label": "advanced", "required": false, "type": "boolean", "javaType": "boolean", "deprecated": false, "autowired": false, "secret": false, "defaultValue": true, "description": "Whether autowiring is enabled. This is used for automatic autowiring options (the option must be marked as autowired) by looking up in the registry to find if there is a single instance of matching type, which then gets configured on the component. This can be used for automatic configuring JDBC data sources, JMS connection factories, AWS Clients, etc." },
    "defaultCharset": { "kind": "property", "displayName": "Default Charset", "group": "advanced", "label": "advanced", "required": false, "type": "string", "javaType": "java.lang.String", "deprecated": false, "autowired": false, "secret": false, "defaultValue": "ISO-8859-1", "description": "Set the default character set to use for byte to\/from String conversions." },
    "logPhi": { "kind": "property", "displayName": "Log Phi", "group": "advanced", "label": "advanced", "required": false, "type": "boolean", "javaType": "java.lang.Boolean", "deprecated": false, "autowired": false, "secret": false, "defaultValue": "true", "description": "Whether to log PHI" },
    "logPhiMaxBytes": { "kind": "property", "displayName": "Log Phi Max Bytes", "group": "advanced", "label": "advanced", "required": false, "type": "integer", "javaType": "java.lang.Integer", "deprecated": false, "autowired": false, "secret": false, "defaultValue": "5120", "description": "Set the maximum number of bytes of PHI that will be logged in a log entry." },
    "maxBufferSize": { "kind": "property", "displayName": "Max Buffer Size", "group": "advanced", "label": "advanced", "required": false, "type": "integer", "javaType": "int", "deprecated": false, "autowired": false, "secret": false, "defaultValue": 1073741824, "configurationClass": "org.apache.camel.component.mllp.MllpConfiguration", "configurationField": "configuration", "description": "Maximum buffer size used when receiving or sending data over the wire." },
    "minBufferSize": { "kind": "property", "displayName": "Min Buffer Size", "group": "advanced", "label": "advanced", "required": false, "type": "integer", "javaType": "int", "deprecated": false, "autowired": false, "secret": false, "defaultValue": 2048, "configurationClass": "org.apache.camel.component.mllp.MllpConfiguration", "configurationField": "configuration", "description": "Minimum buffer size used when receiving or sending data over the wire." },
    "readTimeout": { "kind": "property", "displayName": "Read Timeout", "group": "advanced", "label": "advanced", "required": false, "type": "integer", "javaType": "int", "deprecated": false, "autowired": false, "secret": false, "defaultValue": 5000, "configurationClass": "org.apache.camel.component.mllp.MllpConfiguration", "configurationField": "configuration", "description": "The SO_TIMEOUT value (in milliseconds) used after the start of an MLLP frame has been received" },
    "receiveBufferSize": { "kind": "property", "displayName": "Receive Buffer Size", "group": "advanced", "label": "advanced", "required": false, "type": "integer", "javaType": "java.lang.Integer", "deprecated": false, "autowired": false, "secret": false, "defaultValue": "8192", "configurationClass": "org.apache.camel.component.mllp.MllpConfiguration", "configurationField": "configuration", "description": "Sets the SO_RCVBUF option to the specified value (in bytes)" },
    "receiveTimeout": { "kind": "property", "displayName": "Receive Timeout", "group": "advanced", "label": "advanced", "required": false, "type": "integer", "javaType": "int", "deprecated": false, "autowired": false, "secret": false, "defaultValue": 15000, "configurationClass": "org.apache.camel.component.mllp.MllpConfiguration", "configurationField": "configuration", "description": "The SO_TIMEOUT value (in milliseconds) used when waiting for the start of an MLLP frame" },
    "sendBufferSize": { "kind": "property", "displayName": "Send Buffer Size", "group": "advanced", "label": "advanced", "required": false, "type": "integer", "javaType": "java.lang.Integer", "deprecated": false, "autowired": false, "secret": false, "defaultValue": "8192", "configurationClass": "org.apache.camel.component.mllp.MllpConfiguration", "configurationField": "configuration", "description": "Sets the SO_SNDBUF option to the specified value (in bytes)" },
    "idleTimeout": { "kind": "property", "displayName": "Idle Timeout", "group": "tcp", "label": "advanced,tcp", "required": false, "type": "integer", "javaType": "java.lang.Integer", "deprecated": false, "autowired": false, "secret": false, "configurationClass": "org.apache.camel.component.mllp.MllpConfiguration", "configurationField": "configuration", "description": "The approximate idle time allowed before the Client TCP Connection will be reset. A null value or a value less than or equal to zero will disable the idle timeout." }
  },
  "headers": {
    "CamelMllpLocalAddress": { "kind": "header", "displayName": "", "group": "common", "label": "", "required": false, "javaType": "String", "deprecated": false, "deprecationNote": "", "autowired": false, "secret": false, "description": "The local TCP Address of the Socket", "constantName": "org.apache.camel.component.mllp.MllpConstants#MLLP_LOCAL_ADDRESS" },
    "CamelMllpRemoteAddress": { "kind": "header", "displayName": "", "group": "common", "label": "", "required": false, "javaType": "String", "deprecated": false, "deprecationNote": "", "autowired": false, "secret": false, "description": "The remote TCP Address of the Socket", "constantName": "org.apache.camel.component.mllp.MllpConstants#MLLP_REMOTE_ADDRESS" },
    "CamelMllpAcknowledgement": { "kind": "header", "displayName": "", "group": "common", "label": "", "required": false, "javaType": "byte[]", "deprecated": false, "deprecationNote": "", "autowired": false, "secret": false, "description": "The HL7 Acknowledgment received in bytes", "constantName": "org.apache.camel.component.mllp.MllpConstants#MLLP_ACKNOWLEDGEMENT" },
    "CamelMllpAcknowledgementString": { "kind": "header", "displayName": "", "group": "common", "label": "", "required": false, "javaType": "String", "deprecated": false, "deprecationNote": "", "autowired": false, "secret": false, "description": "The HL7 Acknowledgment received, converted to a String", "constantName": "org.apache.camel.component.mllp.MllpConstants#MLLP_ACKNOWLEDGEMENT_STRING" },
    "CamelMllpAcknowledgementType": { "kind": "header", "displayName": "", "group": "common", "label": "", "required": false, "javaType": "String", "deprecated": false, "deprecationNote": "", "autowired": false, "secret": false, "description": "The HL7 acknowledgement type (AA, AE, AR, etc)", "constantName": "org.apache.camel.component.mllp.MllpConstants#MLLP_ACKNOWLEDGEMENT_TYPE" },
    "CamelMllpSendingApplication": { "kind": "header", "displayName": "", "group": "consumer", "label": "consumer", "required": false, "javaType": "String", "deprecated": false, "deprecationNote": "", "autowired": false, "secret": false, "description": "MSH-3 value", "constantName": "org.apache.camel.component.mllp.MllpConstants#MLLP_SENDING_APPLICATION" },
    "CamelMllpSendingFacility": { "kind": "header", "displayName": "", "group": "consumer", "label": "consumer", "required": false, "javaType": "String", "deprecated": false, "deprecationNote": "", "autowired": false, "secret": false, "description": "MSH-4 value", "constantName": "org.apache.camel.component.mllp.MllpConstants#MLLP_SENDING_FACILITY" },
    "CamelMllpReceivingApplication": { "kind": "header", "displayName": "", "group": "consumer", "label": "consumer", "required": false, "javaType": "String", "deprecated": false, "deprecationNote": "", "autowired": false, "secret": false, "description": "MSH-5 value", "constantName": "org.apache.camel.component.mllp.MllpConstants#MLLP_RECEIVING_APPLICATION" },
    "CamelMllpReceivingFacility": { "kind": "header", "displayName": "", "group": "consumer", "label": "consumer", "required": false, "javaType": "String", "deprecated": false, "deprecationNote": "", "autowired": false, "secret": false, "description": "MSH-6 value", "constantName": "org.apache.camel.component.mllp.MllpConstants#MLLP_RECEIVING_FACILITY" },
    "CamelMllpTimestamp": { "kind": "header", "displayName": "", "group": "consumer", "label": "consumer", "required": false, "javaType": "String", "deprecated": false, "deprecationNote": "", "autowired": false, "secret": false, "description": "MSH-7 value", "constantName": "org.apache.camel.component.mllp.MllpConstants#MLLP_TIMESTAMP" },
    "CamelMllpSecurity": { "kind": "header", "displayName": "", "group": "consumer", "label": "consumer", "required": false, "javaType": "String", "deprecated": false, "deprecationNote": "", "autowired": false, "secret": false, "description": "MSH-8 value", "constantName": "org.apache.camel.component.mllp.MllpConstants#MLLP_SECURITY" },
    "CamelMllpMessageType": { "kind": "header", "displayName": "", "group": "consumer", "label": "consumer", "required": false, "javaType": "String", "deprecated": false, "deprecationNote": "", "autowired": false, "secret": false, "description": "MSH-9 value", "constantName": "org.apache.camel.component.mllp.MllpConstants#MLLP_MESSAGE_TYPE" },
    "CamelMllpEventType": { "kind": "header", "displayName": "", "group": "consumer", "label": "consumer", "required": false, "javaType": "String", "deprecated": false, "deprecationNote": "", "autowired": false, "secret": false, "description": "MSH-9.1 value", "constantName": "org.apache.camel.component.mllp.MllpConstants#MLLP_EVENT_TYPE" },
    "CamelMllpTriggerEvent": { "kind": "header", "displayName": "", "group": "consumer", "label": "consumer", "required": false, "javaType": "String", "deprecated": false, "deprecationNote": "", "autowired": false, "secret": false, "description": "MSH-9.2 value", "constantName": "org.apache.camel.component.mllp.MllpConstants#MLLP_TRIGGER_EVENT" },
    "CamelMllpMessageControlId": { "kind": "header", "displayName": "", "group": "consumer", "label": "consumer", "required": false, "javaType": "String", "deprecated": false, "deprecationNote": "", "autowired": false, "secret": false, "description": "MSH-10 value", "constantName": "org.apache.camel.component.mllp.MllpConstants#MLLP_MESSAGE_CONTROL" },
    "CamelMllpProcessingId": { "kind": "header", "displayName": "", "group": "consumer", "label": "consumer", "required": false, "javaType": "String", "deprecated": false, "deprecationNote": "", "autowired": false, "secret": false, "description": "MSH-11 value", "constantName": "org.apache.camel.component.mllp.MllpConstants#MLLP_PROCESSING_ID" },
    "CamelMllpVersionId": { "kind": "header", "displayName": "", "group": "consumer", "label": "consumer", "required": false, "javaType": "String", "deprecated": false, "deprecationNote": "", "autowired": false, "secret": false, "description": "MSH-12 value", "constantName": "org.apache.camel.component.mllp.MllpConstants#MLLP_VERSION_ID" },
    "CamelMllpCharset": { "kind": "header", "displayName": "", "group": "consumer", "label": "consumer", "required": false, "javaType": "String", "deprecated": false, "deprecationNote": "", "autowired": false, "secret": false, "description": "MSH-18 value", "constantName": "org.apache.camel.component.mllp.MllpConstants#MLLP_CHARSET" }
  },
  "properties": {
    "hostname": { "kind": "path", "displayName": "Hostname", "group": "common", "label": "", "required": true, "type": "string", "javaType": "java.lang.String", "deprecated": false, "deprecationNote": "", "autowired": false, "secret": false, "description": "Hostname or IP for connection for the TCP connection. The default value is null, which means any local IP address" },
    "port": { "kind": "path", "displayName": "Port", "group": "common", "label": "", "required": true, "type": "integer", "javaType": "int", "deprecated": false, "deprecationNote": "", "autowired": false, "secret": false, "description": "Port number for the TCP connection" },
    "autoAck": { "kind": "parameter", "displayName": "Auto Ack", "group": "common", "label": "", "required": false, "type": "boolean", "javaType": "boolean", "deprecated": false, "autowired": false, "secret": false, "defaultValue": true, "configurationClass": "org.apache.camel.component.mllp.MllpConfiguration", "configurationField": "configuration", "description": "Enable\/Disable the automatic generation of a MLLP Acknowledgement MLLP Consumers only" },
    "charsetName": { "kind": "parameter", "displayName": "Charset Name", "group": "common", "label": "", "required": false, "type": "string", "javaType": "java.lang.String", "deprecated": false, "autowired": false, "secret": false, "configurationClass": "org.apache.camel.component.mllp.MllpConfiguration", "configurationField": "configuration", "description": "Sets the default charset to use" },
    "hl7Headers": { "kind": "parameter", "displayName": "Hl7 Headers", "group": "common", "label": "", "required": false, "type": "boolean", "javaType": "boolean", "deprecated": false, "autowired": false, "secret": false, "defaultValue": true, "configurationClass": "org.apache.camel.component.mllp.MllpConfiguration", "configurationField": "configuration", "description": "Enable\/Disable the automatic generation of message headers from the HL7 Message MLLP Consumers only" },
    "requireEndOfData": { "kind": "parameter", "displayName": "Require End Of Data", "group": "common", "label": "", "required": false, "type": "boolean", "javaType": "boolean", "deprecated": false, "autowired": false, "secret": false, "defaultValue": true, "configurationClass": "org.apache.camel.component.mllp.MllpConfiguration", "configurationField": "configuration", "description": "Enable\/Disable strict compliance to the MLLP standard. The MLLP standard specifies START_OF_BLOCKhl7 payloadEND_OF_BLOCKEND_OF_DATA, however, some systems do not send the final END_OF_DATA byte. This setting controls whether or not the final END_OF_DATA byte is required or optional." },
    "stringPayload": { "kind": "parameter", "displayName": "String Payload", "group": "common", "label": "", "required": false, "type": "boolean", "javaType": "boolean", "deprecated": false, "autowired": false, "secret": false, "defaultValue": true, "configurationClass": "org.apache.camel.component.mllp.MllpConfiguration", "configurationField": "configuration", "description": "Enable\/Disable converting the payload to a String. If enabled, HL7 Payloads received from external systems will be validated converted to a String. If the charsetName property is set, that character set will be used for the conversion. If the charsetName property is not set, the value of MSH-18 will be used to determine th appropriate character set. If MSH-18 is not set, then the default ISO-8859-1 character set will be use." },
    "validatePayload": { "kind": "parameter", "displayName": "Validate Payload", "group": "common", "label": "", "required": false, "type": "boolean", "javaType": "boolean", "deprecated": false, "autowired": false, "secret": false, "defaultValue": false, "configurationClass": "org.apache.camel.component.mllp.MllpConfiguration", "configurationField": "configuration", "description": "Enable\/Disable the validation of HL7 Payloads If enabled, HL7 Payloads received from external systems will be validated (see Hl7Util.generateInvalidPayloadExceptionMessage for details on the validation). If and invalid payload is detected, a MllpInvalidMessageException (for consumers) or a MllpInvalidAcknowledgementException will be thrown." },
    "acceptTimeout": { "kind": "parameter", "displayName": "Accept Timeout", "group": "consumer", "label": "advanced,consumer", "required": false, "type": "integer", "javaType": "int", "deprecated": false, "autowired": false, "secret": false, "defaultValue": 60000, "configurationClass": "org.apache.camel.component.mllp.MllpConfiguration", "configurationField": "configuration", "description": "Timeout (in milliseconds) while waiting for a TCP connection TCP Server Only" },
    "backlog": { "kind": "parameter", "displayName": "Backlog", "group": "consumer", "label": "advanced,consumer", "required": false, "type": "integer", "javaType": "java.lang.Integer", "deprecated": false, "autowired": false, "secret": false, "defaultValue": "5", "configurationClass": "org.apache.camel.component.mllp.MllpConfiguration", "configurationField": "configuration", "description": "The maximum queue length for incoming connection indications (a request to connect) is set to the backlog parameter. If a connection indication arrives when the queue is full, the connection is refused." },
    "bindRetryInterval": { "kind": "parameter", "displayName": "Bind Retry Interval", "group": "consumer", "label": "advanced,consumer", "required": false, "type": "integer", "javaType": "int", "deprecated": false, "autowired": false, "secret": false, "defaultValue": 5000, "configurationClass": "org.apache.camel.component.mllp.MllpConfiguration", "configurationField": "configuration", "description": "TCP Server Only - The number of milliseconds to wait between bind attempts" },
    "bindTimeout": { "kind": "parameter", "displayName": "Bind Timeout", "group": "consumer", "label": "advanced,consumer", "required": false, "type": "integer", "javaType": "int", "deprecated": false, "autowired": false, "secret": false, "defaultValue": 30000, "configurationClass": "org.apache.camel.component.mllp.MllpConfiguration", "configurationField": "configuration", "description": "TCP Server Only - The number of milliseconds to retry binding to a server port" },
    "bridgeErrorHandler": { "kind": "parameter", "displayName": "Bridge Error Handler", "group": "consumer", "label": "consumer", "required": false, "type": "boolean", "javaType": "boolean", "deprecated": false, "autowired": false, "secret": false, "defaultValue": true, "configurationClass": "org.apache.camel.component.mllp.MllpConfiguration", "configurationField": "configuration", "description": "Allows for bridging the consumer to the Camel routing Error Handler, which mean any exceptions occurred while the consumer is trying to receive incoming messages, or the likes, will now be processed as a message and handled by the routing Error Handler. If disabled, the consumer will use the org.apache.camel.spi.ExceptionHandler to deal with exceptions by logging them at WARN or ERROR level and ignored." },
    "lenientBind": { "kind": "parameter", "displayName": "Lenient Bind", "group": "consumer", "label": "advanced,consumer", "required": false, "type": "boolean", "javaType": "boolean", "deprecated": false, "autowired": false, "secret": false, "defaultValue": false, "configurationClass": "org.apache.camel.component.mllp.MllpConfiguration", "configurationField": "configuration", "description": "TCP Server Only - Allow the endpoint to start before the TCP ServerSocket is bound. In some environments, it may be desirable to allow the endpoint to start before the TCP ServerSocket is bound." },
    "maxConcurrentConsumers": { "kind": "parameter", "displayName": "Max Concurrent Consumers", "group": "consumer", "label": "advanced,consumer", "required": false, "type": "integer", "javaType": "int", "deprecated": false, "autowired": false, "secret": false, "defaultValue": 5, "configurationClass": "org.apache.camel.component.mllp.MllpConfiguration", "configurationField": "configuration", "description": "The maximum number of concurrent MLLP Consumer connections that will be allowed. If a new connection is received and the maximum is number are already established, the new connection will be reset immediately." },
    "reuseAddress": { "kind": "parameter", "displayName": "Reuse Address", "group": "consumer", "label": "advanced,consumer", "required": false, "type": "boolean", "javaType": "java.lang.Boolean", "deprecated": false, "autowired": false, "secret": false, "defaultValue": "false", "configurationClass": "org.apache.camel.component.mllp.MllpConfiguration", "configurationField": "configuration", "description": "Enable\/disable the SO_REUSEADDR socket option." },
    "exceptionHandler": { "kind": "parameter", "displayName": "Exception Handler", "group": "consumer (advanced)", "label": "consumer,advanced", "required": false, "type": "object", "javaType": "org.apache.camel.spi.ExceptionHandler", "optionalPrefix": "consumer.", "deprecated": false, "autowired": false, "secret": false, "description": "To let the consumer use a custom ExceptionHandler. Notice if the option bridgeErrorHandler is enabled then this option is not in use. By default the consumer will deal with exceptions, that will be logged at WARN or ERROR level and ignored." },
    "exchangePattern": { "kind": "parameter", "displayName": "Exchange Pattern", "group": "consumer (advanced)", "label": "consumer,advanced", "required": false, "type": "object", "javaType": "org.apache.camel.ExchangePattern", "enum": [ "InOnly", "InOut", "InOptionalOut" ], "deprecated": false, "autowired": false, "secret": false, "defaultValue": "InOut", "configurationClass": "org.apache.camel.component.mllp.MllpConfiguration", "configurationField": "configuration", "description": "Sets the exchange pattern when the consumer creates an exchange." },
    "connectTimeout": { "kind": "parameter", "displayName": "Connect Timeout", "group": "producer", "label": "advanced,producer", "required": false, "type": "integer", "javaType": "int", "deprecated": false, "autowired": false, "secret": false, "defaultValue": 30000, "configurationClass": "org.apache.camel.component.mllp.MllpConfiguration", "configurationField": "configuration", "description": "Timeout (in milliseconds) for establishing for a TCP connection TCP Client only" },
    "idleTimeoutStrategy": { "kind": "parameter", "displayName": "Idle Timeout Strategy", "group": "producer", "label": "advanced,producer", "required": false, "type": "object", "javaType": "org.apache.camel.component.mllp.MllpIdleTimeoutStrategy", "enum": [ "RESET", "CLOSE" ], "deprecated": false, "autowired": false, "secret": false, "defaultValue": "RESET", "configurationClass": "org.apache.camel.component.mllp.MllpConfiguration", "configurationField": "configuration", "description": "decide what action to take when idle timeout occurs. Possible values are : RESET: set SO_LINGER to 0 and reset the socket CLOSE: close the socket gracefully default is RESET." },
    "keepAlive": { "kind": "parameter", "displayName": "Keep Alive", "group": "producer", "label": "advanced,producer", "required": false, "type": "boolean", "javaType": "java.lang.Boolean", "deprecated": false, "autowired": false, "secret": false, "defaultValue": "true", "configurationClass": "org.apache.camel.component.mllp.MllpConfiguration", "configurationField": "configuration", "description": "Enable\/disable the SO_KEEPALIVE socket option." },
    "tcpNoDelay": { "kind": "parameter", "displayName": "Tcp No Delay", "group": "producer", "label": "advanced,producer", "required": false, "type": "boolean", "javaType": "java.lang.Boolean", "deprecated": false, "autowired": false, "secret": false, "defaultValue": "true", "configurationClass": "org.apache.camel.component.mllp.MllpConfiguration", "configurationField": "configuration", "description": "Enable\/disable the TCP_NODELAY socket option." },
    "lazyStartProducer": { "kind": "parameter", "displayName": "Lazy Start Producer", "group": "producer (advanced)", "label": "producer,advanced", "required": false, "type": "boolean", "javaType": "boolean", "deprecated": false, "autowired": false, "secret": false, "defaultValue": false, "description": "Whether the producer should be started lazy (on the first message). By starting lazy you can use this to allow CamelContext and routes to startup in situations where a producer may otherwise fail during starting and cause the route to fail being started. By deferring this startup to be lazy then the startup failure can be handled during routing messages via Camel's routing error handlers. Beware that when the first message is processed then creating and starting the producer may take a little time and prolong the total processing time of the processing." },
    "maxBufferSize": { "kind": "parameter", "displayName": "Max Buffer Size", "group": "advanced", "label": "advanced", "required": false, "type": "integer", "javaType": "int", "deprecated": false, "autowired": false, "secret": false, "defaultValue": 1073741824, "configurationClass": "org.apache.camel.component.mllp.MllpConfiguration", "configurationField": "configuration", "description": "Maximum buffer size used when receiving or sending data over the wire." },
    "minBufferSize": { "kind": "parameter", "displayName": "Min Buffer Size", "group": "advanced", "label": "advanced", "required": false, "type": "integer", "javaType": "int", "deprecated": false, "autowired": false, "secret": false, "defaultValue": 2048, "configurationClass": "org.apache.camel.component.mllp.MllpConfiguration", "configurationField": "configuration", "description": "Minimum buffer size used when receiving or sending data over the wire." },
    "readTimeout": { "kind": "parameter", "displayName": "Read Timeout", "group": "advanced", "label": "advanced", "required": false, "type": "integer", "javaType": "int", "deprecated": false, "autowired": false, "secret": false, "defaultValue": 5000, "configurationClass": "org.apache.camel.component.mllp.MllpConfiguration", "configurationField": "configuration", "description": "The SO_TIMEOUT value (in milliseconds) used after the start of an MLLP frame has been received" },
    "receiveBufferSize": { "kind": "parameter", "displayName": "Receive Buffer Size", "group": "advanced", "label": "advanced", "required": false, "type": "integer", "javaType": "java.lang.Integer", "deprecated": false, "autowired": false, "secret": false, "defaultValue": "8192", "configurationClass": "org.apache.camel.component.mllp.MllpConfiguration", "configurationField": "configuration", "description": "Sets the SO_RCVBUF option to the specified value (in bytes)" },
    "receiveTimeout": { "kind": "parameter", "displayName": "Receive Timeout", "group": "advanced", "label": "advanced", "required": false, "type": "integer", "javaType": "int", "deprecated": false, "autowired": false, "secret": false, "defaultValue": 15000, "configurationClass": "org.apache.camel.component.mllp.MllpConfiguration", "configurationField": "configuration", "description": "The SO_TIMEOUT value (in milliseconds) used when waiting for the start of an MLLP frame" },
    "sendBufferSize": { "kind": "parameter", "displayName": "Send Buffer Size", "group": "advanced", "label": "advanced", "required": false, "type": "integer", "javaType": "java.lang.Integer", "deprecated": false, "autowired": false, "secret": false, "defaultValue": "8192", "configurationClass": "org.apache.camel.component.mllp.MllpConfiguration", "configurationField": "configuration", "description": "Sets the SO_SNDBUF option to the specified value (in bytes)" },
    "idleTimeout": { "kind": "parameter", "displayName": "Idle Timeout", "group": "tcp", "label": "advanced,tcp", "required": false, "type": "integer", "javaType": "java.lang.Integer", "deprecated": false, "autowired": false, "secret": false, "configurationClass": "org.apache.camel.component.mllp.MllpConfiguration", "configurationField": "configuration", "description": "The approximate idle time allowed before the Client TCP Connection will be reset. A null value or a value less than or equal to zero will disable the idle timeout." }
  }
}
