{
  "component": {
    "kind": "component",
    "name": "nitrite",
    "title": "Nitrite",
    "description": "Access Nitrite databases.",
    "deprecated": false,
    "firstVersion": "3.0.0",
    "label": "database,nosql",
    "javaType": "org.apache.camel.component.nitrite.NitriteComponent",
    "supportLevel": "Stable",
    "groupId": "org.apache.camel",
    "artifactId": "camel-nitrite",
    "version": "3.20.2-SNAPSHOT",
    "scheme": "nitrite",
    "extendsScheme": "",
    "syntax": "nitrite:database",
    "async": false,
    "api": false,
    "consumerOnly": false,
    "producerOnly": false,
    "lenientProperties": false
  },
  "componentProperties": {
    "bridgeErrorHandler": { "kind": "property", "displayName": "Bridge Error Handler", "group": "consumer", "label": "consumer", "required": false, "type": "boolean", "javaType": "boolean", "deprecated": false, "autowired": false, "secret": false, "defaultValue": false, "description": "Allows for bridging the consumer to the Camel routing Error Handler, which mean any exceptions occurred while the consumer is trying to pickup incoming messages, or the likes, will now be processed as a message and handled by the routing Error Handler. By default the consumer will use the org.apache.camel.spi.ExceptionHandler to deal with exceptions, that will be logged at WARN or ERROR level and ignored." },
    "lazyStartProducer": { "kind": "property", "displayName": "Lazy Start Producer", "group": "producer", "label": "producer", "required": false, "type": "boolean", "javaType": "boolean", "deprecated": false, "autowired": false, "secret": false, "defaultValue": false, "description": "Whether the producer should be started lazy (on the first message). By starting lazy you can use this to allow CamelContext and routes to startup in situations where a producer may otherwise fail during starting and cause the route to fail being started. By deferring this startup to be lazy then the startup failure can be handled during routing messages via Camel's routing error handlers. Beware that when the first message is processed then creating and starting the producer may take a little time and prolong the total processing time of the processing." },
    "autowiredEnabled": { "kind": "property", "displayName": "Autowired Enabled", "group": "advanced", "label": "advanced", "required": false, "type": "boolean", "javaType": "boolean", "deprecated": false, "autowired": false, "secret": false, "defaultValue": true, "description": "Whether autowiring is enabled. This is used for automatic autowiring options (the option must be marked as autowired) by looking up in the registry to find if there is a single instance of matching type, which then gets configured on the component. This can be used for automatic configuring JDBC data sources, JMS connection factories, AWS Clients, etc." }
  },
  "headers": {
    "CamelNitriteChangeTimestamp": { "kind": "header", "displayName": "", "group": "consumer", "label": "consumer", "required": false, "javaType": "long", "deprecated": false, "deprecationNote": "", "autowired": false, "secret": false, "description": "Event timestamp in Epoch millis.", "constantName": "org.apache.camel.component.nitrite.NitriteConstants#CHANGE_TIMESTAMP" },
    "CamelNitriteChangeType": { "kind": "header", "displayName": "", "group": "consumer", "label": "consumer", "required": false, "javaType": "org.dizitart.no2.event.ChangeType", "enum": [ "INSERT", "UPDATE", "REMOVE", "DROP", "CLOSE" ], "deprecated": false, "deprecationNote": "", "autowired": false, "secret": false, "description": "Type of event.", "constantName": "org.apache.camel.component.nitrite.NitriteConstants#CHANGE_TYPE" },
    "CamelNitriteOperation": { "kind": "header", "displayName": "", "group": "producer", "label": "producer", "required": false, "javaType": "org.apache.camel.component.nitrite.AbstractNitriteOperation", "deprecated": false, "deprecationNote": "", "autowired": false, "secret": false, "description": "Operation to invoke on Collection or Repository. Defaults to UpsertOperation if not specified.", "constantName": "org.apache.camel.component.nitrite.NitriteConstants#OPERATION" },
    "CamelNitriteWriteResult": { "kind": "header", "displayName": "", "group": "common", "label": "", "required": false, "javaType": "org.dizitart.no2.WriteResult", "deprecated": false, "deprecationNote": "", "autowired": false, "secret": false, "description": "Result of data modifying operation.", "constantName": "org.apache.camel.component.nitrite.NitriteConstants#WRITE_RESULT" }
  },
  "properties": {
    "database": { "kind": "path", "displayName": "Database", "group": "common", "label": "common", "required": true, "type": "string", "javaType": "java.lang.String", "deprecated": false, "deprecationNote": "", "autowired": false, "secret": false, "description": "Path to database file. Will be created if not exists." },
    "collection": { "kind": "parameter", "displayName": "Collection", "group": "common", "label": "common", "required": false, "type": "string", "javaType": "java.lang.String", "deprecated": false, "autowired": false, "secret": false, "description": "Name of Nitrite collection. Cannot be used in combination with repositoryClass option." },
    "repositoryClass": { "kind": "parameter", "displayName": "Repository Class", "group": "common", "label": "common", "required": false, "type": "string", "javaType": "java.lang.Class<java.lang.Object>", "deprecated": false, "autowired": false, "secret": false, "description": "Class of Nitrite ObjectRepository. Cannot be used in combination with collection option." },
    "repositoryName": { "kind": "parameter", "displayName": "Repository Name", "group": "common", "label": "common", "required": false, "type": "string", "javaType": "java.lang.String", "deprecated": false, "autowired": false, "secret": false, "description": "Optional name of ObjectRepository. Can be only used in combination with repositoryClass, otherwise have no effect" },
    "bridgeErrorHandler": { "kind": "parameter", "displayName": "Bridge Error Handler", "group": "consumer (advanced)", "label": "consumer,advanced", "required": false, "type": "boolean", "javaType": "boolean", "deprecated": false, "autowired": false, "secret": false, "defaultValue": false, "description": "Allows for bridging the consumer to the Camel routing Error Handler, which mean any exceptions occurred while the consumer is trying to pickup incoming messages, or the likes, will now be processed as a message and handled by the routing Error Handler. By default the consumer will use the org.apache.camel.spi.ExceptionHandler to deal with exceptions, that will be logged at WARN or ERROR level and ignored." },
    "exceptionHandler": { "kind": "parameter", "displayName": "Exception Handler", "group": "consumer (advanced)", "label": "consumer,advanced", "required": false, "type": "object", "javaType": "org.apache.camel.spi.ExceptionHandler", "optionalPrefix": "consumer.", "deprecated": false, "autowired": false, "secret": false, "description": "To let the consumer use a custom ExceptionHandler. Notice if the option bridgeErrorHandler is enabled then this option is not in use. By default the consumer will deal with exceptions, that will be logged at WARN or ERROR level and ignored." },
    "exchangePattern": { "kind": "parameter", "displayName": "Exchange Pattern", "group": "consumer (advanced)", "label": "consumer,advanced", "required": false, "type": "object", "javaType": "org.apache.camel.ExchangePattern", "enum": [ "InOnly", "InOut", "InOptionalOut" ], "deprecated": false, "autowired": false, "secret": false, "description": "Sets the exchange pattern when the consumer creates an exchange." },
    "lazyStartProducer": { "kind": "parameter", "displayName": "Lazy Start Producer", "group": "producer (advanced)", "label": "producer,advanced", "required": false, "type": "boolean", "javaType": "boolean", "deprecated": false, "autowired": false, "secret": false, "defaultValue": false, "description": "Whether the producer should be started lazy (on the first message). By starting lazy you can use this to allow CamelContext and routes to startup in situations where a producer may otherwise fail during starting and cause the route to fail being started. By deferring this startup to be lazy then the startup failure can be handled during routing messages via Camel's routing error handlers. Beware that when the first message is processed then creating and starting the producer may take a little time and prolong the total processing time of the processing." },
    "password": { "kind": "parameter", "displayName": "Password", "group": "security", "label": "security", "required": false, "type": "string", "javaType": "java.lang.String", "deprecated": false, "autowired": false, "secret": false, "description": "Password for Nitrite database. Required, if option username specified." },
    "username": { "kind": "parameter", "displayName": "Username", "group": "security", "label": "security", "required": false, "type": "string", "javaType": "java.lang.String", "deprecated": false, "autowired": false, "secret": false, "description": "Username for Nitrite database. Database is not secured if option not specified." }
  }
}
