{
  "component": {
    "kind": "component",
    "name": "quickfix",
    "title": "QuickFix",
    "description": "Open a Financial Interchange (FIX) session using an embedded QuickFix\/J engine.",
    "deprecated": false,
    "firstVersion": "2.1.0",
    "label": "messaging",
    "javaType": "org.apache.camel.component.quickfixj.QuickfixjComponent",
    "supportLevel": "Stable",
    "groupId": "org.apache.camel",
    "artifactId": "camel-quickfix",
    "version": "3.20.2-SNAPSHOT",
    "scheme": "quickfix",
    "extendsScheme": "",
    "syntax": "quickfix:configurationName",
    "async": false,
    "api": false,
    "consumerOnly": false,
    "producerOnly": false,
    "lenientProperties": false
  },
  "componentProperties": {
    "eagerStopEngines": { "kind": "property", "displayName": "Eager Stop Engines", "group": "common", "label": "", "required": false, "type": "boolean", "javaType": "boolean", "deprecated": false, "autowired": false, "secret": false, "defaultValue": true, "description": "Whether to eager stop engines when there are no active consumer or producers using the engine. For example when stopping a route, then the engine can be stopped as well. And when the route is started, then the engine is started again. This can be turned off to only stop the engines when Camel is shutdown." },
    "lazyCreateEngines": { "kind": "property", "displayName": "Lazy Create Engines", "group": "common", "label": "", "required": false, "type": "boolean", "javaType": "boolean", "deprecated": false, "autowired": false, "secret": false, "defaultValue": false, "description": "If set to true, the engines will be created and started when needed (when first message is send)" },
    "bridgeErrorHandler": { "kind": "property", "displayName": "Bridge Error Handler", "group": "consumer", "label": "consumer", "required": false, "type": "boolean", "javaType": "boolean", "deprecated": false, "autowired": false, "secret": false, "defaultValue": false, "description": "Allows for bridging the consumer to the Camel routing Error Handler, which mean any exceptions occurred while the consumer is trying to pickup incoming messages, or the likes, will now be processed as a message and handled by the routing Error Handler. By default the consumer will use the org.apache.camel.spi.ExceptionHandler to deal with exceptions, that will be logged at WARN or ERROR level and ignored." },
    "lazyStartProducer": { "kind": "property", "displayName": "Lazy Start Producer", "group": "producer", "label": "producer", "required": false, "type": "boolean", "javaType": "boolean", "deprecated": false, "autowired": false, "secret": false, "defaultValue": false, "description": "Whether the producer should be started lazy (on the first message). By starting lazy you can use this to allow CamelContext and routes to startup in situations where a producer may otherwise fail during starting and cause the route to fail being started. By deferring this startup to be lazy then the startup failure can be handled during routing messages via Camel's routing error handlers. Beware that when the first message is processed then creating and starting the producer may take a little time and prolong the total processing time of the processing." },
    "autowiredEnabled": { "kind": "property", "displayName": "Autowired Enabled", "group": "advanced", "label": "advanced", "required": false, "type": "boolean", "javaType": "boolean", "deprecated": false, "autowired": false, "secret": false, "defaultValue": true, "description": "Whether autowiring is enabled. This is used for automatic autowiring options (the option must be marked as autowired) by looking up in the registry to find if there is a single instance of matching type, which then gets configured on the component. This can be used for automatic configuring JDBC data sources, JMS connection factories, AWS Clients, etc." },
    "logFactory": { "kind": "property", "displayName": "Log Factory", "group": "advanced", "label": "advanced", "required": false, "type": "object", "javaType": "quickfix.LogFactory", "deprecated": false, "autowired": false, "secret": false, "description": "To use the given LogFactory" },
    "messageFactory": { "kind": "property", "displayName": "Message Factory", "group": "advanced", "label": "advanced", "required": false, "type": "object", "javaType": "quickfix.MessageFactory", "deprecated": false, "autowired": false, "secret": false, "description": "To use the given MessageFactory" },
    "messageStoreFactory": { "kind": "property", "displayName": "Message Store Factory", "group": "advanced", "label": "advanced", "required": false, "type": "object", "javaType": "quickfix.MessageStoreFactory", "deprecated": false, "autowired": false, "secret": false, "description": "To use the given MessageStoreFactory" }
  },
  "headers": {
    "EventCategory": { "kind": "header", "displayName": "", "group": "common", "label": "", "required": false, "javaType": "org.apache.camel.component.quickfixj.QuickfixjEventCategory", "enum": [ "AppMessageReceived", "AppMessageSent", "AdminMessageReceived", "AdminMessageSent", "SessionCreated", "SessionLogon", "SessionLogoff" ], "deprecated": false, "deprecationNote": "", "autowired": false, "secret": false, "description": "The event category.", "constantName": "org.apache.camel.component.quickfixj.QuickfixjEndpoint#EVENT_CATEGORY_KEY" },
    "SessionID": { "kind": "header", "displayName": "", "group": "common", "label": "", "required": false, "javaType": "quickfix.SessionID", "deprecated": false, "deprecationNote": "", "autowired": false, "secret": false, "description": "The FIX message SessionID.", "constantName": "org.apache.camel.component.quickfixj.QuickfixjEndpoint#SESSION_ID_KEY" },
    "MessageType": { "kind": "header", "displayName": "", "group": "common", "label": "", "required": false, "javaType": "String", "deprecated": false, "deprecationNote": "", "autowired": false, "secret": false, "description": "The FIX MsgType tag value.", "constantName": "org.apache.camel.component.quickfixj.QuickfixjEndpoint#MESSAGE_TYPE_KEY" }
  },
  "properties": {
    "configurationName": { "kind": "path", "displayName": "Configuration Name", "group": "common", "label": "", "required": true, "type": "string", "javaType": "java.lang.String", "deprecated": false, "deprecationNote": "", "autowired": false, "secret": false, "description": "Path to the quickfix configuration file. You can prefix with: classpath, file, http, ref, or bean. classpath, file and http loads the configuration file using these protocols (classpath is default). ref will lookup the configuration file in the registry. bean will call a method on a bean to be used as the configuration. For bean you can specify the method name after dot, eg bean:myBean.myMethod" },
    "lazyCreateEngine": { "kind": "parameter", "displayName": "Lazy Create Engine", "group": "common", "label": "", "required": false, "type": "boolean", "javaType": "boolean", "deprecated": false, "autowired": false, "secret": false, "defaultValue": false, "description": "This option allows creating QuickFIX\/J engine on demand. Value true means the engine is started when first message is send or there's consumer configured in route definition. When false value is used, the engine is started at the endpoint creation. When this parameter is missing, the value of component's property lazyCreateEngines is being used." },
    "sessionID": { "kind": "parameter", "displayName": "Session ID", "group": "common", "label": "", "required": false, "type": "string", "javaType": "java.lang.String", "deprecated": false, "autowired": false, "secret": false, "description": "The optional sessionID identifies a specific FIX session. The format of the sessionID is: (BeginString):(SenderCompID)\/(SenderSubID)\/(SenderLocationID)-(TargetCompID)\/(TargetSubID)\/(TargetLocationID)" },
    "bridgeErrorHandler": { "kind": "parameter", "displayName": "Bridge Error Handler", "group": "consumer (advanced)", "label": "consumer,advanced", "required": false, "type": "boolean", "javaType": "boolean", "deprecated": false, "autowired": false, "secret": false, "defaultValue": false, "description": "Allows for bridging the consumer to the Camel routing Error Handler, which mean any exceptions occurred while the consumer is trying to pickup incoming messages, or the likes, will now be processed as a message and handled by the routing Error Handler. By default the consumer will use the org.apache.camel.spi.ExceptionHandler to deal with exceptions, that will be logged at WARN or ERROR level and ignored." },
    "exceptionHandler": { "kind": "parameter", "displayName": "Exception Handler", "group": "consumer (advanced)", "label": "consumer,advanced", "required": false, "type": "object", "javaType": "org.apache.camel.spi.ExceptionHandler", "optionalPrefix": "consumer.", "deprecated": false, "autowired": false, "secret": false, "description": "To let the consumer use a custom ExceptionHandler. Notice if the option bridgeErrorHandler is enabled then this option is not in use. By default the consumer will deal with exceptions, that will be logged at WARN or ERROR level and ignored." },
    "exchangePattern": { "kind": "parameter", "displayName": "Exchange Pattern", "group": "consumer (advanced)", "label": "consumer,advanced", "required": false, "type": "object", "javaType": "org.apache.camel.ExchangePattern", "enum": [ "InOnly", "InOut", "InOptionalOut" ], "deprecated": false, "autowired": false, "secret": false, "description": "Sets the exchange pattern when the consumer creates an exchange." },
    "lazyStartProducer": { "kind": "parameter", "displayName": "Lazy Start Producer", "group": "producer (advanced)", "label": "producer,advanced", "required": false, "type": "boolean", "javaType": "boolean", "deprecated": false, "autowired": false, "secret": false, "defaultValue": false, "description": "Whether the producer should be started lazy (on the first message). By starting lazy you can use this to allow CamelContext and routes to startup in situations where a producer may otherwise fail during starting and cause the route to fail being started. By deferring this startup to be lazy then the startup failure can be handled during routing messages via Camel's routing error handlers. Beware that when the first message is processed then creating and starting the producer may take a little time and prolong the total processing time of the processing." }
  }
}
