{
  "component": {
    "kind": "component",
    "name": "reactive-streams",
    "title": "Reactive Streams",
    "description": "Exchange messages with reactive stream processing libraries compatible with the reactive streams standard.",
    "deprecated": false,
    "firstVersion": "2.19.0",
    "label": "reactive,streams",
    "javaType": "org.apache.camel.component.reactive.streams.ReactiveStreamsComponent",
    "supportLevel": "Stable",
    "groupId": "org.apache.camel",
    "artifactId": "camel-reactive-streams",
    "version": "3.20.2-SNAPSHOT",
    "scheme": "reactive-streams",
    "extendsScheme": "",
    "syntax": "reactive-streams:stream",
    "async": false,
    "api": false,
    "consumerOnly": false,
    "producerOnly": false,
    "lenientProperties": false
  },
  "componentProperties": {
    "threadPoolMaxSize": { "kind": "property", "displayName": "Thread Pool Max Size", "group": "common", "label": "common", "required": false, "type": "integer", "javaType": "int", "deprecated": false, "autowired": false, "secret": false, "defaultValue": 10, "description": "The maximum number of threads used by the reactive streams internal engine." },
    "threadPoolMinSize": { "kind": "property", "displayName": "Thread Pool Min Size", "group": "common", "label": "common", "required": false, "type": "integer", "javaType": "int", "deprecated": false, "autowired": false, "secret": false, "description": "The minimum number of threads used by the reactive streams internal engine." },
    "threadPoolName": { "kind": "property", "displayName": "Thread Pool Name", "group": "common", "label": "common", "required": false, "type": "string", "javaType": "java.lang.String", "deprecated": false, "autowired": false, "secret": false, "defaultValue": "CamelReactiveStreamsWorker", "description": "The name of the thread pool used by the reactive streams internal engine." },
    "bridgeErrorHandler": { "kind": "property", "displayName": "Bridge Error Handler", "group": "consumer", "label": "consumer", "required": false, "type": "boolean", "javaType": "boolean", "deprecated": false, "autowired": false, "secret": false, "defaultValue": false, "description": "Allows for bridging the consumer to the Camel routing Error Handler, which mean any exceptions occurred while the consumer is trying to pickup incoming messages, or the likes, will now be processed as a message and handled by the routing Error Handler. By default the consumer will use the org.apache.camel.spi.ExceptionHandler to deal with exceptions, that will be logged at WARN or ERROR level and ignored." },
    "backpressureStrategy": { "kind": "property", "displayName": "Backpressure Strategy", "group": "producer", "label": "producer", "required": false, "type": "object", "javaType": "org.apache.camel.component.reactive.streams.ReactiveStreamsBackpressureStrategy", "enum": [ "BUFFER", "OLDEST", "LATEST" ], "deprecated": false, "autowired": false, "secret": false, "defaultValue": "BUFFER", "description": "The backpressure strategy to use when pushing events to a slow subscriber." },
    "lazyStartProducer": { "kind": "property", "displayName": "Lazy Start Producer", "group": "producer", "label": "producer", "required": false, "type": "boolean", "javaType": "boolean", "deprecated": false, "autowired": false, "secret": false, "defaultValue": false, "description": "Whether the producer should be started lazy (on the first message). By starting lazy you can use this to allow CamelContext and routes to startup in situations where a producer may otherwise fail during starting and cause the route to fail being started. By deferring this startup to be lazy then the startup failure can be handled during routing messages via Camel's routing error handlers. Beware that when the first message is processed then creating and starting the producer may take a little time and prolong the total processing time of the processing." },
    "autowiredEnabled": { "kind": "property", "displayName": "Autowired Enabled", "group": "advanced", "label": "advanced", "required": false, "type": "boolean", "javaType": "boolean", "deprecated": false, "autowired": false, "secret": false, "defaultValue": true, "description": "Whether autowiring is enabled. This is used for automatic autowiring options (the option must be marked as autowired) by looking up in the registry to find if there is a single instance of matching type, which then gets configured on the component. This can be used for automatic configuring JDBC data sources, JMS connection factories, AWS Clients, etc." },
    "reactiveStreamsEngineConfiguration": { "kind": "property", "displayName": "Reactive Streams Engine Configuration", "group": "advanced", "label": "advanced", "required": false, "type": "object", "javaType": "org.apache.camel.component.reactive.streams.engine.ReactiveStreamsEngineConfiguration", "deprecated": false, "autowired": false, "secret": false, "description": "To use an existing reactive stream engine configuration." },
    "serviceType": { "kind": "property", "displayName": "Service Type", "group": "advanced", "label": "advanced", "required": false, "type": "string", "javaType": "java.lang.String", "deprecated": false, "autowired": false, "secret": false, "description": "Set the type of the underlying reactive streams implementation to use. The implementation is looked up from the registry or using a ServiceLoader, the default implementation is DefaultCamelReactiveStreamsService" }
  },
  "headers": {
    "CamelReactiveStreamsEventType": { "kind": "header", "displayName": "", "group": "consumer", "label": "consumer", "required": false, "javaType": "String", "deprecated": false, "deprecationNote": "", "autowired": false, "secret": false, "description": "Every exchange consumed by Camel has this header set to indicate if the exchange contains an item (value=onNext), an error (value=onError) or a completion event (value=onComplete). Errors and completion notification are not forwarded by default.", "constantName": "org.apache.camel.component.reactive.streams.ReactiveStreamsConstants#REACTIVE_STREAMS_EVENT_TYPE" },
    "CamelReactiveStreamsCallback": { "kind": "header", "displayName": "", "group": "common", "label": "", "required": false, "javaType": "org.apache.camel.component.reactive.streams.api.DispatchCallback", "deprecated": false, "deprecationNote": "", "autowired": false, "secret": false, "description": "The callback.", "constantName": "org.apache.camel.component.reactive.streams.ReactiveStreamsConstants#REACTIVE_STREAMS_CALLBACK" }
  },
  "properties": {
    "stream": { "kind": "path", "displayName": "Stream", "group": "common", "label": "", "required": false, "type": "string", "javaType": "java.lang.String", "deprecated": false, "autowired": false, "secret": false, "description": "Name of the stream channel used by the endpoint to exchange messages." },
    "concurrentConsumers": { "kind": "parameter", "displayName": "Concurrent Consumers", "group": "consumer", "label": "consumer", "required": false, "type": "integer", "javaType": "int", "deprecated": false, "autowired": false, "secret": false, "defaultValue": 1, "description": "Number of threads used to process exchanges in the Camel route." },
    "exchangesRefillLowWatermark": { "kind": "parameter", "displayName": "Exchanges Refill Low Watermark", "group": "consumer", "label": "consumer", "required": false, "type": "number", "javaType": "double", "deprecated": false, "autowired": false, "secret": false, "defaultValue": 0.25, "description": "Set the low watermark of requested exchanges to the active subscription as percentage of the maxInflightExchanges. When the number of pending items from the upstream source is lower than the watermark, new items can be requested to the subscription. If set to 0, the subscriber will request items in batches of maxInflightExchanges, only after all items of the previous batch have been processed. If set to 1, the subscriber can request a new item each time an exchange is processed (chatty). Any intermediate value can be used." },
    "forwardOnComplete": { "kind": "parameter", "displayName": "Forward On Complete", "group": "consumer", "label": "consumer", "required": false, "type": "boolean", "javaType": "boolean", "deprecated": false, "autowired": false, "secret": false, "defaultValue": false, "description": "Determines if onComplete events should be pushed to the Camel route." },
    "forwardOnError": { "kind": "parameter", "displayName": "Forward On Error", "group": "consumer", "label": "consumer", "required": false, "type": "boolean", "javaType": "boolean", "deprecated": false, "autowired": false, "secret": false, "defaultValue": false, "description": "Determines if onError events should be pushed to the Camel route. Exceptions will be set as message body." },
    "maxInflightExchanges": { "kind": "parameter", "displayName": "Max Inflight Exchanges", "group": "consumer", "label": "consumer", "required": false, "type": "integer", "javaType": "java.lang.Integer", "deprecated": false, "autowired": false, "secret": false, "defaultValue": "128", "description": "Maximum number of exchanges concurrently being processed by Camel. This parameter controls backpressure on the stream. Setting a non-positive value will disable backpressure." },
    "bridgeErrorHandler": { "kind": "parameter", "displayName": "Bridge Error Handler", "group": "consumer (advanced)", "label": "consumer,advanced", "required": false, "type": "boolean", "javaType": "boolean", "deprecated": false, "autowired": false, "secret": false, "defaultValue": false, "description": "Allows for bridging the consumer to the Camel routing Error Handler, which mean any exceptions occurred while the consumer is trying to pickup incoming messages, or the likes, will now be processed as a message and handled by the routing Error Handler. By default the consumer will use the org.apache.camel.spi.ExceptionHandler to deal with exceptions, that will be logged at WARN or ERROR level and ignored." },
    "exceptionHandler": { "kind": "parameter", "displayName": "Exception Handler", "group": "consumer (advanced)", "label": "consumer,advanced", "required": false, "type": "object", "javaType": "org.apache.camel.spi.ExceptionHandler", "optionalPrefix": "consumer.", "deprecated": false, "autowired": false, "secret": false, "description": "To let the consumer use a custom ExceptionHandler. Notice if the option bridgeErrorHandler is enabled then this option is not in use. By default the consumer will deal with exceptions, that will be logged at WARN or ERROR level and ignored." },
    "exchangePattern": { "kind": "parameter", "displayName": "Exchange Pattern", "group": "consumer (advanced)", "label": "consumer,advanced", "required": false, "type": "object", "javaType": "org.apache.camel.ExchangePattern", "enum": [ "InOnly", "InOut", "InOptionalOut" ], "deprecated": false, "autowired": false, "secret": false, "description": "Sets the exchange pattern when the consumer creates an exchange." },
    "backpressureStrategy": { "kind": "parameter", "displayName": "Backpressure Strategy", "group": "producer", "label": "producer", "required": false, "type": "object", "javaType": "org.apache.camel.component.reactive.streams.ReactiveStreamsBackpressureStrategy", "enum": [ "BUFFER", "OLDEST", "LATEST" ], "deprecated": false, "autowired": false, "secret": false, "description": "The backpressure strategy to use when pushing events to a slow subscriber." },
    "lazyStartProducer": { "kind": "parameter", "displayName": "Lazy Start Producer", "group": "producer (advanced)", "label": "producer,advanced", "required": false, "type": "boolean", "javaType": "boolean", "deprecated": false, "autowired": false, "secret": false, "defaultValue": false, "description": "Whether the producer should be started lazy (on the first message). By starting lazy you can use this to allow CamelContext and routes to startup in situations where a producer may otherwise fail during starting and cause the route to fail being started. By deferring this startup to be lazy then the startup failure can be handled during routing messages via Camel's routing error handlers. Beware that when the first message is processed then creating and starting the producer may take a little time and prolong the total processing time of the processing." }
  }
}
