{
  "component": {
    "kind": "component",
    "name": "rest",
    "title": "REST",
    "description": "Expose REST services or call external REST services.",
    "deprecated": false,
    "firstVersion": "2.14.0",
    "label": "core,rest",
    "javaType": "org.apache.camel.component.rest.RestComponent",
    "supportLevel": "Stable",
    "groupId": "org.apache.camel",
    "artifactId": "camel-rest",
    "version": "3.20.2-SNAPSHOT",
    "scheme": "rest",
    "extendsScheme": "",
    "syntax": "rest:method:path:uriTemplate",
    "async": false,
    "api": false,
    "consumerOnly": false,
    "producerOnly": false,
    "lenientProperties": true,
    "verifiers": "parameters,connectivity"
  },
  "componentProperties": {
    "bridgeErrorHandler": { "kind": "property", "displayName": "Bridge Error Handler", "group": "consumer", "label": "consumer", "required": false, "type": "boolean", "javaType": "boolean", "deprecated": false, "autowired": false, "secret": false, "defaultValue": false, "description": "Allows for bridging the consumer to the Camel routing Error Handler, which mean any exceptions occurred while the consumer is trying to pickup incoming messages, or the likes, will now be processed as a message and handled by the routing Error Handler. By default the consumer will use the org.apache.camel.spi.ExceptionHandler to deal with exceptions, that will be logged at WARN or ERROR level and ignored." },
    "consumerComponentName": { "kind": "property", "displayName": "Consumer Component Name", "group": "consumer", "label": "consumer", "required": false, "type": "string", "javaType": "java.lang.String", "deprecated": false, "autowired": false, "secret": false, "description": "The Camel Rest component to use for the consumer REST transport, such as jetty, servlet, undertow. If no component has been explicitly configured, then Camel will lookup if there is a Camel component that integrates with the Rest DSL, or if a org.apache.camel.spi.RestConsumerFactory is registered in the registry. If either one is found, then that is being used." },
    "apiDoc": { "kind": "property", "displayName": "Api Doc", "group": "producer", "label": "producer", "required": false, "type": "string", "javaType": "java.lang.String", "deprecated": false, "autowired": false, "secret": false, "description": "The swagger api doc resource to use. The resource is loaded from classpath by default and must be in JSON format." },
    "componentName": { "kind": "property", "displayName": "Component Name", "group": "producer", "label": "producer", "required": false, "type": "string", "javaType": "java.lang.String", "deprecated": true, "autowired": false, "secret": false, "description": "The Camel Rest component to use for the producer REST transport, such as http, undertow. If no component has been explicitly configured, then Camel will lookup if there is a Camel component that integrates with the Rest DSL, or if a org.apache.camel.spi.RestProducerFactory is registered in the registry. If either one is found, then that is being used." },
    "host": { "kind": "property", "displayName": "Host", "group": "producer", "label": "producer", "required": false, "type": "string", "javaType": "java.lang.String", "deprecated": false, "autowired": false, "secret": false, "description": "Host and port of HTTP service to use (override host in swagger schema)" },
    "lazyStartProducer": { "kind": "property", "displayName": "Lazy Start Producer", "group": "producer", "label": "producer", "required": false, "type": "boolean", "javaType": "boolean", "deprecated": false, "autowired": false, "secret": false, "defaultValue": false, "description": "Whether the producer should be started lazy (on the first message). By starting lazy you can use this to allow CamelContext and routes to startup in situations where a producer may otherwise fail during starting and cause the route to fail being started. By deferring this startup to be lazy then the startup failure can be handled during routing messages via Camel's routing error handlers. Beware that when the first message is processed then creating and starting the producer may take a little time and prolong the total processing time of the processing." },
    "producerComponentName": { "kind": "property", "displayName": "Producer Component Name", "group": "producer", "label": "producer", "required": false, "type": "string", "javaType": "java.lang.String", "deprecated": false, "autowired": false, "secret": false, "description": "The Camel Rest component to use for the producer REST transport, such as http, undertow. If no component has been explicitly configured, then Camel will lookup if there is a Camel component that integrates with the Rest DSL, or if a org.apache.camel.spi.RestProducerFactory is registered in the registry. If either one is found, then that is being used." },
    "autowiredEnabled": { "kind": "property", "displayName": "Autowired Enabled", "group": "advanced", "label": "advanced", "required": false, "type": "boolean", "javaType": "boolean", "deprecated": false, "autowired": false, "secret": false, "defaultValue": true, "description": "Whether autowiring is enabled. This is used for automatic autowiring options (the option must be marked as autowired) by looking up in the registry to find if there is a single instance of matching type, which then gets configured on the component. This can be used for automatic configuring JDBC data sources, JMS connection factories, AWS Clients, etc." }
  },
  "headers": {
    "CamelRestHttpQuery": { "kind": "header", "displayName": "", "group": "producer", "label": "producer", "required": false, "javaType": "String", "deprecated": false, "deprecationNote": "", "autowired": false, "secret": false, "description": "The query parameters for the rest call to be used", "constantName": "org.apache.camel.component.rest.RestConstants#REST_HTTP_QUERY" },
    "CamelRestHttpUri": { "kind": "header", "displayName": "", "group": "producer", "label": "producer", "required": false, "javaType": "String", "deprecated": false, "deprecationNote": "", "autowired": false, "secret": false, "description": "The http uri for the rest call to be used", "constantName": "org.apache.camel.component.rest.RestConstants#REST_HTTP_URI" },
    "CamelHttpMethod": { "kind": "header", "displayName": "", "group": "producer", "label": "producer", "required": false, "javaType": "String", "deprecated": false, "deprecationNote": "", "autowired": false, "secret": false, "description": "The method should be in upper case", "constantName": "org.apache.camel.component.rest.RestConstants#HTTP_METHOD" },
    "Content-Type": { "kind": "header", "displayName": "", "group": "producer", "label": "producer", "required": false, "javaType": "String", "deprecated": false, "deprecationNote": "", "autowired": false, "secret": false, "description": "The media type such as: 'text\/xml', or 'application\/json' this REST service returns.", "constantName": "org.apache.camel.component.rest.RestConstants#CONTENT_TYPE" },
    "Accept": { "kind": "header", "displayName": "", "group": "producer", "label": "producer", "required": false, "javaType": "String", "deprecated": false, "deprecationNote": "", "autowired": false, "secret": false, "description": "The media type such as: 'text\/xml', or 'application\/json' this REST service accepts.", "constantName": "org.apache.camel.component.rest.RestConstants#ACCEPT" },
    "CamelHttpResponseCode": { "kind": "header", "displayName": "", "group": "producer", "label": "producer", "required": false, "javaType": "Integer", "deprecated": false, "deprecationNote": "", "autowired": false, "secret": false, "description": "The http response code", "constantName": "org.apache.camel.component.rest.RestConstants#HTTP_RESPONSE_CODE" }
  },
  "properties": {
    "method": { "kind": "path", "displayName": "Method", "group": "common", "label": "common", "required": true, "type": "string", "javaType": "java.lang.String", "enum": [ "get", "post", "put", "delete", "patch", "head", "trace", "connect", "options" ], "deprecated": false, "deprecationNote": "", "autowired": false, "secret": false, "description": "HTTP method to use." },
    "path": { "kind": "path", "displayName": "Path", "group": "common", "label": "common", "required": true, "type": "string", "javaType": "java.lang.String", "deprecated": false, "deprecationNote": "", "autowired": false, "secret": false, "description": "The base path" },
    "uriTemplate": { "kind": "path", "displayName": "Uri Template", "group": "common", "label": "common", "required": false, "type": "string", "javaType": "java.lang.String", "deprecated": false, "autowired": false, "secret": false, "description": "The uri template" },
    "consumes": { "kind": "parameter", "displayName": "Consumes", "group": "common", "label": "common", "required": false, "type": "string", "javaType": "java.lang.String", "deprecated": false, "autowired": false, "secret": false, "description": "Media type such as: 'text\/xml', or 'application\/json' this REST service accepts. By default we accept all kinds of types." },
    "inType": { "kind": "parameter", "displayName": "In Type", "group": "common", "label": "common", "required": false, "type": "string", "javaType": "java.lang.String", "deprecated": false, "autowired": false, "secret": false, "description": "To declare the incoming POJO binding type as a FQN class name" },
    "outType": { "kind": "parameter", "displayName": "Out Type", "group": "common", "label": "common", "required": false, "type": "string", "javaType": "java.lang.String", "deprecated": false, "autowired": false, "secret": false, "description": "To declare the outgoing POJO binding type as a FQN class name" },
    "produces": { "kind": "parameter", "displayName": "Produces", "group": "common", "label": "common", "required": false, "type": "string", "javaType": "java.lang.String", "deprecated": false, "autowired": false, "secret": false, "description": "Media type such as: 'text\/xml', or 'application\/json' this REST service returns." },
    "routeId": { "kind": "parameter", "displayName": "Route Id", "group": "common", "label": "common", "required": false, "type": "string", "javaType": "java.lang.String", "deprecated": false, "autowired": false, "secret": false, "description": "Name of the route this REST services creates" },
    "consumerComponentName": { "kind": "parameter", "displayName": "Consumer Component Name", "group": "consumer", "label": "consumer", "required": false, "type": "string", "javaType": "java.lang.String", "deprecated": false, "autowired": false, "secret": false, "description": "The Camel Rest component to use for the consumer REST transport, such as jetty, servlet, undertow. If no component has been explicitly configured, then Camel will lookup if there is a Camel component that integrates with the Rest DSL, or if a org.apache.camel.spi.RestConsumerFactory is registered in the registry. If either one is found, then that is being used." },
    "description": { "kind": "parameter", "displayName": "Description", "group": "consumer", "label": "consumer", "required": false, "type": "string", "javaType": "java.lang.String", "deprecated": false, "autowired": false, "secret": false, "description": "Human description to document this REST service" },
    "bridgeErrorHandler": { "kind": "parameter", "displayName": "Bridge Error Handler", "group": "consumer (advanced)", "label": "consumer,advanced", "required": false, "type": "boolean", "javaType": "boolean", "deprecated": false, "autowired": false, "secret": false, "defaultValue": false, "description": "Allows for bridging the consumer to the Camel routing Error Handler, which mean any exceptions occurred while the consumer is trying to pickup incoming messages, or the likes, will now be processed as a message and handled by the routing Error Handler. By default the consumer will use the org.apache.camel.spi.ExceptionHandler to deal with exceptions, that will be logged at WARN or ERROR level and ignored." },
    "exceptionHandler": { "kind": "parameter", "displayName": "Exception Handler", "group": "consumer (advanced)", "label": "consumer,advanced", "required": false, "type": "object", "javaType": "org.apache.camel.spi.ExceptionHandler", "optionalPrefix": "consumer.", "deprecated": false, "autowired": false, "secret": false, "description": "To let the consumer use a custom ExceptionHandler. Notice if the option bridgeErrorHandler is enabled then this option is not in use. By default the consumer will deal with exceptions, that will be logged at WARN or ERROR level and ignored." },
    "exchangePattern": { "kind": "parameter", "displayName": "Exchange Pattern", "group": "consumer (advanced)", "label": "consumer,advanced", "required": false, "type": "object", "javaType": "org.apache.camel.ExchangePattern", "enum": [ "InOnly", "InOut", "InOptionalOut" ], "deprecated": false, "autowired": false, "secret": false, "description": "Sets the exchange pattern when the consumer creates an exchange." },
    "apiDoc": { "kind": "parameter", "displayName": "Api Doc", "group": "producer", "label": "producer", "required": false, "type": "string", "javaType": "java.lang.String", "deprecated": false, "autowired": false, "secret": false, "description": "The openapi api doc resource to use. The resource is loaded from classpath by default and must be in JSON format." },
    "bindingMode": { "kind": "parameter", "displayName": "Binding Mode", "group": "producer", "label": "producer", "required": false, "type": "object", "javaType": "org.apache.camel.spi.RestConfiguration.RestBindingMode", "enum": [ "auto", "off", "json", "xml", "json_xml" ], "deprecated": false, "autowired": false, "secret": false, "description": "Configures the binding mode for the producer. If set to anything other than 'off' the producer will try to convert the body of the incoming message from inType to the json or xml, and the response from json or xml to outType." },
    "host": { "kind": "parameter", "displayName": "Host", "group": "producer", "label": "producer", "required": false, "type": "string", "javaType": "java.lang.String", "deprecated": false, "autowired": false, "secret": false, "description": "Host and port of HTTP service to use (override host in openapi schema)" },
    "producerComponentName": { "kind": "parameter", "displayName": "Producer Component Name", "group": "producer", "label": "producer", "required": false, "type": "string", "javaType": "java.lang.String", "deprecated": false, "autowired": false, "secret": false, "description": "The Camel Rest component to use for the producer REST transport, such as http, undertow. If no component has been explicitly configured, then Camel will lookup if there is a Camel component that integrates with the Rest DSL, or if a org.apache.camel.spi.RestProducerFactory is registered in the registry. If either one is found, then that is being used." },
    "queryParameters": { "kind": "parameter", "displayName": "Query Parameters", "group": "producer", "label": "producer", "required": false, "type": "string", "javaType": "java.lang.String", "deprecated": false, "autowired": false, "secret": false, "description": "Query parameters for the HTTP service to call. The query parameters can contain multiple parameters separated by ampersand such such as foo=123&bar=456." },
    "lazyStartProducer": { "kind": "parameter", "displayName": "Lazy Start Producer", "group": "producer (advanced)", "label": "producer,advanced", "required": false, "type": "boolean", "javaType": "boolean", "deprecated": false, "autowired": false, "secret": false, "defaultValue": false, "description": "Whether the producer should be started lazy (on the first message). By starting lazy you can use this to allow CamelContext and routes to startup in situations where a producer may otherwise fail during starting and cause the route to fail being started. By deferring this startup to be lazy then the startup failure can be handled during routing messages via Camel's routing error handlers. Beware that when the first message is processed then creating and starting the producer may take a little time and prolong the total processing time of the processing." }
  }
}
