{
  "component": {
    "kind": "component",
    "name": "robotframework",
    "title": "Robot Framework",
    "description": "Pass camel exchanges to acceptence test written in Robot DSL.",
    "deprecated": false,
    "firstVersion": "3.0.0",
    "label": "testing",
    "javaType": "org.apache.camel.component.robotframework.RobotFrameworkComponent",
    "supportLevel": "Stable",
    "groupId": "org.apache.camel",
    "artifactId": "camel-robotframework",
    "version": "3.20.2-SNAPSHOT",
    "scheme": "robotframework",
    "extendsScheme": "",
    "syntax": "robotframework:resourceUri",
    "async": false,
    "api": false,
    "consumerOnly": false,
    "producerOnly": false,
    "lenientProperties": false
  },
  "componentProperties": {
    "allowContextMapAll": { "kind": "property", "displayName": "Allow Context Map All", "group": "common", "label": "", "required": false, "type": "boolean", "javaType": "boolean", "deprecated": false, "autowired": false, "secret": false, "defaultValue": false, "configurationClass": "org.apache.camel.component.robotframework.RobotFrameworkCamelConfiguration", "configurationField": "configuration", "description": "Sets whether the context map should allow access to all details. By default only the message body and headers can be accessed. This option can be enabled for full access to the current Exchange and CamelContext. Doing so impose a potential security risk as this opens access to the full power of CamelContext API." },
    "allowTemplateFromHeader": { "kind": "property", "displayName": "Allow Template From Header", "group": "common", "label": "", "required": false, "type": "boolean", "javaType": "boolean", "deprecated": false, "autowired": false, "secret": false, "defaultValue": false, "configurationClass": "org.apache.camel.component.robotframework.RobotFrameworkCamelConfiguration", "configurationField": "configuration", "description": "Whether to allow to use resource template from header or not (default false). Enabling this allows to specify dynamic templates via message header. However this can be seen as a potential security vulnerability if the header is coming from a malicious user, so use this with care." },
    "argumentFile": { "kind": "property", "displayName": "Argument File", "group": "common", "label": "", "required": false, "type": "string", "javaType": "java.io.File", "deprecated": false, "autowired": false, "secret": false, "configurationClass": "org.apache.camel.component.robotframework.RobotFrameworkCamelConfiguration", "configurationField": "configuration", "description": "A text file to read more arguments from." },
    "combinedTagStats": { "kind": "property", "displayName": "Combined Tag Stats", "group": "common", "label": "", "required": false, "type": "string", "javaType": "java.lang.String", "deprecated": false, "autowired": false, "secret": false, "configurationClass": "org.apache.camel.component.robotframework.RobotFrameworkCamelConfiguration", "configurationField": "configuration", "description": "Creates combined statistics based on tags. Use the format tags:title List" },
    "criticalTags": { "kind": "property", "displayName": "Critical Tags", "group": "common", "label": "", "required": false, "type": "string", "javaType": "java.lang.String", "deprecated": false, "autowired": false, "secret": false, "configurationClass": "org.apache.camel.component.robotframework.RobotFrameworkCamelConfiguration", "configurationField": "configuration", "description": "Tests that have the given tags are considered critical. List" },
    "debugFile": { "kind": "property", "displayName": "Debug File", "group": "common", "label": "", "required": false, "type": "string", "javaType": "java.io.File", "deprecated": false, "autowired": false, "secret": false, "configurationClass": "org.apache.camel.component.robotframework.RobotFrameworkCamelConfiguration", "configurationField": "configuration", "description": "A debug file that is written during execution." },
    "document": { "kind": "property", "displayName": "Document", "group": "common", "label": "", "required": false, "type": "string", "javaType": "java.lang.String", "deprecated": false, "autowired": false, "secret": false, "configurationClass": "org.apache.camel.component.robotframework.RobotFrameworkCamelConfiguration", "configurationField": "configuration", "description": "Sets the documentation of the top-level tests suites." },
    "dryrun": { "kind": "property", "displayName": "Dryrun", "group": "common", "label": "", "required": false, "type": "boolean", "javaType": "boolean", "deprecated": false, "autowired": false, "secret": false, "defaultValue": false, "configurationClass": "org.apache.camel.component.robotframework.RobotFrameworkCamelConfiguration", "configurationField": "configuration", "description": "Sets dryrun mode on use. In the dry run mode tests are run without executing keywords originating from test libraries. Useful for validating test data syntax." },
    "excludes": { "kind": "property", "displayName": "Excludes", "group": "common", "label": "", "required": false, "type": "string", "javaType": "java.lang.String", "deprecated": false, "autowired": false, "secret": false, "configurationClass": "org.apache.camel.component.robotframework.RobotFrameworkCamelConfiguration", "configurationField": "configuration", "description": "Selects the tests cases by tags. List" },
    "exitOnFailure": { "kind": "property", "displayName": "Exit On Failure", "group": "common", "label": "", "required": false, "type": "boolean", "javaType": "boolean", "deprecated": false, "autowired": false, "secret": false, "defaultValue": false, "configurationClass": "org.apache.camel.component.robotframework.RobotFrameworkCamelConfiguration", "configurationField": "configuration", "description": "Sets robot to stop execution immediately if a critical test fails." },
    "includes": { "kind": "property", "displayName": "Includes", "group": "common", "label": "", "required": false, "type": "string", "javaType": "java.lang.String", "deprecated": false, "autowired": false, "secret": false, "configurationClass": "org.apache.camel.component.robotframework.RobotFrameworkCamelConfiguration", "configurationField": "configuration", "description": "Selects the tests cases by tags. List" },
    "listener": { "kind": "property", "displayName": "Listener", "group": "common", "label": "", "required": false, "type": "string", "javaType": "java.lang.String", "deprecated": false, "autowired": false, "secret": false, "configurationClass": "org.apache.camel.component.robotframework.RobotFrameworkCamelConfiguration", "configurationField": "configuration", "description": "Sets a single listener for monitoring tests execution" },
    "listeners": { "kind": "property", "displayName": "Listeners", "group": "common", "label": "", "required": false, "type": "string", "javaType": "java.lang.String", "deprecated": false, "autowired": false, "secret": false, "configurationClass": "org.apache.camel.component.robotframework.RobotFrameworkCamelConfiguration", "configurationField": "configuration", "description": "Sets multiple listeners for monitoring tests execution. Use the format ListenerWithArgs:arg1:arg2 or simply ListenerWithoutArgs List" },
    "log": { "kind": "property", "displayName": "Log", "group": "common", "label": "", "required": false, "type": "string", "javaType": "java.io.File", "deprecated": false, "autowired": false, "secret": false, "configurationClass": "org.apache.camel.component.robotframework.RobotFrameworkCamelConfiguration", "configurationField": "configuration", "description": "Sets the path to the generated log file." },
    "logLevel": { "kind": "property", "displayName": "Log Level", "group": "common", "label": "", "required": false, "type": "string", "javaType": "java.lang.String", "deprecated": false, "autowired": false, "secret": false, "configurationClass": "org.apache.camel.component.robotframework.RobotFrameworkCamelConfiguration", "configurationField": "configuration", "description": "Sets the threshold level for logging." },
    "logTitle": { "kind": "property", "displayName": "Log Title", "group": "common", "label": "", "required": false, "type": "string", "javaType": "java.lang.String", "deprecated": false, "autowired": false, "secret": false, "configurationClass": "org.apache.camel.component.robotframework.RobotFrameworkCamelConfiguration", "configurationField": "configuration", "description": "Sets a title for the generated tests log." },
    "metadata": { "kind": "property", "displayName": "Metadata", "group": "common", "label": "", "required": false, "type": "string", "javaType": "java.lang.String", "deprecated": false, "autowired": false, "secret": false, "configurationClass": "org.apache.camel.component.robotframework.RobotFrameworkCamelConfiguration", "configurationField": "configuration", "description": "Sets free metadata for the top level tests suites. comma seperated list of string resulting as List" },
    "monitorColors": { "kind": "property", "displayName": "Monitor Colors", "group": "common", "label": "", "required": false, "type": "string", "javaType": "java.lang.String", "deprecated": false, "autowired": false, "secret": false, "configurationClass": "org.apache.camel.component.robotframework.RobotFrameworkCamelConfiguration", "configurationField": "configuration", "description": "Using ANSI colors in console. Normally colors work in unixes but not in Windows. Default is 'on'. 'on' - use colors in unixes but not in Windows 'off' - never use colors 'force' - always use colors (also in Windows)" },
    "monitorWidth": { "kind": "property", "displayName": "Monitor Width", "group": "common", "label": "", "required": false, "type": "string", "javaType": "java.lang.String", "deprecated": false, "autowired": false, "secret": false, "defaultValue": "78", "configurationClass": "org.apache.camel.component.robotframework.RobotFrameworkCamelConfiguration", "configurationField": "configuration", "description": "Width of the monitor output. Default is 78." },
    "name": { "kind": "property", "displayName": "Name", "group": "common", "label": "", "required": false, "type": "string", "javaType": "java.lang.String", "deprecated": false, "autowired": false, "secret": false, "configurationClass": "org.apache.camel.component.robotframework.RobotFrameworkCamelConfiguration", "configurationField": "configuration", "description": "Sets the name of the top-level tests suites." },
    "nonCriticalTags": { "kind": "property", "displayName": "Non Critical Tags", "group": "common", "label": "", "required": false, "type": "string", "javaType": "java.lang.String", "deprecated": false, "autowired": false, "secret": false, "configurationClass": "org.apache.camel.component.robotframework.RobotFrameworkCamelConfiguration", "configurationField": "configuration", "description": "Tests that have the given tags are not critical. List" },
    "noStatusReturnCode": { "kind": "property", "displayName": "No Status Return Code", "group": "common", "label": "", "required": false, "type": "boolean", "javaType": "boolean", "deprecated": false, "autowired": false, "secret": false, "defaultValue": false, "configurationClass": "org.apache.camel.component.robotframework.RobotFrameworkCamelConfiguration", "configurationField": "configuration", "description": "If true, sets the return code to zero regardless of failures in test cases. Error codes are returned normally." },
    "output": { "kind": "property", "displayName": "Output", "group": "common", "label": "", "required": false, "type": "string", "javaType": "java.io.File", "deprecated": false, "autowired": false, "secret": false, "configurationClass": "org.apache.camel.component.robotframework.RobotFrameworkCamelConfiguration", "configurationField": "configuration", "description": "Sets the path to the generated output file." },
    "outputDirectory": { "kind": "property", "displayName": "Output Directory", "group": "common", "label": "", "required": false, "type": "string", "javaType": "java.io.File", "deprecated": false, "autowired": false, "secret": false, "configurationClass": "org.apache.camel.component.robotframework.RobotFrameworkCamelConfiguration", "configurationField": "configuration", "description": "Configures where generated reports are to be placed." },
    "randomize": { "kind": "property", "displayName": "Randomize", "group": "common", "label": "", "required": false, "type": "string", "javaType": "java.lang.String", "deprecated": false, "autowired": false, "secret": false, "configurationClass": "org.apache.camel.component.robotframework.RobotFrameworkCamelConfiguration", "configurationField": "configuration", "description": "Sets the test execution order to be randomized. Valid values are all, suite, and test" },
    "report": { "kind": "property", "displayName": "Report", "group": "common", "label": "", "required": false, "type": "string", "javaType": "java.io.File", "deprecated": false, "autowired": false, "secret": false, "configurationClass": "org.apache.camel.component.robotframework.RobotFrameworkCamelConfiguration", "configurationField": "configuration", "description": "Sets the path to the generated report file." },
    "reportBackground": { "kind": "property", "displayName": "Report Background", "group": "common", "label": "", "required": false, "type": "string", "javaType": "java.lang.String", "deprecated": false, "autowired": false, "secret": false, "configurationClass": "org.apache.camel.component.robotframework.RobotFrameworkCamelConfiguration", "configurationField": "configuration", "description": "Sets background colors for the generated report and summary." },
    "reportTitle": { "kind": "property", "displayName": "Report Title", "group": "common", "label": "", "required": false, "type": "string", "javaType": "java.lang.String", "deprecated": false, "autowired": false, "secret": false, "configurationClass": "org.apache.camel.component.robotframework.RobotFrameworkCamelConfiguration", "configurationField": "configuration", "description": "Sets a title for the generated tests report." },
    "runEmptySuite": { "kind": "property", "displayName": "Run Empty Suite", "group": "common", "label": "", "required": false, "type": "boolean", "javaType": "boolean", "deprecated": false, "autowired": false, "secret": false, "defaultValue": false, "configurationClass": "org.apache.camel.component.robotframework.RobotFrameworkCamelConfiguration", "configurationField": "configuration", "description": "Executes tests also if the top level test suite is empty. Useful e.g. with --include\/--exclude when it is not an error that no test matches the condition." },
    "runFailed": { "kind": "property", "displayName": "Run Failed", "group": "common", "label": "", "required": false, "type": "string", "javaType": "java.io.File", "deprecated": false, "autowired": false, "secret": false, "configurationClass": "org.apache.camel.component.robotframework.RobotFrameworkCamelConfiguration", "configurationField": "configuration", "description": "Re-run failed tests, based on output.xml file." },
    "runMode": { "kind": "property", "displayName": "Run Mode", "group": "common", "label": "", "required": false, "type": "string", "javaType": "java.lang.String", "deprecated": false, "autowired": false, "secret": false, "configurationClass": "org.apache.camel.component.robotframework.RobotFrameworkCamelConfiguration", "configurationField": "configuration", "description": "Sets the execution mode for this tests run. Note that this setting has been deprecated in Robot Framework 2.8. Use separate dryryn, skipTeardownOnExit, exitOnFailure, and randomize settings instead." },
    "skipTeardownOnExit": { "kind": "property", "displayName": "Skip Teardown On Exit", "group": "common", "label": "", "required": false, "type": "boolean", "javaType": "boolean", "deprecated": false, "autowired": false, "secret": false, "defaultValue": false, "configurationClass": "org.apache.camel.component.robotframework.RobotFrameworkCamelConfiguration", "configurationField": "configuration", "description": "Sets whether the teardowns are skipped if the test execution is prematurely stopped." },
    "splitOutputs": { "kind": "property", "displayName": "Split Outputs", "group": "common", "label": "", "required": false, "type": "string", "javaType": "java.lang.String", "deprecated": false, "autowired": false, "secret": false, "configurationClass": "org.apache.camel.component.robotframework.RobotFrameworkCamelConfiguration", "configurationField": "configuration", "description": "Splits output and log files." },
    "suites": { "kind": "property", "displayName": "Suites", "group": "common", "label": "", "required": false, "type": "string", "javaType": "java.lang.String", "deprecated": false, "autowired": false, "secret": false, "configurationClass": "org.apache.camel.component.robotframework.RobotFrameworkCamelConfiguration", "configurationField": "configuration", "description": "Selects the tests suites by name. List" },
    "suiteStatLevel": { "kind": "property", "displayName": "Suite Stat Level", "group": "common", "label": "", "required": false, "type": "string", "javaType": "java.lang.String", "deprecated": false, "autowired": false, "secret": false, "configurationClass": "org.apache.camel.component.robotframework.RobotFrameworkCamelConfiguration", "configurationField": "configuration", "description": "Defines how many levels to show in the Statistics by Suite table in outputs." },
    "summaryTitle": { "kind": "property", "displayName": "Summary Title", "group": "common", "label": "", "required": false, "type": "string", "javaType": "java.lang.String", "deprecated": false, "autowired": false, "secret": false, "configurationClass": "org.apache.camel.component.robotframework.RobotFrameworkCamelConfiguration", "configurationField": "configuration", "description": "Sets a title for the generated summary report." },
    "tagDocs": { "kind": "property", "displayName": "Tag Docs", "group": "common", "label": "", "required": false, "type": "string", "javaType": "java.lang.String", "deprecated": false, "autowired": false, "secret": false, "configurationClass": "org.apache.camel.component.robotframework.RobotFrameworkCamelConfiguration", "configurationField": "configuration", "description": "Adds documentation to the specified tags. List" },
    "tags": { "kind": "property", "displayName": "Tags", "group": "common", "label": "", "required": false, "type": "string", "javaType": "java.lang.String", "deprecated": false, "autowired": false, "secret": false, "configurationClass": "org.apache.camel.component.robotframework.RobotFrameworkCamelConfiguration", "configurationField": "configuration", "description": "Sets the tags(s) to all executed tests cases. List" },
    "tagStatExcludes": { "kind": "property", "displayName": "Tag Stat Excludes", "group": "common", "label": "", "required": false, "type": "string", "javaType": "java.lang.String", "deprecated": false, "autowired": false, "secret": false, "configurationClass": "org.apache.camel.component.robotframework.RobotFrameworkCamelConfiguration", "configurationField": "configuration", "description": "Excludes these tags from the Statistics by Tag and Test Details by Tag tables in outputs. List" },
    "tagStatIncludes": { "kind": "property", "displayName": "Tag Stat Includes", "group": "common", "label": "", "required": false, "type": "string", "javaType": "java.lang.String", "deprecated": false, "autowired": false, "secret": false, "configurationClass": "org.apache.camel.component.robotframework.RobotFrameworkCamelConfiguration", "configurationField": "configuration", "description": "Includes only these tags in the Statistics by Tag and Test Details by Tag tables in outputs. List" },
    "tagStatLinks": { "kind": "property", "displayName": "Tag Stat Links", "group": "common", "label": "", "required": false, "type": "string", "javaType": "java.lang.String", "deprecated": false, "autowired": false, "secret": false, "configurationClass": "org.apache.camel.component.robotframework.RobotFrameworkCamelConfiguration", "configurationField": "configuration", "description": "Adds external links to the Statistics by Tag table in outputs. Use the format pattern:link:title List" },
    "tests": { "kind": "property", "displayName": "Tests", "group": "common", "label": "", "required": false, "type": "string", "javaType": "java.lang.String", "deprecated": false, "autowired": false, "secret": false, "configurationClass": "org.apache.camel.component.robotframework.RobotFrameworkCamelConfiguration", "configurationField": "configuration", "description": "Selects the tests cases by name. List" },
    "timestampOutputs": { "kind": "property", "displayName": "Timestamp Outputs", "group": "common", "label": "", "required": false, "type": "boolean", "javaType": "boolean", "deprecated": false, "autowired": false, "secret": false, "defaultValue": false, "configurationClass": "org.apache.camel.component.robotframework.RobotFrameworkCamelConfiguration", "configurationField": "configuration", "description": "Adds a timestamp to all output files." },
    "variableFiles": { "kind": "property", "displayName": "Variable Files", "group": "common", "label": "", "required": false, "type": "string", "javaType": "java.lang.String", "deprecated": false, "autowired": false, "secret": false, "configurationClass": "org.apache.camel.component.robotframework.RobotFrameworkCamelConfiguration", "configurationField": "configuration", "description": "Sets variables using variables files. Use the format path:args List" },
    "variables": { "kind": "property", "displayName": "Variables", "group": "common", "label": "", "required": false, "type": "string", "javaType": "java.lang.String", "deprecated": false, "autowired": false, "secret": false, "configurationClass": "org.apache.camel.component.robotframework.RobotFrameworkCamelConfiguration", "configurationField": "configuration", "description": "Sets individual variables. Use the format name:value List" },
    "warnOnSkippedFiles": { "kind": "property", "displayName": "Warn On Skipped Files", "group": "common", "label": "", "required": false, "type": "boolean", "javaType": "boolean", "deprecated": false, "autowired": false, "secret": false, "defaultValue": false, "configurationClass": "org.apache.camel.component.robotframework.RobotFrameworkCamelConfiguration", "configurationField": "configuration", "description": "Show a warning when an invalid file is skipped." },
    "xunitFile": { "kind": "property", "displayName": "Xunit File", "group": "common", "label": "", "required": false, "type": "string", "javaType": "java.io.File", "deprecated": false, "autowired": false, "secret": false, "configurationClass": "org.apache.camel.component.robotframework.RobotFrameworkCamelConfiguration", "configurationField": "configuration", "description": "Sets the path to the generated XUnit compatible result file, relative to outputDirectory. The file is in xml format. By default, the file name is derived from the testCasesDirectory parameter, replacing blanks in the directory name by underscores." },
    "bridgeErrorHandler": { "kind": "property", "displayName": "Bridge Error Handler", "group": "consumer", "label": "consumer", "required": false, "type": "boolean", "javaType": "boolean", "deprecated": false, "autowired": false, "secret": false, "defaultValue": false, "description": "Allows for bridging the consumer to the Camel routing Error Handler, which mean any exceptions occurred while the consumer is trying to pickup incoming messages, or the likes, will now be processed as a message and handled by the routing Error Handler. By default the consumer will use the org.apache.camel.spi.ExceptionHandler to deal with exceptions, that will be logged at WARN or ERROR level and ignored." },
    "lazyStartProducer": { "kind": "property", "displayName": "Lazy Start Producer", "group": "producer", "label": "producer", "required": false, "type": "boolean", "javaType": "boolean", "deprecated": false, "autowired": false, "secret": false, "defaultValue": false, "description": "Whether the producer should be started lazy (on the first message). By starting lazy you can use this to allow CamelContext and routes to startup in situations where a producer may otherwise fail during starting and cause the route to fail being started. By deferring this startup to be lazy then the startup failure can be handled during routing messages via Camel's routing error handlers. Beware that when the first message is processed then creating and starting the producer may take a little time and prolong the total processing time of the processing." },
    "autowiredEnabled": { "kind": "property", "displayName": "Autowired Enabled", "group": "advanced", "label": "advanced", "required": false, "type": "boolean", "javaType": "boolean", "deprecated": false, "autowired": false, "secret": false, "defaultValue": true, "description": "Whether autowiring is enabled. This is used for automatic autowiring options (the option must be marked as autowired) by looking up in the registry to find if there is a single instance of matching type, which then gets configured on the component. This can be used for automatic configuring JDBC data sources, JMS connection factories, AWS Clients, etc." },
    "configuration": { "kind": "property", "displayName": "Configuration", "group": "advanced", "label": "advanced", "required": false, "type": "object", "javaType": "org.apache.camel.component.robotframework.RobotFrameworkCamelConfiguration", "deprecated": false, "autowired": false, "secret": false, "description": "The configuration" }
  },
  "headers": {
    "CamelRobotVariables": { "kind": "header", "displayName": "", "group": "common", "label": "", "required": false, "javaType": "List<String>", "deprecated": false, "deprecationNote": "", "autowired": false, "secret": false, "description": "The robot variables.", "constantName": "org.apache.camel.component.robotframework.RobotFrameworkCamelConstants#CAMEL_ROBOT_VARIABLES" },
    "CamelRobotReturnCode": { "kind": "header", "displayName": "", "group": "common", "label": "", "required": false, "javaType": "Integer", "deprecated": false, "deprecationNote": "", "autowired": false, "secret": false, "description": "The return code.", "constantName": "org.apache.camel.component.robotframework.RobotFrameworkCamelConstants#CAMEL_ROBOT_RETURN_CODE" },
    "CamelRobotResourceUri": { "kind": "header", "displayName": "", "group": "common", "label": "", "required": false, "javaType": "String", "deprecated": false, "deprecationNote": "", "autowired": false, "secret": false, "description": "The new resource URI.", "constantName": "org.apache.camel.component.robotframework.RobotFrameworkCamelConstants#CAMEL_ROBOT_RESOURCE_URI" }
  },
  "properties": {
    "resourceUri": { "kind": "path", "displayName": "Resource Uri", "group": "common", "label": "", "required": true, "type": "string", "javaType": "java.lang.String", "deprecated": false, "deprecationNote": "", "autowired": false, "secret": false, "description": "Path to the resource. You can prefix with: classpath, file, http, ref, or bean. classpath, file and http loads the resource using these protocols (classpath is default). ref will lookup the resource in the registry. bean will call a method on a bean to be used as the resource. For bean you can specify the method name after dot, eg bean:myBean.myMethod." },
    "allowContextMapAll": { "kind": "parameter", "displayName": "Allow Context Map All", "group": "common", "label": "", "required": false, "type": "boolean", "javaType": "boolean", "deprecated": false, "autowired": false, "secret": false, "defaultValue": false, "configurationClass": "org.apache.camel.component.robotframework.RobotFrameworkCamelConfiguration", "configurationField": "configuration", "description": "Sets whether the context map should allow access to all details. By default only the message body and headers can be accessed. This option can be enabled for full access to the current Exchange and CamelContext. Doing so impose a potential security risk as this opens access to the full power of CamelContext API." },
    "allowTemplateFromHeader": { "kind": "parameter", "displayName": "Allow Template From Header", "group": "common", "label": "", "required": false, "type": "boolean", "javaType": "boolean", "deprecated": false, "autowired": false, "secret": false, "defaultValue": false, "configurationClass": "org.apache.camel.component.robotframework.RobotFrameworkCamelConfiguration", "configurationField": "configuration", "description": "Whether to allow to use resource template from header or not (default false). Enabling this allows to specify dynamic templates via message header. However this can be seen as a potential security vulnerability if the header is coming from a malicious user, so use this with care." },
    "argumentFile": { "kind": "parameter", "displayName": "Argument File", "group": "common", "label": "", "required": false, "type": "string", "javaType": "java.io.File", "deprecated": false, "autowired": false, "secret": false, "configurationClass": "org.apache.camel.component.robotframework.RobotFrameworkCamelConfiguration", "configurationField": "configuration", "description": "A text file to read more arguments from." },
    "combinedTagStats": { "kind": "parameter", "displayName": "Combined Tag Stats", "group": "common", "label": "", "required": false, "type": "string", "javaType": "java.lang.String", "deprecated": false, "autowired": false, "secret": false, "configurationClass": "org.apache.camel.component.robotframework.RobotFrameworkCamelConfiguration", "configurationField": "configuration", "description": "Creates combined statistics based on tags. Use the format tags:title List" },
    "contentCache": { "kind": "parameter", "displayName": "Content Cache", "group": "common", "label": "", "required": false, "type": "boolean", "javaType": "boolean", "deprecated": false, "autowired": false, "secret": false, "defaultValue": false, "description": "Sets whether to use resource content cache or not" },
    "criticalTags": { "kind": "parameter", "displayName": "Critical Tags", "group": "common", "label": "", "required": false, "type": "string", "javaType": "java.lang.String", "deprecated": false, "autowired": false, "secret": false, "configurationClass": "org.apache.camel.component.robotframework.RobotFrameworkCamelConfiguration", "configurationField": "configuration", "description": "Tests that have the given tags are considered critical. List" },
    "debugFile": { "kind": "parameter", "displayName": "Debug File", "group": "common", "label": "", "required": false, "type": "string", "javaType": "java.io.File", "deprecated": false, "autowired": false, "secret": false, "configurationClass": "org.apache.camel.component.robotframework.RobotFrameworkCamelConfiguration", "configurationField": "configuration", "description": "A debug file that is written during execution." },
    "document": { "kind": "parameter", "displayName": "Document", "group": "common", "label": "", "required": false, "type": "string", "javaType": "java.lang.String", "deprecated": false, "autowired": false, "secret": false, "configurationClass": "org.apache.camel.component.robotframework.RobotFrameworkCamelConfiguration", "configurationField": "configuration", "description": "Sets the documentation of the top-level tests suites." },
    "dryrun": { "kind": "parameter", "displayName": "Dryrun", "group": "common", "label": "", "required": false, "type": "boolean", "javaType": "boolean", "deprecated": false, "autowired": false, "secret": false, "defaultValue": false, "configurationClass": "org.apache.camel.component.robotframework.RobotFrameworkCamelConfiguration", "configurationField": "configuration", "description": "Sets dryrun mode on use. In the dry run mode tests are run without executing keywords originating from test libraries. Useful for validating test data syntax." },
    "excludes": { "kind": "parameter", "displayName": "Excludes", "group": "common", "label": "", "required": false, "type": "string", "javaType": "java.lang.String", "deprecated": false, "autowired": false, "secret": false, "configurationClass": "org.apache.camel.component.robotframework.RobotFrameworkCamelConfiguration", "configurationField": "configuration", "description": "Selects the tests cases by tags. List" },
    "exitOnFailure": { "kind": "parameter", "displayName": "Exit On Failure", "group": "common", "label": "", "required": false, "type": "boolean", "javaType": "boolean", "deprecated": false, "autowired": false, "secret": false, "defaultValue": false, "configurationClass": "org.apache.camel.component.robotframework.RobotFrameworkCamelConfiguration", "configurationField": "configuration", "description": "Sets robot to stop execution immediately if a critical test fails." },
    "includes": { "kind": "parameter", "displayName": "Includes", "group": "common", "label": "", "required": false, "type": "string", "javaType": "java.lang.String", "deprecated": false, "autowired": false, "secret": false, "configurationClass": "org.apache.camel.component.robotframework.RobotFrameworkCamelConfiguration", "configurationField": "configuration", "description": "Selects the tests cases by tags. List" },
    "listener": { "kind": "parameter", "displayName": "Listener", "group": "common", "label": "", "required": false, "type": "string", "javaType": "java.lang.String", "deprecated": false, "autowired": false, "secret": false, "configurationClass": "org.apache.camel.component.robotframework.RobotFrameworkCamelConfiguration", "configurationField": "configuration", "description": "Sets a single listener for monitoring tests execution" },
    "listeners": { "kind": "parameter", "displayName": "Listeners", "group": "common", "label": "", "required": false, "type": "string", "javaType": "java.lang.String", "deprecated": false, "autowired": false, "secret": false, "configurationClass": "org.apache.camel.component.robotframework.RobotFrameworkCamelConfiguration", "configurationField": "configuration", "description": "Sets multiple listeners for monitoring tests execution. Use the format ListenerWithArgs:arg1:arg2 or simply ListenerWithoutArgs List" },
    "log": { "kind": "parameter", "displayName": "Log", "group": "common", "label": "", "required": false, "type": "string", "javaType": "java.io.File", "deprecated": false, "autowired": false, "secret": false, "configurationClass": "org.apache.camel.component.robotframework.RobotFrameworkCamelConfiguration", "configurationField": "configuration", "description": "Sets the path to the generated log file." },
    "logLevel": { "kind": "parameter", "displayName": "Log Level", "group": "common", "label": "", "required": false, "type": "string", "javaType": "java.lang.String", "deprecated": false, "autowired": false, "secret": false, "configurationClass": "org.apache.camel.component.robotframework.RobotFrameworkCamelConfiguration", "configurationField": "configuration", "description": "Sets the threshold level for logging." },
    "logTitle": { "kind": "parameter", "displayName": "Log Title", "group": "common", "label": "", "required": false, "type": "string", "javaType": "java.lang.String", "deprecated": false, "autowired": false, "secret": false, "configurationClass": "org.apache.camel.component.robotframework.RobotFrameworkCamelConfiguration", "configurationField": "configuration", "description": "Sets a title for the generated tests log." },
    "metadata": { "kind": "parameter", "displayName": "Metadata", "group": "common", "label": "", "required": false, "type": "string", "javaType": "java.lang.String", "deprecated": false, "autowired": false, "secret": false, "configurationClass": "org.apache.camel.component.robotframework.RobotFrameworkCamelConfiguration", "configurationField": "configuration", "description": "Sets free metadata for the top level tests suites. comma seperated list of string resulting as List" },
    "monitorColors": { "kind": "parameter", "displayName": "Monitor Colors", "group": "common", "label": "", "required": false, "type": "string", "javaType": "java.lang.String", "deprecated": false, "autowired": false, "secret": false, "configurationClass": "org.apache.camel.component.robotframework.RobotFrameworkCamelConfiguration", "configurationField": "configuration", "description": "Using ANSI colors in console. Normally colors work in unixes but not in Windows. Default is 'on'. 'on' - use colors in unixes but not in Windows 'off' - never use colors 'force' - always use colors (also in Windows)" },
    "monitorWidth": { "kind": "parameter", "displayName": "Monitor Width", "group": "common", "label": "", "required": false, "type": "string", "javaType": "java.lang.String", "deprecated": false, "autowired": false, "secret": false, "defaultValue": "78", "configurationClass": "org.apache.camel.component.robotframework.RobotFrameworkCamelConfiguration", "configurationField": "configuration", "description": "Width of the monitor output. Default is 78." },
    "name": { "kind": "parameter", "displayName": "Name", "group": "common", "label": "", "required": false, "type": "string", "javaType": "java.lang.String", "deprecated": false, "autowired": false, "secret": false, "configurationClass": "org.apache.camel.component.robotframework.RobotFrameworkCamelConfiguration", "configurationField": "configuration", "description": "Sets the name of the top-level tests suites." },
    "nonCriticalTags": { "kind": "parameter", "displayName": "Non Critical Tags", "group": "common", "label": "", "required": false, "type": "string", "javaType": "java.lang.String", "deprecated": false, "autowired": false, "secret": false, "configurationClass": "org.apache.camel.component.robotframework.RobotFrameworkCamelConfiguration", "configurationField": "configuration", "description": "Tests that have the given tags are not critical. List" },
    "noStatusReturnCode": { "kind": "parameter", "displayName": "No Status Return Code", "group": "common", "label": "", "required": false, "type": "boolean", "javaType": "boolean", "deprecated": false, "autowired": false, "secret": false, "defaultValue": false, "configurationClass": "org.apache.camel.component.robotframework.RobotFrameworkCamelConfiguration", "configurationField": "configuration", "description": "If true, sets the return code to zero regardless of failures in test cases. Error codes are returned normally." },
    "output": { "kind": "parameter", "displayName": "Output", "group": "common", "label": "", "required": false, "type": "string", "javaType": "java.io.File", "deprecated": false, "autowired": false, "secret": false, "configurationClass": "org.apache.camel.component.robotframework.RobotFrameworkCamelConfiguration", "configurationField": "configuration", "description": "Sets the path to the generated output file." },
    "outputDirectory": { "kind": "parameter", "displayName": "Output Directory", "group": "common", "label": "", "required": false, "type": "string", "javaType": "java.io.File", "deprecated": false, "autowired": false, "secret": false, "configurationClass": "org.apache.camel.component.robotframework.RobotFrameworkCamelConfiguration", "configurationField": "configuration", "description": "Configures where generated reports are to be placed." },
    "randomize": { "kind": "parameter", "displayName": "Randomize", "group": "common", "label": "", "required": false, "type": "string", "javaType": "java.lang.String", "deprecated": false, "autowired": false, "secret": false, "configurationClass": "org.apache.camel.component.robotframework.RobotFrameworkCamelConfiguration", "configurationField": "configuration", "description": "Sets the test execution order to be randomized. Valid values are all, suite, and test" },
    "report": { "kind": "parameter", "displayName": "Report", "group": "common", "label": "", "required": false, "type": "string", "javaType": "java.io.File", "deprecated": false, "autowired": false, "secret": false, "configurationClass": "org.apache.camel.component.robotframework.RobotFrameworkCamelConfiguration", "configurationField": "configuration", "description": "Sets the path to the generated report file." },
    "reportBackground": { "kind": "parameter", "displayName": "Report Background", "group": "common", "label": "", "required": false, "type": "string", "javaType": "java.lang.String", "deprecated": false, "autowired": false, "secret": false, "configurationClass": "org.apache.camel.component.robotframework.RobotFrameworkCamelConfiguration", "configurationField": "configuration", "description": "Sets background colors for the generated report and summary." },
    "reportTitle": { "kind": "parameter", "displayName": "Report Title", "group": "common", "label": "", "required": false, "type": "string", "javaType": "java.lang.String", "deprecated": false, "autowired": false, "secret": false, "configurationClass": "org.apache.camel.component.robotframework.RobotFrameworkCamelConfiguration", "configurationField": "configuration", "description": "Sets a title for the generated tests report." },
    "runEmptySuite": { "kind": "parameter", "displayName": "Run Empty Suite", "group": "common", "label": "", "required": false, "type": "boolean", "javaType": "boolean", "deprecated": false, "autowired": false, "secret": false, "defaultValue": false, "configurationClass": "org.apache.camel.component.robotframework.RobotFrameworkCamelConfiguration", "configurationField": "configuration", "description": "Executes tests also if the top level test suite is empty. Useful e.g. with --include\/--exclude when it is not an error that no test matches the condition." },
    "runFailed": { "kind": "parameter", "displayName": "Run Failed", "group": "common", "label": "", "required": false, "type": "string", "javaType": "java.io.File", "deprecated": false, "autowired": false, "secret": false, "configurationClass": "org.apache.camel.component.robotframework.RobotFrameworkCamelConfiguration", "configurationField": "configuration", "description": "Re-run failed tests, based on output.xml file." },
    "runMode": { "kind": "parameter", "displayName": "Run Mode", "group": "common", "label": "", "required": false, "type": "string", "javaType": "java.lang.String", "deprecated": false, "autowired": false, "secret": false, "configurationClass": "org.apache.camel.component.robotframework.RobotFrameworkCamelConfiguration", "configurationField": "configuration", "description": "Sets the execution mode for this tests run. Note that this setting has been deprecated in Robot Framework 2.8. Use separate dryryn, skipTeardownOnExit, exitOnFailure, and randomize settings instead." },
    "skipTeardownOnExit": { "kind": "parameter", "displayName": "Skip Teardown On Exit", "group": "common", "label": "", "required": false, "type": "boolean", "javaType": "boolean", "deprecated": false, "autowired": false, "secret": false, "defaultValue": false, "configurationClass": "org.apache.camel.component.robotframework.RobotFrameworkCamelConfiguration", "configurationField": "configuration", "description": "Sets whether the teardowns are skipped if the test execution is prematurely stopped." },
    "splitOutputs": { "kind": "parameter", "displayName": "Split Outputs", "group": "common", "label": "", "required": false, "type": "string", "javaType": "java.lang.String", "deprecated": false, "autowired": false, "secret": false, "configurationClass": "org.apache.camel.component.robotframework.RobotFrameworkCamelConfiguration", "configurationField": "configuration", "description": "Splits output and log files." },
    "suites": { "kind": "parameter", "displayName": "Suites", "group": "common", "label": "", "required": false, "type": "string", "javaType": "java.lang.String", "deprecated": false, "autowired": false, "secret": false, "configurationClass": "org.apache.camel.component.robotframework.RobotFrameworkCamelConfiguration", "configurationField": "configuration", "description": "Selects the tests suites by name. List" },
    "suiteStatLevel": { "kind": "parameter", "displayName": "Suite Stat Level", "group": "common", "label": "", "required": false, "type": "string", "javaType": "java.lang.String", "deprecated": false, "autowired": false, "secret": false, "configurationClass": "org.apache.camel.component.robotframework.RobotFrameworkCamelConfiguration", "configurationField": "configuration", "description": "Defines how many levels to show in the Statistics by Suite table in outputs." },
    "summaryTitle": { "kind": "parameter", "displayName": "Summary Title", "group": "common", "label": "", "required": false, "type": "string", "javaType": "java.lang.String", "deprecated": false, "autowired": false, "secret": false, "configurationClass": "org.apache.camel.component.robotframework.RobotFrameworkCamelConfiguration", "configurationField": "configuration", "description": "Sets a title for the generated summary report." },
    "tagDocs": { "kind": "parameter", "displayName": "Tag Docs", "group": "common", "label": "", "required": false, "type": "string", "javaType": "java.lang.String", "deprecated": false, "autowired": false, "secret": false, "configurationClass": "org.apache.camel.component.robotframework.RobotFrameworkCamelConfiguration", "configurationField": "configuration", "description": "Adds documentation to the specified tags. List" },
    "tags": { "kind": "parameter", "displayName": "Tags", "group": "common", "label": "", "required": false, "type": "string", "javaType": "java.lang.String", "deprecated": false, "autowired": false, "secret": false, "configurationClass": "org.apache.camel.component.robotframework.RobotFrameworkCamelConfiguration", "configurationField": "configuration", "description": "Sets the tags(s) to all executed tests cases. List" },
    "tagStatExcludes": { "kind": "parameter", "displayName": "Tag Stat Excludes", "group": "common", "label": "", "required": false, "type": "string", "javaType": "java.lang.String", "deprecated": false, "autowired": false, "secret": false, "configurationClass": "org.apache.camel.component.robotframework.RobotFrameworkCamelConfiguration", "configurationField": "configuration", "description": "Excludes these tags from the Statistics by Tag and Test Details by Tag tables in outputs. List" },
    "tagStatIncludes": { "kind": "parameter", "displayName": "Tag Stat Includes", "group": "common", "label": "", "required": false, "type": "string", "javaType": "java.lang.String", "deprecated": false, "autowired": false, "secret": false, "configurationClass": "org.apache.camel.component.robotframework.RobotFrameworkCamelConfiguration", "configurationField": "configuration", "description": "Includes only these tags in the Statistics by Tag and Test Details by Tag tables in outputs. List" },
    "tagStatLinks": { "kind": "parameter", "displayName": "Tag Stat Links", "group": "common", "label": "", "required": false, "type": "string", "javaType": "java.lang.String", "deprecated": false, "autowired": false, "secret": false, "configurationClass": "org.apache.camel.component.robotframework.RobotFrameworkCamelConfiguration", "configurationField": "configuration", "description": "Adds external links to the Statistics by Tag table in outputs. Use the format pattern:link:title List" },
    "tests": { "kind": "parameter", "displayName": "Tests", "group": "common", "label": "", "required": false, "type": "string", "javaType": "java.lang.String", "deprecated": false, "autowired": false, "secret": false, "configurationClass": "org.apache.camel.component.robotframework.RobotFrameworkCamelConfiguration", "configurationField": "configuration", "description": "Selects the tests cases by name. List" },
    "timestampOutputs": { "kind": "parameter", "displayName": "Timestamp Outputs", "group": "common", "label": "", "required": false, "type": "boolean", "javaType": "boolean", "deprecated": false, "autowired": false, "secret": false, "defaultValue": false, "configurationClass": "org.apache.camel.component.robotframework.RobotFrameworkCamelConfiguration", "configurationField": "configuration", "description": "Adds a timestamp to all output files." },
    "variableFiles": { "kind": "parameter", "displayName": "Variable Files", "group": "common", "label": "", "required": false, "type": "string", "javaType": "java.lang.String", "deprecated": false, "autowired": false, "secret": false, "configurationClass": "org.apache.camel.component.robotframework.RobotFrameworkCamelConfiguration", "configurationField": "configuration", "description": "Sets variables using variables files. Use the format path:args List" },
    "variables": { "kind": "parameter", "displayName": "Variables", "group": "common", "label": "", "required": false, "type": "string", "javaType": "java.lang.String", "deprecated": false, "autowired": false, "secret": false, "configurationClass": "org.apache.camel.component.robotframework.RobotFrameworkCamelConfiguration", "configurationField": "configuration", "description": "Sets individual variables. Use the format name:value List" },
    "warnOnSkippedFiles": { "kind": "parameter", "displayName": "Warn On Skipped Files", "group": "common", "label": "", "required": false, "type": "boolean", "javaType": "boolean", "deprecated": false, "autowired": false, "secret": false, "defaultValue": false, "configurationClass": "org.apache.camel.component.robotframework.RobotFrameworkCamelConfiguration", "configurationField": "configuration", "description": "Show a warning when an invalid file is skipped." },
    "xunitFile": { "kind": "parameter", "displayName": "Xunit File", "group": "common", "label": "", "required": false, "type": "string", "javaType": "java.io.File", "deprecated": false, "autowired": false, "secret": false, "configurationClass": "org.apache.camel.component.robotframework.RobotFrameworkCamelConfiguration", "configurationField": "configuration", "description": "Sets the path to the generated XUnit compatible result file, relative to outputDirectory. The file is in xml format. By default, the file name is derived from the testCasesDirectory parameter, replacing blanks in the directory name by underscores." },
    "sendEmptyMessageWhenIdle": { "kind": "parameter", "displayName": "Send Empty Message When Idle", "group": "consumer", "label": "consumer", "required": false, "type": "boolean", "javaType": "boolean", "deprecated": false, "autowired": false, "secret": false, "defaultValue": false, "description": "If the polling consumer did not poll any files, you can enable this option to send an empty message (no body) instead." },
    "bridgeErrorHandler": { "kind": "parameter", "displayName": "Bridge Error Handler", "group": "consumer (advanced)", "label": "consumer,advanced", "required": false, "type": "boolean", "javaType": "boolean", "deprecated": false, "autowired": false, "secret": false, "defaultValue": false, "description": "Allows for bridging the consumer to the Camel routing Error Handler, which mean any exceptions occurred while the consumer is trying to pickup incoming messages, or the likes, will now be processed as a message and handled by the routing Error Handler. By default the consumer will use the org.apache.camel.spi.ExceptionHandler to deal with exceptions, that will be logged at WARN or ERROR level and ignored." },
    "exceptionHandler": { "kind": "parameter", "displayName": "Exception Handler", "group": "consumer (advanced)", "label": "consumer,advanced", "required": false, "type": "object", "javaType": "org.apache.camel.spi.ExceptionHandler", "optionalPrefix": "consumer.", "deprecated": false, "autowired": false, "secret": false, "description": "To let the consumer use a custom ExceptionHandler. Notice if the option bridgeErrorHandler is enabled then this option is not in use. By default the consumer will deal with exceptions, that will be logged at WARN or ERROR level and ignored." },
    "exchangePattern": { "kind": "parameter", "displayName": "Exchange Pattern", "group": "consumer (advanced)", "label": "consumer,advanced", "required": false, "type": "object", "javaType": "org.apache.camel.ExchangePattern", "enum": [ "InOnly", "InOut", "InOptionalOut" ], "deprecated": false, "autowired": false, "secret": false, "description": "Sets the exchange pattern when the consumer creates an exchange." },
    "pollStrategy": { "kind": "parameter", "displayName": "Poll Strategy", "group": "consumer (advanced)", "label": "consumer,advanced", "required": false, "type": "object", "javaType": "org.apache.camel.spi.PollingConsumerPollStrategy", "deprecated": false, "autowired": false, "secret": false, "description": "A pluggable org.apache.camel.PollingConsumerPollingStrategy allowing you to provide your custom implementation to control error handling usually occurred during the poll operation before an Exchange have been created and being routed in Camel." },
    "lazyStartProducer": { "kind": "parameter", "displayName": "Lazy Start Producer", "group": "producer (advanced)", "label": "producer,advanced", "required": false, "type": "boolean", "javaType": "boolean", "deprecated": false, "autowired": false, "secret": false, "defaultValue": false, "description": "Whether the producer should be started lazy (on the first message). By starting lazy you can use this to allow CamelContext and routes to startup in situations where a producer may otherwise fail during starting and cause the route to fail being started. By deferring this startup to be lazy then the startup failure can be handled during routing messages via Camel's routing error handlers. Beware that when the first message is processed then creating and starting the producer may take a little time and prolong the total processing time of the processing." },
    "backoffErrorThreshold": { "kind": "parameter", "displayName": "Backoff Error Threshold", "group": "scheduler", "label": "consumer,scheduler", "required": false, "type": "integer", "javaType": "int", "deprecated": false, "autowired": false, "secret": false, "description": "The number of subsequent error polls (failed due some error) that should happen before the backoffMultipler should kick-in." },
    "backoffIdleThreshold": { "kind": "parameter", "displayName": "Backoff Idle Threshold", "group": "scheduler", "label": "consumer,scheduler", "required": false, "type": "integer", "javaType": "int", "deprecated": false, "autowired": false, "secret": false, "description": "The number of subsequent idle polls that should happen before the backoffMultipler should kick-in." },
    "backoffMultiplier": { "kind": "parameter", "displayName": "Backoff Multiplier", "group": "scheduler", "label": "consumer,scheduler", "required": false, "type": "integer", "javaType": "int", "deprecated": false, "autowired": false, "secret": false, "description": "To let the scheduled polling consumer backoff if there has been a number of subsequent idles\/errors in a row. The multiplier is then the number of polls that will be skipped before the next actual attempt is happening again. When this option is in use then backoffIdleThreshold and\/or backoffErrorThreshold must also be configured." },
    "delay": { "kind": "parameter", "displayName": "Delay", "group": "scheduler", "label": "consumer,scheduler", "required": false, "type": "integer", "javaType": "long", "deprecated": false, "autowired": false, "secret": false, "defaultValue": 500, "description": "Milliseconds before the next poll." },
    "greedy": { "kind": "parameter", "displayName": "Greedy", "group": "scheduler", "label": "consumer,scheduler", "required": false, "type": "boolean", "javaType": "boolean", "deprecated": false, "autowired": false, "secret": false, "defaultValue": false, "description": "If greedy is enabled, then the ScheduledPollConsumer will run immediately again, if the previous run polled 1 or more messages." },
    "initialDelay": { "kind": "parameter", "displayName": "Initial Delay", "group": "scheduler", "label": "consumer,scheduler", "required": false, "type": "integer", "javaType": "long", "deprecated": false, "autowired": false, "secret": false, "defaultValue": 1000, "description": "Milliseconds before the first poll starts." },
    "repeatCount": { "kind": "parameter", "displayName": "Repeat Count", "group": "scheduler", "label": "consumer,scheduler", "required": false, "type": "integer", "javaType": "long", "deprecated": false, "autowired": false, "secret": false, "defaultValue": 0, "description": "Specifies a maximum limit of number of fires. So if you set it to 1, the scheduler will only fire once. If you set it to 5, it will only fire five times. A value of zero or negative means fire forever." },
    "runLoggingLevel": { "kind": "parameter", "displayName": "Run Logging Level", "group": "scheduler", "label": "consumer,scheduler", "required": false, "type": "object", "javaType": "org.apache.camel.LoggingLevel", "enum": [ "TRACE", "DEBUG", "INFO", "WARN", "ERROR", "OFF" ], "deprecated": false, "autowired": false, "secret": false, "defaultValue": "TRACE", "description": "The consumer logs a start\/complete log line when it polls. This option allows you to configure the logging level for that." },
    "scheduledExecutorService": { "kind": "parameter", "displayName": "Scheduled Executor Service", "group": "scheduler", "label": "consumer,scheduler", "required": false, "type": "object", "javaType": "java.util.concurrent.ScheduledExecutorService", "deprecated": false, "autowired": false, "secret": false, "description": "Allows for configuring a custom\/shared thread pool to use for the consumer. By default each consumer has its own single threaded thread pool." },
    "scheduler": { "kind": "parameter", "displayName": "Scheduler", "group": "scheduler", "label": "consumer,scheduler", "required": false, "type": "object", "javaType": "java.lang.Object", "deprecated": false, "autowired": false, "secret": false, "defaultValue": "none", "description": "To use a cron scheduler from either camel-spring or camel-quartz component. Use value spring or quartz for built in scheduler" },
    "schedulerProperties": { "kind": "parameter", "displayName": "Scheduler Properties", "group": "scheduler", "label": "consumer,scheduler", "required": false, "type": "object", "javaType": "java.util.Map<java.lang.String, java.lang.Object>", "prefix": "scheduler.", "multiValue": true, "deprecated": false, "autowired": false, "secret": false, "description": "To configure additional properties when using a custom scheduler or any of the Quartz, Spring based scheduler." },
    "startScheduler": { "kind": "parameter", "displayName": "Start Scheduler", "group": "scheduler", "label": "consumer,scheduler", "required": false, "type": "boolean", "javaType": "boolean", "deprecated": false, "autowired": false, "secret": false, "defaultValue": true, "description": "Whether the scheduler should be auto started." },
    "timeUnit": { "kind": "parameter", "displayName": "Time Unit", "group": "scheduler", "label": "consumer,scheduler", "required": false, "type": "object", "javaType": "java.util.concurrent.TimeUnit", "enum": [ "NANOSECONDS", "MICROSECONDS", "MILLISECONDS", "SECONDS", "MINUTES", "HOURS", "DAYS" ], "deprecated": false, "autowired": false, "secret": false, "defaultValue": "MILLISECONDS", "description": "Time unit for initialDelay and delay options." },
    "useFixedDelay": { "kind": "parameter", "displayName": "Use Fixed Delay", "group": "scheduler", "label": "consumer,scheduler", "required": false, "type": "boolean", "javaType": "boolean", "deprecated": false, "autowired": false, "secret": false, "defaultValue": true, "description": "Controls if fixed delay or fixed rate is used. See ScheduledExecutorService in JDK for details." }
  }
}
