{
  "component": {
    "kind": "component",
    "name": "salesforce",
    "title": "Salesforce",
    "description": "Communicate with Salesforce using Java DTOs.",
    "deprecated": false,
    "firstVersion": "2.12.0",
    "label": "cloud,api,crm",
    "javaType": "org.apache.camel.component.salesforce.SalesforceComponent",
    "supportLevel": "Stable",
    "groupId": "org.apache.camel",
    "artifactId": "camel-salesforce",
    "version": "3.20.2-SNAPSHOT",
    "scheme": "salesforce",
    "extendsScheme": "",
    "syntax": "salesforce:operationName:topicName",
    "async": false,
    "api": false,
    "consumerOnly": false,
    "producerOnly": false,
    "lenientProperties": false,
    "verifiers": "parameters,connectivity"
  },
  "componentProperties": {
    "apexMethod": { "kind": "property", "displayName": "Apex Method", "group": "common", "label": "", "required": false, "type": "string", "javaType": "java.lang.String", "deprecated": false, "autowired": false, "secret": false, "configurationClass": "org.apache.camel.component.salesforce.SalesforceEndpointConfig", "configurationField": "config", "description": "APEX method name" },
    "apexQueryParams": { "kind": "property", "displayName": "Apex Query Params", "group": "common", "label": "", "required": false, "type": "object", "javaType": "java.util.Map<java.lang.String, java.lang.Object>", "deprecated": false, "autowired": false, "secret": false, "configurationClass": "org.apache.camel.component.salesforce.SalesforceEndpointConfig", "configurationField": "config", "description": "Query params for APEX method" },
    "apiVersion": { "kind": "property", "displayName": "Api Version", "group": "common", "label": "", "required": false, "type": "string", "javaType": "java.lang.String", "deprecated": false, "autowired": false, "secret": false, "defaultValue": "54.0", "configurationClass": "org.apache.camel.component.salesforce.SalesforceEndpointConfig", "configurationField": "config", "description": "Salesforce API version." },
    "backoffIncrement": { "kind": "property", "displayName": "Backoff Increment", "group": "common", "label": "", "required": false, "type": "duration", "javaType": "long", "deprecated": false, "autowired": false, "secret": false, "defaultValue": "1000", "configurationClass": "org.apache.camel.component.salesforce.SalesforceEndpointConfig", "configurationField": "config", "description": "Backoff interval increment for Streaming connection restart attempts for failures beyond CometD auto-reconnect." },
    "batchId": { "kind": "property", "displayName": "Batch Id", "group": "common", "label": "", "required": false, "type": "string", "javaType": "java.lang.String", "deprecated": false, "autowired": false, "secret": false, "configurationClass": "org.apache.camel.component.salesforce.SalesforceEndpointConfig", "configurationField": "config", "description": "Bulk API Batch ID" },
    "contentType": { "kind": "property", "displayName": "Content Type", "group": "common", "label": "", "required": false, "type": "object", "javaType": "org.apache.camel.component.salesforce.api.dto.bulk.ContentType", "enum": [ "XML", "CSV", "JSON", "ZIP_XML", "ZIP_CSV", "ZIP_JSON" ], "deprecated": false, "autowired": false, "secret": false, "configurationClass": "org.apache.camel.component.salesforce.SalesforceEndpointConfig", "configurationField": "config", "description": "Bulk API content type, one of XML, CSV, ZIP_XML, ZIP_CSV" },
    "defaultReplayId": { "kind": "property", "displayName": "Default Replay Id", "group": "common", "label": "", "required": false, "type": "integer", "javaType": "java.lang.Long", "deprecated": false, "autowired": false, "secret": false, "defaultValue": "-1", "configurationClass": "org.apache.camel.component.salesforce.SalesforceEndpointConfig", "configurationField": "config", "description": "Default replayId setting if no value is found in initialReplayIdMap" },
    "fallBackReplayId": { "kind": "property", "displayName": "Fall Back Replay Id", "group": "common", "label": "", "required": false, "type": "integer", "javaType": "java.lang.Long", "deprecated": false, "autowired": false, "secret": false, "defaultValue": "-1", "configurationClass": "org.apache.camel.component.salesforce.SalesforceEndpointConfig", "configurationField": "config", "description": "ReplayId to fall back to after an Invalid Replay Id response" },
    "format": { "kind": "property", "displayName": "Format", "group": "common", "label": "", "required": false, "type": "object", "javaType": "org.apache.camel.component.salesforce.internal.PayloadFormat", "enum": [ "JSON", "XML" ], "deprecated": false, "autowired": false, "secret": false, "configurationClass": "org.apache.camel.component.salesforce.SalesforceEndpointConfig", "configurationField": "config", "description": "Payload format to use for Salesforce API calls, either JSON or XML, defaults to JSON. As of Camel 3.12, this option only applies to the Raw operation." },
    "httpClient": { "kind": "property", "displayName": "Http Client", "group": "common", "label": "", "required": false, "type": "object", "javaType": "org.apache.camel.component.salesforce.SalesforceHttpClient", "deprecated": false, "autowired": false, "secret": false, "configurationClass": "org.apache.camel.component.salesforce.SalesforceEndpointConfig", "configurationField": "config", "description": "Custom Jetty Http Client to use to connect to Salesforce." },
    "httpClientConnectionTimeout": { "kind": "property", "displayName": "Http Client Connection Timeout", "group": "common", "label": "common", "required": false, "type": "integer", "javaType": "long", "deprecated": false, "autowired": false, "secret": false, "defaultValue": 60000, "description": "Connection timeout used by the HttpClient when connecting to the Salesforce server." },
    "httpClientIdleTimeout": { "kind": "property", "displayName": "Http Client Idle Timeout", "group": "common", "label": "common", "required": false, "type": "integer", "javaType": "long", "deprecated": false, "autowired": false, "secret": false, "defaultValue": 10000, "description": "Timeout used by the HttpClient when waiting for response from the Salesforce server." },
    "httpMaxContentLength": { "kind": "property", "displayName": "Http Max Content Length", "group": "common", "label": "common", "required": false, "type": "integer", "javaType": "java.lang.Integer", "deprecated": false, "autowired": false, "secret": false, "description": "Max content length of an HTTP response." },
    "httpRequestBufferSize": { "kind": "property", "displayName": "Http Request Buffer Size", "group": "common", "label": "common", "required": false, "type": "integer", "javaType": "java.lang.Integer", "deprecated": false, "autowired": false, "secret": false, "defaultValue": "8192", "description": "HTTP request buffer size. May need to be increased for large SOQL queries." },
    "httpRequestTimeout": { "kind": "property", "displayName": "Http Request Timeout", "group": "common", "label": "common", "required": false, "type": "integer", "javaType": "long", "deprecated": false, "autowired": false, "secret": false, "defaultValue": 60000, "description": "Timeout value for HTTP requests." },
    "includeDetails": { "kind": "property", "displayName": "Include Details", "group": "common", "label": "", "required": false, "type": "boolean", "javaType": "java.lang.Boolean", "deprecated": false, "autowired": false, "secret": false, "configurationClass": "org.apache.camel.component.salesforce.SalesforceEndpointConfig", "configurationField": "config", "description": "Include details in Salesforce1 Analytics report, defaults to false." },
    "initialReplayIdMap": { "kind": "property", "displayName": "Initial Replay Id Map", "group": "common", "label": "", "required": false, "type": "object", "javaType": "java.util.Map<java.lang.String, java.lang.Long>", "deprecated": false, "autowired": false, "secret": false, "configurationClass": "org.apache.camel.component.salesforce.SalesforceEndpointConfig", "configurationField": "config", "description": "Replay IDs to start from per channel name." },
    "instanceId": { "kind": "property", "displayName": "Instance Id", "group": "common", "label": "", "required": false, "type": "string", "javaType": "java.lang.String", "deprecated": false, "autowired": false, "secret": false, "configurationClass": "org.apache.camel.component.salesforce.SalesforceEndpointConfig", "configurationField": "config", "description": "Salesforce1 Analytics report execution instance ID" },
    "jobId": { "kind": "property", "displayName": "Job Id", "group": "common", "label": "", "required": false, "type": "string", "javaType": "java.lang.String", "deprecated": false, "autowired": false, "secret": false, "configurationClass": "org.apache.camel.component.salesforce.SalesforceEndpointConfig", "configurationField": "config", "description": "Bulk API Job ID" },
    "limit": { "kind": "property", "displayName": "Limit", "group": "common", "label": "", "required": false, "type": "integer", "javaType": "java.lang.Integer", "deprecated": false, "autowired": false, "secret": false, "configurationClass": "org.apache.camel.component.salesforce.SalesforceEndpointConfig", "configurationField": "config", "description": "Limit on number of returned records. Applicable to some of the API, check the Salesforce documentation." },
    "locator": { "kind": "property", "displayName": "Locator", "group": "common", "label": "", "required": false, "type": "string", "javaType": "java.lang.String", "deprecated": false, "autowired": false, "secret": false, "configurationClass": "org.apache.camel.component.salesforce.SalesforceEndpointConfig", "configurationField": "config", "description": "Locator provided by salesforce Bulk 2.0 API for use in getting results for a Query job." },
    "maxBackoff": { "kind": "property", "displayName": "Max Backoff", "group": "common", "label": "", "required": false, "type": "duration", "javaType": "long", "deprecated": false, "autowired": false, "secret": false, "defaultValue": "30000", "configurationClass": "org.apache.camel.component.salesforce.SalesforceEndpointConfig", "configurationField": "config", "description": "Maximum backoff interval for Streaming connection restart attempts for failures beyond CometD auto-reconnect." },
    "maxRecords": { "kind": "property", "displayName": "Max Records", "group": "common", "label": "", "required": false, "type": "integer", "javaType": "java.lang.Integer", "deprecated": false, "autowired": false, "secret": false, "configurationClass": "org.apache.camel.component.salesforce.SalesforceEndpointConfig", "configurationField": "config", "description": "The maximum number of records to retrieve per set of results for a Bulk 2.0 Query. The request is still subject to the size limits. If you are working with a very large number of query results, you may experience a timeout before receiving all the data from Salesforce. To prevent a timeout, specify the maximum number of records your client is expecting to receive in the maxRecords parameter. This splits the results into smaller sets with this value as the maximum size." },
    "notFoundBehaviour": { "kind": "property", "displayName": "Not Found Behaviour", "group": "common", "label": "", "required": false, "type": "object", "javaType": "org.apache.camel.component.salesforce.NotFoundBehaviour", "enum": [ "EXCEPTION", "NULL" ], "deprecated": false, "autowired": false, "secret": false, "defaultValue": "EXCEPTION", "configurationClass": "org.apache.camel.component.salesforce.SalesforceEndpointConfig", "configurationField": "config", "description": "Sets the behaviour of 404 not found status received from Salesforce API. Should the body be set to NULL NotFoundBehaviour#NULL or should a exception be signaled on the exchange NotFoundBehaviour#EXCEPTION - the default." },
    "notifyForFields": { "kind": "property", "displayName": "Notify For Fields", "group": "common", "label": "", "required": false, "type": "object", "javaType": "org.apache.camel.component.salesforce.internal.dto.NotifyForFieldsEnum", "enum": [ "ALL", "REFERENCED", "SELECT", "WHERE" ], "deprecated": false, "autowired": false, "secret": false, "configurationClass": "org.apache.camel.component.salesforce.SalesforceEndpointConfig", "configurationField": "config", "description": "Notify for fields, options are ALL, REFERENCED, SELECT, WHERE" },
    "notifyForOperationCreate": { "kind": "property", "displayName": "Notify For Operation Create", "group": "common", "label": "", "required": false, "type": "boolean", "javaType": "java.lang.Boolean", "deprecated": false, "autowired": false, "secret": false, "configurationClass": "org.apache.camel.component.salesforce.SalesforceEndpointConfig", "configurationField": "config", "description": "Notify for create operation, defaults to false (API version &gt;= 29.0)" },
    "notifyForOperationDelete": { "kind": "property", "displayName": "Notify For Operation Delete", "group": "common", "label": "", "required": false, "type": "boolean", "javaType": "java.lang.Boolean", "deprecated": false, "autowired": false, "secret": false, "configurationClass": "org.apache.camel.component.salesforce.SalesforceEndpointConfig", "configurationField": "config", "description": "Notify for delete operation, defaults to false (API version &gt;= 29.0)" },
    "notifyForOperations": { "kind": "property", "displayName": "Notify For Operations", "group": "common", "label": "", "required": false, "type": "object", "javaType": "org.apache.camel.component.salesforce.internal.dto.NotifyForOperationsEnum", "enum": [ "ALL", "CREATE", "EXTENDED", "UPDATE" ], "deprecated": false, "autowired": false, "secret": false, "configurationClass": "org.apache.camel.component.salesforce.SalesforceEndpointConfig", "configurationField": "config", "description": "Notify for operations, options are ALL, CREATE, EXTENDED, UPDATE (API version &lt; 29.0)" },
    "notifyForOperationUndelete": { "kind": "property", "displayName": "Notify For Operation Undelete", "group": "common", "label": "", "required": false, "type": "boolean", "javaType": "java.lang.Boolean", "deprecated": false, "autowired": false, "secret": false, "configurationClass": "org.apache.camel.component.salesforce.SalesforceEndpointConfig", "configurationField": "config", "description": "Notify for un-delete operation, defaults to false (API version &gt;= 29.0)" },
    "notifyForOperationUpdate": { "kind": "property", "displayName": "Notify For Operation Update", "group": "common", "label": "", "required": false, "type": "boolean", "javaType": "java.lang.Boolean", "deprecated": false, "autowired": false, "secret": false, "configurationClass": "org.apache.camel.component.salesforce.SalesforceEndpointConfig", "configurationField": "config", "description": "Notify for update operation, defaults to false (API version &gt;= 29.0)" },
    "objectMapper": { "kind": "property", "displayName": "Object Mapper", "group": "common", "label": "", "required": false, "type": "object", "javaType": "com.fasterxml.jackson.databind.ObjectMapper", "deprecated": false, "autowired": false, "secret": false, "configurationClass": "org.apache.camel.component.salesforce.SalesforceEndpointConfig", "configurationField": "config", "description": "Custom Jackson ObjectMapper to use when serializing\/deserializing Salesforce objects." },
    "packages": { "kind": "property", "displayName": "Packages", "group": "common", "label": "common", "required": false, "type": "string", "javaType": "java.lang.String", "deprecated": false, "autowired": false, "secret": false, "description": "In what packages are the generated DTO classes. Typically the classes would be generated using camel-salesforce-maven-plugin. Set it if using the generated DTOs to gain the benefit of using short SObject names in parameters\/header values. Multiple packages can be separated by comma." },
    "pkChunking": { "kind": "property", "displayName": "Pk Chunking", "group": "common", "label": "", "required": false, "type": "boolean", "javaType": "java.lang.Boolean", "deprecated": false, "autowired": false, "secret": false, "configurationClass": "org.apache.camel.component.salesforce.SalesforceEndpointConfig", "configurationField": "config", "description": "Use PK Chunking. Only for use in original Bulk API. Bulk 2.0 API performs PK chunking automatically, if necessary." },
    "pkChunkingChunkSize": { "kind": "property", "displayName": "Pk Chunking Chunk Size", "group": "common", "label": "", "required": false, "type": "integer", "javaType": "java.lang.Integer", "deprecated": false, "autowired": false, "secret": false, "configurationClass": "org.apache.camel.component.salesforce.SalesforceEndpointConfig", "configurationField": "config", "description": "Chunk size for use with PK Chunking. If unspecified, salesforce default is 100,000. Maximum size is 250,000." },
    "pkChunkingParent": { "kind": "property", "displayName": "Pk Chunking Parent", "group": "common", "label": "", "required": false, "type": "string", "javaType": "java.lang.String", "deprecated": false, "autowired": false, "secret": false, "configurationClass": "org.apache.camel.component.salesforce.SalesforceEndpointConfig", "configurationField": "config", "description": "Specifies the parent object when you're enabling PK chunking for queries on sharing objects. The chunks are based on the parent object's records rather than the sharing object's records. For example, when querying on AccountShare, specify Account as the parent object. PK chunking is supported for sharing objects as long as the parent object is supported." },
    "pkChunkingStartRow": { "kind": "property", "displayName": "Pk Chunking Start Row", "group": "common", "label": "", "required": false, "type": "string", "javaType": "java.lang.String", "deprecated": false, "autowired": false, "secret": false, "configurationClass": "org.apache.camel.component.salesforce.SalesforceEndpointConfig", "configurationField": "config", "description": "Specifies the 15-character or 18-character record ID to be used as the lower boundary for the first chunk. Use this parameter to specify a starting ID when restarting a job that failed between batches." },
    "queryLocator": { "kind": "property", "displayName": "Query Locator", "group": "common", "label": "", "required": false, "type": "string", "javaType": "java.lang.String", "deprecated": false, "autowired": false, "secret": false, "configurationClass": "org.apache.camel.component.salesforce.SalesforceEndpointConfig", "configurationField": "config", "description": "Query Locator provided by salesforce for use when a query results in more records than can be retrieved in a single call. Use this value in a subsequent call to retrieve additional records." },
    "rawPayload": { "kind": "property", "displayName": "Raw Payload", "group": "common", "label": "", "required": false, "type": "boolean", "javaType": "boolean", "deprecated": false, "autowired": false, "secret": false, "defaultValue": false, "configurationClass": "org.apache.camel.component.salesforce.SalesforceEndpointConfig", "configurationField": "config", "description": "Use raw payload String for request and response (either JSON or XML depending on format), instead of DTOs, false by default" },
    "reportId": { "kind": "property", "displayName": "Report Id", "group": "common", "label": "", "required": false, "type": "string", "javaType": "java.lang.String", "deprecated": false, "autowired": false, "secret": false, "configurationClass": "org.apache.camel.component.salesforce.SalesforceEndpointConfig", "configurationField": "config", "description": "Salesforce1 Analytics report Id" },
    "reportMetadata": { "kind": "property", "displayName": "Report Metadata", "group": "common", "label": "", "required": false, "type": "object", "javaType": "org.apache.camel.component.salesforce.api.dto.analytics.reports.ReportMetadata", "deprecated": false, "autowired": false, "secret": false, "configurationClass": "org.apache.camel.component.salesforce.SalesforceEndpointConfig", "configurationField": "config", "description": "Salesforce1 Analytics report metadata for filtering" },
    "resultId": { "kind": "property", "displayName": "Result Id", "group": "common", "label": "", "required": false, "type": "string", "javaType": "java.lang.String", "deprecated": false, "autowired": false, "secret": false, "configurationClass": "org.apache.camel.component.salesforce.SalesforceEndpointConfig", "configurationField": "config", "description": "Bulk API Result ID" },
    "sObjectBlobFieldName": { "kind": "property", "displayName": "SObject Blob Field Name", "group": "common", "label": "", "required": false, "type": "string", "javaType": "java.lang.String", "deprecated": false, "autowired": false, "secret": false, "configurationClass": "org.apache.camel.component.salesforce.SalesforceEndpointConfig", "configurationField": "config", "description": "SObject blob field name" },
    "sObjectClass": { "kind": "property", "displayName": "SObject Class", "group": "common", "label": "", "required": false, "type": "string", "javaType": "java.lang.String", "deprecated": false, "autowired": false, "secret": false, "configurationClass": "org.apache.camel.component.salesforce.SalesforceEndpointConfig", "configurationField": "config", "description": "Fully qualified SObject class name, usually generated using camel-salesforce-maven-plugin" },
    "sObjectFields": { "kind": "property", "displayName": "SObject Fields", "group": "common", "label": "", "required": false, "type": "string", "javaType": "java.lang.String", "deprecated": false, "autowired": false, "secret": false, "configurationClass": "org.apache.camel.component.salesforce.SalesforceEndpointConfig", "configurationField": "config", "description": "SObject fields to retrieve" },
    "sObjectId": { "kind": "property", "displayName": "SObject Id", "group": "common", "label": "", "required": false, "type": "string", "javaType": "java.lang.String", "deprecated": false, "autowired": false, "secret": false, "configurationClass": "org.apache.camel.component.salesforce.SalesforceEndpointConfig", "configurationField": "config", "description": "SObject ID if required by API" },
    "sObjectIdName": { "kind": "property", "displayName": "SObject Id Name", "group": "common", "label": "", "required": false, "type": "string", "javaType": "java.lang.String", "deprecated": false, "autowired": false, "secret": false, "configurationClass": "org.apache.camel.component.salesforce.SalesforceEndpointConfig", "configurationField": "config", "description": "SObject external ID field name" },
    "sObjectIdValue": { "kind": "property", "displayName": "SObject Id Value", "group": "common", "label": "", "required": false, "type": "string", "javaType": "java.lang.String", "deprecated": false, "autowired": false, "secret": false, "configurationClass": "org.apache.camel.component.salesforce.SalesforceEndpointConfig", "configurationField": "config", "description": "SObject external ID field value" },
    "sObjectName": { "kind": "property", "displayName": "SObject Name", "group": "common", "label": "", "required": false, "type": "string", "javaType": "java.lang.String", "deprecated": false, "autowired": false, "secret": false, "configurationClass": "org.apache.camel.component.salesforce.SalesforceEndpointConfig", "configurationField": "config", "description": "SObject name if required or supported by API" },
    "sObjectQuery": { "kind": "property", "displayName": "SObject Query", "group": "common", "label": "", "required": false, "type": "string", "javaType": "java.lang.String", "deprecated": false, "autowired": false, "secret": false, "configurationClass": "org.apache.camel.component.salesforce.SalesforceEndpointConfig", "configurationField": "config", "description": "Salesforce SOQL query string" },
    "sObjectSearch": { "kind": "property", "displayName": "SObject Search", "group": "common", "label": "", "required": false, "type": "string", "javaType": "java.lang.String", "deprecated": false, "autowired": false, "secret": false, "configurationClass": "org.apache.camel.component.salesforce.SalesforceEndpointConfig", "configurationField": "config", "description": "Salesforce SOSL search string" },
    "streamQueryResult": { "kind": "property", "displayName": "Stream query result", "group": "common", "label": "", "required": false, "type": "boolean", "javaType": "java.lang.Boolean", "deprecated": false, "autowired": false, "secret": false, "defaultValue": "false", "configurationClass": "org.apache.camel.component.salesforce.SalesforceEndpointConfig", "configurationField": "config", "description": "If true, streams SOQL query result and transparently handles subsequent requests if there are multiple pages. Otherwise, results are returned one page at a time." },
    "updateTopic": { "kind": "property", "displayName": "Update Topic", "group": "common", "label": "", "required": false, "type": "boolean", "javaType": "boolean", "deprecated": false, "autowired": false, "secret": false, "defaultValue": false, "configurationClass": "org.apache.camel.component.salesforce.SalesforceEndpointConfig", "configurationField": "config", "description": "Whether to update an existing Push Topic when using the Streaming API, defaults to false" },
    "config": { "kind": "property", "displayName": "Config", "group": "common (advanced)", "label": "common,advanced", "required": false, "type": "object", "javaType": "org.apache.camel.component.salesforce.SalesforceEndpointConfig", "deprecated": false, "autowired": false, "secret": false, "description": "Global endpoint configuration - use to set values that are common to all endpoints" },
    "httpClientProperties": { "kind": "property", "displayName": "Http Client Properties", "group": "common (advanced)", "label": "common,advanced", "required": false, "type": "object", "javaType": "java.util.Map<java.lang.String, java.lang.Object>", "deprecated": false, "autowired": false, "secret": false, "description": "Used to set any properties that can be configured on the underlying HTTP client. Have a look at properties of SalesforceHttpClient and the Jetty HttpClient for all available options." },
    "longPollingTransportProperties": { "kind": "property", "displayName": "Long Polling Transport Properties", "group": "common (advanced)", "label": "common,advanced", "required": false, "type": "object", "javaType": "java.util.Map<java.lang.String, java.lang.Object>", "deprecated": false, "autowired": false, "secret": false, "description": "Used to set any properties that can be configured on the LongPollingTransport used by the BayeuxClient (CometD) used by the streaming api" },
    "workerPoolMaxSize": { "kind": "property", "displayName": "Worker Pool Max Size", "group": "common (advanced)", "label": "common,advanced", "required": false, "type": "integer", "javaType": "int", "deprecated": false, "autowired": false, "secret": false, "defaultValue": 20, "description": "Maximum size of the thread pool used to handle HTTP responses." },
    "workerPoolSize": { "kind": "property", "displayName": "Worker Pool Size", "group": "common (advanced)", "label": "common,advanced", "required": false, "type": "integer", "javaType": "int", "deprecated": false, "autowired": false, "secret": false, "defaultValue": 10, "description": "Size of the thread pool used to handle HTTP responses." },
    "bridgeErrorHandler": { "kind": "property", "displayName": "Bridge Error Handler", "group": "consumer", "label": "consumer", "required": false, "type": "boolean", "javaType": "boolean", "deprecated": false, "autowired": false, "secret": false, "defaultValue": false, "description": "Allows for bridging the consumer to the Camel routing Error Handler, which mean any exceptions occurred while the consumer is trying to pickup incoming messages, or the likes, will now be processed as a message and handled by the routing Error Handler. By default the consumer will use the org.apache.camel.spi.ExceptionHandler to deal with exceptions, that will be logged at WARN or ERROR level and ignored." },
    "allOrNone": { "kind": "property", "displayName": "All Or None", "group": "producer", "label": "producer", "required": false, "type": "boolean", "javaType": "boolean", "deprecated": false, "autowired": false, "secret": false, "defaultValue": false, "configurationClass": "org.apache.camel.component.salesforce.SalesforceEndpointConfig", "configurationField": "config", "description": "Composite API option to indicate to rollback all records if any are not successful." },
    "apexUrl": { "kind": "property", "displayName": "Apex Url", "group": "producer", "label": "producer", "required": false, "type": "string", "javaType": "java.lang.String", "deprecated": false, "autowired": false, "secret": false, "configurationClass": "org.apache.camel.component.salesforce.SalesforceEndpointConfig", "configurationField": "config", "description": "APEX method URL" },
    "compositeMethod": { "kind": "property", "displayName": "Composite Method", "group": "producer", "label": "producer", "required": false, "type": "string", "javaType": "java.lang.String", "deprecated": false, "autowired": false, "secret": false, "configurationClass": "org.apache.camel.component.salesforce.SalesforceEndpointConfig", "configurationField": "config", "description": "Composite (raw) method." },
    "lazyStartProducer": { "kind": "property", "displayName": "Lazy Start Producer", "group": "producer", "label": "producer", "required": false, "type": "boolean", "javaType": "boolean", "deprecated": false, "autowired": false, "secret": false, "defaultValue": false, "description": "Whether the producer should be started lazy (on the first message). By starting lazy you can use this to allow CamelContext and routes to startup in situations where a producer may otherwise fail during starting and cause the route to fail being started. By deferring this startup to be lazy then the startup failure can be handled during routing messages via Camel's routing error handlers. Beware that when the first message is processed then creating and starting the producer may take a little time and prolong the total processing time of the processing." },
    "rawHttpHeaders": { "kind": "property", "displayName": "Raw Http Headers", "group": "producer", "label": "producer", "required": false, "type": "string", "javaType": "java.lang.String", "deprecated": false, "autowired": false, "secret": false, "configurationClass": "org.apache.camel.component.salesforce.SalesforceEndpointConfig", "configurationField": "config", "description": "Comma separated list of message headers to include as HTTP parameters for Raw operation." },
    "rawMethod": { "kind": "property", "displayName": "Raw Method", "group": "producer", "label": "producer", "required": false, "type": "string", "javaType": "java.lang.String", "deprecated": false, "autowired": false, "secret": false, "configurationClass": "org.apache.camel.component.salesforce.SalesforceEndpointConfig", "configurationField": "config", "description": "HTTP method to use for the Raw operation" },
    "rawPath": { "kind": "property", "displayName": "Raw Path", "group": "producer", "label": "producer", "required": false, "type": "string", "javaType": "java.lang.String", "deprecated": false, "autowired": false, "secret": false, "configurationClass": "org.apache.camel.component.salesforce.SalesforceEndpointConfig", "configurationField": "config", "description": "The portion of the endpoint URL after the domain name. E.g., '\/services\/data\/v52.0\/sobjects\/Account\/'" },
    "rawQueryParameters": { "kind": "property", "displayName": "Raw Query Parameters", "group": "producer", "label": "producer", "required": false, "type": "string", "javaType": "java.lang.String", "deprecated": false, "autowired": false, "secret": false, "configurationClass": "org.apache.camel.component.salesforce.SalesforceEndpointConfig", "configurationField": "config", "description": "Comma separated list of message headers to include as query parameters for Raw operation. Do not url-encode values as this will be done automatically." },
    "autowiredEnabled": { "kind": "property", "displayName": "Autowired Enabled", "group": "advanced", "label": "advanced", "required": false, "type": "boolean", "javaType": "boolean", "deprecated": false, "autowired": false, "secret": false, "defaultValue": true, "description": "Whether autowiring is enabled. This is used for automatic autowiring options (the option must be marked as autowired) by looking up in the registry to find if there is a single instance of matching type, which then gets configured on the component. This can be used for automatic configuring JDBC data sources, JMS connection factories, AWS Clients, etc." },
    "httpProxyExcludedAddresses": { "kind": "property", "displayName": "Http Proxy Excluded Addresses", "group": "proxy", "label": "common,proxy", "required": false, "type": "object", "javaType": "java.util.Set<java.lang.String>", "deprecated": false, "autowired": false, "secret": false, "description": "A list of addresses for which HTTP proxy server should not be used." },
    "httpProxyHost": { "kind": "property", "displayName": "Http Proxy Host", "group": "proxy", "label": "common,proxy", "required": false, "type": "string", "javaType": "java.lang.String", "deprecated": false, "autowired": false, "secret": false, "description": "Hostname of the HTTP proxy server to use." },
    "httpProxyIncludedAddresses": { "kind": "property", "displayName": "Http Proxy Included Addresses", "group": "proxy", "label": "common,proxy", "required": false, "type": "object", "javaType": "java.util.Set<java.lang.String>", "deprecated": false, "autowired": false, "secret": false, "description": "A list of addresses for which HTTP proxy server should be used." },
    "httpProxyPort": { "kind": "property", "displayName": "Http Proxy Port", "group": "proxy", "label": "common,proxy", "required": false, "type": "integer", "javaType": "java.lang.Integer", "deprecated": false, "autowired": false, "secret": false, "description": "Port number of the HTTP proxy server to use." },
    "httpProxySocks4": { "kind": "property", "displayName": "Http Proxy Socks4", "group": "proxy", "label": "common,proxy", "required": false, "type": "boolean", "javaType": "boolean", "deprecated": false, "autowired": false, "secret": false, "defaultValue": false, "description": "If set to true the configures the HTTP proxy to use as a SOCKS4 proxy." },
    "authenticationType": { "kind": "property", "displayName": "Authentication Type", "group": "security", "label": "common,security", "required": false, "type": "object", "javaType": "org.apache.camel.component.salesforce.AuthenticationType", "enum": [ "USERNAME_PASSWORD", "REFRESH_TOKEN", "JWT" ], "deprecated": false, "autowired": false, "secret": false, "description": "Explicit authentication method to be used, one of USERNAME_PASSWORD, REFRESH_TOKEN or JWT. Salesforce component can auto-determine the authentication method to use from the properties set, set this property to eliminate any ambiguity." },
    "clientId": { "kind": "property", "displayName": "Client Id", "group": "security", "label": "common,security", "required": true, "type": "string", "javaType": "java.lang.String", "deprecated": false, "autowired": false, "secret": false, "description": "OAuth Consumer Key of the connected app configured in the Salesforce instance setup. Typically a connected app needs to be configured but one can be provided by installing a package." },
    "clientSecret": { "kind": "property", "displayName": "Client Secret", "group": "security", "label": "common,security", "required": false, "type": "string", "javaType": "java.lang.String", "deprecated": false, "autowired": false, "secret": true, "description": "OAuth Consumer Secret of the connected app configured in the Salesforce instance setup." },
    "httpProxyAuthUri": { "kind": "property", "displayName": "Http Proxy Auth Uri", "group": "security", "label": "common,proxy,security", "required": false, "type": "string", "javaType": "java.lang.String", "deprecated": false, "autowired": false, "secret": false, "description": "Used in authentication against the HTTP proxy server, needs to match the URI of the proxy server in order for the httpProxyUsername and httpProxyPassword to be used for authentication." },
    "httpProxyPassword": { "kind": "property", "displayName": "Http Proxy Password", "group": "security", "label": "common,proxy,security", "required": false, "type": "string", "javaType": "java.lang.String", "deprecated": false, "autowired": false, "secret": true, "description": "Password to use to authenticate against the HTTP proxy server." },
    "httpProxyRealm": { "kind": "property", "displayName": "Http Proxy Realm", "group": "security", "label": "common,proxy,security", "required": false, "type": "string", "javaType": "java.lang.String", "deprecated": false, "autowired": false, "secret": false, "description": "Realm of the proxy server, used in preemptive Basic\/Digest authentication methods against the HTTP proxy server." },
    "httpProxySecure": { "kind": "property", "displayName": "Http Proxy Secure", "group": "security", "label": "common,proxy,security", "required": false, "type": "boolean", "javaType": "boolean", "deprecated": false, "autowired": false, "secret": false, "defaultValue": true, "description": "If set to false disables the use of TLS when accessing the HTTP proxy." },
    "httpProxyUseDigestAuth": { "kind": "property", "displayName": "Http Proxy Use Digest Auth", "group": "security", "label": "common,proxy,security", "required": false, "type": "boolean", "javaType": "boolean", "deprecated": false, "autowired": false, "secret": false, "defaultValue": false, "description": "If set to true Digest authentication will be used when authenticating to the HTTP proxy, otherwise Basic authorization method will be used" },
    "httpProxyUsername": { "kind": "property", "displayName": "Http Proxy Username", "group": "security", "label": "common,proxy,security", "required": false, "type": "string", "javaType": "java.lang.String", "deprecated": false, "autowired": false, "secret": false, "description": "Username to use to authenticate against the HTTP proxy server." },
    "instanceUrl": { "kind": "property", "displayName": "Instance Url", "group": "security", "label": "common,security", "required": false, "type": "string", "javaType": "java.lang.String", "deprecated": false, "autowired": false, "secret": false, "description": "URL of the Salesforce instance used after authentication, by default received from Salesforce on successful authentication" },
    "jwtAudience": { "kind": "property", "displayName": "Jwt Audience", "group": "security", "label": "common,security", "required": false, "type": "string", "javaType": "java.lang.String", "deprecated": false, "autowired": false, "secret": false, "description": "Value to use for the Audience claim (aud) when using OAuth JWT flow. If not set, the login URL will be used, which is appropriate in most cases." },
    "keystore": { "kind": "property", "displayName": "Keystore", "group": "security", "label": "common,security", "required": false, "type": "object", "javaType": "org.apache.camel.support.jsse.KeyStoreParameters", "deprecated": false, "autowired": false, "secret": true, "description": "KeyStore parameters to use in OAuth JWT flow. The KeyStore should contain only one entry with private key and certificate. Salesforce does not verify the certificate chain, so this can easily be a selfsigned certificate. Make sure that you upload the certificate to the corresponding connected app." },
    "lazyLogin": { "kind": "property", "displayName": "Lazy Login", "group": "security", "label": "common,security", "required": false, "type": "boolean", "javaType": "boolean", "deprecated": false, "autowired": false, "secret": false, "defaultValue": false, "description": "If set to true prevents the component from authenticating to Salesforce with the start of the component. You would generally set this to the (default) false and authenticate early and be immediately aware of any authentication issues." },
    "loginConfig": { "kind": "property", "displayName": "Login Config", "group": "security", "label": "common,security", "required": false, "type": "object", "javaType": "org.apache.camel.component.salesforce.SalesforceLoginConfig", "deprecated": false, "autowired": false, "secret": false, "description": "All authentication configuration in one nested bean, all properties set there can be set directly on the component as well" },
    "loginUrl": { "kind": "property", "displayName": "Login Url", "group": "security", "label": "common,security", "required": true, "type": "string", "javaType": "java.lang.String", "deprecated": false, "autowired": false, "secret": false, "defaultValue": "https:\/\/login.salesforce.com", "description": "URL of the Salesforce instance used for authentication, by default set to https:\/\/login.salesforce.com" },
    "password": { "kind": "property", "displayName": "Password", "group": "security", "label": "common,security", "required": false, "type": "string", "javaType": "java.lang.String", "deprecated": false, "autowired": false, "secret": true, "description": "Password used in OAuth flow to gain access to access token. It's easy to get started with password OAuth flow, but in general one should avoid it as it is deemed less secure than other flows. Make sure that you append security token to the end of the password if using one." },
    "refreshToken": { "kind": "property", "displayName": "Refresh Token", "group": "security", "label": "common,security", "required": false, "type": "string", "javaType": "java.lang.String", "deprecated": false, "autowired": false, "secret": true, "description": "Refresh token already obtained in the refresh token OAuth flow. One needs to setup a web application and configure a callback URL to receive the refresh token, or configure using the builtin callback at https:\/\/login.salesforce.com\/services\/oauth2\/success or https:\/\/test.salesforce.com\/services\/oauth2\/success and then retrive the refresh_token from the URL at the end of the flow. Note that in development organizations Salesforce allows hosting the callback web application at localhost." },
    "sslContextParameters": { "kind": "property", "displayName": "Ssl Context Parameters", "group": "security", "label": "common,security", "required": false, "type": "object", "javaType": "org.apache.camel.support.jsse.SSLContextParameters", "deprecated": false, "autowired": false, "secret": false, "description": "SSL parameters to use, see SSLContextParameters class for all available options." },
    "useGlobalSslContextParameters": { "kind": "property", "displayName": "Use Global Ssl Context Parameters", "group": "security", "label": "security", "required": false, "type": "boolean", "javaType": "boolean", "deprecated": false, "autowired": false, "secret": false, "defaultValue": false, "description": "Enable usage of global SSL context parameters" },
    "userName": { "kind": "property", "displayName": "User Name", "group": "security", "label": "common,security", "required": false, "type": "string", "javaType": "java.lang.String", "deprecated": false, "autowired": false, "secret": false, "description": "Username used in OAuth flow to gain access to access token. It's easy to get started with password OAuth flow, but in general one should avoid it as it is deemed less secure than other flows." }
  },
  "headers": {
    "CamelSalesforceReplayId": { "kind": "header", "displayName": "", "group": "consumer", "label": "consumer", "required": false, "javaType": "Object", "deprecated": false, "deprecationNote": "", "autowired": false, "secret": false, "description": "The replay id.", "constantName": "org.apache.camel.component.salesforce.SalesforceConstants#HEADER_SALESFORCE_REPLAY_ID" },
    "CamelSalesforceChangeEventSchema": { "kind": "header", "displayName": "", "group": "consumer", "label": "consumer", "required": false, "javaType": "Object", "deprecated": false, "deprecationNote": "", "autowired": false, "secret": false, "description": "The change event schema.", "constantName": "org.apache.camel.component.salesforce.SalesforceConstants#HEADER_SALESFORCE_CHANGE_EVENT_SCHEMA" },
    "CamelSalesforceEventType": { "kind": "header", "displayName": "", "group": "consumer", "label": "consumer", "required": false, "javaType": "String", "deprecated": false, "deprecationNote": "", "autowired": false, "secret": false, "description": "The event type.", "constantName": "org.apache.camel.component.salesforce.SalesforceConstants#HEADER_SALESFORCE_EVENT_TYPE" },
    "CamelSalesforceCommitTimestamp": { "kind": "header", "displayName": "", "group": "consumer", "label": "consumer", "required": false, "javaType": "Object", "deprecated": false, "deprecationNote": "", "autowired": false, "secret": false, "description": "The commit timestamp.", "constantName": "org.apache.camel.component.salesforce.SalesforceConstants#HEADER_SALESFORCE_COMMIT_TIMESTAMP" },
    "CamelSalesforceCommitUser": { "kind": "header", "displayName": "", "group": "consumer", "label": "consumer", "required": false, "javaType": "Object", "deprecated": false, "deprecationNote": "", "autowired": false, "secret": false, "description": "The commit user.", "constantName": "org.apache.camel.component.salesforce.SalesforceConstants#HEADER_SALESFORCE_COMMIT_USER" },
    "CamelSalesforceCommitNumber": { "kind": "header", "displayName": "", "group": "consumer", "label": "consumer", "required": false, "javaType": "Object", "deprecated": false, "deprecationNote": "", "autowired": false, "secret": false, "description": "The commit number.", "constantName": "org.apache.camel.component.salesforce.SalesforceConstants#HEADER_SALESFORCE_COMMIT_NUMBER" },
    "CamelSalesforceRecordIds": { "kind": "header", "displayName": "", "group": "consumer", "label": "consumer", "required": false, "javaType": "Object", "deprecated": false, "deprecationNote": "", "autowired": false, "secret": false, "description": "The record ids.", "constantName": "org.apache.camel.component.salesforce.SalesforceConstants#HEADER_SALESFORCE_RECORD_IDS" },
    "CamelSalesforceChangeType": { "kind": "header", "displayName": "", "group": "consumer", "label": "consumer", "required": false, "javaType": "Object", "deprecated": false, "deprecationNote": "", "autowired": false, "secret": false, "description": "The change type.", "constantName": "org.apache.camel.component.salesforce.SalesforceConstants#HEADER_SALESFORCE_CHANGE_TYPE" },
    "CamelSalesforceChangeOrigin": { "kind": "header", "displayName": "", "group": "consumer", "label": "consumer", "required": false, "javaType": "Object", "deprecated": false, "deprecationNote": "", "autowired": false, "secret": false, "description": "The change origin.", "constantName": "org.apache.camel.component.salesforce.SalesforceConstants#HEADER_SALESFORCE_CHANGE_ORIGIN" },
    "CamelSalesforceTransactionKey": { "kind": "header", "displayName": "", "group": "consumer", "label": "consumer", "required": false, "javaType": "Object", "deprecated": false, "deprecationNote": "", "autowired": false, "secret": false, "description": "The transaction key.", "constantName": "org.apache.camel.component.salesforce.SalesforceConstants#HEADER_SALESFORCE_TRANSACTION_KEY" },
    "CamelSalesforceSequenceNumber": { "kind": "header", "displayName": "", "group": "consumer", "label": "consumer", "required": false, "javaType": "Object", "deprecated": false, "deprecationNote": "", "autowired": false, "secret": false, "description": "The sequence number.", "constantName": "org.apache.camel.component.salesforce.SalesforceConstants#HEADER_SALESFORCE_SEQUENCE_NUMBER" },
    "CamelSalesforceIsTransactionEnd": { "kind": "header", "displayName": "", "group": "consumer", "label": "consumer", "required": false, "javaType": "Object", "deprecated": false, "deprecationNote": "", "autowired": false, "secret": false, "description": "Is transaction end.", "constantName": "org.apache.camel.component.salesforce.SalesforceConstants#HEADER_SALESFORCE_IS_TRANSACTION_END" },
    "CamelSalesforceEntityName": { "kind": "header", "displayName": "", "group": "consumer", "label": "consumer", "required": false, "javaType": "Object", "deprecated": false, "deprecationNote": "", "autowired": false, "secret": false, "description": "The entity name.", "constantName": "org.apache.camel.component.salesforce.SalesforceConstants#HEADER_SALESFORCE_ENTITY_NAME" },
    "CamelSalesforcePlatformEventSchema": { "kind": "header", "displayName": "", "group": "consumer", "label": "consumer", "required": false, "javaType": "Object", "deprecated": false, "deprecationNote": "", "autowired": false, "secret": false, "description": "The platform event schema.", "constantName": "org.apache.camel.component.salesforce.SalesforceConstants#HEADER_SALESFORCE_PLATFORM_EVENT_SCHEMA" },
    "CamelSalesforceCreatedDate": { "kind": "header", "displayName": "", "group": "consumer", "label": "consumer", "required": false, "javaType": "java.time.ZonedDateTime", "deprecated": false, "deprecationNote": "", "autowired": false, "secret": false, "description": "The created date.", "constantName": "org.apache.camel.component.salesforce.SalesforceConstants#HEADER_SALESFORCE_CREATED_DATE" },
    "CamelSalesforceTopicName": { "kind": "header", "displayName": "", "group": "consumer", "label": "consumer", "required": false, "javaType": "String", "deprecated": false, "deprecationNote": "", "autowired": false, "secret": false, "description": "The topic name.", "constantName": "org.apache.camel.component.salesforce.SalesforceConstants#HEADER_SALESFORCE_TOPIC_NAME" },
    "CamelSalesforceChannel": { "kind": "header", "displayName": "", "group": "consumer", "label": "consumer", "required": false, "javaType": "String", "deprecated": false, "deprecationNote": "", "autowired": false, "secret": false, "description": "The channel.", "constantName": "org.apache.camel.component.salesforce.SalesforceConstants#HEADER_SALESFORCE_CHANNEL" },
    "CamelSalesforceClientId": { "kind": "header", "displayName": "", "group": "consumer", "label": "consumer", "required": false, "javaType": "String", "deprecated": false, "deprecationNote": "", "autowired": false, "secret": false, "description": "The client id.", "constantName": "org.apache.camel.component.salesforce.SalesforceConstants#HEADER_SALESFORCE_CLIENT_ID" },
    "CamelSalesforceQueryResultTotalSize": { "kind": "header", "displayName": "", "group": "producer", "label": "producer", "required": false, "javaType": "int", "deprecated": false, "deprecationNote": "", "autowired": false, "secret": false, "description": "Total number of records matching a query.", "constantName": "org.apache.camel.component.salesforce.SalesforceConstants#HEADER_SALESFORCE_QUERY_RESULT_TOTAL_SIZE" }
  },
  "properties": {
    "operationName": { "kind": "path", "displayName": "Operation Name", "group": "common", "label": "common", "required": true, "type": "object", "javaType": "org.apache.camel.component.salesforce.internal.OperationName", "enum": [ "getVersions", "getResources", "getGlobalObjects", "getBasicInfo", "getDescription", "getSObject", "createSObject", "updateSObject", "deleteSObject", "getSObjectWithId", "upsertSObject", "deleteSObjectWithId", "getBlobField", "query", "queryMore", "queryAll", "search", "apexCall", "recent", "createJob", "getJob", "closeJob", "abortJob", "createBatch", "getBatch", "getAllBatches", "getRequest", "getResults", "createBatchQuery", "getQueryResultIds", "getQueryResult", "getRecentReports", "getReportDescription", "executeSyncReport", "executeAsyncReport", "getReportInstances", "getReportResults", "limits", "approval", "approvals", "composite-tree", "composite-batch", "composite", "compositeRetrieveSObjectCollections", "compositeCreateSObjectCollections", "compositeUpdateSObjectCollections", "compositeUpsertSObjectCollections", "compositeDeleteSObjectCollections", "bulk2GetAllJobs", "bulk2CreateJob", "bulk2GetJob", "bulk2CreateBatch", "bulk2CloseJob", "bulk2AbortJob", "bulk2DeleteJob", "bulk2GetSuccessfulResults", "bulk2GetFailedResults", "bulk2GetUnprocessedRecords", "bulk2CreateQueryJob", "bulk2GetQueryJob", "bulk2GetAllQueryJobs", "bulk2GetQueryJobResults", "bulk2AbortQueryJob", "bulk2DeleteQueryJob", "raw", "subscribe" ], "deprecated": false, "deprecationNote": "", "autowired": false, "secret": false, "description": "The operation to use" },
    "topicName": { "kind": "path", "displayName": "Topic Name", "group": "consumer", "label": "consumer", "required": false, "type": "string", "javaType": "java.lang.String", "deprecated": false, "autowired": false, "secret": false, "description": "The name of the topic\/channel to use" },
    "apexMethod": { "kind": "parameter", "displayName": "Apex Method", "group": "common", "label": "", "required": false, "type": "string", "javaType": "java.lang.String", "deprecated": false, "autowired": false, "secret": false, "configurationClass": "org.apache.camel.component.salesforce.SalesforceEndpointConfig", "configurationField": "configuration", "description": "APEX method name" },
    "apexQueryParams": { "kind": "parameter", "displayName": "Apex Query Params", "group": "common", "label": "", "required": false, "type": "object", "javaType": "java.util.Map<java.lang.String, java.lang.Object>", "deprecated": false, "autowired": false, "secret": false, "configurationClass": "org.apache.camel.component.salesforce.SalesforceEndpointConfig", "configurationField": "configuration", "description": "Query params for APEX method" },
    "apiVersion": { "kind": "parameter", "displayName": "Api Version", "group": "common", "label": "", "required": false, "type": "string", "javaType": "java.lang.String", "deprecated": false, "autowired": false, "secret": false, "defaultValue": "54.0", "configurationClass": "org.apache.camel.component.salesforce.SalesforceEndpointConfig", "configurationField": "configuration", "description": "Salesforce API version." },
    "backoffIncrement": { "kind": "parameter", "displayName": "Backoff Increment", "group": "common", "label": "", "required": false, "type": "duration", "javaType": "long", "deprecated": false, "autowired": false, "secret": false, "defaultValue": "1000", "configurationClass": "org.apache.camel.component.salesforce.SalesforceEndpointConfig", "configurationField": "configuration", "description": "Backoff interval increment for Streaming connection restart attempts for failures beyond CometD auto-reconnect." },
    "batchId": { "kind": "parameter", "displayName": "Batch Id", "group": "common", "label": "", "required": false, "type": "string", "javaType": "java.lang.String", "deprecated": false, "autowired": false, "secret": false, "configurationClass": "org.apache.camel.component.salesforce.SalesforceEndpointConfig", "configurationField": "configuration", "description": "Bulk API Batch ID" },
    "contentType": { "kind": "parameter", "displayName": "Content Type", "group": "common", "label": "", "required": false, "type": "object", "javaType": "org.apache.camel.component.salesforce.api.dto.bulk.ContentType", "enum": [ "XML", "CSV", "JSON", "ZIP_XML", "ZIP_CSV", "ZIP_JSON" ], "deprecated": false, "autowired": false, "secret": false, "configurationClass": "org.apache.camel.component.salesforce.SalesforceEndpointConfig", "configurationField": "configuration", "description": "Bulk API content type, one of XML, CSV, ZIP_XML, ZIP_CSV" },
    "defaultReplayId": { "kind": "parameter", "displayName": "Default Replay Id", "group": "common", "label": "", "required": false, "type": "integer", "javaType": "java.lang.Long", "deprecated": false, "autowired": false, "secret": false, "defaultValue": "-1", "configurationClass": "org.apache.camel.component.salesforce.SalesforceEndpointConfig", "configurationField": "configuration", "description": "Default replayId setting if no value is found in initialReplayIdMap" },
    "fallBackReplayId": { "kind": "parameter", "displayName": "Fall Back Replay Id", "group": "common", "label": "", "required": false, "type": "integer", "javaType": "java.lang.Long", "deprecated": false, "autowired": false, "secret": false, "defaultValue": "-1", "configurationClass": "org.apache.camel.component.salesforce.SalesforceEndpointConfig", "configurationField": "configuration", "description": "ReplayId to fall back to after an Invalid Replay Id response" },
    "format": { "kind": "parameter", "displayName": "Format", "group": "common", "label": "", "required": false, "type": "object", "javaType": "org.apache.camel.component.salesforce.internal.PayloadFormat", "enum": [ "JSON", "XML" ], "deprecated": false, "autowired": false, "secret": false, "configurationClass": "org.apache.camel.component.salesforce.SalesforceEndpointConfig", "configurationField": "configuration", "description": "Payload format to use for Salesforce API calls, either JSON or XML, defaults to JSON. As of Camel 3.12, this option only applies to the Raw operation." },
    "httpClient": { "kind": "parameter", "displayName": "Http Client", "group": "common", "label": "", "required": false, "type": "object", "javaType": "org.apache.camel.component.salesforce.SalesforceHttpClient", "deprecated": false, "autowired": false, "secret": false, "configurationClass": "org.apache.camel.component.salesforce.SalesforceEndpointConfig", "configurationField": "configuration", "description": "Custom Jetty Http Client to use to connect to Salesforce." },
    "includeDetails": { "kind": "parameter", "displayName": "Include Details", "group": "common", "label": "", "required": false, "type": "boolean", "javaType": "java.lang.Boolean", "deprecated": false, "autowired": false, "secret": false, "configurationClass": "org.apache.camel.component.salesforce.SalesforceEndpointConfig", "configurationField": "configuration", "description": "Include details in Salesforce1 Analytics report, defaults to false." },
    "initialReplayIdMap": { "kind": "parameter", "displayName": "Initial Replay Id Map", "group": "common", "label": "", "required": false, "type": "object", "javaType": "java.util.Map<java.lang.String, java.lang.Long>", "deprecated": false, "autowired": false, "secret": false, "configurationClass": "org.apache.camel.component.salesforce.SalesforceEndpointConfig", "configurationField": "configuration", "description": "Replay IDs to start from per channel name." },
    "instanceId": { "kind": "parameter", "displayName": "Instance Id", "group": "common", "label": "", "required": false, "type": "string", "javaType": "java.lang.String", "deprecated": false, "autowired": false, "secret": false, "configurationClass": "org.apache.camel.component.salesforce.SalesforceEndpointConfig", "configurationField": "configuration", "description": "Salesforce1 Analytics report execution instance ID" },
    "jobId": { "kind": "parameter", "displayName": "Job Id", "group": "common", "label": "", "required": false, "type": "string", "javaType": "java.lang.String", "deprecated": false, "autowired": false, "secret": false, "configurationClass": "org.apache.camel.component.salesforce.SalesforceEndpointConfig", "configurationField": "configuration", "description": "Bulk API Job ID" },
    "limit": { "kind": "parameter", "displayName": "Limit", "group": "common", "label": "", "required": false, "type": "integer", "javaType": "java.lang.Integer", "deprecated": false, "autowired": false, "secret": false, "configurationClass": "org.apache.camel.component.salesforce.SalesforceEndpointConfig", "configurationField": "configuration", "description": "Limit on number of returned records. Applicable to some of the API, check the Salesforce documentation." },
    "locator": { "kind": "parameter", "displayName": "Locator", "group": "common", "label": "", "required": false, "type": "string", "javaType": "java.lang.String", "deprecated": false, "autowired": false, "secret": false, "configurationClass": "org.apache.camel.component.salesforce.SalesforceEndpointConfig", "configurationField": "configuration", "description": "Locator provided by salesforce Bulk 2.0 API for use in getting results for a Query job." },
    "maxBackoff": { "kind": "parameter", "displayName": "Max Backoff", "group": "common", "label": "", "required": false, "type": "duration", "javaType": "long", "deprecated": false, "autowired": false, "secret": false, "defaultValue": "30000", "configurationClass": "org.apache.camel.component.salesforce.SalesforceEndpointConfig", "configurationField": "configuration", "description": "Maximum backoff interval for Streaming connection restart attempts for failures beyond CometD auto-reconnect." },
    "maxRecords": { "kind": "parameter", "displayName": "Max Records", "group": "common", "label": "", "required": false, "type": "integer", "javaType": "java.lang.Integer", "deprecated": false, "autowired": false, "secret": false, "configurationClass": "org.apache.camel.component.salesforce.SalesforceEndpointConfig", "configurationField": "configuration", "description": "The maximum number of records to retrieve per set of results for a Bulk 2.0 Query. The request is still subject to the size limits. If you are working with a very large number of query results, you may experience a timeout before receiving all the data from Salesforce. To prevent a timeout, specify the maximum number of records your client is expecting to receive in the maxRecords parameter. This splits the results into smaller sets with this value as the maximum size." },
    "notFoundBehaviour": { "kind": "parameter", "displayName": "Not Found Behaviour", "group": "common", "label": "", "required": false, "type": "object", "javaType": "org.apache.camel.component.salesforce.NotFoundBehaviour", "enum": [ "EXCEPTION", "NULL" ], "deprecated": false, "autowired": false, "secret": false, "defaultValue": "EXCEPTION", "configurationClass": "org.apache.camel.component.salesforce.SalesforceEndpointConfig", "configurationField": "configuration", "description": "Sets the behaviour of 404 not found status received from Salesforce API. Should the body be set to NULL NotFoundBehaviour#NULL or should a exception be signaled on the exchange NotFoundBehaviour#EXCEPTION - the default." },
    "notifyForFields": { "kind": "parameter", "displayName": "Notify For Fields", "group": "common", "label": "", "required": false, "type": "object", "javaType": "org.apache.camel.component.salesforce.internal.dto.NotifyForFieldsEnum", "enum": [ "ALL", "REFERENCED", "SELECT", "WHERE" ], "deprecated": false, "autowired": false, "secret": false, "configurationClass": "org.apache.camel.component.salesforce.SalesforceEndpointConfig", "configurationField": "configuration", "description": "Notify for fields, options are ALL, REFERENCED, SELECT, WHERE" },
    "notifyForOperationCreate": { "kind": "parameter", "displayName": "Notify For Operation Create", "group": "common", "label": "", "required": false, "type": "boolean", "javaType": "java.lang.Boolean", "deprecated": false, "autowired": false, "secret": false, "configurationClass": "org.apache.camel.component.salesforce.SalesforceEndpointConfig", "configurationField": "configuration", "description": "Notify for create operation, defaults to false (API version &gt;= 29.0)" },
    "notifyForOperationDelete": { "kind": "parameter", "displayName": "Notify For Operation Delete", "group": "common", "label": "", "required": false, "type": "boolean", "javaType": "java.lang.Boolean", "deprecated": false, "autowired": false, "secret": false, "configurationClass": "org.apache.camel.component.salesforce.SalesforceEndpointConfig", "configurationField": "configuration", "description": "Notify for delete operation, defaults to false (API version &gt;= 29.0)" },
    "notifyForOperations": { "kind": "parameter", "displayName": "Notify For Operations", "group": "common", "label": "", "required": false, "type": "object", "javaType": "org.apache.camel.component.salesforce.internal.dto.NotifyForOperationsEnum", "enum": [ "ALL", "CREATE", "EXTENDED", "UPDATE" ], "deprecated": false, "autowired": false, "secret": false, "configurationClass": "org.apache.camel.component.salesforce.SalesforceEndpointConfig", "configurationField": "configuration", "description": "Notify for operations, options are ALL, CREATE, EXTENDED, UPDATE (API version &lt; 29.0)" },
    "notifyForOperationUndelete": { "kind": "parameter", "displayName": "Notify For Operation Undelete", "group": "common", "label": "", "required": false, "type": "boolean", "javaType": "java.lang.Boolean", "deprecated": false, "autowired": false, "secret": false, "configurationClass": "org.apache.camel.component.salesforce.SalesforceEndpointConfig", "configurationField": "configuration", "description": "Notify for un-delete operation, defaults to false (API version &gt;= 29.0)" },
    "notifyForOperationUpdate": { "kind": "parameter", "displayName": "Notify For Operation Update", "group": "common", "label": "", "required": false, "type": "boolean", "javaType": "java.lang.Boolean", "deprecated": false, "autowired": false, "secret": false, "configurationClass": "org.apache.camel.component.salesforce.SalesforceEndpointConfig", "configurationField": "configuration", "description": "Notify for update operation, defaults to false (API version &gt;= 29.0)" },
    "objectMapper": { "kind": "parameter", "displayName": "Object Mapper", "group": "common", "label": "", "required": false, "type": "object", "javaType": "com.fasterxml.jackson.databind.ObjectMapper", "deprecated": false, "autowired": false, "secret": false, "configurationClass": "org.apache.camel.component.salesforce.SalesforceEndpointConfig", "configurationField": "configuration", "description": "Custom Jackson ObjectMapper to use when serializing\/deserializing Salesforce objects." },
    "pkChunking": { "kind": "parameter", "displayName": "Pk Chunking", "group": "common", "label": "", "required": false, "type": "boolean", "javaType": "java.lang.Boolean", "deprecated": false, "autowired": false, "secret": false, "configurationClass": "org.apache.camel.component.salesforce.SalesforceEndpointConfig", "configurationField": "configuration", "description": "Use PK Chunking. Only for use in original Bulk API. Bulk 2.0 API performs PK chunking automatically, if necessary." },
    "pkChunkingChunkSize": { "kind": "parameter", "displayName": "Pk Chunking Chunk Size", "group": "common", "label": "", "required": false, "type": "integer", "javaType": "java.lang.Integer", "deprecated": false, "autowired": false, "secret": false, "configurationClass": "org.apache.camel.component.salesforce.SalesforceEndpointConfig", "configurationField": "configuration", "description": "Chunk size for use with PK Chunking. If unspecified, salesforce default is 100,000. Maximum size is 250,000." },
    "pkChunkingParent": { "kind": "parameter", "displayName": "Pk Chunking Parent", "group": "common", "label": "", "required": false, "type": "string", "javaType": "java.lang.String", "deprecated": false, "autowired": false, "secret": false, "configurationClass": "org.apache.camel.component.salesforce.SalesforceEndpointConfig", "configurationField": "configuration", "description": "Specifies the parent object when you're enabling PK chunking for queries on sharing objects. The chunks are based on the parent object's records rather than the sharing object's records. For example, when querying on AccountShare, specify Account as the parent object. PK chunking is supported for sharing objects as long as the parent object is supported." },
    "pkChunkingStartRow": { "kind": "parameter", "displayName": "Pk Chunking Start Row", "group": "common", "label": "", "required": false, "type": "string", "javaType": "java.lang.String", "deprecated": false, "autowired": false, "secret": false, "configurationClass": "org.apache.camel.component.salesforce.SalesforceEndpointConfig", "configurationField": "configuration", "description": "Specifies the 15-character or 18-character record ID to be used as the lower boundary for the first chunk. Use this parameter to specify a starting ID when restarting a job that failed between batches." },
    "queryLocator": { "kind": "parameter", "displayName": "Query Locator", "group": "common", "label": "", "required": false, "type": "string", "javaType": "java.lang.String", "deprecated": false, "autowired": false, "secret": false, "configurationClass": "org.apache.camel.component.salesforce.SalesforceEndpointConfig", "configurationField": "configuration", "description": "Query Locator provided by salesforce for use when a query results in more records than can be retrieved in a single call. Use this value in a subsequent call to retrieve additional records." },
    "rawPayload": { "kind": "parameter", "displayName": "Raw Payload", "group": "common", "label": "", "required": false, "type": "boolean", "javaType": "boolean", "deprecated": false, "autowired": false, "secret": false, "defaultValue": false, "configurationClass": "org.apache.camel.component.salesforce.SalesforceEndpointConfig", "configurationField": "configuration", "description": "Use raw payload String for request and response (either JSON or XML depending on format), instead of DTOs, false by default" },
    "reportId": { "kind": "parameter", "displayName": "Report Id", "group": "common", "label": "", "required": false, "type": "string", "javaType": "java.lang.String", "deprecated": false, "autowired": false, "secret": false, "configurationClass": "org.apache.camel.component.salesforce.SalesforceEndpointConfig", "configurationField": "configuration", "description": "Salesforce1 Analytics report Id" },
    "reportMetadata": { "kind": "parameter", "displayName": "Report Metadata", "group": "common", "label": "", "required": false, "type": "object", "javaType": "org.apache.camel.component.salesforce.api.dto.analytics.reports.ReportMetadata", "deprecated": false, "autowired": false, "secret": false, "configurationClass": "org.apache.camel.component.salesforce.SalesforceEndpointConfig", "configurationField": "configuration", "description": "Salesforce1 Analytics report metadata for filtering" },
    "resultId": { "kind": "parameter", "displayName": "Result Id", "group": "common", "label": "", "required": false, "type": "string", "javaType": "java.lang.String", "deprecated": false, "autowired": false, "secret": false, "configurationClass": "org.apache.camel.component.salesforce.SalesforceEndpointConfig", "configurationField": "configuration", "description": "Bulk API Result ID" },
    "sObjectBlobFieldName": { "kind": "parameter", "displayName": "SObject Blob Field Name", "group": "common", "label": "", "required": false, "type": "string", "javaType": "java.lang.String", "deprecated": false, "autowired": false, "secret": false, "configurationClass": "org.apache.camel.component.salesforce.SalesforceEndpointConfig", "configurationField": "configuration", "description": "SObject blob field name" },
    "sObjectClass": { "kind": "parameter", "displayName": "SObject Class", "group": "common", "label": "", "required": false, "type": "string", "javaType": "java.lang.String", "deprecated": false, "autowired": false, "secret": false, "configurationClass": "org.apache.camel.component.salesforce.SalesforceEndpointConfig", "configurationField": "configuration", "description": "Fully qualified SObject class name, usually generated using camel-salesforce-maven-plugin" },
    "sObjectFields": { "kind": "parameter", "displayName": "SObject Fields", "group": "common", "label": "", "required": false, "type": "string", "javaType": "java.lang.String", "deprecated": false, "autowired": false, "secret": false, "configurationClass": "org.apache.camel.component.salesforce.SalesforceEndpointConfig", "configurationField": "configuration", "description": "SObject fields to retrieve" },
    "sObjectId": { "kind": "parameter", "displayName": "SObject Id", "group": "common", "label": "", "required": false, "type": "string", "javaType": "java.lang.String", "deprecated": false, "autowired": false, "secret": false, "configurationClass": "org.apache.camel.component.salesforce.SalesforceEndpointConfig", "configurationField": "configuration", "description": "SObject ID if required by API" },
    "sObjectIdName": { "kind": "parameter", "displayName": "SObject Id Name", "group": "common", "label": "", "required": false, "type": "string", "javaType": "java.lang.String", "deprecated": false, "autowired": false, "secret": false, "configurationClass": "org.apache.camel.component.salesforce.SalesforceEndpointConfig", "configurationField": "configuration", "description": "SObject external ID field name" },
    "sObjectIdValue": { "kind": "parameter", "displayName": "SObject Id Value", "group": "common", "label": "", "required": false, "type": "string", "javaType": "java.lang.String", "deprecated": false, "autowired": false, "secret": false, "configurationClass": "org.apache.camel.component.salesforce.SalesforceEndpointConfig", "configurationField": "configuration", "description": "SObject external ID field value" },
    "sObjectName": { "kind": "parameter", "displayName": "SObject Name", "group": "common", "label": "", "required": false, "type": "string", "javaType": "java.lang.String", "deprecated": false, "autowired": false, "secret": false, "configurationClass": "org.apache.camel.component.salesforce.SalesforceEndpointConfig", "configurationField": "configuration", "description": "SObject name if required or supported by API" },
    "sObjectQuery": { "kind": "parameter", "displayName": "SObject Query", "group": "common", "label": "", "required": false, "type": "string", "javaType": "java.lang.String", "deprecated": false, "autowired": false, "secret": false, "configurationClass": "org.apache.camel.component.salesforce.SalesforceEndpointConfig", "configurationField": "configuration", "description": "Salesforce SOQL query string" },
    "sObjectSearch": { "kind": "parameter", "displayName": "SObject Search", "group": "common", "label": "", "required": false, "type": "string", "javaType": "java.lang.String", "deprecated": false, "autowired": false, "secret": false, "configurationClass": "org.apache.camel.component.salesforce.SalesforceEndpointConfig", "configurationField": "configuration", "description": "Salesforce SOSL search string" },
    "streamQueryResult": { "kind": "parameter", "displayName": "Stream query result", "group": "common", "label": "", "required": false, "type": "boolean", "javaType": "java.lang.Boolean", "deprecated": false, "autowired": false, "secret": false, "defaultValue": "false", "configurationClass": "org.apache.camel.component.salesforce.SalesforceEndpointConfig", "configurationField": "configuration", "description": "If true, streams SOQL query result and transparently handles subsequent requests if there are multiple pages. Otherwise, results are returned one page at a time." },
    "updateTopic": { "kind": "parameter", "displayName": "Update Topic", "group": "common", "label": "", "required": false, "type": "boolean", "javaType": "boolean", "deprecated": false, "autowired": false, "secret": false, "defaultValue": false, "configurationClass": "org.apache.camel.component.salesforce.SalesforceEndpointConfig", "configurationField": "configuration", "description": "Whether to update an existing Push Topic when using the Streaming API, defaults to false" },
    "replayId": { "kind": "parameter", "displayName": "Replay Id", "group": "consumer", "label": "consumer", "required": false, "type": "integer", "javaType": "java.lang.Long", "deprecated": false, "autowired": false, "secret": false, "description": "The replayId value to use when subscribing" },
    "bridgeErrorHandler": { "kind": "parameter", "displayName": "Bridge Error Handler", "group": "consumer (advanced)", "label": "consumer,advanced", "required": false, "type": "boolean", "javaType": "boolean", "deprecated": false, "autowired": false, "secret": false, "defaultValue": false, "description": "Allows for bridging the consumer to the Camel routing Error Handler, which mean any exceptions occurred while the consumer is trying to pickup incoming messages, or the likes, will now be processed as a message and handled by the routing Error Handler. By default the consumer will use the org.apache.camel.spi.ExceptionHandler to deal with exceptions, that will be logged at WARN or ERROR level and ignored." },
    "exceptionHandler": { "kind": "parameter", "displayName": "Exception Handler", "group": "consumer (advanced)", "label": "consumer,advanced", "required": false, "type": "object", "javaType": "org.apache.camel.spi.ExceptionHandler", "optionalPrefix": "consumer.", "deprecated": false, "autowired": false, "secret": false, "description": "To let the consumer use a custom ExceptionHandler. Notice if the option bridgeErrorHandler is enabled then this option is not in use. By default the consumer will deal with exceptions, that will be logged at WARN or ERROR level and ignored." },
    "exchangePattern": { "kind": "parameter", "displayName": "Exchange Pattern", "group": "consumer (advanced)", "label": "consumer,advanced", "required": false, "type": "object", "javaType": "org.apache.camel.ExchangePattern", "enum": [ "InOnly", "InOut", "InOptionalOut" ], "deprecated": false, "autowired": false, "secret": false, "description": "Sets the exchange pattern when the consumer creates an exchange." },
    "allOrNone": { "kind": "parameter", "displayName": "All Or None", "group": "producer", "label": "producer", "required": false, "type": "boolean", "javaType": "boolean", "deprecated": false, "autowired": false, "secret": false, "defaultValue": false, "configurationClass": "org.apache.camel.component.salesforce.SalesforceEndpointConfig", "configurationField": "configuration", "description": "Composite API option to indicate to rollback all records if any are not successful." },
    "apexUrl": { "kind": "parameter", "displayName": "Apex Url", "group": "producer", "label": "producer", "required": false, "type": "string", "javaType": "java.lang.String", "deprecated": false, "autowired": false, "secret": false, "configurationClass": "org.apache.camel.component.salesforce.SalesforceEndpointConfig", "configurationField": "configuration", "description": "APEX method URL" },
    "compositeMethod": { "kind": "parameter", "displayName": "Composite Method", "group": "producer", "label": "producer", "required": false, "type": "string", "javaType": "java.lang.String", "deprecated": false, "autowired": false, "secret": false, "configurationClass": "org.apache.camel.component.salesforce.SalesforceEndpointConfig", "configurationField": "configuration", "description": "Composite (raw) method." },
    "rawHttpHeaders": { "kind": "parameter", "displayName": "Raw Http Headers", "group": "producer", "label": "producer", "required": false, "type": "string", "javaType": "java.lang.String", "deprecated": false, "autowired": false, "secret": false, "configurationClass": "org.apache.camel.component.salesforce.SalesforceEndpointConfig", "configurationField": "configuration", "description": "Comma separated list of message headers to include as HTTP parameters for Raw operation." },
    "rawMethod": { "kind": "parameter", "displayName": "Raw Method", "group": "producer", "label": "producer", "required": false, "type": "string", "javaType": "java.lang.String", "deprecated": false, "autowired": false, "secret": false, "configurationClass": "org.apache.camel.component.salesforce.SalesforceEndpointConfig", "configurationField": "configuration", "description": "HTTP method to use for the Raw operation" },
    "rawPath": { "kind": "parameter", "displayName": "Raw Path", "group": "producer", "label": "producer", "required": false, "type": "string", "javaType": "java.lang.String", "deprecated": false, "autowired": false, "secret": false, "configurationClass": "org.apache.camel.component.salesforce.SalesforceEndpointConfig", "configurationField": "configuration", "description": "The portion of the endpoint URL after the domain name. E.g., '\/services\/data\/v52.0\/sobjects\/Account\/'" },
    "rawQueryParameters": { "kind": "parameter", "displayName": "Raw Query Parameters", "group": "producer", "label": "producer", "required": false, "type": "string", "javaType": "java.lang.String", "deprecated": false, "autowired": false, "secret": false, "configurationClass": "org.apache.camel.component.salesforce.SalesforceEndpointConfig", "configurationField": "configuration", "description": "Comma separated list of message headers to include as query parameters for Raw operation. Do not url-encode values as this will be done automatically." },
    "lazyStartProducer": { "kind": "parameter", "displayName": "Lazy Start Producer", "group": "producer (advanced)", "label": "producer,advanced", "required": false, "type": "boolean", "javaType": "boolean", "deprecated": false, "autowired": false, "secret": false, "defaultValue": false, "description": "Whether the producer should be started lazy (on the first message). By starting lazy you can use this to allow CamelContext and routes to startup in situations where a producer may otherwise fail during starting and cause the route to fail being started. By deferring this startup to be lazy then the startup failure can be handled during routing messages via Camel's routing error handlers. Beware that when the first message is processed then creating and starting the producer may take a little time and prolong the total processing time of the processing." }
  }
}
