{
  "component": {
    "kind": "component",
    "name": "servlet",
    "title": "Servlet",
    "description": "Serve HTTP requests by a Servlet.",
    "deprecated": false,
    "deprecationNote": "",
    "firstVersion": "2.0.0",
    "label": "http",
    "javaType": "org.apache.camel.component.servlet.ServletComponent",
    "supportLevel": "Stable",
    "groupId": "org.apache.camel",
    "artifactId": "camel-servlet",
    "version": "3.20.2-SNAPSHOT",
    "scheme": "servlet",
    "extendsScheme": "http",
    "syntax": "servlet:contextPath",
    "async": false,
    "api": false,
    "consumerOnly": true,
    "producerOnly": false,
    "lenientProperties": false
  },
  "componentProperties": {
    "bridgeErrorHandler": { "kind": "property", "displayName": "Bridge Error Handler", "group": "consumer", "label": "consumer", "required": false, "type": "boolean", "javaType": "boolean", "deprecated": false, "autowired": false, "secret": false, "defaultValue": false, "description": "Allows for bridging the consumer to the Camel routing Error Handler, which mean any exceptions occurred while the consumer is trying to pickup incoming messages, or the likes, will now be processed as a message and handled by the routing Error Handler. By default the consumer will use the org.apache.camel.spi.ExceptionHandler to deal with exceptions, that will be logged at WARN or ERROR level and ignored." },
    "muteException": { "kind": "property", "displayName": "Mute Exception", "group": "consumer", "label": "consumer", "required": false, "type": "boolean", "javaType": "boolean", "deprecated": false, "autowired": false, "secret": false, "defaultValue": false, "description": "If enabled and an Exchange failed processing on the consumer side the response's body won't contain the exception's stack trace." },
    "servletName": { "kind": "property", "displayName": "Servlet Name", "group": "consumer", "label": "consumer", "required": false, "type": "string", "javaType": "java.lang.String", "deprecated": false, "autowired": false, "secret": false, "defaultValue": "CamelServlet", "description": "Default name of servlet to use. The default name is CamelServlet." },
    "attachmentMultipartBinding": { "kind": "property", "displayName": "Attachment Multipart Binding", "group": "consumer (advanced)", "label": "consumer,advanced", "required": false, "type": "boolean", "javaType": "boolean", "deprecated": false, "autowired": false, "secret": false, "defaultValue": false, "description": "Whether to automatic bind multipart\/form-data as attachments on the Camel Exchange. The options attachmentMultipartBinding=true and disableStreamCache=false cannot work together. Remove disableStreamCache to use AttachmentMultipartBinding. This is turn off by default as this may require servlet specific configuration to enable this when using Servlet's." },
    "fileNameExtWhitelist": { "kind": "property", "displayName": "File Name Ext Whitelist", "group": "consumer (advanced)", "label": "consumer,advanced", "required": false, "type": "string", "javaType": "java.lang.String", "deprecated": false, "autowired": false, "secret": false, "description": "Whitelist of accepted filename extensions for accepting uploaded files. Multiple extensions can be separated by comma, such as txt,xml." },
    "httpRegistry": { "kind": "property", "displayName": "Http Registry", "group": "consumer (advanced)", "label": "consumer,advanced", "required": false, "type": "object", "javaType": "org.apache.camel.http.common.HttpRegistry", "deprecated": false, "autowired": false, "secret": false, "description": "To use a custom org.apache.camel.component.servlet.HttpRegistry." },
    "allowJavaSerializedObject": { "kind": "property", "displayName": "Allow Java Serialized Object", "group": "advanced", "label": "advanced", "required": false, "type": "boolean", "javaType": "boolean", "deprecated": false, "autowired": false, "secret": false, "defaultValue": false, "description": "Whether to allow java serialization when a request uses context-type=application\/x-java-serialized-object. This is by default turned off. If you enable this then be aware that Java will deserialize the incoming data from the request to Java and that can be a potential security risk." },
    "autowiredEnabled": { "kind": "property", "displayName": "Autowired Enabled", "group": "advanced", "label": "advanced", "required": false, "type": "boolean", "javaType": "boolean", "deprecated": false, "autowired": false, "secret": false, "defaultValue": true, "description": "Whether autowiring is enabled. This is used for automatic autowiring options (the option must be marked as autowired) by looking up in the registry to find if there is a single instance of matching type, which then gets configured on the component. This can be used for automatic configuring JDBC data sources, JMS connection factories, AWS Clients, etc." },
    "httpBinding": { "kind": "property", "displayName": "Http Binding", "group": "advanced", "label": "advanced", "required": false, "type": "object", "javaType": "org.apache.camel.http.common.HttpBinding", "deprecated": false, "autowired": false, "secret": false, "description": "To use a custom HttpBinding to control the mapping between Camel message and HttpClient." },
    "httpConfiguration": { "kind": "property", "displayName": "Http Configuration", "group": "advanced", "label": "advanced", "required": false, "type": "object", "javaType": "org.apache.camel.http.common.HttpConfiguration", "deprecated": false, "autowired": false, "secret": false, "description": "To use the shared HttpConfiguration as base configuration." },
    "headerFilterStrategy": { "kind": "property", "displayName": "Header Filter Strategy", "group": "filter", "label": "filter", "required": false, "type": "object", "javaType": "org.apache.camel.spi.HeaderFilterStrategy", "deprecated": false, "autowired": false, "secret": false, "description": "To use a custom org.apache.camel.spi.HeaderFilterStrategy to filter header to and from Camel message." }
  },
  "properties": {
    "contextPath": { "kind": "path", "displayName": "Context Path", "group": "consumer", "label": "consumer", "required": true, "type": "string", "javaType": "java.lang.String", "deprecated": false, "deprecationNote": "", "autowired": false, "secret": false, "description": "The context-path to use" },
    "chunked": { "kind": "parameter", "displayName": "Chunked", "group": "consumer", "label": "", "required": false, "type": "boolean", "javaType": "boolean", "deprecated": false, "autowired": false, "secret": false, "defaultValue": true, "description": "If this option is false the Servlet will disable the HTTP streaming and set the content-length header on the response" },
    "disableStreamCache": { "kind": "parameter", "displayName": "Disable Stream Cache", "group": "common", "label": "common", "required": false, "type": "boolean", "javaType": "boolean", "deprecated": false, "autowired": false, "secret": false, "defaultValue": false, "description": "Determines whether or not the raw input stream from Servlet is cached or not (Camel will read the stream into a in memory\/overflow to file, Stream caching) cache. By default Camel will cache the Servlet input stream to support reading it multiple times to ensure it Camel can retrieve all data from the stream. However you can set this option to true when you for example need to access the raw stream, such as streaming it directly to a file or other persistent store. DefaultHttpBinding will copy the request input stream into a stream cache and put it into message body if this option is false to support reading the stream multiple times. If you use Servlet to bridge\/proxy an endpoint then consider enabling this option to improve performance, in case you do not need to read the message payload multiple times. The http producer will by default cache the response body stream. If setting this option to true, then the producers will not cache the response body stream but use the response stream as-is as the message body." },
    "headerFilterStrategy": { "kind": "parameter", "displayName": "Header Filter Strategy", "group": "common", "label": "common", "required": false, "type": "object", "javaType": "org.apache.camel.spi.HeaderFilterStrategy", "deprecated": false, "autowired": false, "secret": false, "description": "To use a custom HeaderFilterStrategy to filter header to and from Camel message." },
    "httpBinding": { "kind": "parameter", "displayName": "Http Binding", "group": "common (advanced)", "label": "common,advanced", "required": false, "type": "object", "javaType": "org.apache.camel.http.common.HttpBinding", "deprecated": false, "autowired": false, "secret": false, "description": "To use a custom HttpBinding to control the mapping between Camel message and HttpClient." },
    "async": { "kind": "parameter", "displayName": "Async", "group": "consumer", "label": "consumer", "required": false, "type": "boolean", "javaType": "boolean", "deprecated": false, "autowired": false, "secret": false, "defaultValue": false, "description": "Configure the consumer to work in async mode" },
    "httpMethodRestrict": { "kind": "parameter", "displayName": "Http Method Restrict", "group": "consumer", "label": "consumer", "required": false, "type": "string", "javaType": "java.lang.String", "deprecated": false, "autowired": false, "secret": false, "description": "Used to only allow consuming if the HttpMethod matches, such as GET\/POST\/PUT etc. Multiple methods can be specified separated by comma." },
    "matchOnUriPrefix": { "kind": "parameter", "displayName": "Match On Uri Prefix", "group": "consumer", "label": "consumer", "required": false, "type": "boolean", "javaType": "boolean", "deprecated": false, "autowired": false, "secret": false, "defaultValue": false, "description": "Whether or not the consumer should try to find a target consumer by matching the URI prefix if no exact match is found." },
    "muteException": { "kind": "parameter", "displayName": "Mute Exception", "group": "consumer", "label": "consumer", "required": false, "type": "boolean", "javaType": "boolean", "deprecated": false, "autowired": false, "secret": false, "defaultValue": false, "description": "If enabled and an Exchange failed processing on the consumer side the response's body won't contain the exception's stack trace." },
    "responseBufferSize": { "kind": "parameter", "displayName": "Response Buffer Size", "group": "consumer", "label": "consumer", "required": false, "type": "integer", "javaType": "java.lang.Integer", "deprecated": false, "autowired": false, "secret": false, "description": "To use a custom buffer size on the javax.servlet.ServletResponse." },
    "servletName": { "kind": "parameter", "displayName": "Servlet Name", "group": "consumer", "label": "consumer", "required": false, "type": "string", "javaType": "java.lang.String", "deprecated": false, "autowired": false, "secret": false, "defaultValue": "CamelServlet", "description": "Name of the servlet to use" },
    "transferException": { "kind": "parameter", "displayName": "Transfer Exception", "group": "consumer", "label": "", "required": false, "type": "boolean", "javaType": "boolean", "deprecated": false, "autowired": false, "secret": false, "defaultValue": false, "description": "If enabled and an Exchange failed processing on the consumer side, and if the caused Exception was send back serialized in the response as a application\/x-java-serialized-object content type. On the producer side the exception will be deserialized and thrown as is, instead of the HttpOperationFailedException. The caused exception is required to be serialized. This is by default turned off. If you enable this then be aware that Java will deserialize the incoming data from the request to Java and that can be a potential security risk." },
    "attachmentMultipartBinding": { "kind": "parameter", "displayName": "Attachment Multipart Binding", "group": "consumer (advanced)", "label": "consumer,advanced", "required": false, "type": "boolean", "javaType": "boolean", "deprecated": false, "autowired": false, "secret": false, "defaultValue": false, "description": "Whether to automatic bind multipart\/form-data as attachments on the Camel Exchange. The options attachmentMultipartBinding=true and disableStreamCache=false cannot work together. Remove disableStreamCache to use AttachmentMultipartBinding. This is turn off by default as this may require servlet specific configuration to enable this when using Servlet's." },
    "bridgeErrorHandler": { "kind": "parameter", "displayName": "Bridge Error Handler", "group": "consumer (advanced)", "label": "consumer,advanced", "required": false, "type": "boolean", "javaType": "boolean", "deprecated": false, "autowired": false, "secret": false, "defaultValue": false, "description": "Allows for bridging the consumer to the Camel routing Error Handler, which mean any exceptions occurred while the consumer is trying to pickup incoming messages, or the likes, will now be processed as a message and handled by the routing Error Handler. By default the consumer will use the org.apache.camel.spi.ExceptionHandler to deal with exceptions, that will be logged at WARN or ERROR level and ignored." },
    "eagerCheckContentAvailable": { "kind": "parameter", "displayName": "Eager Check Content Available", "group": "consumer (advanced)", "label": "consumer,advanced", "required": false, "type": "boolean", "javaType": "boolean", "deprecated": false, "autowired": false, "secret": false, "defaultValue": false, "description": "Whether to eager check whether the HTTP requests has content if the content-length header is 0 or not present. This can be turned on in case HTTP clients do not send streamed data." },
    "exceptionHandler": { "kind": "parameter", "displayName": "Exception Handler", "group": "consumer (advanced)", "label": "consumer,advanced", "required": false, "type": "object", "javaType": "org.apache.camel.spi.ExceptionHandler", "optionalPrefix": "consumer.", "deprecated": false, "autowired": false, "secret": false, "description": "To let the consumer use a custom ExceptionHandler. Notice if the option bridgeErrorHandler is enabled then this option is not in use. By default the consumer will deal with exceptions, that will be logged at WARN or ERROR level and ignored." },
    "exchangePattern": { "kind": "parameter", "displayName": "Exchange Pattern", "group": "consumer (advanced)", "label": "consumer,advanced", "required": false, "type": "object", "javaType": "org.apache.camel.ExchangePattern", "enum": [ "InOnly", "InOut", "InOptionalOut" ], "deprecated": false, "autowired": false, "secret": false, "description": "Sets the exchange pattern when the consumer creates an exchange." },
    "fileNameExtWhitelist": { "kind": "parameter", "displayName": "File Name Ext Whitelist", "group": "consumer (advanced)", "label": "consumer,advanced", "required": false, "type": "string", "javaType": "java.lang.String", "deprecated": false, "autowired": false, "secret": false, "description": "Whitelist of accepted filename extensions for accepting uploaded files. Multiple extensions can be separated by comma, such as txt,xml." },
    "mapHttpMessageBody": { "kind": "parameter", "displayName": "Map Http Message Body", "group": "consumer (advanced)", "label": "consumer,advanced", "required": false, "type": "boolean", "javaType": "boolean", "deprecated": false, "autowired": false, "secret": false, "defaultValue": true, "description": "If this option is true then IN exchange Body of the exchange will be mapped to HTTP body. Setting this to false will avoid the HTTP mapping." },
    "mapHttpMessageFormUrlEncodedBody": { "kind": "parameter", "displayName": "Map Http Message Form Url Encoded Body", "group": "consumer (advanced)", "label": "consumer,advanced", "required": false, "type": "boolean", "javaType": "boolean", "deprecated": false, "autowired": false, "secret": false, "defaultValue": true, "description": "If this option is true then IN exchange Form Encoded body of the exchange will be mapped to HTTP. Setting this to false will avoid the HTTP Form Encoded body mapping." },
    "mapHttpMessageHeaders": { "kind": "parameter", "displayName": "Map Http Message Headers", "group": "consumer (advanced)", "label": "consumer,advanced", "required": false, "type": "boolean", "javaType": "boolean", "deprecated": false, "autowired": false, "secret": false, "defaultValue": true, "description": "If this option is true then IN exchange Headers of the exchange will be mapped to HTTP headers. Setting this to false will avoid the HTTP Headers mapping." },
    "optionsEnabled": { "kind": "parameter", "displayName": "Options Enabled", "group": "consumer (advanced)", "label": "consumer,advanced", "required": false, "type": "boolean", "javaType": "boolean", "deprecated": false, "autowired": false, "secret": false, "defaultValue": false, "description": "Specifies whether to enable HTTP OPTIONS for this Servlet consumer. By default OPTIONS is turned off." },
    "traceEnabled": { "kind": "parameter", "displayName": "Trace Enabled", "group": "consumer (advanced)", "label": "consumer,advanced", "required": false, "type": "boolean", "javaType": "boolean", "deprecated": false, "autowired": false, "secret": false, "defaultValue": false, "description": "Specifies whether to enable HTTP TRACE for this Servlet consumer. By default TRACE is turned off." }
  }
}
