{
  "component": {
    "kind": "component",
    "name": "sjms2",
    "title": "Simple JMS2",
    "description": "Send and receive messages to\/from a JMS Queue or Topic using plain JMS 2.x API.",
    "deprecated": false,
    "firstVersion": "2.19.0",
    "label": "messaging",
    "javaType": "org.apache.camel.component.sjms2.Sjms2Component",
    "supportLevel": "Stable",
    "groupId": "org.apache.camel",
    "artifactId": "camel-sjms2",
    "version": "3.20.2-SNAPSHOT",
    "scheme": "sjms2",
    "extendsScheme": "sjms",
    "syntax": "sjms2:destinationType:destinationName",
    "async": true,
    "api": false,
    "consumerOnly": false,
    "producerOnly": false,
    "lenientProperties": false
  },
  "componentProperties": {
    "connectionFactory": { "kind": "property", "displayName": "Connection Factory", "group": "common", "label": "common", "required": false, "type": "object", "javaType": "javax.jms.ConnectionFactory", "deprecated": false, "autowired": true, "secret": false, "description": "The connection factory to be use. A connection factory must be configured either on the component or endpoint." },
    "bridgeErrorHandler": { "kind": "property", "displayName": "Bridge Error Handler", "group": "consumer", "label": "consumer", "required": false, "type": "boolean", "javaType": "boolean", "deprecated": false, "autowired": false, "secret": false, "defaultValue": false, "description": "Allows for bridging the consumer to the Camel routing Error Handler, which mean any exceptions occurred while the consumer is trying to pickup incoming messages, or the likes, will now be processed as a message and handled by the routing Error Handler. By default the consumer will use the org.apache.camel.spi.ExceptionHandler to deal with exceptions, that will be logged at WARN or ERROR level and ignored." },
    "lazyStartProducer": { "kind": "property", "displayName": "Lazy Start Producer", "group": "producer", "label": "producer", "required": false, "type": "boolean", "javaType": "boolean", "deprecated": false, "autowired": false, "secret": false, "defaultValue": false, "description": "Whether the producer should be started lazy (on the first message). By starting lazy you can use this to allow CamelContext and routes to startup in situations where a producer may otherwise fail during starting and cause the route to fail being started. By deferring this startup to be lazy then the startup failure can be handled during routing messages via Camel's routing error handlers. Beware that when the first message is processed then creating and starting the producer may take a little time and prolong the total processing time of the processing." },
    "autowiredEnabled": { "kind": "property", "displayName": "Autowired Enabled", "group": "advanced", "label": "advanced", "required": false, "type": "boolean", "javaType": "boolean", "deprecated": false, "autowired": false, "secret": false, "defaultValue": true, "description": "Whether autowiring is enabled. This is used for automatic autowiring options (the option must be marked as autowired) by looking up in the registry to find if there is a single instance of matching type, which then gets configured on the component. This can be used for automatic configuring JDBC data sources, JMS connection factories, AWS Clients, etc." },
    "destinationCreationStrategy": { "kind": "property", "displayName": "Destination Creation Strategy", "group": "advanced", "label": "advanced", "required": false, "type": "object", "javaType": "org.apache.camel.component.sjms.jms.DestinationCreationStrategy", "deprecated": false, "autowired": false, "secret": false, "description": "To use a custom DestinationCreationStrategy." },
    "exceptionListener": { "kind": "property", "displayName": "Exception Listener", "group": "advanced", "label": "advanced", "required": false, "type": "object", "javaType": "javax.jms.ExceptionListener", "deprecated": false, "autowired": false, "secret": false, "description": "Specifies the JMS Exception Listener that is to be notified of any underlying JMS exceptions." },
    "jmsKeyFormatStrategy": { "kind": "property", "displayName": "Jms Key Format Strategy", "group": "advanced", "label": "advanced", "required": false, "type": "object", "javaType": "org.apache.camel.component.sjms.jms.JmsKeyFormatStrategy", "deprecated": false, "autowired": false, "secret": false, "description": "Pluggable strategy for encoding and decoding JMS keys so they can be compliant with the JMS specification. Camel provides one implementation out of the box: default. The default strategy will safely marshal dots and hyphens (. and -). Can be used for JMS brokers which do not care whether JMS header keys contain illegal characters. You can provide your own implementation of the org.apache.camel.component.jms.JmsKeyFormatStrategy and refer to it using the # notation." },
    "messageCreatedStrategy": { "kind": "property", "displayName": "Message Created Strategy", "group": "advanced", "label": "advanced", "required": false, "type": "object", "javaType": "org.apache.camel.component.sjms.jms.MessageCreatedStrategy", "deprecated": false, "autowired": false, "secret": false, "description": "To use the given MessageCreatedStrategy which are invoked when Camel creates new instances of javax.jms.Message objects when Camel is sending a JMS message." },
    "recoveryInterval": { "kind": "property", "displayName": "Recovery Interval", "group": "advanced", "label": "advanced", "required": false, "type": "duration", "javaType": "long", "deprecated": false, "autowired": false, "secret": false, "defaultValue": "5000", "description": "Specifies the interval between recovery attempts, i.e. when a connection is being refreshed, in milliseconds. The default is 5000 ms, that is, 5 seconds." },
    "replyToOnTimeoutMaxConcurrentConsumers": { "kind": "property", "displayName": "Reply To On Timeout Max Concurrent Consumers", "group": "advanced", "label": "advanced", "required": false, "type": "integer", "javaType": "int", "deprecated": false, "autowired": false, "secret": false, "defaultValue": 1, "description": "Specifies the maximum number of concurrent consumers for continue routing when timeout occurred when using request\/reply over JMS." },
    "requestTimeoutCheckerInterval": { "kind": "property", "displayName": "Request Timeout Checker Interval", "group": "advanced", "label": "advanced", "required": false, "type": "duration", "javaType": "long", "deprecated": false, "autowired": false, "secret": false, "defaultValue": "1000", "description": "Configures how often Camel should check for timed out Exchanges when doing request\/reply over JMS. By default Camel checks once per second. But if you must react faster when a timeout occurs, then you can lower this interval, to check more frequently. The timeout is determined by the option requestTimeout." },
    "headerFilterStrategy": { "kind": "property", "displayName": "Header Filter Strategy", "group": "filter", "label": "filter", "required": false, "type": "object", "javaType": "org.apache.camel.spi.HeaderFilterStrategy", "deprecated": false, "autowired": false, "secret": false, "description": "To use a custom org.apache.camel.spi.HeaderFilterStrategy to filter header to and from Camel message." }
  },
  "headers": {
    "CamelJMSDestinationName": { "kind": "header", "displayName": "", "group": "producer", "label": "producer", "required": false, "javaType": "String", "deprecated": false, "deprecationNote": "", "autowired": false, "secret": false, "description": "DestinationName is a JMS queue or topic name. By default, the destinationName is interpreted as a queue name.", "constantName": "org.apache.camel.component.sjms.SjmsConstants#JMS_DESTINATION_NAME" },
    "CamelJmsRequestTimeout": { "kind": "header", "displayName": "", "group": "producer", "label": "producer", "required": false, "javaType": "long", "deprecated": false, "deprecationNote": "", "autowired": false, "secret": false, "description": "The timeout for waiting for a reply when using the InOut Exchange Pattern (in milliseconds).", "constantName": "org.apache.camel.component.sjms.SjmsConstants#JMS_REQUEST_TIMEOUT" },
    "JMSCorrelationID": { "kind": "header", "displayName": "", "group": "producer", "label": "producer", "required": false, "javaType": "String", "deprecated": false, "deprecationNote": "", "autowired": false, "secret": false, "description": "The correlation ID.", "constantName": "org.apache.camel.component.sjms.SjmsConstants#JMS_CORRELATION_ID" },
    "JMSReplyTo": { "kind": "header", "displayName": "", "group": "producer", "label": "producer", "required": false, "javaType": "String", "deprecated": false, "deprecationNote": "", "autowired": false, "secret": false, "description": "Provides an explicit ReplyTo destination (overrides any incoming value of Message.getJMSReplyTo() in consumer)", "constantName": "org.apache.camel.component.sjms.SjmsConstants#JMS_REPLY_TO" }
  },
  "properties": {
    "destinationType": { "kind": "path", "displayName": "Destination Type", "group": "common", "label": "", "required": false, "type": "string", "javaType": "java.lang.String", "enum": [ "queue", "topic" ], "deprecated": false, "autowired": false, "secret": false, "defaultValue": "queue", "description": "The kind of destination to use" },
    "destinationName": { "kind": "path", "displayName": "Destination Name", "group": "common", "label": "", "required": true, "type": "string", "javaType": "java.lang.String", "deprecated": false, "deprecationNote": "", "autowired": false, "secret": false, "description": "DestinationName is a JMS queue or topic name. By default, the destinationName is interpreted as a queue name." },
    "acknowledgementMode": { "kind": "parameter", "displayName": "Acknowledgement Mode", "group": "common", "label": "", "required": false, "type": "object", "javaType": "org.apache.camel.component.sjms.jms.SessionAcknowledgementType", "enum": [ "SESSION_TRANSACTED", "CLIENT_ACKNOWLEDGE", "AUTO_ACKNOWLEDGE", "DUPS_OK_ACKNOWLEDGE" ], "deprecated": false, "autowired": false, "secret": false, "defaultValue": "AUTO_ACKNOWLEDGE", "description": "The JMS acknowledgement name, which is one of: SESSION_TRANSACTED, CLIENT_ACKNOWLEDGE, AUTO_ACKNOWLEDGE, DUPS_OK_ACKNOWLEDGE" },
    "connectionFactory": { "kind": "parameter", "displayName": "Connection Factory", "group": "common", "label": "common", "required": false, "type": "object", "javaType": "javax.jms.ConnectionFactory", "deprecated": false, "autowired": false, "secret": false, "description": "The connection factory to be use. A connection factory must be configured either on the component or endpoint." },
    "disableReplyTo": { "kind": "parameter", "displayName": "Disable Reply To", "group": "common", "label": "", "required": false, "type": "boolean", "javaType": "boolean", "deprecated": false, "autowired": false, "secret": false, "defaultValue": false, "description": "Specifies whether Camel ignores the JMSReplyTo header in messages. If true, Camel does not send a reply back to the destination specified in the JMSReplyTo header. You can use this option if you want Camel to consume from a route and you do not want Camel to automatically send back a reply message because another component in your code handles the reply message. You can also use this option if you want to use Camel as a proxy between different message brokers and you want to route message from one system to another." },
    "replyTo": { "kind": "parameter", "displayName": "Reply To", "group": "common", "label": "common", "required": false, "type": "string", "javaType": "java.lang.String", "deprecated": false, "autowired": false, "secret": false, "description": "Provides an explicit ReplyTo destination (overrides any incoming value of Message.getJMSReplyTo() in consumer)." },
    "testConnectionOnStartup": { "kind": "parameter", "displayName": "Test Connection On Startup", "group": "common", "label": "", "required": false, "type": "boolean", "javaType": "boolean", "deprecated": false, "autowired": false, "secret": false, "defaultValue": false, "description": "Specifies whether to test the connection on startup. This ensures that when Camel starts that all the JMS consumers have a valid connection to the JMS broker. If a connection cannot be granted then Camel throws an exception on startup. This ensures that Camel is not started with failed connections. The JMS producers is tested as well." },
    "asyncConsumer": { "kind": "parameter", "displayName": "Async Consumer", "group": "consumer", "label": "consumer", "required": false, "type": "boolean", "javaType": "boolean", "deprecated": false, "autowired": false, "secret": false, "defaultValue": false, "description": "Whether the JmsConsumer processes the Exchange asynchronously. If enabled then the JmsConsumer may pickup the next message from the JMS queue, while the previous message is being processed asynchronously (by the Asynchronous Routing Engine). This means that messages may be processed not 100% strictly in order. If disabled (as default) then the Exchange is fully processed before the JmsConsumer will pickup the next message from the JMS queue. Note if transacted has been enabled, then asyncConsumer=true does not run asynchronously, as transaction must be executed synchronously (Camel 3.0 may support async transactions)." },
    "autoStartup": { "kind": "parameter", "displayName": "Auto Startup", "group": "consumer", "label": "consumer", "required": false, "type": "boolean", "javaType": "boolean", "deprecated": false, "autowired": false, "secret": false, "defaultValue": true, "description": "Specifies whether the consumer container should auto-startup." },
    "clientId": { "kind": "parameter", "displayName": "Client Id", "group": "consumer", "label": "consumer", "required": false, "type": "string", "javaType": "java.lang.String", "deprecated": false, "autowired": false, "secret": false, "description": "Sets the JMS client ID to use. Note that this value, if specified, must be unique and can only be used by a single JMS connection instance. It is typically only required for durable topic subscriptions. If using Apache ActiveMQ you may prefer to use Virtual Topics instead." },
    "concurrentConsumers": { "kind": "parameter", "displayName": "Concurrent Consumers", "group": "consumer", "label": "consumer", "required": false, "type": "integer", "javaType": "int", "deprecated": false, "autowired": false, "secret": false, "defaultValue": 1, "description": "Specifies the default number of concurrent consumers when consuming from JMS (not for request\/reply over JMS). See also the maxMessagesPerTask option to control dynamic scaling up\/down of threads. When doing request\/reply over JMS then the option replyToConcurrentConsumers is used to control number of concurrent consumers on the reply message listener." },
    "durable": { "kind": "parameter", "displayName": "Durable", "group": "consumer", "label": "consumer", "required": false, "type": "boolean", "javaType": "boolean", "deprecated": false, "autowired": false, "secret": false, "defaultValue": false, "description": "Sets the topic to be durable" },
    "durableSubscriptionName": { "kind": "parameter", "displayName": "Durable Subscription Name", "group": "consumer", "label": "consumer", "required": false, "type": "string", "javaType": "java.lang.String", "deprecated": false, "autowired": false, "secret": false, "description": "The durable subscriber name for specifying durable topic subscriptions. The clientId option must be configured as well." },
    "replyToDeliveryPersistent": { "kind": "parameter", "displayName": "Reply To Delivery Persistent", "group": "consumer", "label": "consumer", "required": false, "type": "boolean", "javaType": "boolean", "deprecated": false, "autowired": false, "secret": false, "defaultValue": true, "description": "Specifies whether to use persistent delivery by default for replies." },
    "shared": { "kind": "parameter", "displayName": "Shared", "group": "consumer", "label": "consumer", "required": false, "type": "boolean", "javaType": "boolean", "deprecated": false, "autowired": false, "secret": false, "defaultValue": false, "description": "Sets the topic to be shared" },
    "subscriptionId": { "kind": "parameter", "displayName": "Subscription Id", "group": "consumer", "label": "consumer", "required": false, "type": "string", "javaType": "java.lang.String", "deprecated": false, "autowired": false, "secret": false, "description": "Sets the topic subscription id, required for durable or shared topics." },
    "bridgeErrorHandler": { "kind": "parameter", "displayName": "Bridge Error Handler", "group": "consumer (advanced)", "label": "consumer,advanced", "required": false, "type": "boolean", "javaType": "boolean", "deprecated": false, "autowired": false, "secret": false, "defaultValue": false, "description": "Allows for bridging the consumer to the Camel routing Error Handler, which mean any exceptions occurred while the consumer is trying to pickup incoming messages, or the likes, will now be processed as a message and handled by the routing Error Handler. By default the consumer will use the org.apache.camel.spi.ExceptionHandler to deal with exceptions, that will be logged at WARN or ERROR level and ignored." },
    "eagerLoadingOfProperties": { "kind": "parameter", "displayName": "Eager Loading Of Properties", "group": "consumer (advanced)", "label": "consumer,advanced", "required": false, "type": "boolean", "javaType": "boolean", "deprecated": false, "autowired": false, "secret": false, "defaultValue": false, "description": "Enables eager loading of JMS properties and payload as soon as a message is loaded which generally is inefficient as the JMS properties may not be required but sometimes can catch early any issues with the underlying JMS provider and the use of JMS properties. See also the option eagerPoisonBody." },
    "eagerPoisonBody": { "kind": "parameter", "displayName": "Eager Poison Body", "group": "consumer (advanced)", "label": "consumer,advanced", "required": false, "type": "string", "javaType": "java.lang.String", "deprecated": false, "autowired": false, "secret": false, "defaultValue": "Poison JMS message due to ${exception.message}", "description": "If eagerLoadingOfProperties is enabled and the JMS message payload (JMS body or JMS properties) is poison (cannot be read\/mapped), then set this text as the message body instead so the message can be processed (the cause of the poison are already stored as exception on the Exchange). This can be turned off by setting eagerPoisonBody=false. See also the option eagerLoadingOfProperties." },
    "exceptionHandler": { "kind": "parameter", "displayName": "Exception Handler", "group": "consumer (advanced)", "label": "consumer,advanced", "required": false, "type": "object", "javaType": "org.apache.camel.spi.ExceptionHandler", "optionalPrefix": "consumer.", "deprecated": false, "autowired": false, "secret": false, "description": "To let the consumer use a custom ExceptionHandler. Notice if the option bridgeErrorHandler is enabled then this option is not in use. By default the consumer will deal with exceptions, that will be logged at WARN or ERROR level and ignored." },
    "exchangePattern": { "kind": "parameter", "displayName": "Exchange Pattern", "group": "consumer (advanced)", "label": "consumer,advanced", "required": false, "type": "object", "javaType": "org.apache.camel.ExchangePattern", "enum": [ "InOnly", "InOut", "InOptionalOut" ], "deprecated": false, "autowired": false, "secret": false, "description": "Sets the exchange pattern when the consumer creates an exchange." },
    "messageSelector": { "kind": "parameter", "displayName": "Message Selector", "group": "consumer (advanced)", "label": "consumer,advanced", "required": false, "type": "string", "javaType": "java.lang.String", "deprecated": false, "autowired": false, "secret": false, "description": "Sets the JMS Message selector syntax." },
    "replyToSameDestinationAllowed": { "kind": "parameter", "displayName": "Reply To Same Destination Allowed", "group": "consumer (advanced)", "label": "consumer,advanced", "required": false, "type": "boolean", "javaType": "boolean", "deprecated": false, "autowired": false, "secret": false, "defaultValue": false, "description": "Whether a JMS consumer is allowed to send a reply message to the same destination that the consumer is using to consume from. This prevents an endless loop by consuming and sending back the same message to itself." },
    "deliveryMode": { "kind": "parameter", "displayName": "Delivery Mode", "group": "producer", "label": "producer", "required": false, "type": "integer", "javaType": "java.lang.Integer", "enum": [ "1", "2" ], "deprecated": false, "autowired": false, "secret": false, "description": "Specifies the delivery mode to be used. Possible values are those defined by javax.jms.DeliveryMode. NON_PERSISTENT = 1 and PERSISTENT = 2." },
    "deliveryPersistent": { "kind": "parameter", "displayName": "Delivery Persistent", "group": "producer", "label": "producer", "required": false, "type": "boolean", "javaType": "boolean", "deprecated": false, "autowired": false, "secret": false, "defaultValue": true, "description": "Specifies whether persistent delivery is used by default." },
    "priority": { "kind": "parameter", "displayName": "Priority", "group": "producer", "label": "producer", "required": false, "type": "integer", "javaType": "int", "enum": [ "1", "2", "3", "4", "5", "6", "7", "8", "9" ], "deprecated": false, "autowired": false, "secret": false, "defaultValue": 4, "description": "Values greater than 1 specify the message priority when sending (where 1 is the lowest priority and 9 is the highest). The explicitQosEnabled option must also be enabled in order for this option to have any effect." },
    "replyToConcurrentConsumers": { "kind": "parameter", "displayName": "Reply To Concurrent Consumers", "group": "producer", "label": "producer", "required": false, "type": "integer", "javaType": "int", "deprecated": false, "autowired": false, "secret": false, "defaultValue": 1, "description": "Specifies the default number of concurrent consumers when doing request\/reply over JMS. See also the maxMessagesPerTask option to control dynamic scaling up\/down of threads." },
    "replyToOverride": { "kind": "parameter", "displayName": "Reply To Override", "group": "producer", "label": "producer", "required": false, "type": "string", "javaType": "java.lang.String", "deprecated": false, "autowired": false, "secret": false, "description": "Provides an explicit ReplyTo destination in the JMS message, which overrides the setting of replyTo. It is useful if you want to forward the message to a remote Queue and receive the reply message from the ReplyTo destination." },
    "replyToType": { "kind": "parameter", "displayName": "Reply To Type", "group": "producer", "label": "producer", "required": false, "type": "object", "javaType": "org.apache.camel.component.sjms.ReplyToType", "enum": [ "Temporary", "Exclusive" ], "deprecated": false, "autowired": false, "secret": false, "description": "Allows for explicitly specifying which kind of strategy to use for replyTo queues when doing request\/reply over JMS. Possible values are: Temporary or Exclusive. By default Camel will use temporary queues. However if replyTo has been configured, then Exclusive is used." },
    "requestTimeout": { "kind": "parameter", "displayName": "Request Timeout", "group": "producer", "label": "producer", "required": false, "type": "duration", "javaType": "long", "deprecated": false, "autowired": false, "secret": false, "defaultValue": "20000", "description": "The timeout for waiting for a reply when using the InOut Exchange Pattern (in milliseconds). The default is 20 seconds. You can include the header CamelJmsRequestTimeout to override this endpoint configured timeout value, and thus have per message individual timeout values. See also the requestTimeoutCheckerInterval option." },
    "timeToLive": { "kind": "parameter", "displayName": "Time To Live", "group": "producer", "label": "producer", "required": false, "type": "integer", "javaType": "long", "deprecated": false, "autowired": false, "secret": false, "defaultValue": -1, "description": "When sending messages, specifies the time-to-live of the message (in milliseconds)." },
    "allowNullBody": { "kind": "parameter", "displayName": "Allow Null Body", "group": "producer (advanced)", "label": "producer,advanced", "required": false, "type": "boolean", "javaType": "boolean", "deprecated": false, "autowired": false, "secret": false, "defaultValue": true, "description": "Whether to allow sending messages with no body. If this option is false and the message body is null, then an JMSException is thrown." },
    "disableTimeToLive": { "kind": "parameter", "displayName": "Disable Time To Live", "group": "producer (advanced)", "label": "producer,advanced", "required": false, "type": "boolean", "javaType": "boolean", "deprecated": false, "autowired": false, "secret": false, "defaultValue": false, "description": "Use this option to force disabling time to live. For example when you do request\/reply over JMS, then Camel will by default use the requestTimeout value as time to live on the message being sent. The problem is that the sender and receiver systems have to have their clocks synchronized, so they are in sync. This is not always so easy to archive. So you can use disableTimeToLive=true to not set a time to live value on the sent message. Then the message will not expire on the receiver system. See below in section About time to live for more details." },
    "explicitQosEnabled": { "kind": "parameter", "displayName": "Explicit Qos Enabled", "group": "producer (advanced)", "label": "producer,advanced", "required": false, "type": "boolean", "javaType": "java.lang.Boolean", "deprecated": false, "autowired": false, "secret": false, "defaultValue": "false", "description": "Set if the deliveryMode, priority or timeToLive qualities of service should be used when sending messages. This option is based on Spring's JmsTemplate. The deliveryMode, priority and timeToLive options are applied to the current endpoint. This contrasts with the preserveMessageQos option, which operates at message granularity, reading QoS properties exclusively from the Camel In message headers." },
    "lazyStartProducer": { "kind": "parameter", "displayName": "Lazy Start Producer", "group": "producer (advanced)", "label": "producer,advanced", "required": false, "type": "boolean", "javaType": "boolean", "deprecated": false, "autowired": false, "secret": false, "defaultValue": false, "description": "Whether the producer should be started lazy (on the first message). By starting lazy you can use this to allow CamelContext and routes to startup in situations where a producer may otherwise fail during starting and cause the route to fail being started. By deferring this startup to be lazy then the startup failure can be handled during routing messages via Camel's routing error handlers. Beware that when the first message is processed then creating and starting the producer may take a little time and prolong the total processing time of the processing." },
    "preserveMessageQos": { "kind": "parameter", "displayName": "Preserve Message Qos", "group": "producer (advanced)", "label": "producer,advanced", "required": false, "type": "boolean", "javaType": "boolean", "deprecated": false, "autowired": false, "secret": false, "defaultValue": false, "description": "Set to true, if you want to send message using the QoS settings specified on the message, instead of the QoS settings on the JMS endpoint. The following three headers are considered JMSPriority, JMSDeliveryMode, and JMSExpiration. You can provide all or only some of them. If not provided, Camel will fall back to use the values from the endpoint instead. So, when using this option, the headers override the values from the endpoint. The explicitQosEnabled option, by contrast, will only use options set on the endpoint, and not values from the message header." },
    "asyncStartListener": { "kind": "parameter", "displayName": "Async Start Listener", "group": "advanced", "label": "advanced", "required": false, "type": "boolean", "javaType": "boolean", "deprecated": false, "autowired": false, "secret": false, "defaultValue": false, "description": "Whether to startup the consumer message listener asynchronously, when starting a route. For example if a JmsConsumer cannot get a connection to a remote JMS broker, then it may block while retrying and\/or failover. This will cause Camel to block while starting routes. By setting this option to true, you will let routes startup, while the JmsConsumer connects to the JMS broker using a dedicated thread in asynchronous mode. If this option is used, then beware that if the connection could not be established, then an exception is logged at WARN level, and the consumer will not be able to receive messages; You can then restart the route to retry." },
    "asyncStopListener": { "kind": "parameter", "displayName": "Async Stop Listener", "group": "advanced", "label": "advanced", "required": false, "type": "boolean", "javaType": "boolean", "deprecated": false, "autowired": false, "secret": false, "defaultValue": false, "description": "Whether to stop the consumer message listener asynchronously, when stopping a route." },
    "destinationCreationStrategy": { "kind": "parameter", "displayName": "Destination Creation Strategy", "group": "advanced", "label": "advanced", "required": false, "type": "object", "javaType": "org.apache.camel.component.sjms.jms.DestinationCreationStrategy", "deprecated": false, "autowired": false, "secret": false, "description": "To use a custom DestinationCreationStrategy." },
    "exceptionListener": { "kind": "parameter", "displayName": "Exception Listener", "group": "advanced", "label": "advanced", "required": false, "type": "object", "javaType": "javax.jms.ExceptionListener", "deprecated": false, "autowired": false, "secret": false, "description": "Specifies the JMS Exception Listener that is to be notified of any underlying JMS exceptions." },
    "headerFilterStrategy": { "kind": "parameter", "displayName": "Header Filter Strategy", "group": "advanced", "label": "advanced", "required": false, "type": "object", "javaType": "org.apache.camel.spi.HeaderFilterStrategy", "deprecated": false, "autowired": false, "secret": false, "description": "To use a custom HeaderFilterStrategy to filter header to and from Camel message." },
    "includeAllJMSXProperties": { "kind": "parameter", "displayName": "Include All JMSXProperties", "group": "advanced", "label": "advanced", "required": false, "type": "boolean", "javaType": "boolean", "deprecated": false, "autowired": false, "secret": false, "defaultValue": false, "description": "Whether to include all JMSXxxx properties when mapping from JMS to Camel Message. Setting this to true will include properties such as JMSXAppID, and JMSXUserID etc. Note: If you are using a custom headerFilterStrategy then this option does not apply." },
    "jmsKeyFormatStrategy": { "kind": "parameter", "displayName": "Jms Key Format Strategy", "group": "advanced", "label": "advanced", "required": false, "type": "object", "javaType": "org.apache.camel.component.sjms.jms.JmsKeyFormatStrategy", "deprecated": false, "autowired": false, "secret": false, "description": "Pluggable strategy for encoding and decoding JMS keys so they can be compliant with the JMS specification. Camel provides two implementations out of the box: default and passthrough. The default strategy will safely marshal dots and hyphens (. and -). The passthrough strategy leaves the key as is. Can be used for JMS brokers which do not care whether JMS header keys contain illegal characters. You can provide your own implementation of the org.apache.camel.component.jms.JmsKeyFormatStrategy and refer to it using the # notation." },
    "mapJmsMessage": { "kind": "parameter", "displayName": "Map Jms Message", "group": "advanced", "label": "advanced", "required": false, "type": "boolean", "javaType": "boolean", "deprecated": false, "autowired": false, "secret": false, "defaultValue": true, "description": "Specifies whether Camel should auto map the received JMS message to a suited payload type, such as javax.jms.TextMessage to a String etc. See section about how mapping works below for more details." },
    "messageCreatedStrategy": { "kind": "parameter", "displayName": "Message Created Strategy", "group": "advanced", "label": "advanced", "required": false, "type": "object", "javaType": "org.apache.camel.component.sjms.jms.MessageCreatedStrategy", "deprecated": false, "autowired": false, "secret": false, "description": "To use the given MessageCreatedStrategy which are invoked when Camel creates new instances of javax.jms.Message objects when Camel is sending a JMS message." },
    "recoveryInterval": { "kind": "parameter", "displayName": "Recovery Interval", "group": "advanced", "label": "advanced", "required": false, "type": "duration", "javaType": "long", "deprecated": false, "autowired": false, "secret": false, "defaultValue": "5000", "description": "Specifies the interval between recovery attempts, i.e. when a connection is being refreshed, in milliseconds. The default is 5000 ms, that is, 5 seconds." },
    "synchronous": { "kind": "parameter", "displayName": "Synchronous", "group": "advanced", "label": "advanced", "required": false, "type": "boolean", "javaType": "boolean", "deprecated": false, "autowired": false, "secret": false, "defaultValue": false, "description": "Sets whether synchronous processing should be strictly used" },
    "transferException": { "kind": "parameter", "displayName": "Transfer Exception", "group": "advanced", "label": "advanced", "required": false, "type": "boolean", "javaType": "boolean", "deprecated": false, "autowired": false, "secret": false, "defaultValue": false, "description": "If enabled and you are using Request Reply messaging (InOut) and an Exchange failed on the consumer side, then the caused Exception will be send back in response as a javax.jms.ObjectMessage. If the client is Camel, the returned Exception is rethrown. This allows you to use Camel JMS as a bridge in your routing - for example, using persistent queues to enable robust routing. Notice that if you also have transferExchange enabled, this option takes precedence. The caught exception is required to be serializable. The original Exception on the consumer side can be wrapped in an outer exception such as org.apache.camel.RuntimeCamelException when returned to the producer. Use this with caution as the data is using Java Object serialization and requires the received to be able to deserialize the data at Class level, which forces a strong coupling between the producers and consumer!" },
    "transacted": { "kind": "parameter", "displayName": "Transacted", "group": "transaction", "label": "transaction", "required": false, "type": "boolean", "javaType": "boolean", "deprecated": false, "autowired": false, "secret": false, "defaultValue": false, "description": "Specifies whether to use transacted mode" }
  }
}
