{
  "component": {
    "kind": "component",
    "name": "splunk-hec",
    "title": "Splunk HEC",
    "description": "The splunk component allows to publish events in Splunk using the HTTP Event Collector.",
    "deprecated": false,
    "firstVersion": "3.3.0",
    "label": "log,monitoring",
    "javaType": "org.apache.camel.component.splunkhec.SplunkHECComponent",
    "supportLevel": "Stable",
    "groupId": "org.apache.camel",
    "artifactId": "camel-splunk-hec",
    "version": "3.20.2-SNAPSHOT",
    "scheme": "splunk-hec",
    "extendsScheme": "",
    "syntax": "splunk-hec:splunkURL\/token",
    "async": false,
    "api": false,
    "consumerOnly": false,
    "producerOnly": true,
    "lenientProperties": false
  },
  "componentProperties": {
    "lazyStartProducer": { "kind": "property", "displayName": "Lazy Start Producer", "group": "producer", "label": "producer", "required": false, "type": "boolean", "javaType": "boolean", "deprecated": false, "autowired": false, "secret": false, "defaultValue": false, "description": "Whether the producer should be started lazy (on the first message). By starting lazy you can use this to allow CamelContext and routes to startup in situations where a producer may otherwise fail during starting and cause the route to fail being started. By deferring this startup to be lazy then the startup failure can be handled during routing messages via Camel's routing error handlers. Beware that when the first message is processed then creating and starting the producer may take a little time and prolong the total processing time of the processing." },
    "autowiredEnabled": { "kind": "property", "displayName": "Autowired Enabled", "group": "advanced", "label": "advanced", "required": false, "type": "boolean", "javaType": "boolean", "deprecated": false, "autowired": false, "secret": false, "defaultValue": true, "description": "Whether autowiring is enabled. This is used for automatic autowiring options (the option must be marked as autowired) by looking up in the registry to find if there is a single instance of matching type, which then gets configured on the component. This can be used for automatic configuring JDBC data sources, JMS connection factories, AWS Clients, etc." }
  },
  "headers": {
    "CamelSplunkHECIndexTime": { "kind": "header", "displayName": "", "group": "producer", "label": "", "required": false, "javaType": "Long", "deprecated": false, "deprecationNote": "", "autowired": false, "secret": false, "description": "Epoch-formatted time. Specify with the time query string parameter. Sets a default for all events in the request. The default time can be overridden.", "constantName": "org.apache.camel.component.splunkhec.SplunkHECConstants#INDEX_TIME" }
  },
  "properties": {
    "splunkURL": { "kind": "path", "displayName": "Splunk URL", "group": "producer", "label": "", "required": true, "type": "string", "javaType": "java.lang.String", "deprecated": false, "deprecationNote": "", "autowired": false, "secret": false, "description": "Splunk Host and Port (example: my_splunk_server:8089)" },
    "token": { "kind": "path", "displayName": "Token", "group": "security", "label": "security", "required": true, "type": "string", "javaType": "java.lang.String", "deprecated": false, "deprecationNote": "", "autowired": false, "secret": false, "description": "Splunk HEC token (this is the token created for HEC and not the user's token)" },
    "bodyOnly": { "kind": "parameter", "displayName": "Body Only", "group": "producer", "label": "", "required": false, "type": "boolean", "javaType": "boolean", "deprecated": false, "autowired": false, "secret": false, "defaultValue": false, "configurationClass": "org.apache.camel.component.splunkhec.SplunkHECConfiguration", "configurationField": "configuration", "description": "Send only the message body" },
    "headersOnly": { "kind": "parameter", "displayName": "Headers Only", "group": "producer", "label": "", "required": false, "type": "boolean", "javaType": "boolean", "deprecated": false, "autowired": false, "secret": false, "defaultValue": false, "configurationClass": "org.apache.camel.component.splunkhec.SplunkHECConfiguration", "configurationField": "configuration", "description": "Send only message headers" },
    "host": { "kind": "parameter", "displayName": "Host", "group": "producer", "label": "", "required": false, "type": "string", "javaType": "java.lang.String", "deprecated": false, "autowired": false, "secret": false, "configurationClass": "org.apache.camel.component.splunkhec.SplunkHECConfiguration", "configurationField": "configuration", "description": "Splunk host field of the event message. This is not the Splunk host to connect to." },
    "index": { "kind": "parameter", "displayName": "Index", "group": "producer", "label": "", "required": false, "type": "string", "javaType": "java.lang.String", "deprecated": false, "autowired": false, "secret": false, "defaultValue": "camel", "configurationClass": "org.apache.camel.component.splunkhec.SplunkHECConfiguration", "configurationField": "configuration", "description": "Splunk index to write to" },
    "source": { "kind": "parameter", "displayName": "Source", "group": "producer", "label": "", "required": false, "type": "string", "javaType": "java.lang.String", "deprecated": false, "autowired": false, "secret": false, "defaultValue": "camel", "configurationClass": "org.apache.camel.component.splunkhec.SplunkHECConfiguration", "configurationField": "configuration", "description": "Splunk source argument" },
    "sourceType": { "kind": "parameter", "displayName": "Source Type", "group": "producer", "label": "", "required": false, "type": "string", "javaType": "java.lang.String", "deprecated": false, "autowired": false, "secret": false, "defaultValue": "camel", "configurationClass": "org.apache.camel.component.splunkhec.SplunkHECConfiguration", "configurationField": "configuration", "description": "Splunk sourcetype argument" },
    "splunkEndpoint": { "kind": "parameter", "displayName": "Splunk Endpoint", "group": "producer", "label": "", "required": false, "type": "string", "javaType": "java.lang.String", "deprecated": false, "autowired": false, "secret": false, "defaultValue": "\/services\/collector\/event", "configurationClass": "org.apache.camel.component.splunkhec.SplunkHECConfiguration", "configurationField": "configuration", "description": "Splunk endpoint Defaults to \/services\/collector\/event To write RAW data like JSON use \/services\/collector\/raw For a list of all endpoints refer to splunk documentation (HTTP Event Collector REST API endpoints) Example for Spunk 8.2.x: https:\/\/docs.splunk.com\/Documentation\/SplunkCloud\/8.2.2203\/Data\/HECRESTendpoints To extract timestamps in Splunk8.0 \/services\/collector\/eventauto_extract_timestamp=true Remember to utilize RAW{} for questionmarks or slashes in parameters." },
    "time": { "kind": "parameter", "displayName": "Time", "group": "producer", "label": "", "required": false, "type": "integer", "javaType": "java.lang.Long", "deprecated": false, "autowired": false, "secret": false, "configurationClass": "org.apache.camel.component.splunkhec.SplunkHECConfiguration", "configurationField": "configuration", "description": "Time this even occurred. By default, the time will be when this event hits the splunk server." },
    "lazyStartProducer": { "kind": "parameter", "displayName": "Lazy Start Producer", "group": "producer (advanced)", "label": "producer,advanced", "required": false, "type": "boolean", "javaType": "boolean", "deprecated": false, "autowired": false, "secret": false, "defaultValue": false, "description": "Whether the producer should be started lazy (on the first message). By starting lazy you can use this to allow CamelContext and routes to startup in situations where a producer may otherwise fail during starting and cause the route to fail being started. By deferring this startup to be lazy then the startup failure can be handled during routing messages via Camel's routing error handlers. Beware that when the first message is processed then creating and starting the producer may take a little time and prolong the total processing time of the processing." },
    "https": { "kind": "parameter", "displayName": "Https", "group": "security", "label": "security", "required": false, "type": "boolean", "javaType": "boolean", "deprecated": false, "autowired": false, "secret": false, "defaultValue": true, "configurationClass": "org.apache.camel.component.splunkhec.SplunkHECConfiguration", "configurationField": "configuration", "description": "Contact HEC over https." },
    "skipTlsVerify": { "kind": "parameter", "displayName": "Skip Tls Verify", "group": "security", "label": "security", "required": false, "type": "boolean", "javaType": "boolean", "deprecated": false, "autowired": false, "secret": false, "defaultValue": false, "configurationClass": "org.apache.camel.component.splunkhec.SplunkHECConfiguration", "configurationField": "configuration", "description": "Splunk HEC TLS verification." }
  }
}
