{
  "component": {
    "kind": "component",
    "name": "sql",
    "title": "SQL",
    "description": "Perform SQL queries using Spring JDBC.",
    "deprecated": false,
    "firstVersion": "1.4.0",
    "label": "database,sql",
    "javaType": "org.apache.camel.component.sql.SqlComponent",
    "supportLevel": "Stable",
    "groupId": "org.apache.camel",
    "artifactId": "camel-sql",
    "version": "3.20.2-SNAPSHOT",
    "scheme": "sql",
    "extendsScheme": "",
    "syntax": "sql:query",
    "async": false,
    "api": false,
    "consumerOnly": false,
    "producerOnly": false,
    "lenientProperties": false
  },
  "componentProperties": {
    "dataSource": { "kind": "property", "displayName": "Data Source", "group": "common", "label": "", "required": false, "type": "object", "javaType": "javax.sql.DataSource", "deprecated": false, "autowired": true, "secret": false, "description": "Sets the DataSource to use to communicate with the database." },
    "bridgeErrorHandler": { "kind": "property", "displayName": "Bridge Error Handler", "group": "consumer", "label": "consumer", "required": false, "type": "boolean", "javaType": "boolean", "deprecated": false, "autowired": false, "secret": false, "defaultValue": false, "description": "Allows for bridging the consumer to the Camel routing Error Handler, which mean any exceptions occurred while the consumer is trying to pickup incoming messages, or the likes, will now be processed as a message and handled by the routing Error Handler. By default the consumer will use the org.apache.camel.spi.ExceptionHandler to deal with exceptions, that will be logged at WARN or ERROR level and ignored." },
    "lazyStartProducer": { "kind": "property", "displayName": "Lazy Start Producer", "group": "producer", "label": "producer", "required": false, "type": "boolean", "javaType": "boolean", "deprecated": false, "autowired": false, "secret": false, "defaultValue": false, "description": "Whether the producer should be started lazy (on the first message). By starting lazy you can use this to allow CamelContext and routes to startup in situations where a producer may otherwise fail during starting and cause the route to fail being started. By deferring this startup to be lazy then the startup failure can be handled during routing messages via Camel's routing error handlers. Beware that when the first message is processed then creating and starting the producer may take a little time and prolong the total processing time of the processing." },
    "autowiredEnabled": { "kind": "property", "displayName": "Autowired Enabled", "group": "advanced", "label": "advanced", "required": false, "type": "boolean", "javaType": "boolean", "deprecated": false, "autowired": false, "secret": false, "defaultValue": true, "description": "Whether autowiring is enabled. This is used for automatic autowiring options (the option must be marked as autowired) by looking up in the registry to find if there is a single instance of matching type, which then gets configured on the component. This can be used for automatic configuring JDBC data sources, JMS connection factories, AWS Clients, etc." },
    "usePlaceholder": { "kind": "property", "displayName": "Use Placeholder", "group": "advanced", "label": "advanced", "required": false, "type": "boolean", "javaType": "boolean", "deprecated": false, "autowired": false, "secret": false, "defaultValue": true, "description": "Sets whether to use placeholder and replace all placeholder characters with sign in the SQL queries. This option is default true" }
  },
  "headers": {
    "CamelSqlQuery": { "kind": "header", "displayName": "", "group": "producer", "label": "producer", "required": false, "javaType": "String", "deprecated": false, "deprecationNote": "", "autowired": false, "secret": false, "description": "Query to execute. This query takes precedence over the query specified in the endpoint URI. Note that query parameters in the header _are_ represented by a instead of a pass:# symbol", "constantName": "org.apache.camel.component.sql.SqlConstants#SQL_QUERY" },
    "CamelSqlUpdateCount": { "kind": "header", "displayName": "", "group": "producer", "label": "producer", "required": false, "javaType": "Integer", "deprecated": false, "deprecationNote": "", "autowired": false, "secret": false, "description": "The number of rows updated for update operations, returned as an Integer object. This header is not provided when using outputType=StreamList.", "constantName": "org.apache.camel.component.sql.SqlConstants#SQL_UPDATE_COUNT" },
    "CamelSqlRowCount": { "kind": "header", "displayName": "", "group": "producer", "label": "producer", "required": false, "javaType": "Integer", "deprecated": false, "deprecationNote": "", "autowired": false, "secret": false, "description": "The number of rows returned for select operations, returned as an Integer object. This header is not provided when using outputType=StreamList.", "constantName": "org.apache.camel.component.sql.SqlConstants#SQL_ROW_COUNT" },
    "CamelSqlRetrieveGeneratedKeys": { "kind": "header", "displayName": "", "group": "producer", "label": "producer", "required": false, "javaType": "Boolean", "deprecated": false, "deprecationNote": "", "autowired": false, "secret": false, "defaultValue": "false", "description": "Set its value to true to retrieve generated keys", "constantName": "org.apache.camel.component.sql.SqlConstants#SQL_RETRIEVE_GENERATED_KEYS" },
    "CamelSqlGeneratedColumns": { "kind": "header", "displayName": "", "group": "producer", "label": "producer", "required": false, "javaType": "String[] or int[]", "deprecated": false, "deprecationNote": "", "autowired": false, "secret": false, "description": "Set it to specify the expected generated columns", "constantName": "org.apache.camel.component.sql.SqlConstants#SQL_GENERATED_COLUMNS" },
    "CamelSqlGeneratedKeysRowCount": { "kind": "header", "displayName": "", "group": "producer", "label": "producer", "required": false, "javaType": "Integer", "deprecated": false, "deprecationNote": "", "autowired": false, "secret": false, "description": "The number of rows in the header that contains generated keys.", "constantName": "org.apache.camel.component.sql.SqlConstants#SQL_GENERATED_KEYS_ROW_COUNT" },
    "CamelSqlGeneratedKeyRows": { "kind": "header", "displayName": "", "group": "producer", "label": "producer", "required": false, "javaType": "List<Map<String, Object>>", "deprecated": false, "deprecationNote": "", "autowired": false, "secret": false, "description": "Rows that contains the generated keys (a list of maps of keys).", "constantName": "org.apache.camel.component.sql.SqlConstants#SQL_GENERATED_KEYS_DATA" },
    "CamelSqlParameters": { "kind": "header", "displayName": "", "group": "producer", "label": "producer", "required": false, "javaType": "Iterator", "deprecated": false, "deprecationNote": "", "autowired": false, "secret": false, "description": "The SQL parameters when using the option useMessageBodyForSql", "constantName": "org.apache.camel.component.sql.SqlConstants#SQL_PARAMETERS" }
  },
  "properties": {
    "query": { "kind": "path", "displayName": "Query", "group": "common", "label": "", "required": true, "type": "string", "javaType": "java.lang.String", "deprecated": false, "deprecationNote": "", "autowired": false, "secret": false, "description": "Sets the SQL query to perform. You can externalize the query by using file: or classpath: as prefix and specify the location of the file." },
    "allowNamedParameters": { "kind": "parameter", "displayName": "Allow Named Parameters", "group": "common", "label": "", "required": false, "type": "boolean", "javaType": "boolean", "deprecated": false, "autowired": false, "secret": false, "defaultValue": true, "description": "Whether to allow using named parameters in the queries." },
    "dataSource": { "kind": "parameter", "displayName": "Data Source", "group": "common", "label": "", "required": false, "type": "object", "javaType": "javax.sql.DataSource", "deprecated": false, "deprecationNote": "", "autowired": true, "secret": false, "description": "Sets the DataSource to use to communicate with the database at endpoint level." },
    "outputClass": { "kind": "parameter", "displayName": "Output Class", "group": "common", "label": "", "required": false, "type": "string", "javaType": "java.lang.String", "deprecated": false, "autowired": false, "secret": false, "description": "Specify the full package and class name to use as conversion when outputType=SelectOne." },
    "outputHeader": { "kind": "parameter", "displayName": "Output Header", "group": "common", "label": "", "required": false, "type": "string", "javaType": "java.lang.String", "deprecated": false, "autowired": false, "secret": false, "description": "Store the query result in a header instead of the message body. By default, outputHeader == null and the query result is stored in the message body, any existing content in the message body is discarded. If outputHeader is set, the value is used as the name of the header to store the query result and the original message body is preserved." },
    "outputType": { "kind": "parameter", "displayName": "Output Type", "group": "common", "label": "", "required": false, "type": "object", "javaType": "org.apache.camel.component.sql.SqlOutputType", "enum": [ "SelectOne", "SelectList", "StreamList" ], "deprecated": false, "autowired": false, "secret": false, "defaultValue": "SelectList", "description": "Make the output of consumer or producer to SelectList as List of Map, or SelectOne as single Java object in the following way: a) If the query has only single column, then that JDBC Column object is returned. (such as SELECT COUNT( ) FROM PROJECT will return a Long object. b) If the query has more than one column, then it will return a Map of that result. c) If the outputClass is set, then it will convert the query result into an Java bean object by calling all the setters that match the column names. It will assume your class has a default constructor to create instance with. d) If the query resulted in more than one rows, it throws an non-unique result exception. StreamList streams the result of the query using an Iterator. This can be used with the Splitter EIP in streaming mode to process the ResultSet in streaming fashion." },
    "separator": { "kind": "parameter", "displayName": "Separator", "group": "common", "label": "", "required": false, "type": "string", "javaType": "char", "deprecated": false, "autowired": false, "secret": false, "defaultValue": ",", "description": "The separator to use when parameter values is taken from message body (if the body is a String type), to be inserted at # placeholders. Notice if you use named parameters, then a Map type is used instead. The default value is comma" },
    "breakBatchOnConsumeFail": { "kind": "parameter", "displayName": "Break Batch On Consume Fail", "group": "consumer", "label": "consumer", "required": false, "type": "boolean", "javaType": "boolean", "deprecated": false, "autowired": false, "secret": false, "defaultValue": false, "description": "Sets whether to break batch if onConsume failed." },
    "expectedUpdateCount": { "kind": "parameter", "displayName": "Expected Update Count", "group": "consumer", "label": "consumer", "required": false, "type": "integer", "javaType": "int", "deprecated": false, "autowired": false, "secret": false, "defaultValue": -1, "description": "Sets an expected update count to validate when using onConsume." },
    "maxMessagesPerPoll": { "kind": "parameter", "displayName": "Max Messages Per Poll", "group": "consumer", "label": "consumer", "required": false, "type": "integer", "javaType": "int", "deprecated": false, "autowired": false, "secret": false, "description": "Sets the maximum number of messages to poll" },
    "onConsume": { "kind": "parameter", "displayName": "On Consume", "group": "consumer", "label": "consumer", "required": false, "type": "string", "javaType": "java.lang.String", "deprecated": false, "autowired": false, "secret": false, "description": "After processing each row then this query can be executed, if the Exchange was processed successfully, for example to mark the row as processed. The query can have parameter." },
    "onConsumeBatchComplete": { "kind": "parameter", "displayName": "On Consume Batch Complete", "group": "consumer", "label": "consumer", "required": false, "type": "string", "javaType": "java.lang.String", "deprecated": false, "autowired": false, "secret": false, "description": "After processing the entire batch, this query can be executed to bulk update rows etc. The query cannot have parameters." },
    "onConsumeFailed": { "kind": "parameter", "displayName": "On Consume Failed", "group": "consumer", "label": "consumer", "required": false, "type": "string", "javaType": "java.lang.String", "deprecated": false, "autowired": false, "secret": false, "description": "After processing each row then this query can be executed, if the Exchange failed, for example to mark the row as failed. The query can have parameter." },
    "routeEmptyResultSet": { "kind": "parameter", "displayName": "Route Empty Result Set", "group": "consumer", "label": "consumer", "required": false, "type": "boolean", "javaType": "boolean", "deprecated": false, "autowired": false, "secret": false, "defaultValue": false, "description": "Sets whether empty resultset should be allowed to be sent to the next hop. Defaults to false. So the empty resultset will be filtered out." },
    "sendEmptyMessageWhenIdle": { "kind": "parameter", "displayName": "Send Empty Message When Idle", "group": "consumer", "label": "consumer", "required": false, "type": "boolean", "javaType": "boolean", "deprecated": false, "autowired": false, "secret": false, "defaultValue": false, "description": "If the polling consumer did not poll any files, you can enable this option to send an empty message (no body) instead." },
    "transacted": { "kind": "parameter", "displayName": "Transacted", "group": "consumer", "label": "consumer", "required": false, "type": "boolean", "javaType": "boolean", "deprecated": false, "autowired": false, "secret": false, "defaultValue": false, "description": "Enables or disables transaction. If enabled then if processing an exchange failed then the consumer breaks out processing any further exchanges to cause a rollback eager." },
    "useIterator": { "kind": "parameter", "displayName": "Use Iterator", "group": "consumer", "label": "consumer", "required": false, "type": "boolean", "javaType": "boolean", "deprecated": false, "autowired": false, "secret": false, "defaultValue": true, "description": "Sets how resultset should be delivered to route. Indicates delivery as either a list or individual object. defaults to true." },
    "bridgeErrorHandler": { "kind": "parameter", "displayName": "Bridge Error Handler", "group": "consumer (advanced)", "label": "consumer,advanced", "required": false, "type": "boolean", "javaType": "boolean", "deprecated": false, "autowired": false, "secret": false, "defaultValue": false, "description": "Allows for bridging the consumer to the Camel routing Error Handler, which mean any exceptions occurred while the consumer is trying to pickup incoming messages, or the likes, will now be processed as a message and handled by the routing Error Handler. By default the consumer will use the org.apache.camel.spi.ExceptionHandler to deal with exceptions, that will be logged at WARN or ERROR level and ignored." },
    "exceptionHandler": { "kind": "parameter", "displayName": "Exception Handler", "group": "consumer (advanced)", "label": "consumer,advanced", "required": false, "type": "object", "javaType": "org.apache.camel.spi.ExceptionHandler", "optionalPrefix": "consumer.", "deprecated": false, "autowired": false, "secret": false, "description": "To let the consumer use a custom ExceptionHandler. Notice if the option bridgeErrorHandler is enabled then this option is not in use. By default the consumer will deal with exceptions, that will be logged at WARN or ERROR level and ignored." },
    "exchangePattern": { "kind": "parameter", "displayName": "Exchange Pattern", "group": "consumer (advanced)", "label": "consumer,advanced", "required": false, "type": "object", "javaType": "org.apache.camel.ExchangePattern", "enum": [ "InOnly", "InOut", "InOptionalOut" ], "deprecated": false, "autowired": false, "secret": false, "description": "Sets the exchange pattern when the consumer creates an exchange." },
    "pollStrategy": { "kind": "parameter", "displayName": "Poll Strategy", "group": "consumer (advanced)", "label": "consumer,advanced", "required": false, "type": "object", "javaType": "org.apache.camel.spi.PollingConsumerPollStrategy", "deprecated": false, "autowired": false, "secret": false, "description": "A pluggable org.apache.camel.PollingConsumerPollingStrategy allowing you to provide your custom implementation to control error handling usually occurred during the poll operation before an Exchange have been created and being routed in Camel." },
    "processingStrategy": { "kind": "parameter", "displayName": "Processing Strategy", "group": "consumer (advanced)", "label": "consumer,advanced", "required": false, "type": "object", "javaType": "org.apache.camel.component.sql.SqlProcessingStrategy", "deprecated": false, "autowired": false, "secret": false, "description": "Allows to plugin to use a custom org.apache.camel.component.sql.SqlProcessingStrategy to execute queries when the consumer has processed the rows\/batch." },
    "batch": { "kind": "parameter", "displayName": "Batch", "group": "producer", "label": "producer", "required": false, "type": "boolean", "javaType": "boolean", "deprecated": false, "autowired": false, "secret": false, "defaultValue": false, "description": "Enables or disables batch mode" },
    "noop": { "kind": "parameter", "displayName": "Noop", "group": "producer", "label": "producer", "required": false, "type": "boolean", "javaType": "boolean", "deprecated": false, "autowired": false, "secret": false, "defaultValue": false, "description": "If set, will ignore the results of the SQL query and use the existing IN message as the OUT message for the continuation of processing" },
    "useMessageBodyForSql": { "kind": "parameter", "displayName": "Use Message Body For Sql", "group": "producer", "label": "producer", "required": false, "type": "boolean", "javaType": "boolean", "deprecated": false, "autowired": false, "secret": false, "defaultValue": false, "description": "Whether to use the message body as the SQL and then headers for parameters. If this option is enabled then the SQL in the uri is not used. Note that query parameters in the message body are represented by a question mark instead of a # symbol." },
    "lazyStartProducer": { "kind": "parameter", "displayName": "Lazy Start Producer", "group": "producer (advanced)", "label": "producer,advanced", "required": false, "type": "boolean", "javaType": "boolean", "deprecated": false, "autowired": false, "secret": false, "defaultValue": false, "description": "Whether the producer should be started lazy (on the first message). By starting lazy you can use this to allow CamelContext and routes to startup in situations where a producer may otherwise fail during starting and cause the route to fail being started. By deferring this startup to be lazy then the startup failure can be handled during routing messages via Camel's routing error handlers. Beware that when the first message is processed then creating and starting the producer may take a little time and prolong the total processing time of the processing." },
    "alwaysPopulateStatement": { "kind": "parameter", "displayName": "Always Populate Statement", "group": "advanced", "label": "advanced", "required": false, "type": "boolean", "javaType": "boolean", "deprecated": false, "autowired": false, "secret": false, "defaultValue": false, "description": "If enabled then the populateStatement method from org.apache.camel.component.sql.SqlPrepareStatementStrategy is always invoked, also if there is no expected parameters to be prepared. When this is false then the populateStatement is only invoked if there is 1 or more expected parameters to be set; for example this avoids reading the message body\/headers for SQL queries with no parameters." },
    "parametersCount": { "kind": "parameter", "displayName": "Parameters Count", "group": "advanced", "label": "advanced", "required": false, "type": "integer", "javaType": "int", "deprecated": false, "autowired": false, "secret": false, "description": "If set greater than zero, then Camel will use this count value of parameters to replace instead of querying via JDBC metadata API. This is useful if the JDBC vendor could not return correct parameters count, then user may override instead." },
    "placeholder": { "kind": "parameter", "displayName": "Placeholder", "group": "advanced", "label": "advanced", "required": false, "type": "string", "javaType": "java.lang.String", "deprecated": false, "autowired": false, "secret": false, "defaultValue": "#", "description": "Specifies a character that will be replaced to in SQL query. Notice, that it is simple String.replaceAll() operation and no SQL parsing is involved (quoted strings will also change)." },
    "prepareStatementStrategy": { "kind": "parameter", "displayName": "Prepare Statement Strategy", "group": "advanced", "label": "advanced", "required": false, "type": "object", "javaType": "org.apache.camel.component.sql.SqlPrepareStatementStrategy", "deprecated": false, "autowired": false, "secret": false, "description": "Allows to plugin to use a custom org.apache.camel.component.sql.SqlPrepareStatementStrategy to control preparation of the query and prepared statement." },
    "templateOptions": { "kind": "parameter", "displayName": "Template Options", "group": "advanced", "label": "advanced", "required": false, "type": "object", "javaType": "java.util.Map<java.lang.String, java.lang.Object>", "prefix": "template.", "multiValue": true, "deprecated": false, "autowired": false, "secret": false, "description": "Configures the Spring JdbcTemplate with the key\/values from the Map" },
    "usePlaceholder": { "kind": "parameter", "displayName": "Use Placeholder", "group": "advanced", "label": "advanced", "required": false, "type": "boolean", "javaType": "boolean", "deprecated": false, "autowired": false, "secret": false, "defaultValue": true, "description": "Sets whether to use placeholder and replace all placeholder characters with sign in the SQL queries." },
    "backoffErrorThreshold": { "kind": "parameter", "displayName": "Backoff Error Threshold", "group": "scheduler", "label": "consumer,scheduler", "required": false, "type": "integer", "javaType": "int", "deprecated": false, "autowired": false, "secret": false, "description": "The number of subsequent error polls (failed due some error) that should happen before the backoffMultipler should kick-in." },
    "backoffIdleThreshold": { "kind": "parameter", "displayName": "Backoff Idle Threshold", "group": "scheduler", "label": "consumer,scheduler", "required": false, "type": "integer", "javaType": "int", "deprecated": false, "autowired": false, "secret": false, "description": "The number of subsequent idle polls that should happen before the backoffMultipler should kick-in." },
    "backoffMultiplier": { "kind": "parameter", "displayName": "Backoff Multiplier", "group": "scheduler", "label": "consumer,scheduler", "required": false, "type": "integer", "javaType": "int", "deprecated": false, "autowired": false, "secret": false, "description": "To let the scheduled polling consumer backoff if there has been a number of subsequent idles\/errors in a row. The multiplier is then the number of polls that will be skipped before the next actual attempt is happening again. When this option is in use then backoffIdleThreshold and\/or backoffErrorThreshold must also be configured." },
    "delay": { "kind": "parameter", "displayName": "Delay", "group": "scheduler", "label": "consumer,scheduler", "required": false, "type": "integer", "javaType": "long", "deprecated": false, "autowired": false, "secret": false, "defaultValue": 500, "description": "Milliseconds before the next poll." },
    "greedy": { "kind": "parameter", "displayName": "Greedy", "group": "scheduler", "label": "consumer,scheduler", "required": false, "type": "boolean", "javaType": "boolean", "deprecated": false, "autowired": false, "secret": false, "defaultValue": false, "description": "If greedy is enabled, then the ScheduledPollConsumer will run immediately again, if the previous run polled 1 or more messages." },
    "initialDelay": { "kind": "parameter", "displayName": "Initial Delay", "group": "scheduler", "label": "consumer,scheduler", "required": false, "type": "integer", "javaType": "long", "deprecated": false, "autowired": false, "secret": false, "defaultValue": 1000, "description": "Milliseconds before the first poll starts." },
    "repeatCount": { "kind": "parameter", "displayName": "Repeat Count", "group": "scheduler", "label": "consumer,scheduler", "required": false, "type": "integer", "javaType": "long", "deprecated": false, "autowired": false, "secret": false, "defaultValue": 0, "description": "Specifies a maximum limit of number of fires. So if you set it to 1, the scheduler will only fire once. If you set it to 5, it will only fire five times. A value of zero or negative means fire forever." },
    "runLoggingLevel": { "kind": "parameter", "displayName": "Run Logging Level", "group": "scheduler", "label": "consumer,scheduler", "required": false, "type": "object", "javaType": "org.apache.camel.LoggingLevel", "enum": [ "TRACE", "DEBUG", "INFO", "WARN", "ERROR", "OFF" ], "deprecated": false, "autowired": false, "secret": false, "defaultValue": "TRACE", "description": "The consumer logs a start\/complete log line when it polls. This option allows you to configure the logging level for that." },
    "scheduledExecutorService": { "kind": "parameter", "displayName": "Scheduled Executor Service", "group": "scheduler", "label": "consumer,scheduler", "required": false, "type": "object", "javaType": "java.util.concurrent.ScheduledExecutorService", "deprecated": false, "autowired": false, "secret": false, "description": "Allows for configuring a custom\/shared thread pool to use for the consumer. By default each consumer has its own single threaded thread pool." },
    "scheduler": { "kind": "parameter", "displayName": "Scheduler", "group": "scheduler", "label": "consumer,scheduler", "required": false, "type": "object", "javaType": "java.lang.Object", "deprecated": false, "autowired": false, "secret": false, "defaultValue": "none", "description": "To use a cron scheduler from either camel-spring or camel-quartz component. Use value spring or quartz for built in scheduler" },
    "schedulerProperties": { "kind": "parameter", "displayName": "Scheduler Properties", "group": "scheduler", "label": "consumer,scheduler", "required": false, "type": "object", "javaType": "java.util.Map<java.lang.String, java.lang.Object>", "prefix": "scheduler.", "multiValue": true, "deprecated": false, "autowired": false, "secret": false, "description": "To configure additional properties when using a custom scheduler or any of the Quartz, Spring based scheduler." },
    "startScheduler": { "kind": "parameter", "displayName": "Start Scheduler", "group": "scheduler", "label": "consumer,scheduler", "required": false, "type": "boolean", "javaType": "boolean", "deprecated": false, "autowired": false, "secret": false, "defaultValue": true, "description": "Whether the scheduler should be auto started." },
    "timeUnit": { "kind": "parameter", "displayName": "Time Unit", "group": "scheduler", "label": "consumer,scheduler", "required": false, "type": "object", "javaType": "java.util.concurrent.TimeUnit", "enum": [ "NANOSECONDS", "MICROSECONDS", "MILLISECONDS", "SECONDS", "MINUTES", "HOURS", "DAYS" ], "deprecated": false, "autowired": false, "secret": false, "defaultValue": "MILLISECONDS", "description": "Time unit for initialDelay and delay options." },
    "useFixedDelay": { "kind": "parameter", "displayName": "Use Fixed Delay", "group": "scheduler", "label": "consumer,scheduler", "required": false, "type": "boolean", "javaType": "boolean", "deprecated": false, "autowired": false, "secret": false, "defaultValue": true, "description": "Controls if fixed delay or fixed rate is used. See ScheduledExecutorService in JDK for details." }
  }
}
