{
  "component": {
    "kind": "component",
    "name": "websocket-jsr356",
    "title": "Javax Websocket",
    "description": "Expose websocket endpoints using JSR356.",
    "deprecated": false,
    "firstVersion": "2.23.0",
    "label": "http",
    "javaType": "org.apache.camel.websocket.jsr356.JSR356WebSocketComponent",
    "supportLevel": "Stable",
    "groupId": "org.apache.camel",
    "artifactId": "camel-websocket-jsr356",
    "version": "3.20.2-SNAPSHOT",
    "scheme": "websocket-jsr356",
    "extendsScheme": "",
    "syntax": "websocket-jsr356:uri",
    "async": false,
    "api": false,
    "consumerOnly": false,
    "producerOnly": false,
    "lenientProperties": false
  },
  "componentProperties": {
    "bridgeErrorHandler": { "kind": "property", "displayName": "Bridge Error Handler", "group": "consumer", "label": "consumer", "required": false, "type": "boolean", "javaType": "boolean", "deprecated": false, "autowired": false, "secret": false, "defaultValue": false, "description": "Allows for bridging the consumer to the Camel routing Error Handler, which mean any exceptions occurred while the consumer is trying to pickup incoming messages, or the likes, will now be processed as a message and handled by the routing Error Handler. By default the consumer will use the org.apache.camel.spi.ExceptionHandler to deal with exceptions, that will be logged at WARN or ERROR level and ignored." },
    "lazyStartProducer": { "kind": "property", "displayName": "Lazy Start Producer", "group": "producer", "label": "producer", "required": false, "type": "boolean", "javaType": "boolean", "deprecated": false, "autowired": false, "secret": false, "defaultValue": false, "description": "Whether the producer should be started lazy (on the first message). By starting lazy you can use this to allow CamelContext and routes to startup in situations where a producer may otherwise fail during starting and cause the route to fail being started. By deferring this startup to be lazy then the startup failure can be handled during routing messages via Camel's routing error handlers. Beware that when the first message is processed then creating and starting the producer may take a little time and prolong the total processing time of the processing." },
    "autowiredEnabled": { "kind": "property", "displayName": "Autowired Enabled", "group": "advanced", "label": "advanced", "required": false, "type": "boolean", "javaType": "boolean", "deprecated": false, "autowired": false, "secret": false, "defaultValue": true, "description": "Whether autowiring is enabled. This is used for automatic autowiring options (the option must be marked as autowired) by looking up in the registry to find if there is a single instance of matching type, which then gets configured on the component. This can be used for automatic configuring JDBC data sources, JMS connection factories, AWS Clients, etc." },
    "serverEndpointDeploymentStrategy": { "kind": "property", "displayName": "Server Endpoint Deployment Strategy", "group": "advanced", "label": "advanced", "required": false, "type": "object", "javaType": "org.apache.camel.websocket.jsr356.ServerEndpointDeploymentStrategy", "deprecated": false, "autowired": false, "secret": false, "description": "To enable customization of how a WebSocket ServerEndpoint is configured and deployed. By default DefaultServerEndpointDeploymentStrategy is used." }
  },
  "headers": {
    "jsr356.session": { "kind": "header", "displayName": "", "group": "common", "label": "", "required": false, "javaType": "javax.websocket.Session", "deprecated": false, "deprecationNote": "", "autowired": false, "secret": false, "description": "The session.", "constantName": "org.apache.camel.websocket.jsr356.JSR356Constants#SESSION" },
    "jsr356.producer.session.incoming.use": { "kind": "header", "displayName": "", "group": "producer", "label": "producer", "required": false, "javaType": "Boolean", "deprecated": false, "deprecationNote": "", "autowired": false, "secret": false, "description": "Use incoming session", "constantName": "org.apache.camel.websocket.jsr356.JSR356Constants#USE_INCOMING_SESSION" }
  },
  "properties": {
    "uri": { "kind": "path", "displayName": "Uri", "group": "common", "label": "", "required": false, "type": "string", "javaType": "java.net.URI", "deprecated": false, "autowired": false, "secret": false, "description": "If a schemeless URI path is provided, a ServerEndpoint is deployed under that path. Else if the URI is prefixed with the 'ws:\/\/' scheme, then a connection is established to the corresponding server" },
    "sessionCount": { "kind": "parameter", "displayName": "Session Count", "group": "common", "label": "", "required": false, "type": "integer", "javaType": "int", "deprecated": false, "autowired": false, "secret": false, "defaultValue": 1, "description": "Used when the endpoint is in client mode to populate a pool of sessions" },
    "bridgeErrorHandler": { "kind": "parameter", "displayName": "Bridge Error Handler", "group": "consumer (advanced)", "label": "consumer,advanced", "required": false, "type": "boolean", "javaType": "boolean", "deprecated": false, "autowired": false, "secret": false, "defaultValue": false, "description": "Allows for bridging the consumer to the Camel routing Error Handler, which mean any exceptions occurred while the consumer is trying to pickup incoming messages, or the likes, will now be processed as a message and handled by the routing Error Handler. By default the consumer will use the org.apache.camel.spi.ExceptionHandler to deal with exceptions, that will be logged at WARN or ERROR level and ignored." },
    "exceptionHandler": { "kind": "parameter", "displayName": "Exception Handler", "group": "consumer (advanced)", "label": "consumer,advanced", "required": false, "type": "object", "javaType": "org.apache.camel.spi.ExceptionHandler", "optionalPrefix": "consumer.", "deprecated": false, "autowired": false, "secret": false, "description": "To let the consumer use a custom ExceptionHandler. Notice if the option bridgeErrorHandler is enabled then this option is not in use. By default the consumer will deal with exceptions, that will be logged at WARN or ERROR level and ignored." },
    "exchangePattern": { "kind": "parameter", "displayName": "Exchange Pattern", "group": "consumer (advanced)", "label": "consumer,advanced", "required": false, "type": "object", "javaType": "org.apache.camel.ExchangePattern", "enum": [ "InOnly", "InOut", "InOptionalOut" ], "deprecated": false, "autowired": false, "secret": false, "description": "Sets the exchange pattern when the consumer creates an exchange." },
    "lazyStartProducer": { "kind": "parameter", "displayName": "Lazy Start Producer", "group": "producer (advanced)", "label": "producer,advanced", "required": false, "type": "boolean", "javaType": "boolean", "deprecated": false, "autowired": false, "secret": false, "defaultValue": false, "description": "Whether the producer should be started lazy (on the first message). By starting lazy you can use this to allow CamelContext and routes to startup in situations where a producer may otherwise fail during starting and cause the route to fail being started. By deferring this startup to be lazy then the startup failure can be handled during routing messages via Camel's routing error handlers. Beware that when the first message is processed then creating and starting the producer may take a little time and prolong the total processing time of the processing." }
  }
}
