{
  "component": {
    "kind": "component",
    "name": "wordpress",
    "title": "Wordpress",
    "description": "Manage posts and users using Wordpress API.",
    "deprecated": false,
    "firstVersion": "2.21.0",
    "label": "cloud,api,cms",
    "javaType": "org.apache.camel.component.wordpress.WordpressComponent",
    "supportLevel": "Stable",
    "groupId": "org.apache.camel",
    "artifactId": "camel-wordpress",
    "version": "3.20.2-SNAPSHOT",
    "scheme": "wordpress",
    "extendsScheme": "",
    "syntax": "wordpress:operation",
    "async": false,
    "api": false,
    "consumerOnly": false,
    "producerOnly": false,
    "lenientProperties": false
  },
  "componentProperties": {
    "apiVersion": { "kind": "property", "displayName": "Api Version", "group": "common", "label": "", "required": false, "type": "string", "javaType": "java.lang.String", "deprecated": false, "autowired": false, "secret": false, "defaultValue": "2", "configurationClass": "org.apache.camel.component.wordpress.WordpressConfiguration", "configurationField": "configuration", "description": "The Wordpress REST API version" },
    "configuration": { "kind": "property", "displayName": "Configuration", "group": "common", "label": "", "required": false, "type": "object", "javaType": "org.apache.camel.component.wordpress.WordpressConfiguration", "deprecated": false, "autowired": false, "secret": false, "description": "Wordpress configuration" },
    "criteria": { "kind": "property", "displayName": "Criteria", "group": "common", "label": "", "required": false, "type": "object", "javaType": "java.util.Map<java.lang.String, java.lang.Object>", "prefix": "criteria.", "multiValue": true, "deprecated": false, "autowired": false, "secret": false, "configurationClass": "org.apache.camel.component.wordpress.WordpressConfiguration", "configurationField": "configuration", "description": "The criteria to use with complex searches." },
    "force": { "kind": "property", "displayName": "Force", "group": "common", "label": "", "required": false, "type": "boolean", "javaType": "boolean", "deprecated": false, "autowired": false, "secret": false, "defaultValue": false, "configurationClass": "org.apache.camel.component.wordpress.WordpressConfiguration", "configurationField": "configuration", "description": "Whether to bypass trash and force deletion." },
    "id": { "kind": "property", "displayName": "Id", "group": "common", "label": "", "required": false, "type": "integer", "javaType": "java.lang.Integer", "deprecated": false, "autowired": false, "secret": false, "configurationClass": "org.apache.camel.component.wordpress.WordpressConfiguration", "configurationField": "configuration", "description": "The entity ID. Should be passed when the operation performed requires a specific entity, e.g. deleting a post" },
    "password": { "kind": "property", "displayName": "Password", "group": "common", "label": "", "required": false, "type": "string", "javaType": "java.lang.String", "deprecated": false, "autowired": false, "secret": false, "configurationClass": "org.apache.camel.component.wordpress.WordpressConfiguration", "configurationField": "configuration", "description": "Password from authorized user" },
    "searchCriteria": { "kind": "property", "displayName": "Search Criteria", "group": "common", "label": "", "required": false, "type": "object", "javaType": "org.apache.camel.component.wordpress.api.model.SearchCriteria", "deprecated": false, "autowired": false, "secret": false, "configurationClass": "org.apache.camel.component.wordpress.WordpressConfiguration", "configurationField": "configuration", "description": "Search criteria" },
    "url": { "kind": "property", "displayName": "Url", "group": "common", "label": "", "required": true, "type": "string", "javaType": "java.lang.String", "deprecated": false, "deprecationNote": "", "autowired": false, "secret": false, "configurationClass": "org.apache.camel.component.wordpress.WordpressConfiguration", "configurationField": "configuration", "description": "The Wordpress API URL from your site, e.g. http:\/\/myblog.com\/wp-json\/" },
    "user": { "kind": "property", "displayName": "User", "group": "common", "label": "", "required": false, "type": "string", "javaType": "java.lang.String", "deprecated": false, "autowired": false, "secret": false, "configurationClass": "org.apache.camel.component.wordpress.WordpressConfiguration", "configurationField": "configuration", "description": "Authorized user to perform writing operations" },
    "bridgeErrorHandler": { "kind": "property", "displayName": "Bridge Error Handler", "group": "consumer", "label": "consumer", "required": false, "type": "boolean", "javaType": "boolean", "deprecated": false, "autowired": false, "secret": false, "defaultValue": false, "description": "Allows for bridging the consumer to the Camel routing Error Handler, which mean any exceptions occurred while the consumer is trying to pickup incoming messages, or the likes, will now be processed as a message and handled by the routing Error Handler. By default the consumer will use the org.apache.camel.spi.ExceptionHandler to deal with exceptions, that will be logged at WARN or ERROR level and ignored." },
    "lazyStartProducer": { "kind": "property", "displayName": "Lazy Start Producer", "group": "producer", "label": "producer", "required": false, "type": "boolean", "javaType": "boolean", "deprecated": false, "autowired": false, "secret": false, "defaultValue": false, "description": "Whether the producer should be started lazy (on the first message). By starting lazy you can use this to allow CamelContext and routes to startup in situations where a producer may otherwise fail during starting and cause the route to fail being started. By deferring this startup to be lazy then the startup failure can be handled during routing messages via Camel's routing error handlers. Beware that when the first message is processed then creating and starting the producer may take a little time and prolong the total processing time of the processing." },
    "autowiredEnabled": { "kind": "property", "displayName": "Autowired Enabled", "group": "advanced", "label": "advanced", "required": false, "type": "boolean", "javaType": "boolean", "deprecated": false, "autowired": false, "secret": false, "defaultValue": true, "description": "Whether autowiring is enabled. This is used for automatic autowiring options (the option must be marked as autowired) by looking up in the registry to find if there is a single instance of matching type, which then gets configured on the component. This can be used for automatic configuring JDBC data sources, JMS connection factories, AWS Clients, etc." }
  },
  "properties": {
    "operation": { "kind": "path", "displayName": "Operation", "group": "common", "label": "", "required": true, "type": "string", "javaType": "java.lang.String", "enum": [ "post", "user" ], "deprecated": false, "deprecationNote": "", "autowired": false, "secret": false, "description": "The endpoint operation." },
    "operationDetail": { "kind": "path", "displayName": "Operation Detail", "group": "common", "label": "", "required": false, "type": "string", "javaType": "java.lang.String", "enum": [ "delete" ], "deprecated": false, "autowired": false, "secret": false, "description": "The second part of an endpoint operation. Needed only when endpoint semantic is not enough, like wordpress:post:delete" },
    "apiVersion": { "kind": "parameter", "displayName": "Api Version", "group": "common", "label": "", "required": false, "type": "string", "javaType": "java.lang.String", "deprecated": false, "autowired": false, "secret": false, "defaultValue": "2", "configurationClass": "org.apache.camel.component.wordpress.WordpressConfiguration", "configurationField": "configuration", "description": "The Wordpress REST API version" },
    "criteria": { "kind": "parameter", "displayName": "Criteria", "group": "common", "label": "", "required": false, "type": "object", "javaType": "java.util.Map<java.lang.String, java.lang.Object>", "prefix": "criteria.", "multiValue": true, "deprecated": false, "autowired": false, "secret": false, "configurationClass": "org.apache.camel.component.wordpress.WordpressConfiguration", "configurationField": "configuration", "description": "The criteria to use with complex searches." },
    "force": { "kind": "parameter", "displayName": "Force", "group": "common", "label": "", "required": false, "type": "boolean", "javaType": "boolean", "deprecated": false, "autowired": false, "secret": false, "defaultValue": false, "configurationClass": "org.apache.camel.component.wordpress.WordpressConfiguration", "configurationField": "configuration", "description": "Whether to bypass trash and force deletion." },
    "id": { "kind": "parameter", "displayName": "Id", "group": "common", "label": "", "required": false, "type": "integer", "javaType": "java.lang.Integer", "deprecated": false, "autowired": false, "secret": false, "configurationClass": "org.apache.camel.component.wordpress.WordpressConfiguration", "configurationField": "configuration", "description": "The entity ID. Should be passed when the operation performed requires a specific entity, e.g. deleting a post" },
    "password": { "kind": "parameter", "displayName": "Password", "group": "common", "label": "", "required": false, "type": "string", "javaType": "java.lang.String", "deprecated": false, "autowired": false, "secret": false, "configurationClass": "org.apache.camel.component.wordpress.WordpressConfiguration", "configurationField": "configuration", "description": "Password from authorized user" },
    "searchCriteria": { "kind": "parameter", "displayName": "Search Criteria", "group": "common", "label": "", "required": false, "type": "object", "javaType": "org.apache.camel.component.wordpress.api.model.SearchCriteria", "deprecated": false, "autowired": false, "secret": false, "configurationClass": "org.apache.camel.component.wordpress.WordpressConfiguration", "configurationField": "configuration", "description": "Search criteria" },
    "url": { "kind": "parameter", "displayName": "Url", "group": "common", "label": "", "required": true, "type": "string", "javaType": "java.lang.String", "deprecated": false, "deprecationNote": "", "autowired": false, "secret": false, "configurationClass": "org.apache.camel.component.wordpress.WordpressConfiguration", "configurationField": "configuration", "description": "The Wordpress API URL from your site, e.g. http:\/\/myblog.com\/wp-json\/" },
    "user": { "kind": "parameter", "displayName": "User", "group": "common", "label": "", "required": false, "type": "string", "javaType": "java.lang.String", "deprecated": false, "autowired": false, "secret": false, "configurationClass": "org.apache.camel.component.wordpress.WordpressConfiguration", "configurationField": "configuration", "description": "Authorized user to perform writing operations" },
    "bridgeErrorHandler": { "kind": "parameter", "displayName": "Bridge Error Handler", "group": "consumer (advanced)", "label": "consumer,advanced", "required": false, "type": "boolean", "javaType": "boolean", "deprecated": false, "autowired": false, "secret": false, "defaultValue": false, "description": "Allows for bridging the consumer to the Camel routing Error Handler, which mean any exceptions occurred while the consumer is trying to pickup incoming messages, or the likes, will now be processed as a message and handled by the routing Error Handler. By default the consumer will use the org.apache.camel.spi.ExceptionHandler to deal with exceptions, that will be logged at WARN or ERROR level and ignored." },
    "exceptionHandler": { "kind": "parameter", "displayName": "Exception Handler", "group": "consumer (advanced)", "label": "consumer,advanced", "required": false, "type": "object", "javaType": "org.apache.camel.spi.ExceptionHandler", "optionalPrefix": "consumer.", "deprecated": false, "autowired": false, "secret": false, "description": "To let the consumer use a custom ExceptionHandler. Notice if the option bridgeErrorHandler is enabled then this option is not in use. By default the consumer will deal with exceptions, that will be logged at WARN or ERROR level and ignored." },
    "exchangePattern": { "kind": "parameter", "displayName": "Exchange Pattern", "group": "consumer (advanced)", "label": "consumer,advanced", "required": false, "type": "object", "javaType": "org.apache.camel.ExchangePattern", "enum": [ "InOnly", "InOut", "InOptionalOut" ], "deprecated": false, "autowired": false, "secret": false, "description": "Sets the exchange pattern when the consumer creates an exchange." },
    "lazyStartProducer": { "kind": "parameter", "displayName": "Lazy Start Producer", "group": "producer (advanced)", "label": "producer,advanced", "required": false, "type": "boolean", "javaType": "boolean", "deprecated": false, "autowired": false, "secret": false, "defaultValue": false, "description": "Whether the producer should be started lazy (on the first message). By starting lazy you can use this to allow CamelContext and routes to startup in situations where a producer may otherwise fail during starting and cause the route to fail being started. By deferring this startup to be lazy then the startup failure can be handled during routing messages via Camel's routing error handlers. Beware that when the first message is processed then creating and starting the producer may take a little time and prolong the total processing time of the processing." }
  }
}
