{
  "component": {
    "kind": "component",
    "name": "caffeine-loadcache",
    "title": "Caffeine LoadCache",
    "description": "Perform caching operations using Caffeine Cache with an attached CacheLoader.",
    "deprecated": false,
    "firstVersion": "2.20.0",
    "label": "cache,datagrid,clustering",
    "javaType": "org.apache.camel.component.caffeine.load.CaffeineLoadCacheComponent",
    "supportLevel": "Stable",
    "groupId": "org.apache.camel",
    "artifactId": "camel-caffeine",
    "version": "3.21.0-SNAPSHOT",
    "scheme": "caffeine-loadcache",
    "extendsScheme": "",
    "syntax": "caffeine-loadcache:cacheName",
    "async": false,
    "api": false,
    "consumerOnly": false,
    "producerOnly": true,
    "lenientProperties": false
  },
  "componentProperties": {
    "action": { "kind": "property", "displayName": "Action", "group": "producer", "label": "", "required": false, "type": "string", "javaType": "java.lang.String", "enum": [ "GET", "GET_ALL", "PUT", "PUT_ALL", "INVALIDATE", "INVALIDATE_ALL", "CLEANUP", "AS_MAP" ], "deprecated": false, "autowired": false, "secret": false, "configurationClass": "org.apache.camel.component.caffeine.CaffeineConfiguration", "configurationField": "configuration", "description": "To configure the default cache action. If an action is set in the message header, then the operation from the header takes precedence." },
    "createCacheIfNotExist": { "kind": "property", "displayName": "Create Cache If Not Exist", "group": "producer", "label": "", "required": false, "type": "boolean", "javaType": "boolean", "deprecated": false, "autowired": false, "secret": false, "defaultValue": true, "configurationClass": "org.apache.camel.component.caffeine.CaffeineConfiguration", "configurationField": "configuration", "description": "Automatic create the Caffeine cache if none has been configured or exists in the registry." },
    "evictionType": { "kind": "property", "displayName": "Eviction Type", "group": "producer", "label": "", "required": false, "type": "object", "javaType": "org.apache.camel.component.caffeine.EvictionType", "enum": [ "size_based", "time_based" ], "deprecated": false, "autowired": false, "secret": false, "defaultValue": "SIZE_BASED", "configurationClass": "org.apache.camel.component.caffeine.CaffeineConfiguration", "configurationField": "configuration", "description": "Set the eviction Type for this cache" },
    "expireAfterAccessTime": { "kind": "property", "displayName": "Expire After Access Time", "group": "producer", "label": "", "required": false, "type": "integer", "javaType": "int", "deprecated": false, "autowired": false, "secret": false, "defaultValue": 300, "configurationClass": "org.apache.camel.component.caffeine.CaffeineConfiguration", "configurationField": "configuration", "description": "Specifies that each entry should be automatically removed from the cache once a fixed duration has elapsed after the entry's creation, the most recent replacement of its value, or its last read. Access time is reset by all cache read and write operations. The unit is in seconds." },
    "expireAfterWriteTime": { "kind": "property", "displayName": "Expire After Write Time", "group": "producer", "label": "", "required": false, "type": "integer", "javaType": "int", "deprecated": false, "autowired": false, "secret": false, "defaultValue": 300, "configurationClass": "org.apache.camel.component.caffeine.CaffeineConfiguration", "configurationField": "configuration", "description": "Specifies that each entry should be automatically removed from the cache once a fixed duration has elapsed after the entry's creation, or the most recent replacement of its value. The unit is in seconds." },
    "initialCapacity": { "kind": "property", "displayName": "Initial Capacity", "group": "producer", "label": "", "required": false, "type": "integer", "javaType": "java.lang.Integer", "deprecated": false, "autowired": false, "secret": false, "configurationClass": "org.apache.camel.component.caffeine.CaffeineConfiguration", "configurationField": "configuration", "description": "Sets the minimum total size for the internal data structures. Providing a large enough estimate at construction time avoids the need for expensive resizing operations later, but setting this value unnecessarily high wastes memory." },
    "key": { "kind": "property", "displayName": "Key", "group": "producer", "label": "", "required": false, "type": "string", "javaType": "java.lang.String", "deprecated": false, "autowired": false, "secret": false, "configurationClass": "org.apache.camel.component.caffeine.CaffeineConfiguration", "configurationField": "configuration", "description": "To configure the default action key. If a key is set in the message header, then the key from the header takes precedence." },
    "lazyStartProducer": { "kind": "property", "displayName": "Lazy Start Producer", "group": "producer", "label": "producer", "required": false, "type": "boolean", "javaType": "boolean", "deprecated": false, "autowired": false, "secret": false, "defaultValue": false, "description": "Whether the producer should be started lazy (on the first message). By starting lazy you can use this to allow CamelContext and routes to startup in situations where a producer may otherwise fail during starting and cause the route to fail being started. By deferring this startup to be lazy then the startup failure can be handled during routing messages via Camel's routing error handlers. Beware that when the first message is processed then creating and starting the producer may take a little time and prolong the total processing time of the processing." },
    "maximumSize": { "kind": "property", "displayName": "Maximum Size", "group": "producer", "label": "", "required": false, "type": "integer", "javaType": "java.lang.Integer", "deprecated": false, "autowired": false, "secret": false, "configurationClass": "org.apache.camel.component.caffeine.CaffeineConfiguration", "configurationField": "configuration", "description": "Specifies the maximum number of entries the cache may contain. Note that the cache may evict an entry before this limit is exceeded or temporarily exceed the threshold while evicting. As the cache size grows close to the maximum, the cache evicts entries that are less likely to be used again. For example, the cache may evict an entry because it hasn't been used recently or very often. When size is zero, elements will be evicted immediately after being loaded into the cache. This can be useful in testing, or to disable caching temporarily without a code change. As eviction is scheduled on the configured executor, tests may instead prefer to configure the cache to execute tasks directly on the same thread." },
    "autowiredEnabled": { "kind": "property", "displayName": "Autowired Enabled", "group": "advanced", "label": "advanced", "required": false, "type": "boolean", "javaType": "boolean", "deprecated": false, "autowired": false, "secret": false, "defaultValue": true, "description": "Whether autowiring is enabled. This is used for automatic autowiring options (the option must be marked as autowired) by looking up in the registry to find if there is a single instance of matching type, which then gets configured on the component. This can be used for automatic configuring JDBC data sources, JMS connection factories, AWS Clients, etc." },
    "cacheLoader": { "kind": "property", "displayName": "Cache Loader", "group": "advanced", "label": "advanced", "required": false, "type": "object", "javaType": "com.github.benmanes.caffeine.cache.CacheLoader", "deprecated": false, "autowired": false, "secret": false, "configurationClass": "org.apache.camel.component.caffeine.CaffeineConfiguration", "configurationField": "configuration", "description": "To configure a CacheLoader in case of a LoadCache use" },
    "configuration": { "kind": "property", "displayName": "Configuration", "group": "advanced", "label": "advanced", "required": false, "type": "object", "javaType": "org.apache.camel.component.caffeine.CaffeineConfiguration", "deprecated": false, "autowired": false, "secret": false, "description": "Sets the global component configuration" },
    "removalListener": { "kind": "property", "displayName": "Removal Listener", "group": "advanced", "label": "advanced", "required": false, "type": "object", "javaType": "com.github.benmanes.caffeine.cache.RemovalListener", "deprecated": false, "autowired": false, "secret": false, "configurationClass": "org.apache.camel.component.caffeine.CaffeineConfiguration", "configurationField": "configuration", "description": "Set a specific removal Listener for the cache" },
    "statsCounter": { "kind": "property", "displayName": "Stats Counter", "group": "advanced", "label": "advanced", "required": false, "type": "object", "javaType": "com.github.benmanes.caffeine.cache.stats.StatsCounter", "deprecated": false, "autowired": false, "secret": false, "configurationClass": "org.apache.camel.component.caffeine.CaffeineConfiguration", "configurationField": "configuration", "description": "Set a specific Stats Counter for the cache stats" },
    "statsEnabled": { "kind": "property", "displayName": "Stats Enabled", "group": "advanced", "label": "advanced", "required": false, "type": "boolean", "javaType": "boolean", "deprecated": false, "autowired": false, "secret": false, "defaultValue": false, "configurationClass": "org.apache.camel.component.caffeine.CaffeineConfiguration", "configurationField": "configuration", "description": "To enable stats on the cache" },
    "valueType": { "kind": "property", "displayName": "Value Type", "group": "advanced", "label": "advanced", "required": false, "type": "string", "javaType": "java.lang.String", "deprecated": false, "autowired": false, "secret": false, "configurationClass": "org.apache.camel.component.caffeine.CaffeineConfiguration", "configurationField": "configuration", "description": "The cache value type, default java.lang.Object" }
  },
  "headers": {
    "CamelCaffeineAction": { "kind": "header", "displayName": "", "group": "producer", "label": "", "required": false, "javaType": "String", "deprecated": false, "deprecationNote": "", "autowired": false, "secret": false, "description": "The action to execute. Possible values: CLEANUP PUT PUT_ALL GET GET_ALL INVALIDATE INVALIDATE_ALL AS_MAP", "constantName": "org.apache.camel.component.caffeine.CaffeineConstants#ACTION" },
    "CamelCaffeineActionHasResult": { "kind": "header", "displayName": "", "group": "producer", "label": "", "required": false, "javaType": "Boolean", "deprecated": false, "deprecationNote": "", "autowired": false, "secret": false, "description": "The flag indicating whether the action has a result or not.", "constantName": "org.apache.camel.component.caffeine.CaffeineConstants#ACTION_HAS_RESULT" },
    "CamelCaffeineActionSucceeded": { "kind": "header", "displayName": "", "group": "producer", "label": "", "required": false, "javaType": "Boolean", "deprecated": false, "deprecationNote": "", "autowired": false, "secret": false, "description": "The flag indicating whether the action was successful or not.", "constantName": "org.apache.camel.component.caffeine.CaffeineConstants#ACTION_SUCCEEDED" },
    "CamelCaffeineKey": { "kind": "header", "displayName": "", "group": "producer", "label": "", "required": false, "javaType": "", "deprecated": false, "deprecationNote": "", "autowired": false, "secret": false, "description": "The key for all actions on a single entry.", "constantName": "org.apache.camel.component.caffeine.CaffeineConstants#KEY" },
    "CamelCaffeineKeys": { "kind": "header", "displayName": "", "group": "producer", "label": "", "required": false, "javaType": "Set", "deprecated": false, "deprecationNote": "", "autowired": false, "secret": false, "description": "The keys to get (GET_ALL), to invalidate (INVALIDATE_ALL) or existing (AS_MAP) according to the action.", "constantName": "org.apache.camel.component.caffeine.CaffeineConstants#KEYS" },
    "CamelCaffeineValue": { "kind": "header", "displayName": "", "group": "producer", "label": "", "required": false, "javaType": "", "deprecated": false, "deprecationNote": "", "autowired": false, "secret": false, "description": "The value of key for all put actions (PUT or PUT_ALL).", "constantName": "org.apache.camel.component.caffeine.CaffeineConstants#VALUE" },
    "CamelCaffeineOldValue": { "kind": "header", "displayName": "", "group": "producer", "label": "", "required": false, "javaType": "", "deprecated": false, "deprecationNote": "", "autowired": false, "secret": false, "description": "The old value returned according to the action.", "constantName": "org.apache.camel.component.caffeine.CaffeineConstants#OLD_VALUE" }
  },
  "properties": {
    "cacheName": { "kind": "path", "displayName": "Cache Name", "group": "producer", "label": "", "required": true, "type": "string", "javaType": "java.lang.String", "deprecated": false, "deprecationNote": "", "autowired": false, "secret": false, "description": "the cache name" },
    "action": { "kind": "parameter", "displayName": "Action", "group": "producer", "label": "", "required": false, "type": "string", "javaType": "java.lang.String", "enum": [ "GET", "GET_ALL", "PUT", "PUT_ALL", "INVALIDATE", "INVALIDATE_ALL", "CLEANUP", "AS_MAP" ], "deprecated": false, "autowired": false, "secret": false, "configurationClass": "org.apache.camel.component.caffeine.CaffeineConfiguration", "configurationField": "configuration", "description": "To configure the default cache action. If an action is set in the message header, then the operation from the header takes precedence." },
    "createCacheIfNotExist": { "kind": "parameter", "displayName": "Create Cache If Not Exist", "group": "producer", "label": "", "required": false, "type": "boolean", "javaType": "boolean", "deprecated": false, "autowired": false, "secret": false, "defaultValue": true, "configurationClass": "org.apache.camel.component.caffeine.CaffeineConfiguration", "configurationField": "configuration", "description": "Automatic create the Caffeine cache if none has been configured or exists in the registry." },
    "evictionType": { "kind": "parameter", "displayName": "Eviction Type", "group": "producer", "label": "", "required": false, "type": "object", "javaType": "org.apache.camel.component.caffeine.EvictionType", "enum": [ "size_based", "time_based" ], "deprecated": false, "autowired": false, "secret": false, "defaultValue": "SIZE_BASED", "configurationClass": "org.apache.camel.component.caffeine.CaffeineConfiguration", "configurationField": "configuration", "description": "Set the eviction Type for this cache" },
    "expireAfterAccessTime": { "kind": "parameter", "displayName": "Expire After Access Time", "group": "producer", "label": "", "required": false, "type": "integer", "javaType": "int", "deprecated": false, "autowired": false, "secret": false, "defaultValue": 300, "configurationClass": "org.apache.camel.component.caffeine.CaffeineConfiguration", "configurationField": "configuration", "description": "Specifies that each entry should be automatically removed from the cache once a fixed duration has elapsed after the entry's creation, the most recent replacement of its value, or its last read. Access time is reset by all cache read and write operations. The unit is in seconds." },
    "expireAfterWriteTime": { "kind": "parameter", "displayName": "Expire After Write Time", "group": "producer", "label": "", "required": false, "type": "integer", "javaType": "int", "deprecated": false, "autowired": false, "secret": false, "defaultValue": 300, "configurationClass": "org.apache.camel.component.caffeine.CaffeineConfiguration", "configurationField": "configuration", "description": "Specifies that each entry should be automatically removed from the cache once a fixed duration has elapsed after the entry's creation, or the most recent replacement of its value. The unit is in seconds." },
    "initialCapacity": { "kind": "parameter", "displayName": "Initial Capacity", "group": "producer", "label": "", "required": false, "type": "integer", "javaType": "java.lang.Integer", "deprecated": false, "autowired": false, "secret": false, "configurationClass": "org.apache.camel.component.caffeine.CaffeineConfiguration", "configurationField": "configuration", "description": "Sets the minimum total size for the internal data structures. Providing a large enough estimate at construction time avoids the need for expensive resizing operations later, but setting this value unnecessarily high wastes memory." },
    "key": { "kind": "parameter", "displayName": "Key", "group": "producer", "label": "", "required": false, "type": "string", "javaType": "java.lang.String", "deprecated": false, "autowired": false, "secret": false, "configurationClass": "org.apache.camel.component.caffeine.CaffeineConfiguration", "configurationField": "configuration", "description": "To configure the default action key. If a key is set in the message header, then the key from the header takes precedence." },
    "maximumSize": { "kind": "parameter", "displayName": "Maximum Size", "group": "producer", "label": "", "required": false, "type": "integer", "javaType": "java.lang.Integer", "deprecated": false, "autowired": false, "secret": false, "configurationClass": "org.apache.camel.component.caffeine.CaffeineConfiguration", "configurationField": "configuration", "description": "Specifies the maximum number of entries the cache may contain. Note that the cache may evict an entry before this limit is exceeded or temporarily exceed the threshold while evicting. As the cache size grows close to the maximum, the cache evicts entries that are less likely to be used again. For example, the cache may evict an entry because it hasn't been used recently or very often. When size is zero, elements will be evicted immediately after being loaded into the cache. This can be useful in testing, or to disable caching temporarily without a code change. As eviction is scheduled on the configured executor, tests may instead prefer to configure the cache to execute tasks directly on the same thread." },
    "lazyStartProducer": { "kind": "parameter", "displayName": "Lazy Start Producer", "group": "producer (advanced)", "label": "producer,advanced", "required": false, "type": "boolean", "javaType": "boolean", "deprecated": false, "autowired": false, "secret": false, "defaultValue": false, "description": "Whether the producer should be started lazy (on the first message). By starting lazy you can use this to allow CamelContext and routes to startup in situations where a producer may otherwise fail during starting and cause the route to fail being started. By deferring this startup to be lazy then the startup failure can be handled during routing messages via Camel's routing error handlers. Beware that when the first message is processed then creating and starting the producer may take a little time and prolong the total processing time of the processing." },
    "cacheLoader": { "kind": "parameter", "displayName": "Cache Loader", "group": "advanced", "label": "advanced", "required": false, "type": "object", "javaType": "com.github.benmanes.caffeine.cache.CacheLoader", "deprecated": false, "autowired": false, "secret": false, "configurationClass": "org.apache.camel.component.caffeine.CaffeineConfiguration", "configurationField": "configuration", "description": "To configure a CacheLoader in case of a LoadCache use" },
    "removalListener": { "kind": "parameter", "displayName": "Removal Listener", "group": "advanced", "label": "advanced", "required": false, "type": "object", "javaType": "com.github.benmanes.caffeine.cache.RemovalListener", "deprecated": false, "autowired": false, "secret": false, "configurationClass": "org.apache.camel.component.caffeine.CaffeineConfiguration", "configurationField": "configuration", "description": "Set a specific removal Listener for the cache" },
    "statsCounter": { "kind": "parameter", "displayName": "Stats Counter", "group": "advanced", "label": "advanced", "required": false, "type": "object", "javaType": "com.github.benmanes.caffeine.cache.stats.StatsCounter", "deprecated": false, "autowired": false, "secret": false, "configurationClass": "org.apache.camel.component.caffeine.CaffeineConfiguration", "configurationField": "configuration", "description": "Set a specific Stats Counter for the cache stats" },
    "statsEnabled": { "kind": "parameter", "displayName": "Stats Enabled", "group": "advanced", "label": "advanced", "required": false, "type": "boolean", "javaType": "boolean", "deprecated": false, "autowired": false, "secret": false, "defaultValue": false, "configurationClass": "org.apache.camel.component.caffeine.CaffeineConfiguration", "configurationField": "configuration", "description": "To enable stats on the cache" },
    "valueType": { "kind": "parameter", "displayName": "Value Type", "group": "advanced", "label": "advanced", "required": false, "type": "string", "javaType": "java.lang.String", "deprecated": false, "autowired": false, "secret": false, "configurationClass": "org.apache.camel.component.caffeine.CaffeineConfiguration", "configurationField": "configuration", "description": "The cache value type, default java.lang.Object" }
  }
}
