{
  "component": {
    "kind": "component",
    "name": "debezium-mongodb",
    "title": "Debezium MongoDB Connector",
    "description": "Capture changes from a MongoDB database.",
    "deprecated": false,
    "firstVersion": "3.0.0",
    "label": "database,nosql",
    "javaType": "org.apache.camel.component.debezium.DebeziumMongodbComponent",
    "supportLevel": "Stable",
    "groupId": "org.apache.camel",
    "artifactId": "camel-debezium-mongodb",
    "version": "3.21.0-SNAPSHOT",
    "scheme": "debezium-mongodb",
    "extendsScheme": "",
    "syntax": "debezium-mongodb:name",
    "async": false,
    "api": false,
    "consumerOnly": true,
    "producerOnly": false,
    "lenientProperties": false
  },
  "componentProperties": {
    "additionalProperties": { "kind": "property", "displayName": "Additional Properties", "group": "common", "label": "common", "required": false, "type": "object", "javaType": "java.util.Map<java.lang.String, java.lang.Object>", "prefix": "additionalProperties.", "multiValue": true, "deprecated": false, "autowired": false, "secret": false, "configurationClass": "org.apache.camel.component.debezium.configuration.MongoDbConnectorEmbeddedDebeziumConfiguration", "configurationField": "configuration", "description": "Additional properties for debezium components in case they can't be set directly on the camel configurations (e.g: setting Kafka Connect properties needed by Debezium engine, for example setting KafkaOffsetBackingStore), the properties have to be prefixed with additionalProperties.. E.g: additionalProperties.transactional.id=12345&additionalProperties.schema.registry.url=http:\/\/localhost:8811\/avro" },
    "bridgeErrorHandler": { "kind": "property", "displayName": "Bridge Error Handler", "group": "consumer", "label": "consumer", "required": false, "type": "boolean", "javaType": "boolean", "deprecated": false, "autowired": false, "secret": false, "defaultValue": false, "description": "Allows for bridging the consumer to the Camel routing Error Handler, which mean any exceptions occurred while the consumer is trying to pickup incoming messages, or the likes, will now be processed as a message and handled by the routing Error Handler. By default the consumer will use the org.apache.camel.spi.ExceptionHandler to deal with exceptions, that will be logged at WARN or ERROR level and ignored." },
    "configuration": { "kind": "property", "displayName": "Configuration", "group": "consumer", "label": "", "required": false, "type": "object", "javaType": "org.apache.camel.component.debezium.configuration.MongoDbConnectorEmbeddedDebeziumConfiguration", "deprecated": false, "autowired": false, "secret": false, "description": "Allow pre-configured Configurations to be set." },
    "internalKeyConverter": { "kind": "property", "displayName": "Internal Key Converter", "group": "consumer", "label": "consumer", "required": false, "type": "string", "javaType": "java.lang.String", "deprecated": false, "autowired": false, "secret": false, "defaultValue": "org.apache.kafka.connect.json.JsonConverter", "configurationClass": "org.apache.camel.component.debezium.configuration.MongoDbConnectorEmbeddedDebeziumConfiguration", "configurationField": "configuration", "description": "The Converter class that should be used to serialize and deserialize key data for offsets. The default is JSON converter." },
    "internalValueConverter": { "kind": "property", "displayName": "Internal Value Converter", "group": "consumer", "label": "consumer", "required": false, "type": "string", "javaType": "java.lang.String", "deprecated": false, "autowired": false, "secret": false, "defaultValue": "org.apache.kafka.connect.json.JsonConverter", "configurationClass": "org.apache.camel.component.debezium.configuration.MongoDbConnectorEmbeddedDebeziumConfiguration", "configurationField": "configuration", "description": "The Converter class that should be used to serialize and deserialize value data for offsets. The default is JSON converter." },
    "offsetCommitPolicy": { "kind": "property", "displayName": "Offset Commit Policy", "group": "consumer", "label": "consumer", "required": false, "type": "string", "javaType": "java.lang.String", "deprecated": false, "autowired": false, "secret": false, "configurationClass": "org.apache.camel.component.debezium.configuration.MongoDbConnectorEmbeddedDebeziumConfiguration", "configurationField": "configuration", "description": "The name of the Java class of the commit policy. It defines when offsets commit has to be triggered based on the number of events processed and the time elapsed since the last commit. This class must implement the interface 'OffsetCommitPolicy'. The default is a periodic commit policy based upon time intervals." },
    "offsetCommitTimeoutMs": { "kind": "property", "displayName": "Offset Commit Timeout Ms", "group": "consumer", "label": "consumer", "required": false, "type": "duration", "javaType": "long", "deprecated": false, "autowired": false, "secret": false, "defaultValue": "5000", "configurationClass": "org.apache.camel.component.debezium.configuration.MongoDbConnectorEmbeddedDebeziumConfiguration", "configurationField": "configuration", "description": "Maximum number of milliseconds to wait for records to flush and partition offset data to be committed to offset storage before cancelling the process and restoring the offset data to be committed in a future attempt. The default is 5 seconds." },
    "offsetFlushIntervalMs": { "kind": "property", "displayName": "Offset Flush Interval Ms", "group": "consumer", "label": "consumer", "required": false, "type": "duration", "javaType": "long", "deprecated": false, "autowired": false, "secret": false, "defaultValue": "60000", "configurationClass": "org.apache.camel.component.debezium.configuration.MongoDbConnectorEmbeddedDebeziumConfiguration", "configurationField": "configuration", "description": "Interval at which to try committing offsets. The default is 1 minute." },
    "offsetStorage": { "kind": "property", "displayName": "Offset Storage", "group": "consumer", "label": "consumer", "required": false, "type": "string", "javaType": "java.lang.String", "deprecated": false, "autowired": false, "secret": false, "defaultValue": "org.apache.kafka.connect.storage.FileOffsetBackingStore", "configurationClass": "org.apache.camel.component.debezium.configuration.MongoDbConnectorEmbeddedDebeziumConfiguration", "configurationField": "configuration", "description": "The name of the Java class that is responsible for persistence of connector offsets." },
    "offsetStorageFileName": { "kind": "property", "displayName": "Offset Storage File Name", "group": "consumer", "label": "consumer", "required": false, "type": "string", "javaType": "java.lang.String", "deprecated": false, "autowired": false, "secret": false, "configurationClass": "org.apache.camel.component.debezium.configuration.MongoDbConnectorEmbeddedDebeziumConfiguration", "configurationField": "configuration", "description": "Path to file where offsets are to be stored. Required when offset.storage is set to the FileOffsetBackingStore." },
    "offsetStoragePartitions": { "kind": "property", "displayName": "Offset Storage Partitions", "group": "consumer", "label": "consumer", "required": false, "type": "integer", "javaType": "int", "deprecated": false, "autowired": false, "secret": false, "configurationClass": "org.apache.camel.component.debezium.configuration.MongoDbConnectorEmbeddedDebeziumConfiguration", "configurationField": "configuration", "description": "The number of partitions used when creating the offset storage topic. Required when offset.storage is set to the 'KafkaOffsetBackingStore'." },
    "offsetStorageReplicationFactor": { "kind": "property", "displayName": "Offset Storage Replication Factor", "group": "consumer", "label": "consumer", "required": false, "type": "integer", "javaType": "int", "deprecated": false, "autowired": false, "secret": false, "configurationClass": "org.apache.camel.component.debezium.configuration.MongoDbConnectorEmbeddedDebeziumConfiguration", "configurationField": "configuration", "description": "Replication factor used when creating the offset storage topic. Required when offset.storage is set to the KafkaOffsetBackingStore" },
    "offsetStorageTopic": { "kind": "property", "displayName": "Offset Storage Topic", "group": "consumer", "label": "consumer", "required": false, "type": "string", "javaType": "java.lang.String", "deprecated": false, "autowired": false, "secret": false, "configurationClass": "org.apache.camel.component.debezium.configuration.MongoDbConnectorEmbeddedDebeziumConfiguration", "configurationField": "configuration", "description": "The name of the Kafka topic where offsets are to be stored. Required when offset.storage is set to the KafkaOffsetBackingStore." },
    "autowiredEnabled": { "kind": "property", "displayName": "Autowired Enabled", "group": "advanced", "label": "advanced", "required": false, "type": "boolean", "javaType": "boolean", "deprecated": false, "autowired": false, "secret": false, "defaultValue": true, "description": "Whether autowiring is enabled. This is used for automatic autowiring options (the option must be marked as autowired) by looking up in the registry to find if there is a single instance of matching type, which then gets configured on the component. This can be used for automatic configuring JDBC data sources, JMS connection factories, AWS Clients, etc." },
    "captureMode": { "kind": "property", "displayName": "Capture Mode", "group": "mongodb", "label": "consumer,mongodb", "required": false, "type": "string", "javaType": "java.lang.String", "deprecated": false, "autowired": false, "secret": false, "defaultValue": "change_streams_update_full", "configurationClass": "org.apache.camel.component.debezium.configuration.MongoDbConnectorEmbeddedDebeziumConfiguration", "configurationField": "configuration", "description": "The method used to capture changes from MongoDB server. Options include: 'oplog' to capture changes from the oplog; 'change_streams' to capture changes via MongoDB Change Streams, update events do not contain full documents; 'change_streams_update_full' (the default) to capture changes via MongoDB Change Streams, update events contain full documents" },
    "collectionExcludeList": { "kind": "property", "displayName": "Collection Exclude List", "group": "mongodb", "label": "consumer,mongodb", "required": false, "type": "string", "javaType": "java.lang.String", "deprecated": false, "autowired": false, "secret": false, "configurationClass": "org.apache.camel.component.debezium.configuration.MongoDbConnectorEmbeddedDebeziumConfiguration", "configurationField": "configuration", "description": "A comma-separated list of regular expressions that match the collection names for which changes are to be excluded" },
    "collectionIncludeList": { "kind": "property", "displayName": "Collection Include List", "group": "mongodb", "label": "consumer,mongodb", "required": false, "type": "string", "javaType": "java.lang.String", "deprecated": false, "autowired": false, "secret": false, "configurationClass": "org.apache.camel.component.debezium.configuration.MongoDbConnectorEmbeddedDebeziumConfiguration", "configurationField": "configuration", "description": "A comma-separated list of regular expressions that match the collection names for which changes are to be captured" },
    "connectBackoffInitialDelayMs": { "kind": "property", "displayName": "Connect Backoff Initial Delay Ms", "group": "mongodb", "label": "consumer,mongodb", "required": false, "type": "duration", "javaType": "long", "deprecated": false, "autowired": false, "secret": false, "defaultValue": "1s", "configurationClass": "org.apache.camel.component.debezium.configuration.MongoDbConnectorEmbeddedDebeziumConfiguration", "configurationField": "configuration", "description": "The initial delay when trying to reconnect to a primary after a connection cannot be made or when no primary is available, given in milliseconds. Defaults to 1 second (1,000 ms)." },
    "connectBackoffMaxDelayMs": { "kind": "property", "displayName": "Connect Backoff Max Delay Ms", "group": "mongodb", "label": "consumer,mongodb", "required": false, "type": "duration", "javaType": "long", "deprecated": false, "autowired": false, "secret": false, "defaultValue": "2m", "configurationClass": "org.apache.camel.component.debezium.configuration.MongoDbConnectorEmbeddedDebeziumConfiguration", "configurationField": "configuration", "description": "The maximum delay when trying to reconnect to a primary after a connection cannot be made or when no primary is available, given in milliseconds. Defaults to 120 second (120,000 ms)." },
    "connectMaxAttempts": { "kind": "property", "displayName": "Connect Max Attempts", "group": "mongodb", "label": "consumer,mongodb", "required": false, "type": "integer", "javaType": "int", "deprecated": false, "autowired": false, "secret": false, "defaultValue": 16, "configurationClass": "org.apache.camel.component.debezium.configuration.MongoDbConnectorEmbeddedDebeziumConfiguration", "configurationField": "configuration", "description": "Maximum number of failed connection attempts to a replica set primary before an exception occurs and task is aborted. Defaults to 16, which with the defaults for 'connect.backoff.initial.delay.ms' and 'connect.backoff.max.delay.ms' results in just over 20 minutes of attempts before failing." },
    "converters": { "kind": "property", "displayName": "Converters", "group": "mongodb", "label": "consumer,mongodb", "required": false, "type": "string", "javaType": "java.lang.String", "deprecated": false, "autowired": false, "secret": false, "configurationClass": "org.apache.camel.component.debezium.configuration.MongoDbConnectorEmbeddedDebeziumConfiguration", "configurationField": "configuration", "description": "Optional list of custom converters that would be used instead of default ones. The converters are defined using '.type' config option and configured using options '.'" },
    "cursorMaxAwaitTimeMs": { "kind": "property", "displayName": "Cursor Max Await Time Ms", "group": "mongodb", "label": "consumer,mongodb", "required": false, "type": "duration", "javaType": "int", "deprecated": false, "autowired": false, "secret": false, "configurationClass": "org.apache.camel.component.debezium.configuration.MongoDbConnectorEmbeddedDebeziumConfiguration", "configurationField": "configuration", "description": "The maximum processing time in milliseconds to wait for the oplog cursor to process a single poll request" },
    "databaseExcludeList": { "kind": "property", "displayName": "Database Exclude List", "group": "mongodb", "label": "consumer,mongodb", "required": false, "type": "string", "javaType": "java.lang.String", "deprecated": false, "autowired": false, "secret": false, "configurationClass": "org.apache.camel.component.debezium.configuration.MongoDbConnectorEmbeddedDebeziumConfiguration", "configurationField": "configuration", "description": "A comma-separated list of regular expressions that match the database names for which changes are to be excluded" },
    "databaseHistoryFileFilename": { "kind": "property", "displayName": "Database History File Filename", "group": "mongodb", "label": "consumer,mongodb", "required": false, "type": "string", "javaType": "java.lang.String", "deprecated": false, "autowired": false, "secret": false, "configurationClass": "org.apache.camel.component.debezium.configuration.MongoDbConnectorEmbeddedDebeziumConfiguration", "configurationField": "configuration", "description": "The path to the file that will be used to record the database history" },
    "databaseIncludeList": { "kind": "property", "displayName": "Database Include List", "group": "mongodb", "label": "consumer,mongodb", "required": false, "type": "string", "javaType": "java.lang.String", "deprecated": false, "autowired": false, "secret": false, "configurationClass": "org.apache.camel.component.debezium.configuration.MongoDbConnectorEmbeddedDebeziumConfiguration", "configurationField": "configuration", "description": "A comma-separated list of regular expressions that match the database names for which changes are to be captured" },
    "eventProcessingFailureHandlingMode": { "kind": "property", "displayName": "Event Processing Failure Handling Mode", "group": "mongodb", "label": "consumer,mongodb", "required": false, "type": "string", "javaType": "java.lang.String", "deprecated": false, "autowired": false, "secret": false, "defaultValue": "fail", "configurationClass": "org.apache.camel.component.debezium.configuration.MongoDbConnectorEmbeddedDebeziumConfiguration", "configurationField": "configuration", "description": "Specify how failures during processing of events (i.e. when encountering a corrupted event) should be handled, including:'fail' (the default) an exception indicating the problematic event and its position is raised, causing the connector to be stopped; 'warn' the problematic event and its position will be logged and the event will be skipped;'ignore' the problematic event will be skipped." },
    "fieldExcludeList": { "kind": "property", "displayName": "Field Exclude List", "group": "mongodb", "label": "consumer,mongodb", "required": false, "type": "string", "javaType": "java.lang.String", "deprecated": false, "autowired": false, "secret": false, "configurationClass": "org.apache.camel.component.debezium.configuration.MongoDbConnectorEmbeddedDebeziumConfiguration", "configurationField": "configuration", "description": "A comma-separated list of the fully-qualified names of fields that should be excluded from change event message values" },
    "fieldRenames": { "kind": "property", "displayName": "Field Renames", "group": "mongodb", "label": "consumer,mongodb", "required": false, "type": "string", "javaType": "java.lang.String", "deprecated": false, "autowired": false, "secret": false, "configurationClass": "org.apache.camel.component.debezium.configuration.MongoDbConnectorEmbeddedDebeziumConfiguration", "configurationField": "configuration", "description": "A comma-separated list of the fully-qualified replacements of fields that should be used to rename fields in change event message values. Fully-qualified replacements for fields are of the form databaseName.collectionName.fieldName.nestedFieldName:newNestedFieldName, where databaseName and collectionName may contain the wildcard () which matches any characters, the colon character (:) is used to determine rename mapping of field." },
    "heartbeatIntervalMs": { "kind": "property", "displayName": "Heartbeat Interval Ms", "group": "mongodb", "label": "consumer,mongodb", "required": false, "type": "duration", "javaType": "int", "deprecated": false, "autowired": false, "secret": false, "defaultValue": "0ms", "configurationClass": "org.apache.camel.component.debezium.configuration.MongoDbConnectorEmbeddedDebeziumConfiguration", "configurationField": "configuration", "description": "Length of an interval in milli-seconds in in which the connector periodically sends heartbeat messages to a heartbeat topic. Use 0 to disable heartbeat messages. Disabled by default." },
    "heartbeatTopicsPrefix": { "kind": "property", "displayName": "Heartbeat Topics Prefix", "group": "mongodb", "label": "consumer,mongodb", "required": false, "type": "string", "javaType": "java.lang.String", "deprecated": false, "autowired": false, "secret": false, "defaultValue": "__debezium-heartbeat", "configurationClass": "org.apache.camel.component.debezium.configuration.MongoDbConnectorEmbeddedDebeziumConfiguration", "configurationField": "configuration", "description": "The prefix that is used to name heartbeat topics.Defaults to __debezium-heartbeat." },
    "maxBatchSize": { "kind": "property", "displayName": "Max Batch Size", "group": "mongodb", "label": "consumer,mongodb", "required": false, "type": "integer", "javaType": "int", "deprecated": false, "autowired": false, "secret": false, "defaultValue": 2048, "configurationClass": "org.apache.camel.component.debezium.configuration.MongoDbConnectorEmbeddedDebeziumConfiguration", "configurationField": "configuration", "description": "Maximum size of each batch of source records. Defaults to 2048." },
    "maxQueueSize": { "kind": "property", "displayName": "Max Queue Size", "group": "mongodb", "label": "consumer,mongodb", "required": false, "type": "integer", "javaType": "int", "deprecated": false, "autowired": false, "secret": false, "defaultValue": 8192, "configurationClass": "org.apache.camel.component.debezium.configuration.MongoDbConnectorEmbeddedDebeziumConfiguration", "configurationField": "configuration", "description": "Maximum size of the queue for change events read from the database log but not yet recorded or forwarded. Defaults to 8192, and should always be larger than the maximum batch size." },
    "maxQueueSizeInBytes": { "kind": "property", "displayName": "Max Queue Size In Bytes", "group": "mongodb", "label": "consumer,mongodb", "required": false, "type": "integer", "javaType": "long", "deprecated": false, "autowired": false, "secret": false, "defaultValue": 0, "configurationClass": "org.apache.camel.component.debezium.configuration.MongoDbConnectorEmbeddedDebeziumConfiguration", "configurationField": "configuration", "description": "Maximum size of the queue in bytes for change events read from the database log but not yet recorded or forwarded. Defaults to 0. Mean the feature is not enabled" },
    "mongodbAuthsource": { "kind": "property", "displayName": "Mongodb Authsource", "group": "mongodb", "label": "consumer,mongodb", "required": false, "type": "string", "javaType": "java.lang.String", "deprecated": false, "autowired": false, "secret": false, "defaultValue": "admin", "configurationClass": "org.apache.camel.component.debezium.configuration.MongoDbConnectorEmbeddedDebeziumConfiguration", "configurationField": "configuration", "description": "Database containing user credentials." },
    "mongodbConnectTimeoutMs": { "kind": "property", "displayName": "Mongodb Connect Timeout Ms", "group": "mongodb", "label": "consumer,mongodb", "required": false, "type": "duration", "javaType": "int", "deprecated": false, "autowired": false, "secret": false, "defaultValue": "10s", "configurationClass": "org.apache.camel.component.debezium.configuration.MongoDbConnectorEmbeddedDebeziumConfiguration", "configurationField": "configuration", "description": "The connection timeout, given in milliseconds. Defaults to 10 seconds (10,000 ms)." },
    "mongodbHosts": { "kind": "property", "displayName": "Mongodb Hosts", "group": "mongodb", "label": "consumer,mongodb", "required": false, "type": "string", "javaType": "java.lang.String", "deprecated": false, "autowired": false, "secret": false, "configurationClass": "org.apache.camel.component.debezium.configuration.MongoDbConnectorEmbeddedDebeziumConfiguration", "configurationField": "configuration", "description": "The hostname and port pairs (in the form 'host' or 'host:port') of the MongoDB server(s) in the replica set." },
    "mongodbMembersAutoDiscover": { "kind": "property", "displayName": "Mongodb Members Auto Discover", "group": "mongodb", "label": "consumer,mongodb", "required": false, "type": "boolean", "javaType": "boolean", "deprecated": false, "autowired": false, "secret": false, "defaultValue": true, "configurationClass": "org.apache.camel.component.debezium.configuration.MongoDbConnectorEmbeddedDebeziumConfiguration", "configurationField": "configuration", "description": "Specifies whether the addresses in 'hosts' are seeds that should be used to discover all members of the cluster or replica set ('true'), or whether the address(es) in 'hosts' should be used as is ('false'). The default is 'true'." },
    "mongodbName": { "kind": "property", "displayName": "Mongodb Name", "group": "mongodb", "label": "consumer,mongodb", "required": true, "type": "string", "javaType": "java.lang.String", "deprecated": false, "deprecationNote": "", "autowired": false, "secret": false, "configurationClass": "org.apache.camel.component.debezium.configuration.MongoDbConnectorEmbeddedDebeziumConfiguration", "configurationField": "configuration", "description": "Unique name that identifies the MongoDB replica set or cluster and all recorded offsets, and that is used as a prefix for all schemas and topics. Each distinct MongoDB installation should have a separate namespace and monitored by at most one Debezium connector." },
    "mongodbPassword": { "kind": "property", "displayName": "Mongodb Password", "group": "mongodb", "label": "consumer,mongodb", "required": true, "type": "string", "javaType": "java.lang.String", "deprecated": false, "deprecationNote": "", "autowired": false, "secret": false, "configurationClass": "org.apache.camel.component.debezium.configuration.MongoDbConnectorEmbeddedDebeziumConfiguration", "configurationField": "configuration", "description": "Password to be used when connecting to MongoDB, if necessary." },
    "mongodbPollIntervalMs": { "kind": "property", "displayName": "Mongodb Poll Interval Ms", "group": "mongodb", "label": "consumer,mongodb", "required": false, "type": "duration", "javaType": "long", "deprecated": false, "autowired": false, "secret": false, "defaultValue": "30s", "configurationClass": "org.apache.camel.component.debezium.configuration.MongoDbConnectorEmbeddedDebeziumConfiguration", "configurationField": "configuration", "description": "Interval for looking for new, removed, or changed replica sets, given in milliseconds. Defaults to 30 seconds (30,000 ms)." },
    "mongodbServerSelectionTimeoutMs": { "kind": "property", "displayName": "Mongodb Server Selection Timeout Ms", "group": "mongodb", "label": "consumer,mongodb", "required": false, "type": "duration", "javaType": "int", "deprecated": false, "autowired": false, "secret": false, "defaultValue": "30s", "configurationClass": "org.apache.camel.component.debezium.configuration.MongoDbConnectorEmbeddedDebeziumConfiguration", "configurationField": "configuration", "description": "The server selection timeout, given in milliseconds. Defaults to 10 seconds (10,000 ms)." },
    "mongodbSocketTimeoutMs": { "kind": "property", "displayName": "Mongodb Socket Timeout Ms", "group": "mongodb", "label": "consumer,mongodb", "required": false, "type": "duration", "javaType": "int", "deprecated": false, "autowired": false, "secret": false, "defaultValue": "0ms", "configurationClass": "org.apache.camel.component.debezium.configuration.MongoDbConnectorEmbeddedDebeziumConfiguration", "configurationField": "configuration", "description": "The socket timeout, given in milliseconds. Defaults to 0 ms." },
    "mongodbSslEnabled": { "kind": "property", "displayName": "Mongodb Ssl Enabled", "group": "mongodb", "label": "consumer,mongodb", "required": false, "type": "boolean", "javaType": "boolean", "deprecated": false, "autowired": false, "secret": false, "defaultValue": false, "configurationClass": "org.apache.camel.component.debezium.configuration.MongoDbConnectorEmbeddedDebeziumConfiguration", "configurationField": "configuration", "description": "Should connector use SSL to connect to MongoDB instances" },
    "mongodbSslInvalidHostnameAllowed": { "kind": "property", "displayName": "Mongodb Ssl Invalid Hostname Allowed", "group": "mongodb", "label": "consumer,mongodb", "required": false, "type": "boolean", "javaType": "boolean", "deprecated": false, "autowired": false, "secret": false, "defaultValue": false, "configurationClass": "org.apache.camel.component.debezium.configuration.MongoDbConnectorEmbeddedDebeziumConfiguration", "configurationField": "configuration", "description": "Whether invalid host names are allowed when using SSL. If true the connection will not prevent man-in-the-middle attacks" },
    "mongodbUser": { "kind": "property", "displayName": "Mongodb User", "group": "mongodb", "label": "consumer,mongodb", "required": false, "type": "string", "javaType": "java.lang.String", "deprecated": false, "autowired": false, "secret": false, "configurationClass": "org.apache.camel.component.debezium.configuration.MongoDbConnectorEmbeddedDebeziumConfiguration", "configurationField": "configuration", "description": "Database user for connecting to MongoDB, if necessary." },
    "pollIntervalMs": { "kind": "property", "displayName": "Poll Interval Ms", "group": "mongodb", "label": "consumer,mongodb", "required": false, "type": "duration", "javaType": "long", "deprecated": false, "autowired": false, "secret": false, "defaultValue": "500ms", "configurationClass": "org.apache.camel.component.debezium.configuration.MongoDbConnectorEmbeddedDebeziumConfiguration", "configurationField": "configuration", "description": "Time to wait for new change events to appear after receiving no events, given in milliseconds. Defaults to 500 ms." },
    "provideTransactionMetadata": { "kind": "property", "displayName": "Provide Transaction Metadata", "group": "mongodb", "label": "consumer,mongodb", "required": false, "type": "boolean", "javaType": "boolean", "deprecated": false, "autowired": false, "secret": false, "defaultValue": false, "configurationClass": "org.apache.camel.component.debezium.configuration.MongoDbConnectorEmbeddedDebeziumConfiguration", "configurationField": "configuration", "description": "Enables transaction metadata extraction together with event counting" },
    "queryFetchSize": { "kind": "property", "displayName": "Query Fetch Size", "group": "mongodb", "label": "consumer,mongodb", "required": false, "type": "integer", "javaType": "int", "deprecated": false, "autowired": false, "secret": false, "defaultValue": 0, "configurationClass": "org.apache.camel.component.debezium.configuration.MongoDbConnectorEmbeddedDebeziumConfiguration", "configurationField": "configuration", "description": "The maximum number of records that should be loaded into memory while streaming. A value of 0 uses the default JDBC fetch size." },
    "retriableRestartConnectorWaitMs": { "kind": "property", "displayName": "Retriable Restart Connector Wait Ms", "group": "mongodb", "label": "consumer,mongodb", "required": false, "type": "duration", "javaType": "long", "deprecated": false, "autowired": false, "secret": false, "defaultValue": "10s", "configurationClass": "org.apache.camel.component.debezium.configuration.MongoDbConnectorEmbeddedDebeziumConfiguration", "configurationField": "configuration", "description": "Time to wait before restarting connector after retriable exception occurs. Defaults to 10000ms." },
    "sanitizeFieldNames": { "kind": "property", "displayName": "Sanitize Field Names", "group": "mongodb", "label": "consumer,mongodb", "required": false, "type": "boolean", "javaType": "boolean", "deprecated": false, "autowired": false, "secret": false, "defaultValue": false, "configurationClass": "org.apache.camel.component.debezium.configuration.MongoDbConnectorEmbeddedDebeziumConfiguration", "configurationField": "configuration", "description": "Whether field names will be sanitized to Avro naming conventions" },
    "schemaNameAdjustmentMode": { "kind": "property", "displayName": "Schema Name Adjustment Mode", "group": "mongodb", "label": "consumer,mongodb", "required": false, "type": "string", "javaType": "java.lang.String", "deprecated": false, "autowired": false, "secret": false, "defaultValue": "avro", "configurationClass": "org.apache.camel.component.debezium.configuration.MongoDbConnectorEmbeddedDebeziumConfiguration", "configurationField": "configuration", "description": "Specify how schema names should be adjusted for compatibility with the message converter used by the connector, including:'avro' replaces the characters that cannot be used in the Avro type name with underscore (default)'none' does not apply any adjustment" },
    "signalDataCollection": { "kind": "property", "displayName": "Signal Data Collection", "group": "mongodb", "label": "consumer,mongodb", "required": false, "type": "string", "javaType": "java.lang.String", "deprecated": false, "autowired": false, "secret": false, "configurationClass": "org.apache.camel.component.debezium.configuration.MongoDbConnectorEmbeddedDebeziumConfiguration", "configurationField": "configuration", "description": "The name of the data collection that is used to send signals\/commands to Debezium. Signaling is disabled when not set." },
    "skippedOperations": { "kind": "property", "displayName": "Skipped Operations", "group": "mongodb", "label": "consumer,mongodb", "required": false, "type": "string", "javaType": "java.lang.String", "deprecated": false, "autowired": false, "secret": false, "configurationClass": "org.apache.camel.component.debezium.configuration.MongoDbConnectorEmbeddedDebeziumConfiguration", "configurationField": "configuration", "description": "The comma-separated list of operations to skip during streaming, defined as: 'c' for inserts\/create; 'u' for updates; 'd' for deletes, 't' for truncates, and 'none' to indicate nothing skipped. By default, no operations will be skipped." },
    "snapshotCollectionFilterOverrides": { "kind": "property", "displayName": "Snapshot Collection Filter Overrides", "group": "mongodb", "label": "consumer,mongodb", "required": false, "type": "string", "javaType": "java.lang.String", "deprecated": false, "autowired": false, "secret": false, "configurationClass": "org.apache.camel.component.debezium.configuration.MongoDbConnectorEmbeddedDebeziumConfiguration", "configurationField": "configuration", "description": "This property contains a comma-separated list of ., for which the initial snapshot may be a subset of data present in the data source. The subset would be defined by mongodb filter query specified as value for property snapshot.collection.filter.override.." },
    "snapshotDelayMs": { "kind": "property", "displayName": "Snapshot Delay Ms", "group": "mongodb", "label": "consumer,mongodb", "required": false, "type": "duration", "javaType": "long", "deprecated": false, "autowired": false, "secret": false, "defaultValue": "0ms", "configurationClass": "org.apache.camel.component.debezium.configuration.MongoDbConnectorEmbeddedDebeziumConfiguration", "configurationField": "configuration", "description": "A delay period before a snapshot will begin, given in milliseconds. Defaults to 0 ms." },
    "snapshotFetchSize": { "kind": "property", "displayName": "Snapshot Fetch Size", "group": "mongodb", "label": "consumer,mongodb", "required": false, "type": "integer", "javaType": "int", "deprecated": false, "autowired": false, "secret": false, "configurationClass": "org.apache.camel.component.debezium.configuration.MongoDbConnectorEmbeddedDebeziumConfiguration", "configurationField": "configuration", "description": "The maximum number of records that should be loaded into memory while performing a snapshot" },
    "snapshotIncludeCollectionList": { "kind": "property", "displayName": "Snapshot Include Collection List", "group": "mongodb", "label": "consumer,mongodb", "required": false, "type": "string", "javaType": "java.lang.String", "deprecated": false, "autowired": false, "secret": false, "configurationClass": "org.apache.camel.component.debezium.configuration.MongoDbConnectorEmbeddedDebeziumConfiguration", "configurationField": "configuration", "description": "this setting must be set to specify a list of tables\/collections whose snapshot must be taken on creating or restarting the connector." },
    "snapshotMaxThreads": { "kind": "property", "displayName": "Snapshot Max Threads", "group": "mongodb", "label": "consumer,mongodb", "required": false, "type": "integer", "javaType": "int", "deprecated": false, "autowired": false, "secret": false, "defaultValue": 1, "configurationClass": "org.apache.camel.component.debezium.configuration.MongoDbConnectorEmbeddedDebeziumConfiguration", "configurationField": "configuration", "description": "The maximum number of threads used to perform the snapshot. Defaults to 1." },
    "snapshotMode": { "kind": "property", "displayName": "Snapshot Mode", "group": "mongodb", "label": "consumer,mongodb", "required": false, "type": "string", "javaType": "java.lang.String", "deprecated": false, "autowired": false, "secret": false, "defaultValue": "initial", "configurationClass": "org.apache.camel.component.debezium.configuration.MongoDbConnectorEmbeddedDebeziumConfiguration", "configurationField": "configuration", "description": "The criteria for running a snapshot upon startup of the connector. Options include: 'initial' (the default) to specify the connector should always perform an initial sync when required; 'never' to specify the connector should never perform an initial sync" },
    "sourceStructVersion": { "kind": "property", "displayName": "Source Struct Version", "group": "mongodb", "label": "consumer,mongodb", "required": false, "type": "string", "javaType": "java.lang.String", "deprecated": false, "autowired": false, "secret": false, "defaultValue": "v2", "configurationClass": "org.apache.camel.component.debezium.configuration.MongoDbConnectorEmbeddedDebeziumConfiguration", "configurationField": "configuration", "description": "A version of the format of the publicly visible source part in the message" },
    "tombstonesOnDelete": { "kind": "property", "displayName": "Tombstones On Delete", "group": "mongodb", "label": "consumer,mongodb", "required": false, "type": "boolean", "javaType": "boolean", "deprecated": false, "autowired": false, "secret": false, "defaultValue": false, "configurationClass": "org.apache.camel.component.debezium.configuration.MongoDbConnectorEmbeddedDebeziumConfiguration", "configurationField": "configuration", "description": "Whether delete operations should be represented by a delete event and a subsquenttombstone event (true) or only by a delete event (false). Emitting the tombstone event (the default behavior) allows Kafka to completely delete all events pertaining to the given key once the source record got deleted." },
    "transactionTopic": { "kind": "property", "displayName": "Transaction Topic", "group": "mongodb", "label": "consumer,mongodb", "required": false, "type": "string", "javaType": "java.lang.String", "deprecated": false, "autowired": false, "secret": false, "defaultValue": "${database.server.name}.transaction", "configurationClass": "org.apache.camel.component.debezium.configuration.MongoDbConnectorEmbeddedDebeziumConfiguration", "configurationField": "configuration", "description": "The name of the transaction metadata topic. The placeholder ${database.server.name} can be used for referring to the connector's logical name; defaults to ${database.server.name}.transaction." }
  },
  "headers": {
    "CamelDebeziumSourceMetadata": { "kind": "header", "displayName": "", "group": "consumer", "label": "", "required": false, "javaType": "Map<String, Object>", "deprecated": false, "deprecationNote": "", "autowired": false, "secret": false, "description": "The metadata about the source event, for example table name, database name, log position, etc, please refer to the Debezium documentation for more info.", "constantName": "org.apache.camel.component.debezium.DebeziumConstants#HEADER_SOURCE_METADATA" },
    "CamelDebeziumIdentifier": { "kind": "header", "displayName": "", "group": "consumer", "label": "", "required": false, "javaType": "String", "deprecated": false, "deprecationNote": "", "autowired": false, "secret": false, "description": "The identifier of the connector, normally is this format {server-name}.{database-name}.{table-name}.", "constantName": "org.apache.camel.component.debezium.DebeziumConstants#HEADER_IDENTIFIER" },
    "CamelDebeziumKey": { "kind": "header", "displayName": "", "group": "consumer", "label": "", "required": false, "javaType": "Struct", "deprecated": false, "deprecationNote": "", "autowired": false, "secret": false, "description": "The key of the event, normally is the table Primary Key.", "constantName": "org.apache.camel.component.debezium.DebeziumConstants#HEADER_KEY" },
    "CamelDebeziumOperation": { "kind": "header", "displayName": "", "group": "consumer", "label": "", "required": false, "javaType": "String", "deprecated": false, "deprecationNote": "", "autowired": false, "secret": false, "description": "If presents, the type of event operation. Values for the connector are c for create (or insert), u for update, d for delete or r for read (in the case of a initial sync) or in case of a snapshot event.", "constantName": "org.apache.camel.component.debezium.DebeziumConstants#HEADER_OPERATION" },
    "CamelDebeziumTimestamp": { "kind": "header", "displayName": "", "group": "consumer", "label": "", "required": false, "javaType": "Long", "deprecated": false, "deprecationNote": "", "autowired": false, "secret": false, "description": "If presents, the time (using the system clock in the JVM) at which the connector processed the event.", "constantName": "org.apache.camel.component.debezium.DebeziumConstants#HEADER_TIMESTAMP" },
    "CamelDebeziumBefore": { "kind": "header", "displayName": "", "group": "consumer", "label": "", "required": false, "javaType": "Struct", "deprecated": false, "deprecationNote": "", "autowired": false, "secret": false, "description": "If presents, contains the state of the row before the event occurred.", "constantName": "org.apache.camel.component.debezium.DebeziumConstants#HEADER_BEFORE" },
    "CamelDebeziumDdlSQL": { "kind": "header", "displayName": "", "group": "consumer", "label": "", "required": false, "javaType": "String", "deprecated": false, "deprecationNote": "", "autowired": false, "secret": false, "description": "If presents, the ddl sql text of the event.", "constantName": "org.apache.camel.component.debezium.DebeziumConstants#HEADER_DDL_SQL" }
  },
  "properties": {
    "name": { "kind": "path", "displayName": "Name", "group": "consumer", "label": "consumer", "required": true, "type": "string", "javaType": "java.lang.String", "deprecated": false, "deprecationNote": "", "autowired": false, "secret": false, "configurationClass": "org.apache.camel.component.debezium.configuration.MongoDbConnectorEmbeddedDebeziumConfiguration", "configurationField": "configuration", "description": "Unique name for the connector. Attempting to register again with the same name will fail." },
    "additionalProperties": { "kind": "parameter", "displayName": "Additional Properties", "group": "common", "label": "common", "required": false, "type": "object", "javaType": "java.util.Map<java.lang.String, java.lang.Object>", "prefix": "additionalProperties.", "multiValue": true, "deprecated": false, "autowired": false, "secret": false, "configurationClass": "org.apache.camel.component.debezium.configuration.MongoDbConnectorEmbeddedDebeziumConfiguration", "configurationField": "configuration", "description": "Additional properties for debezium components in case they can't be set directly on the camel configurations (e.g: setting Kafka Connect properties needed by Debezium engine, for example setting KafkaOffsetBackingStore), the properties have to be prefixed with additionalProperties.. E.g: additionalProperties.transactional.id=12345&additionalProperties.schema.registry.url=http:\/\/localhost:8811\/avro" },
    "internalKeyConverter": { "kind": "parameter", "displayName": "Internal Key Converter", "group": "consumer", "label": "consumer", "required": false, "type": "string", "javaType": "java.lang.String", "deprecated": false, "autowired": false, "secret": false, "defaultValue": "org.apache.kafka.connect.json.JsonConverter", "configurationClass": "org.apache.camel.component.debezium.configuration.MongoDbConnectorEmbeddedDebeziumConfiguration", "configurationField": "configuration", "description": "The Converter class that should be used to serialize and deserialize key data for offsets. The default is JSON converter." },
    "internalValueConverter": { "kind": "parameter", "displayName": "Internal Value Converter", "group": "consumer", "label": "consumer", "required": false, "type": "string", "javaType": "java.lang.String", "deprecated": false, "autowired": false, "secret": false, "defaultValue": "org.apache.kafka.connect.json.JsonConverter", "configurationClass": "org.apache.camel.component.debezium.configuration.MongoDbConnectorEmbeddedDebeziumConfiguration", "configurationField": "configuration", "description": "The Converter class that should be used to serialize and deserialize value data for offsets. The default is JSON converter." },
    "offsetCommitPolicy": { "kind": "parameter", "displayName": "Offset Commit Policy", "group": "consumer", "label": "consumer", "required": false, "type": "string", "javaType": "java.lang.String", "deprecated": false, "autowired": false, "secret": false, "configurationClass": "org.apache.camel.component.debezium.configuration.MongoDbConnectorEmbeddedDebeziumConfiguration", "configurationField": "configuration", "description": "The name of the Java class of the commit policy. It defines when offsets commit has to be triggered based on the number of events processed and the time elapsed since the last commit. This class must implement the interface 'OffsetCommitPolicy'. The default is a periodic commit policy based upon time intervals." },
    "offsetCommitTimeoutMs": { "kind": "parameter", "displayName": "Offset Commit Timeout Ms", "group": "consumer", "label": "consumer", "required": false, "type": "duration", "javaType": "long", "deprecated": false, "autowired": false, "secret": false, "defaultValue": "5000", "configurationClass": "org.apache.camel.component.debezium.configuration.MongoDbConnectorEmbeddedDebeziumConfiguration", "configurationField": "configuration", "description": "Maximum number of milliseconds to wait for records to flush and partition offset data to be committed to offset storage before cancelling the process and restoring the offset data to be committed in a future attempt. The default is 5 seconds." },
    "offsetFlushIntervalMs": { "kind": "parameter", "displayName": "Offset Flush Interval Ms", "group": "consumer", "label": "consumer", "required": false, "type": "duration", "javaType": "long", "deprecated": false, "autowired": false, "secret": false, "defaultValue": "60000", "configurationClass": "org.apache.camel.component.debezium.configuration.MongoDbConnectorEmbeddedDebeziumConfiguration", "configurationField": "configuration", "description": "Interval at which to try committing offsets. The default is 1 minute." },
    "offsetStorage": { "kind": "parameter", "displayName": "Offset Storage", "group": "consumer", "label": "consumer", "required": false, "type": "string", "javaType": "java.lang.String", "deprecated": false, "autowired": false, "secret": false, "defaultValue": "org.apache.kafka.connect.storage.FileOffsetBackingStore", "configurationClass": "org.apache.camel.component.debezium.configuration.MongoDbConnectorEmbeddedDebeziumConfiguration", "configurationField": "configuration", "description": "The name of the Java class that is responsible for persistence of connector offsets." },
    "offsetStorageFileName": { "kind": "parameter", "displayName": "Offset Storage File Name", "group": "consumer", "label": "consumer", "required": false, "type": "string", "javaType": "java.lang.String", "deprecated": false, "autowired": false, "secret": false, "configurationClass": "org.apache.camel.component.debezium.configuration.MongoDbConnectorEmbeddedDebeziumConfiguration", "configurationField": "configuration", "description": "Path to file where offsets are to be stored. Required when offset.storage is set to the FileOffsetBackingStore." },
    "offsetStoragePartitions": { "kind": "parameter", "displayName": "Offset Storage Partitions", "group": "consumer", "label": "consumer", "required": false, "type": "integer", "javaType": "int", "deprecated": false, "autowired": false, "secret": false, "configurationClass": "org.apache.camel.component.debezium.configuration.MongoDbConnectorEmbeddedDebeziumConfiguration", "configurationField": "configuration", "description": "The number of partitions used when creating the offset storage topic. Required when offset.storage is set to the 'KafkaOffsetBackingStore'." },
    "offsetStorageReplicationFactor": { "kind": "parameter", "displayName": "Offset Storage Replication Factor", "group": "consumer", "label": "consumer", "required": false, "type": "integer", "javaType": "int", "deprecated": false, "autowired": false, "secret": false, "configurationClass": "org.apache.camel.component.debezium.configuration.MongoDbConnectorEmbeddedDebeziumConfiguration", "configurationField": "configuration", "description": "Replication factor used when creating the offset storage topic. Required when offset.storage is set to the KafkaOffsetBackingStore" },
    "offsetStorageTopic": { "kind": "parameter", "displayName": "Offset Storage Topic", "group": "consumer", "label": "consumer", "required": false, "type": "string", "javaType": "java.lang.String", "deprecated": false, "autowired": false, "secret": false, "configurationClass": "org.apache.camel.component.debezium.configuration.MongoDbConnectorEmbeddedDebeziumConfiguration", "configurationField": "configuration", "description": "The name of the Kafka topic where offsets are to be stored. Required when offset.storage is set to the KafkaOffsetBackingStore." },
    "bridgeErrorHandler": { "kind": "parameter", "displayName": "Bridge Error Handler", "group": "consumer (advanced)", "label": "consumer,advanced", "required": false, "type": "boolean", "javaType": "boolean", "deprecated": false, "autowired": false, "secret": false, "defaultValue": false, "description": "Allows for bridging the consumer to the Camel routing Error Handler, which mean any exceptions occurred while the consumer is trying to pickup incoming messages, or the likes, will now be processed as a message and handled by the routing Error Handler. By default the consumer will use the org.apache.camel.spi.ExceptionHandler to deal with exceptions, that will be logged at WARN or ERROR level and ignored." },
    "exceptionHandler": { "kind": "parameter", "displayName": "Exception Handler", "group": "consumer (advanced)", "label": "consumer,advanced", "required": false, "type": "object", "javaType": "org.apache.camel.spi.ExceptionHandler", "optionalPrefix": "consumer.", "deprecated": false, "autowired": false, "secret": false, "description": "To let the consumer use a custom ExceptionHandler. Notice if the option bridgeErrorHandler is enabled then this option is not in use. By default the consumer will deal with exceptions, that will be logged at WARN or ERROR level and ignored." },
    "exchangePattern": { "kind": "parameter", "displayName": "Exchange Pattern", "group": "consumer (advanced)", "label": "consumer,advanced", "required": false, "type": "object", "javaType": "org.apache.camel.ExchangePattern", "enum": [ "InOnly", "InOut", "InOptionalOut" ], "deprecated": false, "autowired": false, "secret": false, "description": "Sets the exchange pattern when the consumer creates an exchange." },
    "captureMode": { "kind": "parameter", "displayName": "Capture Mode", "group": "mongodb", "label": "consumer,mongodb", "required": false, "type": "string", "javaType": "java.lang.String", "deprecated": false, "autowired": false, "secret": false, "defaultValue": "change_streams_update_full", "configurationClass": "org.apache.camel.component.debezium.configuration.MongoDbConnectorEmbeddedDebeziumConfiguration", "configurationField": "configuration", "description": "The method used to capture changes from MongoDB server. Options include: 'oplog' to capture changes from the oplog; 'change_streams' to capture changes via MongoDB Change Streams, update events do not contain full documents; 'change_streams_update_full' (the default) to capture changes via MongoDB Change Streams, update events contain full documents" },
    "collectionExcludeList": { "kind": "parameter", "displayName": "Collection Exclude List", "group": "mongodb", "label": "consumer,mongodb", "required": false, "type": "string", "javaType": "java.lang.String", "deprecated": false, "autowired": false, "secret": false, "configurationClass": "org.apache.camel.component.debezium.configuration.MongoDbConnectorEmbeddedDebeziumConfiguration", "configurationField": "configuration", "description": "A comma-separated list of regular expressions that match the collection names for which changes are to be excluded" },
    "collectionIncludeList": { "kind": "parameter", "displayName": "Collection Include List", "group": "mongodb", "label": "consumer,mongodb", "required": false, "type": "string", "javaType": "java.lang.String", "deprecated": false, "autowired": false, "secret": false, "configurationClass": "org.apache.camel.component.debezium.configuration.MongoDbConnectorEmbeddedDebeziumConfiguration", "configurationField": "configuration", "description": "A comma-separated list of regular expressions that match the collection names for which changes are to be captured" },
    "connectBackoffInitialDelayMs": { "kind": "parameter", "displayName": "Connect Backoff Initial Delay Ms", "group": "mongodb", "label": "consumer,mongodb", "required": false, "type": "duration", "javaType": "long", "deprecated": false, "autowired": false, "secret": false, "defaultValue": "1s", "configurationClass": "org.apache.camel.component.debezium.configuration.MongoDbConnectorEmbeddedDebeziumConfiguration", "configurationField": "configuration", "description": "The initial delay when trying to reconnect to a primary after a connection cannot be made or when no primary is available, given in milliseconds. Defaults to 1 second (1,000 ms)." },
    "connectBackoffMaxDelayMs": { "kind": "parameter", "displayName": "Connect Backoff Max Delay Ms", "group": "mongodb", "label": "consumer,mongodb", "required": false, "type": "duration", "javaType": "long", "deprecated": false, "autowired": false, "secret": false, "defaultValue": "2m", "configurationClass": "org.apache.camel.component.debezium.configuration.MongoDbConnectorEmbeddedDebeziumConfiguration", "configurationField": "configuration", "description": "The maximum delay when trying to reconnect to a primary after a connection cannot be made or when no primary is available, given in milliseconds. Defaults to 120 second (120,000 ms)." },
    "connectMaxAttempts": { "kind": "parameter", "displayName": "Connect Max Attempts", "group": "mongodb", "label": "consumer,mongodb", "required": false, "type": "integer", "javaType": "int", "deprecated": false, "autowired": false, "secret": false, "defaultValue": 16, "configurationClass": "org.apache.camel.component.debezium.configuration.MongoDbConnectorEmbeddedDebeziumConfiguration", "configurationField": "configuration", "description": "Maximum number of failed connection attempts to a replica set primary before an exception occurs and task is aborted. Defaults to 16, which with the defaults for 'connect.backoff.initial.delay.ms' and 'connect.backoff.max.delay.ms' results in just over 20 minutes of attempts before failing." },
    "converters": { "kind": "parameter", "displayName": "Converters", "group": "mongodb", "label": "consumer,mongodb", "required": false, "type": "string", "javaType": "java.lang.String", "deprecated": false, "autowired": false, "secret": false, "configurationClass": "org.apache.camel.component.debezium.configuration.MongoDbConnectorEmbeddedDebeziumConfiguration", "configurationField": "configuration", "description": "Optional list of custom converters that would be used instead of default ones. The converters are defined using '.type' config option and configured using options '.'" },
    "cursorMaxAwaitTimeMs": { "kind": "parameter", "displayName": "Cursor Max Await Time Ms", "group": "mongodb", "label": "consumer,mongodb", "required": false, "type": "duration", "javaType": "int", "deprecated": false, "autowired": false, "secret": false, "configurationClass": "org.apache.camel.component.debezium.configuration.MongoDbConnectorEmbeddedDebeziumConfiguration", "configurationField": "configuration", "description": "The maximum processing time in milliseconds to wait for the oplog cursor to process a single poll request" },
    "databaseExcludeList": { "kind": "parameter", "displayName": "Database Exclude List", "group": "mongodb", "label": "consumer,mongodb", "required": false, "type": "string", "javaType": "java.lang.String", "deprecated": false, "autowired": false, "secret": false, "configurationClass": "org.apache.camel.component.debezium.configuration.MongoDbConnectorEmbeddedDebeziumConfiguration", "configurationField": "configuration", "description": "A comma-separated list of regular expressions that match the database names for which changes are to be excluded" },
    "databaseHistoryFileFilename": { "kind": "parameter", "displayName": "Database History File Filename", "group": "mongodb", "label": "consumer,mongodb", "required": false, "type": "string", "javaType": "java.lang.String", "deprecated": false, "autowired": false, "secret": false, "configurationClass": "org.apache.camel.component.debezium.configuration.MongoDbConnectorEmbeddedDebeziumConfiguration", "configurationField": "configuration", "description": "The path to the file that will be used to record the database history" },
    "databaseIncludeList": { "kind": "parameter", "displayName": "Database Include List", "group": "mongodb", "label": "consumer,mongodb", "required": false, "type": "string", "javaType": "java.lang.String", "deprecated": false, "autowired": false, "secret": false, "configurationClass": "org.apache.camel.component.debezium.configuration.MongoDbConnectorEmbeddedDebeziumConfiguration", "configurationField": "configuration", "description": "A comma-separated list of regular expressions that match the database names for which changes are to be captured" },
    "eventProcessingFailureHandlingMode": { "kind": "parameter", "displayName": "Event Processing Failure Handling Mode", "group": "mongodb", "label": "consumer,mongodb", "required": false, "type": "string", "javaType": "java.lang.String", "deprecated": false, "autowired": false, "secret": false, "defaultValue": "fail", "configurationClass": "org.apache.camel.component.debezium.configuration.MongoDbConnectorEmbeddedDebeziumConfiguration", "configurationField": "configuration", "description": "Specify how failures during processing of events (i.e. when encountering a corrupted event) should be handled, including:'fail' (the default) an exception indicating the problematic event and its position is raised, causing the connector to be stopped; 'warn' the problematic event and its position will be logged and the event will be skipped;'ignore' the problematic event will be skipped." },
    "fieldExcludeList": { "kind": "parameter", "displayName": "Field Exclude List", "group": "mongodb", "label": "consumer,mongodb", "required": false, "type": "string", "javaType": "java.lang.String", "deprecated": false, "autowired": false, "secret": false, "configurationClass": "org.apache.camel.component.debezium.configuration.MongoDbConnectorEmbeddedDebeziumConfiguration", "configurationField": "configuration", "description": "A comma-separated list of the fully-qualified names of fields that should be excluded from change event message values" },
    "fieldRenames": { "kind": "parameter", "displayName": "Field Renames", "group": "mongodb", "label": "consumer,mongodb", "required": false, "type": "string", "javaType": "java.lang.String", "deprecated": false, "autowired": false, "secret": false, "configurationClass": "org.apache.camel.component.debezium.configuration.MongoDbConnectorEmbeddedDebeziumConfiguration", "configurationField": "configuration", "description": "A comma-separated list of the fully-qualified replacements of fields that should be used to rename fields in change event message values. Fully-qualified replacements for fields are of the form databaseName.collectionName.fieldName.nestedFieldName:newNestedFieldName, where databaseName and collectionName may contain the wildcard () which matches any characters, the colon character (:) is used to determine rename mapping of field." },
    "heartbeatIntervalMs": { "kind": "parameter", "displayName": "Heartbeat Interval Ms", "group": "mongodb", "label": "consumer,mongodb", "required": false, "type": "duration", "javaType": "int", "deprecated": false, "autowired": false, "secret": false, "defaultValue": "0ms", "configurationClass": "org.apache.camel.component.debezium.configuration.MongoDbConnectorEmbeddedDebeziumConfiguration", "configurationField": "configuration", "description": "Length of an interval in milli-seconds in in which the connector periodically sends heartbeat messages to a heartbeat topic. Use 0 to disable heartbeat messages. Disabled by default." },
    "heartbeatTopicsPrefix": { "kind": "parameter", "displayName": "Heartbeat Topics Prefix", "group": "mongodb", "label": "consumer,mongodb", "required": false, "type": "string", "javaType": "java.lang.String", "deprecated": false, "autowired": false, "secret": false, "defaultValue": "__debezium-heartbeat", "configurationClass": "org.apache.camel.component.debezium.configuration.MongoDbConnectorEmbeddedDebeziumConfiguration", "configurationField": "configuration", "description": "The prefix that is used to name heartbeat topics.Defaults to __debezium-heartbeat." },
    "maxBatchSize": { "kind": "parameter", "displayName": "Max Batch Size", "group": "mongodb", "label": "consumer,mongodb", "required": false, "type": "integer", "javaType": "int", "deprecated": false, "autowired": false, "secret": false, "defaultValue": 2048, "configurationClass": "org.apache.camel.component.debezium.configuration.MongoDbConnectorEmbeddedDebeziumConfiguration", "configurationField": "configuration", "description": "Maximum size of each batch of source records. Defaults to 2048." },
    "maxQueueSize": { "kind": "parameter", "displayName": "Max Queue Size", "group": "mongodb", "label": "consumer,mongodb", "required": false, "type": "integer", "javaType": "int", "deprecated": false, "autowired": false, "secret": false, "defaultValue": 8192, "configurationClass": "org.apache.camel.component.debezium.configuration.MongoDbConnectorEmbeddedDebeziumConfiguration", "configurationField": "configuration", "description": "Maximum size of the queue for change events read from the database log but not yet recorded or forwarded. Defaults to 8192, and should always be larger than the maximum batch size." },
    "maxQueueSizeInBytes": { "kind": "parameter", "displayName": "Max Queue Size In Bytes", "group": "mongodb", "label": "consumer,mongodb", "required": false, "type": "integer", "javaType": "long", "deprecated": false, "autowired": false, "secret": false, "defaultValue": 0, "configurationClass": "org.apache.camel.component.debezium.configuration.MongoDbConnectorEmbeddedDebeziumConfiguration", "configurationField": "configuration", "description": "Maximum size of the queue in bytes for change events read from the database log but not yet recorded or forwarded. Defaults to 0. Mean the feature is not enabled" },
    "mongodbAuthsource": { "kind": "parameter", "displayName": "Mongodb Authsource", "group": "mongodb", "label": "consumer,mongodb", "required": false, "type": "string", "javaType": "java.lang.String", "deprecated": false, "autowired": false, "secret": false, "defaultValue": "admin", "configurationClass": "org.apache.camel.component.debezium.configuration.MongoDbConnectorEmbeddedDebeziumConfiguration", "configurationField": "configuration", "description": "Database containing user credentials." },
    "mongodbConnectTimeoutMs": { "kind": "parameter", "displayName": "Mongodb Connect Timeout Ms", "group": "mongodb", "label": "consumer,mongodb", "required": false, "type": "duration", "javaType": "int", "deprecated": false, "autowired": false, "secret": false, "defaultValue": "10s", "configurationClass": "org.apache.camel.component.debezium.configuration.MongoDbConnectorEmbeddedDebeziumConfiguration", "configurationField": "configuration", "description": "The connection timeout, given in milliseconds. Defaults to 10 seconds (10,000 ms)." },
    "mongodbHosts": { "kind": "parameter", "displayName": "Mongodb Hosts", "group": "mongodb", "label": "consumer,mongodb", "required": false, "type": "string", "javaType": "java.lang.String", "deprecated": false, "autowired": false, "secret": false, "configurationClass": "org.apache.camel.component.debezium.configuration.MongoDbConnectorEmbeddedDebeziumConfiguration", "configurationField": "configuration", "description": "The hostname and port pairs (in the form 'host' or 'host:port') of the MongoDB server(s) in the replica set." },
    "mongodbMembersAutoDiscover": { "kind": "parameter", "displayName": "Mongodb Members Auto Discover", "group": "mongodb", "label": "consumer,mongodb", "required": false, "type": "boolean", "javaType": "boolean", "deprecated": false, "autowired": false, "secret": false, "defaultValue": true, "configurationClass": "org.apache.camel.component.debezium.configuration.MongoDbConnectorEmbeddedDebeziumConfiguration", "configurationField": "configuration", "description": "Specifies whether the addresses in 'hosts' are seeds that should be used to discover all members of the cluster or replica set ('true'), or whether the address(es) in 'hosts' should be used as is ('false'). The default is 'true'." },
    "mongodbName": { "kind": "parameter", "displayName": "Mongodb Name", "group": "mongodb", "label": "consumer,mongodb", "required": true, "type": "string", "javaType": "java.lang.String", "deprecated": false, "deprecationNote": "", "autowired": false, "secret": false, "configurationClass": "org.apache.camel.component.debezium.configuration.MongoDbConnectorEmbeddedDebeziumConfiguration", "configurationField": "configuration", "description": "Unique name that identifies the MongoDB replica set or cluster and all recorded offsets, and that is used as a prefix for all schemas and topics. Each distinct MongoDB installation should have a separate namespace and monitored by at most one Debezium connector." },
    "mongodbPassword": { "kind": "parameter", "displayName": "Mongodb Password", "group": "mongodb", "label": "consumer,mongodb", "required": true, "type": "string", "javaType": "java.lang.String", "deprecated": false, "deprecationNote": "", "autowired": false, "secret": false, "configurationClass": "org.apache.camel.component.debezium.configuration.MongoDbConnectorEmbeddedDebeziumConfiguration", "configurationField": "configuration", "description": "Password to be used when connecting to MongoDB, if necessary." },
    "mongodbPollIntervalMs": { "kind": "parameter", "displayName": "Mongodb Poll Interval Ms", "group": "mongodb", "label": "consumer,mongodb", "required": false, "type": "duration", "javaType": "long", "deprecated": false, "autowired": false, "secret": false, "defaultValue": "30s", "configurationClass": "org.apache.camel.component.debezium.configuration.MongoDbConnectorEmbeddedDebeziumConfiguration", "configurationField": "configuration", "description": "Interval for looking for new, removed, or changed replica sets, given in milliseconds. Defaults to 30 seconds (30,000 ms)." },
    "mongodbServerSelectionTimeoutMs": { "kind": "parameter", "displayName": "Mongodb Server Selection Timeout Ms", "group": "mongodb", "label": "consumer,mongodb", "required": false, "type": "duration", "javaType": "int", "deprecated": false, "autowired": false, "secret": false, "defaultValue": "30s", "configurationClass": "org.apache.camel.component.debezium.configuration.MongoDbConnectorEmbeddedDebeziumConfiguration", "configurationField": "configuration", "description": "The server selection timeout, given in milliseconds. Defaults to 10 seconds (10,000 ms)." },
    "mongodbSocketTimeoutMs": { "kind": "parameter", "displayName": "Mongodb Socket Timeout Ms", "group": "mongodb", "label": "consumer,mongodb", "required": false, "type": "duration", "javaType": "int", "deprecated": false, "autowired": false, "secret": false, "defaultValue": "0ms", "configurationClass": "org.apache.camel.component.debezium.configuration.MongoDbConnectorEmbeddedDebeziumConfiguration", "configurationField": "configuration", "description": "The socket timeout, given in milliseconds. Defaults to 0 ms." },
    "mongodbSslEnabled": { "kind": "parameter", "displayName": "Mongodb Ssl Enabled", "group": "mongodb", "label": "consumer,mongodb", "required": false, "type": "boolean", "javaType": "boolean", "deprecated": false, "autowired": false, "secret": false, "defaultValue": false, "configurationClass": "org.apache.camel.component.debezium.configuration.MongoDbConnectorEmbeddedDebeziumConfiguration", "configurationField": "configuration", "description": "Should connector use SSL to connect to MongoDB instances" },
    "mongodbSslInvalidHostnameAllowed": { "kind": "parameter", "displayName": "Mongodb Ssl Invalid Hostname Allowed", "group": "mongodb", "label": "consumer,mongodb", "required": false, "type": "boolean", "javaType": "boolean", "deprecated": false, "autowired": false, "secret": false, "defaultValue": false, "configurationClass": "org.apache.camel.component.debezium.configuration.MongoDbConnectorEmbeddedDebeziumConfiguration", "configurationField": "configuration", "description": "Whether invalid host names are allowed when using SSL. If true the connection will not prevent man-in-the-middle attacks" },
    "mongodbUser": { "kind": "parameter", "displayName": "Mongodb User", "group": "mongodb", "label": "consumer,mongodb", "required": false, "type": "string", "javaType": "java.lang.String", "deprecated": false, "autowired": false, "secret": false, "configurationClass": "org.apache.camel.component.debezium.configuration.MongoDbConnectorEmbeddedDebeziumConfiguration", "configurationField": "configuration", "description": "Database user for connecting to MongoDB, if necessary." },
    "pollIntervalMs": { "kind": "parameter", "displayName": "Poll Interval Ms", "group": "mongodb", "label": "consumer,mongodb", "required": false, "type": "duration", "javaType": "long", "deprecated": false, "autowired": false, "secret": false, "defaultValue": "500ms", "configurationClass": "org.apache.camel.component.debezium.configuration.MongoDbConnectorEmbeddedDebeziumConfiguration", "configurationField": "configuration", "description": "Time to wait for new change events to appear after receiving no events, given in milliseconds. Defaults to 500 ms." },
    "provideTransactionMetadata": { "kind": "parameter", "displayName": "Provide Transaction Metadata", "group": "mongodb", "label": "consumer,mongodb", "required": false, "type": "boolean", "javaType": "boolean", "deprecated": false, "autowired": false, "secret": false, "defaultValue": false, "configurationClass": "org.apache.camel.component.debezium.configuration.MongoDbConnectorEmbeddedDebeziumConfiguration", "configurationField": "configuration", "description": "Enables transaction metadata extraction together with event counting" },
    "queryFetchSize": { "kind": "parameter", "displayName": "Query Fetch Size", "group": "mongodb", "label": "consumer,mongodb", "required": false, "type": "integer", "javaType": "int", "deprecated": false, "autowired": false, "secret": false, "defaultValue": 0, "configurationClass": "org.apache.camel.component.debezium.configuration.MongoDbConnectorEmbeddedDebeziumConfiguration", "configurationField": "configuration", "description": "The maximum number of records that should be loaded into memory while streaming. A value of 0 uses the default JDBC fetch size." },
    "retriableRestartConnectorWaitMs": { "kind": "parameter", "displayName": "Retriable Restart Connector Wait Ms", "group": "mongodb", "label": "consumer,mongodb", "required": false, "type": "duration", "javaType": "long", "deprecated": false, "autowired": false, "secret": false, "defaultValue": "10s", "configurationClass": "org.apache.camel.component.debezium.configuration.MongoDbConnectorEmbeddedDebeziumConfiguration", "configurationField": "configuration", "description": "Time to wait before restarting connector after retriable exception occurs. Defaults to 10000ms." },
    "sanitizeFieldNames": { "kind": "parameter", "displayName": "Sanitize Field Names", "group": "mongodb", "label": "consumer,mongodb", "required": false, "type": "boolean", "javaType": "boolean", "deprecated": false, "autowired": false, "secret": false, "defaultValue": false, "configurationClass": "org.apache.camel.component.debezium.configuration.MongoDbConnectorEmbeddedDebeziumConfiguration", "configurationField": "configuration", "description": "Whether field names will be sanitized to Avro naming conventions" },
    "schemaNameAdjustmentMode": { "kind": "parameter", "displayName": "Schema Name Adjustment Mode", "group": "mongodb", "label": "consumer,mongodb", "required": false, "type": "string", "javaType": "java.lang.String", "deprecated": false, "autowired": false, "secret": false, "defaultValue": "avro", "configurationClass": "org.apache.camel.component.debezium.configuration.MongoDbConnectorEmbeddedDebeziumConfiguration", "configurationField": "configuration", "description": "Specify how schema names should be adjusted for compatibility with the message converter used by the connector, including:'avro' replaces the characters that cannot be used in the Avro type name with underscore (default)'none' does not apply any adjustment" },
    "signalDataCollection": { "kind": "parameter", "displayName": "Signal Data Collection", "group": "mongodb", "label": "consumer,mongodb", "required": false, "type": "string", "javaType": "java.lang.String", "deprecated": false, "autowired": false, "secret": false, "configurationClass": "org.apache.camel.component.debezium.configuration.MongoDbConnectorEmbeddedDebeziumConfiguration", "configurationField": "configuration", "description": "The name of the data collection that is used to send signals\/commands to Debezium. Signaling is disabled when not set." },
    "skippedOperations": { "kind": "parameter", "displayName": "Skipped Operations", "group": "mongodb", "label": "consumer,mongodb", "required": false, "type": "string", "javaType": "java.lang.String", "deprecated": false, "autowired": false, "secret": false, "configurationClass": "org.apache.camel.component.debezium.configuration.MongoDbConnectorEmbeddedDebeziumConfiguration", "configurationField": "configuration", "description": "The comma-separated list of operations to skip during streaming, defined as: 'c' for inserts\/create; 'u' for updates; 'd' for deletes, 't' for truncates, and 'none' to indicate nothing skipped. By default, no operations will be skipped." },
    "snapshotCollectionFilterOverrides": { "kind": "parameter", "displayName": "Snapshot Collection Filter Overrides", "group": "mongodb", "label": "consumer,mongodb", "required": false, "type": "string", "javaType": "java.lang.String", "deprecated": false, "autowired": false, "secret": false, "configurationClass": "org.apache.camel.component.debezium.configuration.MongoDbConnectorEmbeddedDebeziumConfiguration", "configurationField": "configuration", "description": "This property contains a comma-separated list of ., for which the initial snapshot may be a subset of data present in the data source. The subset would be defined by mongodb filter query specified as value for property snapshot.collection.filter.override.." },
    "snapshotDelayMs": { "kind": "parameter", "displayName": "Snapshot Delay Ms", "group": "mongodb", "label": "consumer,mongodb", "required": false, "type": "duration", "javaType": "long", "deprecated": false, "autowired": false, "secret": false, "defaultValue": "0ms", "configurationClass": "org.apache.camel.component.debezium.configuration.MongoDbConnectorEmbeddedDebeziumConfiguration", "configurationField": "configuration", "description": "A delay period before a snapshot will begin, given in milliseconds. Defaults to 0 ms." },
    "snapshotFetchSize": { "kind": "parameter", "displayName": "Snapshot Fetch Size", "group": "mongodb", "label": "consumer,mongodb", "required": false, "type": "integer", "javaType": "int", "deprecated": false, "autowired": false, "secret": false, "configurationClass": "org.apache.camel.component.debezium.configuration.MongoDbConnectorEmbeddedDebeziumConfiguration", "configurationField": "configuration", "description": "The maximum number of records that should be loaded into memory while performing a snapshot" },
    "snapshotIncludeCollectionList": { "kind": "parameter", "displayName": "Snapshot Include Collection List", "group": "mongodb", "label": "consumer,mongodb", "required": false, "type": "string", "javaType": "java.lang.String", "deprecated": false, "autowired": false, "secret": false, "configurationClass": "org.apache.camel.component.debezium.configuration.MongoDbConnectorEmbeddedDebeziumConfiguration", "configurationField": "configuration", "description": "this setting must be set to specify a list of tables\/collections whose snapshot must be taken on creating or restarting the connector." },
    "snapshotMaxThreads": { "kind": "parameter", "displayName": "Snapshot Max Threads", "group": "mongodb", "label": "consumer,mongodb", "required": false, "type": "integer", "javaType": "int", "deprecated": false, "autowired": false, "secret": false, "defaultValue": 1, "configurationClass": "org.apache.camel.component.debezium.configuration.MongoDbConnectorEmbeddedDebeziumConfiguration", "configurationField": "configuration", "description": "The maximum number of threads used to perform the snapshot. Defaults to 1." },
    "snapshotMode": { "kind": "parameter", "displayName": "Snapshot Mode", "group": "mongodb", "label": "consumer,mongodb", "required": false, "type": "string", "javaType": "java.lang.String", "deprecated": false, "autowired": false, "secret": false, "defaultValue": "initial", "configurationClass": "org.apache.camel.component.debezium.configuration.MongoDbConnectorEmbeddedDebeziumConfiguration", "configurationField": "configuration", "description": "The criteria for running a snapshot upon startup of the connector. Options include: 'initial' (the default) to specify the connector should always perform an initial sync when required; 'never' to specify the connector should never perform an initial sync" },
    "sourceStructVersion": { "kind": "parameter", "displayName": "Source Struct Version", "group": "mongodb", "label": "consumer,mongodb", "required": false, "type": "string", "javaType": "java.lang.String", "deprecated": false, "autowired": false, "secret": false, "defaultValue": "v2", "configurationClass": "org.apache.camel.component.debezium.configuration.MongoDbConnectorEmbeddedDebeziumConfiguration", "configurationField": "configuration", "description": "A version of the format of the publicly visible source part in the message" },
    "tombstonesOnDelete": { "kind": "parameter", "displayName": "Tombstones On Delete", "group": "mongodb", "label": "consumer,mongodb", "required": false, "type": "boolean", "javaType": "boolean", "deprecated": false, "autowired": false, "secret": false, "defaultValue": false, "configurationClass": "org.apache.camel.component.debezium.configuration.MongoDbConnectorEmbeddedDebeziumConfiguration", "configurationField": "configuration", "description": "Whether delete operations should be represented by a delete event and a subsquenttombstone event (true) or only by a delete event (false). Emitting the tombstone event (the default behavior) allows Kafka to completely delete all events pertaining to the given key once the source record got deleted." },
    "transactionTopic": { "kind": "parameter", "displayName": "Transaction Topic", "group": "mongodb", "label": "consumer,mongodb", "required": false, "type": "string", "javaType": "java.lang.String", "deprecated": false, "autowired": false, "secret": false, "defaultValue": "${database.server.name}.transaction", "configurationClass": "org.apache.camel.component.debezium.configuration.MongoDbConnectorEmbeddedDebeziumConfiguration", "configurationField": "configuration", "description": "The name of the transaction metadata topic. The placeholder ${database.server.name} can be used for referring to the connector's logical name; defaults to ${database.server.name}.transaction." }
  }
}
