{
  "component": {
    "kind": "component",
    "name": "drill",
    "title": "Drill",
    "description": "Perform queries against an Apache Drill cluster.",
    "deprecated": false,
    "firstVersion": "2.19.0",
    "label": "database,sql",
    "javaType": "org.apache.camel.component.drill.DrillComponent",
    "supportLevel": "Stable",
    "groupId": "org.apache.camel",
    "artifactId": "camel-drill",
    "version": "3.21.0-SNAPSHOT",
    "scheme": "drill",
    "extendsScheme": "",
    "syntax": "drill:host",
    "async": false,
    "api": false,
    "consumerOnly": false,
    "producerOnly": true,
    "lenientProperties": false
  },
  "componentProperties": {
    "lazyStartProducer": { "kind": "property", "displayName": "Lazy Start Producer", "group": "producer", "label": "producer", "required": false, "type": "boolean", "javaType": "boolean", "deprecated": false, "autowired": false, "secret": false, "defaultValue": false, "description": "Whether the producer should be started lazy (on the first message). By starting lazy you can use this to allow CamelContext and routes to startup in situations where a producer may otherwise fail during starting and cause the route to fail being started. By deferring this startup to be lazy then the startup failure can be handled during routing messages via Camel's routing error handlers. Beware that when the first message is processed then creating and starting the producer may take a little time and prolong the total processing time of the processing." },
    "autowiredEnabled": { "kind": "property", "displayName": "Autowired Enabled", "group": "advanced", "label": "advanced", "required": false, "type": "boolean", "javaType": "boolean", "deprecated": false, "autowired": false, "secret": false, "defaultValue": true, "description": "Whether autowiring is enabled. This is used for automatic autowiring options (the option must be marked as autowired) by looking up in the registry to find if there is a single instance of matching type, which then gets configured on the component. This can be used for automatic configuring JDBC data sources, JMS connection factories, AWS Clients, etc." }
  },
  "headers": {
    "CamelDrillQuery": { "kind": "header", "displayName": "", "group": "producer", "label": "", "required": false, "javaType": "String", "deprecated": false, "deprecationNote": "", "autowired": false, "secret": false, "description": "The drill query", "constantName": "org.apache.camel.component.drill.DrillConstants#DRILL_QUERY" }
  },
  "properties": {
    "host": { "kind": "path", "displayName": "Host", "group": "producer", "label": "", "required": true, "type": "string", "javaType": "java.lang.String", "deprecated": false, "deprecationNote": "", "autowired": false, "secret": false, "description": "Host name or IP address" },
    "clusterId": { "kind": "parameter", "displayName": "Cluster Id", "group": "producer", "label": "", "required": false, "type": "string", "javaType": "java.lang.String", "deprecated": false, "autowired": false, "secret": false, "description": "Cluster ID https:\/\/drill.apache.org\/docs\/using-the-jdbc-driver\/#determining-the-cluster-id" },
    "directory": { "kind": "parameter", "displayName": "Directory", "group": "producer", "label": "", "required": false, "type": "string", "javaType": "java.lang.String", "deprecated": false, "autowired": false, "secret": false, "description": "Drill directory" },
    "mode": { "kind": "parameter", "displayName": "Mode", "group": "producer", "label": "", "required": false, "type": "object", "javaType": "org.apache.camel.component.drill.DrillConnectionMode", "enum": [ "ZK", "DRILLBIT" ], "deprecated": false, "autowired": false, "secret": false, "defaultValue": "ZK", "description": "Connection mode: zk: Zookeeper drillbit: Drillbit direct connection https:\/\/drill.apache.org\/docs\/using-the-jdbc-driver\/" },
    "port": { "kind": "parameter", "displayName": "Port", "group": "producer", "label": "", "required": false, "type": "integer", "javaType": "java.lang.Integer", "deprecated": false, "deprecationNote": "", "autowired": false, "secret": false, "defaultValue": "2181", "description": "Port number" },
    "lazyStartProducer": { "kind": "parameter", "displayName": "Lazy Start Producer", "group": "producer (advanced)", "label": "producer,advanced", "required": false, "type": "boolean", "javaType": "boolean", "deprecated": false, "autowired": false, "secret": false, "defaultValue": false, "description": "Whether the producer should be started lazy (on the first message). By starting lazy you can use this to allow CamelContext and routes to startup in situations where a producer may otherwise fail during starting and cause the route to fail being started. By deferring this startup to be lazy then the startup failure can be handled during routing messages via Camel's routing error handlers. Beware that when the first message is processed then creating and starting the producer may take a little time and prolong the total processing time of the processing." }
  }
}
