{
  "component": {
    "kind": "component",
    "name": "grape",
    "title": "Grape",
    "description": "Fetch, load and manage additional jars dynamically after Camel Context was started.",
    "deprecated": false,
    "firstVersion": "2.16.0",
    "label": "management,deployment",
    "javaType": "org.apache.camel.component.grape.GrapeComponent",
    "supportLevel": "Stable",
    "groupId": "org.apache.camel",
    "artifactId": "camel-grape",
    "version": "3.21.0-SNAPSHOT",
    "scheme": "grape",
    "extendsScheme": "",
    "syntax": "grape:defaultCoordinates",
    "async": false,
    "api": false,
    "consumerOnly": false,
    "producerOnly": true,
    "lenientProperties": false
  },
  "componentProperties": {
    "lazyStartProducer": { "kind": "property", "displayName": "Lazy Start Producer", "group": "producer", "label": "producer", "required": false, "type": "boolean", "javaType": "boolean", "deprecated": false, "autowired": false, "secret": false, "defaultValue": false, "description": "Whether the producer should be started lazy (on the first message). By starting lazy you can use this to allow CamelContext and routes to startup in situations where a producer may otherwise fail during starting and cause the route to fail being started. By deferring this startup to be lazy then the startup failure can be handled during routing messages via Camel's routing error handlers. Beware that when the first message is processed then creating and starting the producer may take a little time and prolong the total processing time of the processing." },
    "autowiredEnabled": { "kind": "property", "displayName": "Autowired Enabled", "group": "advanced", "label": "advanced", "required": false, "type": "boolean", "javaType": "boolean", "deprecated": false, "autowired": false, "secret": false, "defaultValue": true, "description": "Whether autowiring is enabled. This is used for automatic autowiring options (the option must be marked as autowired) by looking up in the registry to find if there is a single instance of matching type, which then gets configured on the component. This can be used for automatic configuring JDBC data sources, JMS connection factories, AWS Clients, etc." },
    "patchesRepository": { "kind": "property", "displayName": "Patches Repository", "group": "advanced", "label": "advanced", "required": false, "type": "object", "javaType": "org.apache.camel.component.grape.PatchesRepository", "deprecated": false, "autowired": false, "secret": false, "description": "Implementation of org.apache.camel.component.grape.PatchesRepository, by default: FilePatchesRepository" }
  },
  "headers": {
    "CamelGrapeCommand": { "kind": "header", "displayName": "", "group": "producer", "label": "", "required": false, "javaType": "org.apache.camel.component.grape.GrapeCommand", "enum": [ "grab", "listPatches", "clearPatches" ], "deprecated": false, "deprecationNote": "", "autowired": false, "secret": false, "defaultValue": "grab", "description": "The command to be performed by the Grape endpoint.", "constantName": "org.apache.camel.component.grape.GrapeConstants#GRAPE_COMMAND" }
  },
  "properties": {
    "defaultCoordinates": { "kind": "path", "displayName": "Default Coordinates", "group": "producer", "label": "", "required": true, "type": "string", "javaType": "java.lang.String", "deprecated": false, "deprecationNote": "", "autowired": false, "secret": false, "description": "Maven coordinates to use as default to grab if the message body is empty." },
    "lazyStartProducer": { "kind": "parameter", "displayName": "Lazy Start Producer", "group": "producer (advanced)", "label": "producer,advanced", "required": false, "type": "boolean", "javaType": "boolean", "deprecated": false, "autowired": false, "secret": false, "defaultValue": false, "description": "Whether the producer should be started lazy (on the first message). By starting lazy you can use this to allow CamelContext and routes to startup in situations where a producer may otherwise fail during starting and cause the route to fail being started. By deferring this startup to be lazy then the startup failure can be handled during routing messages via Camel's routing error handlers. Beware that when the first message is processed then creating and starting the producer may take a little time and prolong the total processing time of the processing." }
  }
}
