{
  "component": {
    "kind": "component",
    "name": "jolt",
    "title": "JOLT",
    "description": "JSON to JSON transformation using JOLT.",
    "deprecated": false,
    "firstVersion": "2.16.0",
    "label": "transformation",
    "javaType": "org.apache.camel.component.jolt.JoltComponent",
    "supportLevel": "Stable",
    "groupId": "org.apache.camel",
    "artifactId": "camel-jolt",
    "version": "3.21.0-SNAPSHOT",
    "scheme": "jolt",
    "extendsScheme": "",
    "syntax": "jolt:resourceUri",
    "async": false,
    "api": false,
    "consumerOnly": false,
    "producerOnly": true,
    "lenientProperties": false
  },
  "componentProperties": {
    "allowTemplateFromHeader": { "kind": "property", "displayName": "Allow Template From Header", "group": "producer", "label": "", "required": false, "type": "boolean", "javaType": "boolean", "deprecated": false, "autowired": false, "secret": false, "defaultValue": false, "description": "Whether to allow to use resource template from header or not (default false). Enabling this allows to specify dynamic templates via message header. However this can be seen as a potential security vulnerability if the header is coming from a malicious user, so use this with care." },
    "lazyStartProducer": { "kind": "property", "displayName": "Lazy Start Producer", "group": "producer", "label": "producer", "required": false, "type": "boolean", "javaType": "boolean", "deprecated": false, "autowired": false, "secret": false, "defaultValue": false, "description": "Whether the producer should be started lazy (on the first message). By starting lazy you can use this to allow CamelContext and routes to startup in situations where a producer may otherwise fail during starting and cause the route to fail being started. By deferring this startup to be lazy then the startup failure can be handled during routing messages via Camel's routing error handlers. Beware that when the first message is processed then creating and starting the producer may take a little time and prolong the total processing time of the processing." },
    "autowiredEnabled": { "kind": "property", "displayName": "Autowired Enabled", "group": "advanced", "label": "advanced", "required": false, "type": "boolean", "javaType": "boolean", "deprecated": false, "autowired": false, "secret": false, "defaultValue": true, "description": "Whether autowiring is enabled. This is used for automatic autowiring options (the option must be marked as autowired) by looking up in the registry to find if there is a single instance of matching type, which then gets configured on the component. This can be used for automatic configuring JDBC data sources, JMS connection factories, AWS Clients, etc." },
    "transform": { "kind": "property", "displayName": "Transform", "group": "advanced", "label": "advanced", "required": false, "type": "object", "javaType": "com.bazaarvoice.jolt.Transform", "deprecated": false, "autowired": false, "secret": false, "description": "Explicitly sets the Transform to use. If not set a Transform specified by the transformDsl will be created" }
  },
  "headers": {
    "CamelJoltResourceUri": { "kind": "header", "displayName": "", "group": "producer", "label": "", "required": false, "javaType": "String", "deprecated": false, "deprecationNote": "", "autowired": false, "secret": false, "description": "The resource URI", "constantName": "org.apache.camel.component.jolt.JoltConstants#JOLT_RESOURCE_URI" },
    "CamelJoltContext": { "kind": "header", "displayName": "", "group": "producer", "label": "", "required": false, "javaType": "Map<String, Object>", "deprecated": false, "deprecationNote": "", "autowired": false, "secret": false, "description": "The context", "constantName": "org.apache.camel.component.jolt.JoltConstants#JOLT_CONTEXT" }
  },
  "properties": {
    "resourceUri": { "kind": "path", "displayName": "Resource Uri", "group": "producer", "label": "", "required": true, "type": "string", "javaType": "java.lang.String", "deprecated": false, "deprecationNote": "", "autowired": false, "secret": false, "description": "Path to the resource. You can prefix with: classpath, file, http, ref, or bean. classpath, file and http loads the resource using these protocols (classpath is default). ref will lookup the resource in the registry. bean will call a method on a bean to be used as the resource. For bean you can specify the method name after dot, eg bean:myBean.myMethod." },
    "allowContextMapAll": { "kind": "parameter", "displayName": "Allow Context Map All", "group": "producer", "label": "", "required": false, "type": "boolean", "javaType": "boolean", "deprecated": false, "autowired": false, "secret": false, "defaultValue": false, "description": "Sets whether the context map should allow access to all details. By default only the message body and headers can be accessed. This option can be enabled for full access to the current Exchange and CamelContext. Doing so impose a potential security risk as this opens access to the full power of CamelContext API." },
    "allowTemplateFromHeader": { "kind": "parameter", "displayName": "Allow Template From Header", "group": "producer", "label": "", "required": false, "type": "boolean", "javaType": "boolean", "deprecated": false, "autowired": false, "secret": false, "defaultValue": false, "description": "Whether to allow to use resource template from header or not (default false). Enabling this allows to specify dynamic templates via message header. However this can be seen as a potential security vulnerability if the header is coming from a malicious user, so use this with care." },
    "contentCache": { "kind": "parameter", "displayName": "Content Cache", "group": "producer", "label": "", "required": false, "type": "boolean", "javaType": "boolean", "deprecated": false, "autowired": false, "secret": false, "defaultValue": false, "description": "Sets whether to use resource content cache or not" },
    "inputType": { "kind": "parameter", "displayName": "Input Type", "group": "producer", "label": "", "required": false, "type": "object", "javaType": "org.apache.camel.component.jolt.JoltInputOutputType", "enum": [ "Hydrated", "JsonString" ], "deprecated": false, "autowired": false, "secret": false, "defaultValue": "Hydrated", "description": "Specifies if the input is hydrated JSON or a JSON String." },
    "outputType": { "kind": "parameter", "displayName": "Output Type", "group": "producer", "label": "", "required": false, "type": "object", "javaType": "org.apache.camel.component.jolt.JoltInputOutputType", "enum": [ "Hydrated", "JsonString" ], "deprecated": false, "autowired": false, "secret": false, "defaultValue": "Hydrated", "description": "Specifies if the output should be hydrated JSON or a JSON String." },
    "transformDsl": { "kind": "parameter", "displayName": "Transform Dsl", "group": "producer", "label": "", "required": false, "type": "object", "javaType": "org.apache.camel.component.jolt.JoltTransformType", "enum": [ "Chainr", "Shiftr", "Defaultr", "Removr", "Sortr" ], "deprecated": false, "autowired": false, "secret": false, "defaultValue": "Chainr", "description": "Specifies the Transform DSL of the endpoint resource. If none is specified Chainr will be used." },
    "lazyStartProducer": { "kind": "parameter", "displayName": "Lazy Start Producer", "group": "producer (advanced)", "label": "producer,advanced", "required": false, "type": "boolean", "javaType": "boolean", "deprecated": false, "autowired": false, "secret": false, "defaultValue": false, "description": "Whether the producer should be started lazy (on the first message). By starting lazy you can use this to allow CamelContext and routes to startup in situations where a producer may otherwise fail during starting and cause the route to fail being started. By deferring this startup to be lazy then the startup failure can be handled during routing messages via Camel's routing error handlers. Beware that when the first message is processed then creating and starting the producer may take a little time and prolong the total processing time of the processing." }
  }
}
