{
  "component": {
    "kind": "component",
    "name": "language",
    "title": "Language",
    "description": "Execute scripts in any of the languages supported by Camel.",
    "deprecated": false,
    "firstVersion": "2.5.0",
    "label": "core,script",
    "javaType": "org.apache.camel.component.language.LanguageComponent",
    "supportLevel": "Stable",
    "groupId": "org.apache.camel",
    "artifactId": "camel-language",
    "version": "3.21.0-SNAPSHOT",
    "scheme": "language",
    "extendsScheme": "",
    "syntax": "language:languageName:resourceUri",
    "async": false,
    "api": false,
    "consumerOnly": false,
    "producerOnly": true,
    "lenientProperties": false
  },
  "componentProperties": {
    "lazyStartProducer": { "kind": "property", "displayName": "Lazy Start Producer", "group": "producer", "label": "producer", "required": false, "type": "boolean", "javaType": "boolean", "deprecated": false, "autowired": false, "secret": false, "defaultValue": false, "description": "Whether the producer should be started lazy (on the first message). By starting lazy you can use this to allow CamelContext and routes to startup in situations where a producer may otherwise fail during starting and cause the route to fail being started. By deferring this startup to be lazy then the startup failure can be handled during routing messages via Camel's routing error handlers. Beware that when the first message is processed then creating and starting the producer may take a little time and prolong the total processing time of the processing." },
    "autowiredEnabled": { "kind": "property", "displayName": "Autowired Enabled", "group": "advanced", "label": "advanced", "required": false, "type": "boolean", "javaType": "boolean", "deprecated": false, "autowired": false, "secret": false, "defaultValue": true, "description": "Whether autowiring is enabled. This is used for automatic autowiring options (the option must be marked as autowired) by looking up in the registry to find if there is a single instance of matching type, which then gets configured on the component. This can be used for automatic configuring JDBC data sources, JMS connection factories, AWS Clients, etc." }
  },
  "headers": {
    "CamelLanguageScript": { "kind": "header", "displayName": "", "group": "producer", "label": "", "required": false, "javaType": "String or Expression", "deprecated": false, "deprecationNote": "", "autowired": false, "secret": false, "description": "The script to execute provided in the header. Takes precedence over script configured on the endpoint.", "constantName": "org.apache.camel.component.language.LanguageConstants#LANGUAGE_SCRIPT" }
  },
  "properties": {
    "languageName": { "kind": "path", "displayName": "Language Name", "group": "producer", "label": "", "required": true, "type": "string", "javaType": "java.lang.String", "enum": [ "bean", "constant", "csimple", "datasonnet", "exchangeProperty", "file", "groovy", "header", "hl7terser", "joor", "jq", "jsonpath", "mvel", "ognl", "ref", "simple", "spel", "sql", "tokenize", "xpath", "xquery", "xtokenize" ], "deprecated": false, "deprecationNote": "", "autowired": false, "secret": false, "description": "Sets the name of the language to use" },
    "resourceUri": { "kind": "path", "displayName": "Resource Uri", "group": "producer", "label": "", "required": false, "type": "string", "javaType": "java.lang.String", "deprecated": false, "deprecationNote": "", "autowired": false, "secret": false, "description": "Path to the resource, or a reference to lookup a bean in the Registry to use as the resource" },
    "allowContextMapAll": { "kind": "parameter", "displayName": "Allow Context Map All", "group": "producer", "label": "", "required": false, "type": "boolean", "javaType": "boolean", "deprecated": false, "autowired": false, "secret": false, "defaultValue": false, "description": "Sets whether the context map should allow access to all details. By default only the message body and headers can be accessed. This option can be enabled for full access to the current Exchange and CamelContext. Doing so impose a potential security risk as this opens access to the full power of CamelContext API." },
    "binary": { "kind": "parameter", "displayName": "Binary", "group": "producer", "label": "", "required": false, "type": "boolean", "javaType": "boolean", "deprecated": false, "autowired": false, "secret": false, "defaultValue": false, "description": "Whether the script is binary content or text content. By default the script is read as text content (eg java.lang.String)" },
    "cacheScript": { "kind": "parameter", "displayName": "Cache Script", "group": "producer", "label": "", "required": false, "type": "boolean", "javaType": "boolean", "deprecated": false, "autowired": false, "secret": false, "defaultValue": false, "description": "Whether to cache the compiled script and reuse Notice reusing the script can cause side effects from processing one Camel org.apache.camel.Exchange to the next org.apache.camel.Exchange." },
    "contentCache": { "kind": "parameter", "displayName": "Content Cache", "group": "producer", "label": "", "required": false, "type": "boolean", "javaType": "boolean", "deprecated": false, "autowired": false, "secret": false, "defaultValue": true, "description": "Sets whether to use resource content cache or not" },
    "resultType": { "kind": "parameter", "displayName": "Result Type", "group": "producer", "label": "", "required": false, "type": "string", "javaType": "java.lang.String", "deprecated": false, "autowired": false, "secret": false, "description": "Sets the class of the result type (type from output)" },
    "script": { "kind": "parameter", "displayName": "Script", "group": "producer", "label": "", "required": false, "type": "string", "javaType": "java.lang.String", "deprecated": false, "autowired": false, "secret": false, "description": "Sets the script to execute" },
    "transform": { "kind": "parameter", "displayName": "Transform", "group": "producer", "label": "", "required": false, "type": "boolean", "javaType": "boolean", "deprecated": false, "autowired": false, "secret": false, "defaultValue": true, "description": "Whether or not the result of the script should be used as message body. This options is default true." },
    "lazyStartProducer": { "kind": "parameter", "displayName": "Lazy Start Producer", "group": "producer (advanced)", "label": "producer,advanced", "required": false, "type": "boolean", "javaType": "boolean", "deprecated": false, "autowired": false, "secret": false, "defaultValue": false, "description": "Whether the producer should be started lazy (on the first message). By starting lazy you can use this to allow CamelContext and routes to startup in situations where a producer may otherwise fail during starting and cause the route to fail being started. By deferring this startup to be lazy then the startup failure can be handled during routing messages via Camel's routing error handlers. Beware that when the first message is processed then creating and starting the producer may take a little time and prolong the total processing time of the processing." }
  }
}
