{
  "component": {
    "kind": "component",
    "name": "netty",
    "title": "Netty",
    "description": "Socket level networking using TCP or UDP with Netty 4.x.",
    "deprecated": false,
    "firstVersion": "2.14.0",
    "label": "networking,tcp,udp",
    "javaType": "org.apache.camel.component.netty.NettyComponent",
    "supportLevel": "Stable",
    "groupId": "org.apache.camel",
    "artifactId": "camel-netty",
    "version": "3.21.0-SNAPSHOT",
    "scheme": "netty",
    "extendsScheme": "",
    "syntax": "netty:protocol:\/\/host:port",
    "async": true,
    "api": false,
    "consumerOnly": false,
    "producerOnly": false,
    "lenientProperties": false
  },
  "componentProperties": {
    "configuration": { "kind": "property", "displayName": "Configuration", "group": "common", "label": "", "required": false, "type": "object", "javaType": "org.apache.camel.component.netty.NettyConfiguration", "deprecated": false, "autowired": false, "secret": false, "description": "To use the NettyConfiguration as configuration when creating endpoints." },
    "disconnect": { "kind": "property", "displayName": "Disconnect", "group": "common", "label": "", "required": false, "type": "boolean", "javaType": "boolean", "deprecated": false, "autowired": false, "secret": false, "defaultValue": false, "configurationClass": "org.apache.camel.component.netty.NettyConfiguration", "configurationField": "configuration", "description": "Whether or not to disconnect(close) from Netty Channel right after use. Can be used for both consumer and producer." },
    "keepAlive": { "kind": "property", "displayName": "Keep Alive", "group": "common", "label": "", "required": false, "type": "boolean", "javaType": "boolean", "deprecated": false, "autowired": false, "secret": false, "defaultValue": true, "configurationClass": "org.apache.camel.component.netty.NettyConfiguration", "configurationField": "configuration", "description": "Setting to ensure socket is not closed due to inactivity" },
    "reuseAddress": { "kind": "property", "displayName": "Reuse Address", "group": "common", "label": "", "required": false, "type": "boolean", "javaType": "boolean", "deprecated": false, "autowired": false, "secret": false, "defaultValue": true, "configurationClass": "org.apache.camel.component.netty.NettyConfiguration", "configurationField": "configuration", "description": "Setting to facilitate socket multiplexing" },
    "reuseChannel": { "kind": "property", "displayName": "Reuse Channel", "group": "common", "label": "common", "required": false, "type": "boolean", "javaType": "boolean", "deprecated": false, "autowired": false, "secret": false, "defaultValue": false, "configurationClass": "org.apache.camel.component.netty.NettyConfiguration", "configurationField": "configuration", "description": "This option allows producers and consumers (in client mode) to reuse the same Netty Channel for the lifecycle of processing the Exchange. This is useful if you need to call a server multiple times in a Camel route and want to use the same network connection. When using this, the channel is not returned to the connection pool until the Exchange is done; or disconnected if the disconnect option is set to true. The reused Channel is stored on the Exchange as an exchange property with the key NettyConstants#NETTY_CHANNEL which allows you to obtain the channel during routing and use it as well." },
    "sync": { "kind": "property", "displayName": "Sync", "group": "common", "label": "", "required": false, "type": "boolean", "javaType": "boolean", "deprecated": false, "autowired": false, "secret": false, "defaultValue": true, "configurationClass": "org.apache.camel.component.netty.NettyConfiguration", "configurationField": "configuration", "description": "Setting to set endpoint as one-way or request-response" },
    "tcpNoDelay": { "kind": "property", "displayName": "Tcp No Delay", "group": "common", "label": "", "required": false, "type": "boolean", "javaType": "boolean", "deprecated": false, "autowired": false, "secret": false, "defaultValue": true, "configurationClass": "org.apache.camel.component.netty.NettyConfiguration", "configurationField": "configuration", "description": "Setting to improve TCP protocol performance" },
    "bridgeErrorHandler": { "kind": "property", "displayName": "Bridge Error Handler", "group": "consumer", "label": "consumer", "required": false, "type": "boolean", "javaType": "boolean", "deprecated": false, "autowired": false, "secret": false, "defaultValue": false, "description": "Allows for bridging the consumer to the Camel routing Error Handler, which mean any exceptions occurred while the consumer is trying to pickup incoming messages, or the likes, will now be processed as a message and handled by the routing Error Handler. By default the consumer will use the org.apache.camel.spi.ExceptionHandler to deal with exceptions, that will be logged at WARN or ERROR level and ignored." },
    "broadcast": { "kind": "property", "displayName": "Broadcast", "group": "consumer", "label": "consumer", "required": false, "type": "boolean", "javaType": "boolean", "deprecated": false, "autowired": false, "secret": false, "defaultValue": false, "configurationClass": "org.apache.camel.component.netty.NettyConfiguration", "configurationField": "configuration", "description": "Setting to choose Multicast over UDP" },
    "clientMode": { "kind": "property", "displayName": "Client Mode", "group": "consumer", "label": "consumer", "required": false, "type": "boolean", "javaType": "boolean", "deprecated": false, "autowired": false, "secret": false, "defaultValue": false, "configurationClass": "org.apache.camel.component.netty.NettyConfiguration", "configurationField": "configuration", "description": "If the clientMode is true, netty consumer will connect the address as a TCP client." },
    "reconnect": { "kind": "property", "displayName": "Reconnect", "group": "consumer", "label": "consumer", "required": false, "type": "boolean", "javaType": "boolean", "deprecated": false, "autowired": false, "secret": false, "defaultValue": true, "configurationClass": "org.apache.camel.component.netty.NettyConfiguration", "configurationField": "configuration", "description": "Used only in clientMode in consumer, the consumer will attempt to reconnect on disconnection if this is enabled" },
    "reconnectInterval": { "kind": "property", "displayName": "Reconnect Interval", "group": "consumer", "label": "consumer", "required": false, "type": "integer", "javaType": "int", "deprecated": false, "autowired": false, "secret": false, "defaultValue": 10000, "configurationClass": "org.apache.camel.component.netty.NettyConfiguration", "configurationField": "configuration", "description": "Used if reconnect and clientMode is enabled. The interval in milli seconds to attempt reconnection" },
    "backlog": { "kind": "property", "displayName": "Backlog", "group": "consumer (advanced)", "label": "consumer,advanced", "required": false, "type": "integer", "javaType": "int", "deprecated": false, "autowired": false, "secret": false, "configurationClass": "org.apache.camel.component.netty.NettyConfiguration", "configurationField": "configuration", "description": "Allows to configure a backlog for netty consumer (server). Note the backlog is just a best effort depending on the OS. Setting this option to a value such as 200, 500 or 1000, tells the TCP stack how long the accept queue can be If this option is not configured, then the backlog depends on OS setting." },
    "bossCount": { "kind": "property", "displayName": "Boss Count", "group": "consumer (advanced)", "label": "consumer,advanced", "required": false, "type": "integer", "javaType": "int", "deprecated": false, "autowired": false, "secret": false, "defaultValue": 1, "configurationClass": "org.apache.camel.component.netty.NettyConfiguration", "configurationField": "configuration", "description": "When netty works on nio mode, it uses default bossCount parameter from Netty, which is 1. User can use this option to override the default bossCount from Netty" },
    "bossGroup": { "kind": "property", "displayName": "Boss Group", "group": "consumer (advanced)", "label": "consumer,advanced", "required": false, "type": "object", "javaType": "io.netty.channel.EventLoopGroup", "deprecated": false, "autowired": false, "secret": false, "configurationClass": "org.apache.camel.component.netty.NettyConfiguration", "configurationField": "configuration", "description": "Set the BossGroup which could be used for handling the new connection of the server side across the NettyEndpoint" },
    "disconnectOnNoReply": { "kind": "property", "displayName": "Disconnect On No Reply", "group": "consumer (advanced)", "label": "consumer,advanced", "required": false, "type": "boolean", "javaType": "boolean", "deprecated": false, "autowired": false, "secret": false, "defaultValue": true, "configurationClass": "org.apache.camel.component.netty.NettyConfiguration", "configurationField": "configuration", "description": "If sync is enabled then this option dictates NettyConsumer if it should disconnect where there is no reply to send back." },
    "executorService": { "kind": "property", "displayName": "Executor Service", "group": "consumer (advanced)", "label": "consumer,advanced", "required": false, "type": "object", "javaType": "io.netty.util.concurrent.EventExecutorGroup", "deprecated": false, "autowired": false, "secret": false, "description": "To use the given EventExecutorGroup." },
    "maximumPoolSize": { "kind": "property", "displayName": "Maximum Pool Size", "group": "consumer (advanced)", "label": "consumer,advanced", "required": false, "type": "integer", "javaType": "int", "deprecated": false, "autowired": false, "secret": false, "description": "Sets a maximum thread pool size for the netty consumer ordered thread pool. The default size is 2 x cpu_core plus 1. Setting this value to eg 10 will then use 10 threads unless 2 x cpu_core plus 1 is a higher value, which then will override and be used. For example if there are 8 cores, then the consumer thread pool will be 17. This thread pool is used to route messages received from Netty by Camel. We use a separate thread pool to ensure ordering of messages and also in case some messages will block, then nettys worker threads (event loop) wont be affected." },
    "nettyServerBootstrapFactory": { "kind": "property", "displayName": "Netty Server Bootstrap Factory", "group": "consumer (advanced)", "label": "consumer,advanced", "required": false, "type": "object", "javaType": "org.apache.camel.component.netty.NettyServerBootstrapFactory", "deprecated": false, "autowired": false, "secret": false, "configurationClass": "org.apache.camel.component.netty.NettyConfiguration", "configurationField": "configuration", "description": "To use a custom NettyServerBootstrapFactory" },
    "networkInterface": { "kind": "property", "displayName": "Network Interface", "group": "consumer (advanced)", "label": "consumer,advanced", "required": false, "type": "string", "javaType": "java.lang.String", "deprecated": false, "autowired": false, "secret": false, "configurationClass": "org.apache.camel.component.netty.NettyConfiguration", "configurationField": "configuration", "description": "When using UDP then this option can be used to specify a network interface by its name, such as eth0 to join a multicast group." },
    "noReplyLogLevel": { "kind": "property", "displayName": "No Reply Log Level", "group": "consumer (advanced)", "label": "consumer,advanced", "required": false, "type": "object", "javaType": "org.apache.camel.LoggingLevel", "enum": [ "TRACE", "DEBUG", "INFO", "WARN", "ERROR", "OFF" ], "deprecated": false, "autowired": false, "secret": false, "defaultValue": "WARN", "configurationClass": "org.apache.camel.component.netty.NettyConfiguration", "configurationField": "configuration", "description": "If sync is enabled this option dictates NettyConsumer which logging level to use when logging a there is no reply to send back." },
    "serverClosedChannelExceptionCaughtLogLevel": { "kind": "property", "displayName": "Server Closed Channel Exception Caught Log Level", "group": "consumer (advanced)", "label": "consumer,advanced", "required": false, "type": "object", "javaType": "org.apache.camel.LoggingLevel", "enum": [ "TRACE", "DEBUG", "INFO", "WARN", "ERROR", "OFF" ], "deprecated": false, "autowired": false, "secret": false, "defaultValue": "DEBUG", "configurationClass": "org.apache.camel.component.netty.NettyConfiguration", "configurationField": "configuration", "description": "If the server (NettyConsumer) catches an java.nio.channels.ClosedChannelException then its logged using this logging level. This is used to avoid logging the closed channel exceptions, as clients can disconnect abruptly and then cause a flood of closed exceptions in the Netty server." },
    "serverExceptionCaughtLogLevel": { "kind": "property", "displayName": "Server Exception Caught Log Level", "group": "consumer (advanced)", "label": "consumer,advanced", "required": false, "type": "object", "javaType": "org.apache.camel.LoggingLevel", "enum": [ "TRACE", "DEBUG", "INFO", "WARN", "ERROR", "OFF" ], "deprecated": false, "autowired": false, "secret": false, "defaultValue": "WARN", "configurationClass": "org.apache.camel.component.netty.NettyConfiguration", "configurationField": "configuration", "description": "If the server (NettyConsumer) catches an exception then its logged using this logging level." },
    "serverInitializerFactory": { "kind": "property", "displayName": "Server Initializer Factory", "group": "consumer (advanced)", "label": "consumer,advanced", "required": false, "type": "object", "javaType": "org.apache.camel.component.netty.ServerInitializerFactory", "deprecated": false, "autowired": false, "secret": false, "configurationClass": "org.apache.camel.component.netty.NettyConfiguration", "configurationField": "configuration", "description": "To use a custom ServerInitializerFactory" },
    "usingExecutorService": { "kind": "property", "displayName": "Using Executor Service", "group": "consumer (advanced)", "label": "consumer,advanced", "required": false, "type": "boolean", "javaType": "boolean", "deprecated": false, "autowired": false, "secret": false, "defaultValue": true, "configurationClass": "org.apache.camel.component.netty.NettyConfiguration", "configurationField": "configuration", "description": "Whether to use ordered thread pool, to ensure events are processed orderly on the same channel." },
    "connectTimeout": { "kind": "property", "displayName": "Connect Timeout", "group": "producer", "label": "producer", "required": false, "type": "integer", "javaType": "int", "deprecated": false, "autowired": false, "secret": false, "defaultValue": 10000, "configurationClass": "org.apache.camel.component.netty.NettyConfiguration", "configurationField": "configuration", "description": "Time to wait for a socket connection to be available. Value is in milliseconds." },
    "lazyStartProducer": { "kind": "property", "displayName": "Lazy Start Producer", "group": "producer", "label": "producer", "required": false, "type": "boolean", "javaType": "boolean", "deprecated": false, "autowired": false, "secret": false, "defaultValue": false, "description": "Whether the producer should be started lazy (on the first message). By starting lazy you can use this to allow CamelContext and routes to startup in situations where a producer may otherwise fail during starting and cause the route to fail being started. By deferring this startup to be lazy then the startup failure can be handled during routing messages via Camel's routing error handlers. Beware that when the first message is processed then creating and starting the producer may take a little time and prolong the total processing time of the processing." },
    "requestTimeout": { "kind": "property", "displayName": "Request Timeout", "group": "producer", "label": "producer", "required": false, "type": "integer", "javaType": "long", "deprecated": false, "autowired": false, "secret": false, "configurationClass": "org.apache.camel.component.netty.NettyConfiguration", "configurationField": "configuration", "description": "Allows to use a timeout for the Netty producer when calling a remote server. By default no timeout is in use. The value is in milli seconds, so eg 30000 is 30 seconds. The requestTimeout is using Netty's ReadTimeoutHandler to trigger the timeout." },
    "clientInitializerFactory": { "kind": "property", "displayName": "Client Initializer Factory", "group": "producer (advanced)", "label": "producer,advanced", "required": false, "type": "object", "javaType": "org.apache.camel.component.netty.ClientInitializerFactory", "deprecated": false, "autowired": false, "secret": false, "configurationClass": "org.apache.camel.component.netty.NettyConfiguration", "configurationField": "configuration", "description": "To use a custom ClientInitializerFactory" },
    "correlationManager": { "kind": "property", "displayName": "Correlation Manager", "group": "producer (advanced)", "label": "producer,advanced", "required": false, "type": "object", "javaType": "org.apache.camel.component.netty.NettyCamelStateCorrelationManager", "deprecated": false, "autowired": false, "secret": false, "configurationClass": "org.apache.camel.component.netty.NettyConfiguration", "configurationField": "configuration", "description": "To use a custom correlation manager to manage how request and reply messages are mapped when using request\/reply with the netty producer. This should only be used if you have a way to map requests together with replies such as if there is correlation ids in both the request and reply messages. This can be used if you want to multiplex concurrent messages on the same channel (aka connection) in netty. When doing this you must have a way to correlate the request and reply messages so you can store the right reply on the inflight Camel Exchange before its continued routed. We recommend extending the TimeoutCorrelationManagerSupport when you build custom correlation managers. This provides support for timeout and other complexities you otherwise would need to implement as well. See also the producerPoolEnabled option for more details." },
    "lazyChannelCreation": { "kind": "property", "displayName": "Lazy Channel Creation", "group": "producer (advanced)", "label": "producer,advanced", "required": false, "type": "boolean", "javaType": "boolean", "deprecated": false, "autowired": false, "secret": false, "defaultValue": true, "configurationClass": "org.apache.camel.component.netty.NettyConfiguration", "configurationField": "configuration", "description": "Channels can be lazily created to avoid exceptions, if the remote server is not up and running when the Camel producer is started." },
    "producerPoolBlockWhenExhausted": { "kind": "property", "displayName": "Producer Pool Block When Exhausted", "group": "producer (advanced)", "label": "producer,advanced", "required": false, "type": "boolean", "javaType": "boolean", "deprecated": false, "autowired": false, "secret": false, "defaultValue": true, "configurationClass": "org.apache.camel.component.netty.NettyConfiguration", "configurationField": "configuration", "description": "Sets the value for the blockWhenExhausted configuration attribute. It determines whether to block when the borrowObject() method is invoked when the pool is exhausted (the maximum number of active objects has been reached)." },
    "producerPoolEnabled": { "kind": "property", "displayName": "Producer Pool Enabled", "group": "producer (advanced)", "label": "producer,advanced", "required": false, "type": "boolean", "javaType": "boolean", "deprecated": false, "autowired": false, "secret": false, "defaultValue": true, "configurationClass": "org.apache.camel.component.netty.NettyConfiguration", "configurationField": "configuration", "description": "Whether producer pool is enabled or not. Important: If you turn this off then a single shared connection is used for the producer, also if you are doing request\/reply. That means there is a potential issue with interleaved responses if replies comes back out-of-order. Therefore you need to have a correlation id in both the request and reply messages so you can properly correlate the replies to the Camel callback that is responsible for continue processing the message in Camel. To do this you need to implement NettyCamelStateCorrelationManager as correlation manager and configure it via the correlationManager option. See also the correlationManager option for more details." },
    "producerPoolMaxIdle": { "kind": "property", "displayName": "Producer Pool Max Idle", "group": "producer (advanced)", "label": "producer,advanced", "required": false, "type": "integer", "javaType": "int", "deprecated": false, "autowired": false, "secret": false, "defaultValue": 100, "configurationClass": "org.apache.camel.component.netty.NettyConfiguration", "configurationField": "configuration", "description": "Sets the cap on the number of idle instances in the pool." },
    "producerPoolMaxTotal": { "kind": "property", "displayName": "Producer Pool Max Total", "group": "producer (advanced)", "label": "producer,advanced", "required": false, "type": "integer", "javaType": "int", "deprecated": false, "autowired": false, "secret": false, "defaultValue": -1, "configurationClass": "org.apache.camel.component.netty.NettyConfiguration", "configurationField": "configuration", "description": "Sets the cap on the number of objects that can be allocated by the pool (checked out to clients, or idle awaiting checkout) at a given time. Use a negative value for no limit." },
    "producerPoolMaxWait": { "kind": "property", "displayName": "Producer Pool Max Wait", "group": "producer (advanced)", "label": "producer,advanced", "required": false, "type": "integer", "javaType": "long", "deprecated": false, "autowired": false, "secret": false, "defaultValue": -1, "configurationClass": "org.apache.camel.component.netty.NettyConfiguration", "configurationField": "configuration", "description": "Sets the maximum duration (value in millis) the borrowObject() method should block before throwing an exception when the pool is exhausted and producerPoolBlockWhenExhausted is true. When less than 0, the borrowObject() method may block indefinitely." },
    "producerPoolMinEvictableIdle": { "kind": "property", "displayName": "Producer Pool Min Evictable Idle", "group": "producer (advanced)", "label": "producer,advanced", "required": false, "type": "integer", "javaType": "long", "deprecated": false, "autowired": false, "secret": false, "defaultValue": 300000, "configurationClass": "org.apache.camel.component.netty.NettyConfiguration", "configurationField": "configuration", "description": "Sets the minimum amount of time (value in millis) an object may sit idle in the pool before it is eligible for eviction by the idle object evictor." },
    "producerPoolMinIdle": { "kind": "property", "displayName": "Producer Pool Min Idle", "group": "producer (advanced)", "label": "producer,advanced", "required": false, "type": "integer", "javaType": "int", "deprecated": false, "autowired": false, "secret": false, "configurationClass": "org.apache.camel.component.netty.NettyConfiguration", "configurationField": "configuration", "description": "Sets the minimum number of instances allowed in the producer pool before the evictor thread (if active) spawns new objects." },
    "udpConnectionlessSending": { "kind": "property", "displayName": "Udp Connectionless Sending", "group": "producer (advanced)", "label": "producer,advanced", "required": false, "type": "boolean", "javaType": "boolean", "deprecated": false, "autowired": false, "secret": false, "defaultValue": false, "configurationClass": "org.apache.camel.component.netty.NettyConfiguration", "configurationField": "configuration", "description": "This option supports connection less udp sending which is a real fire and forget. A connected udp send receive the PortUnreachableException if no one is listen on the receiving port." },
    "useByteBuf": { "kind": "property", "displayName": "Use Byte Buf", "group": "producer (advanced)", "label": "producer,advanced", "required": false, "type": "boolean", "javaType": "boolean", "deprecated": false, "autowired": false, "secret": false, "defaultValue": false, "configurationClass": "org.apache.camel.component.netty.NettyConfiguration", "configurationField": "configuration", "description": "If the useByteBuf is true, netty producer will turn the message body into ByteBuf before sending it out." },
    "hostnameVerification": { "kind": "property", "displayName": "Hostname Verification", "group": " security", "label": "common, security", "required": false, "type": "boolean", "javaType": "boolean", "deprecated": false, "autowired": false, "secret": false, "defaultValue": false, "configurationClass": "org.apache.camel.component.netty.NettyConfiguration", "configurationField": "configuration", "description": "To enable\/disable hostname verification on SSLEngine" },
    "allowSerializedHeaders": { "kind": "property", "displayName": "Allow Serialized Headers", "group": "advanced", "label": "advanced", "required": false, "type": "boolean", "javaType": "boolean", "deprecated": false, "autowired": false, "secret": false, "defaultValue": false, "configurationClass": "org.apache.camel.component.netty.NettyConfiguration", "configurationField": "configuration", "description": "Only used for TCP when transferExchange is true. When set to true, serializable objects in headers and properties will be added to the exchange. Otherwise Camel will exclude any non-serializable objects and log it at WARN level." },
    "autowiredEnabled": { "kind": "property", "displayName": "Autowired Enabled", "group": "advanced", "label": "advanced", "required": false, "type": "boolean", "javaType": "boolean", "deprecated": false, "autowired": false, "secret": false, "defaultValue": true, "description": "Whether autowiring is enabled. This is used for automatic autowiring options (the option must be marked as autowired) by looking up in the registry to find if there is a single instance of matching type, which then gets configured on the component. This can be used for automatic configuring JDBC data sources, JMS connection factories, AWS Clients, etc." },
    "channelGroup": { "kind": "property", "displayName": "Channel Group", "group": "advanced", "label": "advanced", "required": false, "type": "object", "javaType": "io.netty.channel.group.ChannelGroup", "deprecated": false, "autowired": false, "secret": false, "configurationClass": "org.apache.camel.component.netty.NettyConfiguration", "configurationField": "configuration", "description": "To use a explicit ChannelGroup." },
    "nativeTransport": { "kind": "property", "displayName": "Native Transport", "group": "advanced", "label": "advanced", "required": false, "type": "boolean", "javaType": "boolean", "deprecated": false, "autowired": false, "secret": false, "defaultValue": false, "configurationClass": "org.apache.camel.component.netty.NettyConfiguration", "configurationField": "configuration", "description": "Whether to use native transport instead of NIO. Native transport takes advantage of the host operating system and is only supported on some platforms. You need to add the netty JAR for the host operating system you are using. See more details at: http:\/\/netty.io\/wiki\/native-transports.html" },
    "options": { "kind": "property", "displayName": "Options", "group": "advanced", "label": "advanced", "required": false, "type": "object", "javaType": "java.util.Map<java.lang.String, java.lang.Object>", "prefix": "option.", "multiValue": true, "deprecated": false, "autowired": false, "secret": false, "configurationClass": "org.apache.camel.component.netty.NettyConfiguration", "configurationField": "configuration", "description": "Allows to configure additional netty options using option. as prefix. For example option.child.keepAlive=false to set the netty option child.keepAlive=false. See the Netty documentation for possible options that can be used." },
    "receiveBufferSize": { "kind": "property", "displayName": "Receive Buffer Size", "group": "advanced", "label": "advanced", "required": false, "type": "integer", "javaType": "int", "deprecated": false, "autowired": false, "secret": false, "defaultValue": 65536, "configurationClass": "org.apache.camel.component.netty.NettyConfiguration", "configurationField": "configuration", "description": "The TCP\/UDP buffer sizes to be used during inbound communication. Size is bytes." },
    "receiveBufferSizePredictor": { "kind": "property", "displayName": "Receive Buffer Size Predictor", "group": "advanced", "label": "advanced", "required": false, "type": "integer", "javaType": "int", "deprecated": false, "autowired": false, "secret": false, "configurationClass": "org.apache.camel.component.netty.NettyConfiguration", "configurationField": "configuration", "description": "Configures the buffer size predictor. See details at Jetty documentation and this mail thread." },
    "sendBufferSize": { "kind": "property", "displayName": "Send Buffer Size", "group": "advanced", "label": "advanced", "required": false, "type": "integer", "javaType": "int", "deprecated": false, "autowired": false, "secret": false, "defaultValue": 65536, "configurationClass": "org.apache.camel.component.netty.NettyConfiguration", "configurationField": "configuration", "description": "The TCP\/UDP buffer sizes to be used during outbound communication. Size is bytes." },
    "transferExchange": { "kind": "property", "displayName": "Transfer Exchange", "group": "advanced", "label": "advanced", "required": false, "type": "boolean", "javaType": "boolean", "deprecated": false, "autowired": false, "secret": false, "defaultValue": false, "configurationClass": "org.apache.camel.component.netty.NettyConfiguration", "configurationField": "configuration", "description": "Only used for TCP. You can transfer the exchange over the wire instead of just the body. The following fields are transferred: In body, Out body, fault body, In headers, Out headers, fault headers, exchange properties, exchange exception. This requires that the objects are serializable. Camel will exclude any non-serializable objects and log it at WARN level." },
    "udpByteArrayCodec": { "kind": "property", "displayName": "Udp Byte Array Codec", "group": "advanced", "label": "advanced", "required": false, "type": "boolean", "javaType": "boolean", "deprecated": false, "autowired": false, "secret": false, "defaultValue": false, "configurationClass": "org.apache.camel.component.netty.NettyConfiguration", "configurationField": "configuration", "description": "For UDP only. If enabled the using byte array codec instead of Java serialization protocol." },
    "unixDomainSocketPath": { "kind": "property", "displayName": "Unix Domain Socket Path", "group": "advanced", "label": "advanced", "required": false, "type": "string", "javaType": "java.lang.String", "deprecated": false, "autowired": false, "secret": false, "configurationClass": "org.apache.camel.component.netty.NettyConfiguration", "configurationField": "configuration", "description": "Path to unix domain socket to use instead of inet socket. Host and port parameters will not be used, however required. It is ok to set dummy values for them. Must be used with nativeTransport=true and clientMode=false." },
    "workerCount": { "kind": "property", "displayName": "Worker Count", "group": "advanced", "label": "advanced", "required": false, "type": "integer", "javaType": "int", "deprecated": false, "autowired": false, "secret": false, "configurationClass": "org.apache.camel.component.netty.NettyConfiguration", "configurationField": "configuration", "description": "When netty works on nio mode, it uses default workerCount parameter from Netty (which is cpu_core_threads x 2). User can use this option to override the default workerCount from Netty." },
    "workerGroup": { "kind": "property", "displayName": "Worker Group", "group": "advanced", "label": "advanced", "required": false, "type": "object", "javaType": "io.netty.channel.EventLoopGroup", "deprecated": false, "autowired": false, "secret": false, "configurationClass": "org.apache.camel.component.netty.NettyConfiguration", "configurationField": "configuration", "description": "To use a explicit EventLoopGroup as the boss thread pool. For example to share a thread pool with multiple consumers or producers. By default each consumer or producer has their own worker pool with 2 x cpu count core threads." },
    "allowDefaultCodec": { "kind": "property", "displayName": "Allow Default Codec", "group": "codec", "label": "codec", "required": false, "type": "boolean", "javaType": "boolean", "deprecated": false, "autowired": false, "secret": false, "defaultValue": true, "configurationClass": "org.apache.camel.component.netty.NettyConfiguration", "configurationField": "configuration", "description": "The netty component installs a default codec if both, encoder\/decoder is null and textline is false. Setting allowDefaultCodec to false prevents the netty component from installing a default codec as the first element in the filter chain." },
    "autoAppendDelimiter": { "kind": "property", "displayName": "Auto Append Delimiter", "group": "codec", "label": "codec", "required": false, "type": "boolean", "javaType": "boolean", "deprecated": false, "autowired": false, "secret": false, "defaultValue": true, "configurationClass": "org.apache.camel.component.netty.NettyConfiguration", "configurationField": "configuration", "description": "Whether or not to auto append missing end delimiter when sending using the textline codec." },
    "decoderMaxLineLength": { "kind": "property", "displayName": "Decoder Max Line Length", "group": "codec", "label": "codec", "required": false, "type": "integer", "javaType": "int", "deprecated": false, "autowired": false, "secret": false, "defaultValue": 1024, "configurationClass": "org.apache.camel.component.netty.NettyConfiguration", "configurationField": "configuration", "description": "The max line length to use for the textline codec." },
    "decoders": { "kind": "property", "displayName": "Decoders", "group": "codec", "label": "codec", "required": false, "type": "string", "javaType": "java.lang.String", "deprecated": false, "autowired": false, "secret": false, "configurationClass": "org.apache.camel.component.netty.NettyConfiguration", "configurationField": "configuration", "description": "A list of decoders to be used. You can use a String which have values separated by comma, and have the values be looked up in the Registry. Just remember to prefix the value with # so Camel knows it should lookup." },
    "delimiter": { "kind": "property", "displayName": "Delimiter", "group": "codec", "label": "codec", "required": false, "type": "object", "javaType": "org.apache.camel.component.netty.TextLineDelimiter", "enum": [ "LINE", "NULL" ], "deprecated": false, "autowired": false, "secret": false, "defaultValue": "LINE", "configurationClass": "org.apache.camel.component.netty.NettyConfiguration", "configurationField": "configuration", "description": "The delimiter to use for the textline codec. Possible values are LINE and NULL." },
    "encoders": { "kind": "property", "displayName": "Encoders", "group": "codec", "label": "codec", "required": false, "type": "string", "javaType": "java.lang.String", "deprecated": false, "autowired": false, "secret": false, "configurationClass": "org.apache.camel.component.netty.NettyConfiguration", "configurationField": "configuration", "description": "A list of encoders to be used. You can use a String which have values separated by comma, and have the values be looked up in the Registry. Just remember to prefix the value with # so Camel knows it should lookup." },
    "encoding": { "kind": "property", "displayName": "Encoding", "group": "codec", "label": "codec", "required": false, "type": "string", "javaType": "java.lang.String", "deprecated": false, "autowired": false, "secret": false, "configurationClass": "org.apache.camel.component.netty.NettyConfiguration", "configurationField": "configuration", "description": "The encoding (a charset name) to use for the textline codec. If not provided, Camel will use the JVM default Charset." },
    "textline": { "kind": "property", "displayName": "Textline", "group": "codec", "label": "codec", "required": false, "type": "boolean", "javaType": "boolean", "deprecated": false, "autowired": false, "secret": false, "defaultValue": false, "configurationClass": "org.apache.camel.component.netty.NettyConfiguration", "configurationField": "configuration", "description": "Only used for TCP. If no codec is specified, you can use this flag to indicate a text line based codec; if not specified or the value is false, then Object Serialization is assumed over TCP - however only Strings are allowed to be serialized by default." },
    "enabledProtocols": { "kind": "property", "displayName": "Enabled Protocols", "group": "security", "label": "security", "required": false, "type": "string", "javaType": "java.lang.String", "deprecated": false, "autowired": false, "secret": false, "defaultValue": "TLSv1.2,TLSv1.3", "configurationClass": "org.apache.camel.component.netty.NettyConfiguration", "configurationField": "configuration", "description": "Which protocols to enable when using SSL" },
    "keyStoreFile": { "kind": "property", "displayName": "Key Store File", "group": "security", "label": "security", "required": false, "type": "string", "javaType": "java.io.File", "deprecated": false, "autowired": false, "secret": false, "configurationClass": "org.apache.camel.component.netty.NettyConfiguration", "configurationField": "configuration", "description": "Client side certificate keystore to be used for encryption" },
    "keyStoreFormat": { "kind": "property", "displayName": "Key Store Format", "group": "security", "label": "security", "required": false, "type": "string", "javaType": "java.lang.String", "deprecated": false, "autowired": false, "secret": false, "configurationClass": "org.apache.camel.component.netty.NettyConfiguration", "configurationField": "configuration", "description": "Keystore format to be used for payload encryption. Defaults to JKS if not set" },
    "keyStoreResource": { "kind": "property", "displayName": "Key Store Resource", "group": "security", "label": "security", "required": false, "type": "string", "javaType": "java.lang.String", "deprecated": false, "autowired": false, "secret": false, "configurationClass": "org.apache.camel.component.netty.NettyConfiguration", "configurationField": "configuration", "description": "Client side certificate keystore to be used for encryption. Is loaded by default from classpath, but you can prefix with classpath:, file:, or http: to load the resource from different systems." },
    "needClientAuth": { "kind": "property", "displayName": "Need Client Auth", "group": "security", "label": "consumer,security", "required": false, "type": "boolean", "javaType": "boolean", "deprecated": false, "autowired": false, "secret": false, "defaultValue": false, "configurationClass": "org.apache.camel.component.netty.NettyConfiguration", "configurationField": "configuration", "description": "Configures whether the server needs client authentication when using SSL." },
    "passphrase": { "kind": "property", "displayName": "Passphrase", "group": "security", "label": "security", "required": false, "type": "string", "javaType": "java.lang.String", "deprecated": false, "autowired": false, "secret": true, "configurationClass": "org.apache.camel.component.netty.NettyConfiguration", "configurationField": "configuration", "description": "Password setting to use in order to encrypt\/decrypt payloads sent using SSH" },
    "securityProvider": { "kind": "property", "displayName": "Security Provider", "group": "security", "label": "security", "required": false, "type": "string", "javaType": "java.lang.String", "deprecated": false, "autowired": false, "secret": false, "configurationClass": "org.apache.camel.component.netty.NettyConfiguration", "configurationField": "configuration", "description": "Security provider to be used for payload encryption. Defaults to SunX509 if not set." },
    "ssl": { "kind": "property", "displayName": "Ssl", "group": "security", "label": "security", "required": false, "type": "boolean", "javaType": "boolean", "deprecated": false, "autowired": false, "secret": false, "defaultValue": false, "configurationClass": "org.apache.camel.component.netty.NettyConfiguration", "configurationField": "configuration", "description": "Setting to specify whether SSL encryption is applied to this endpoint" },
    "sslClientCertHeaders": { "kind": "property", "displayName": "Ssl Client Cert Headers", "group": "security", "label": "security", "required": false, "type": "boolean", "javaType": "boolean", "deprecated": false, "autowired": false, "secret": false, "defaultValue": false, "configurationClass": "org.apache.camel.component.netty.NettyConfiguration", "configurationField": "configuration", "description": "When enabled and in SSL mode, then the Netty consumer will enrich the Camel Message with headers having information about the client certificate such as subject name, issuer name, serial number, and the valid date range." },
    "sslContextParameters": { "kind": "property", "displayName": "Ssl Context Parameters", "group": "security", "label": "security", "required": false, "type": "object", "javaType": "org.apache.camel.support.jsse.SSLContextParameters", "deprecated": false, "autowired": false, "secret": false, "configurationClass": "org.apache.camel.component.netty.NettyConfiguration", "configurationField": "configuration", "description": "To configure security using SSLContextParameters" },
    "sslHandler": { "kind": "property", "displayName": "Ssl Handler", "group": "security", "label": "security", "required": false, "type": "object", "javaType": "io.netty.handler.ssl.SslHandler", "deprecated": false, "autowired": false, "secret": false, "configurationClass": "org.apache.camel.component.netty.NettyConfiguration", "configurationField": "configuration", "description": "Reference to a class that could be used to return an SSL Handler" },
    "trustStoreFile": { "kind": "property", "displayName": "Trust Store File", "group": "security", "label": "security", "required": false, "type": "string", "javaType": "java.io.File", "deprecated": false, "autowired": false, "secret": false, "configurationClass": "org.apache.camel.component.netty.NettyConfiguration", "configurationField": "configuration", "description": "Server side certificate keystore to be used for encryption" },
    "trustStoreResource": { "kind": "property", "displayName": "Trust Store Resource", "group": "security", "label": "security", "required": false, "type": "string", "javaType": "java.lang.String", "deprecated": false, "autowired": false, "secret": false, "configurationClass": "org.apache.camel.component.netty.NettyConfiguration", "configurationField": "configuration", "description": "Server side certificate keystore to be used for encryption. Is loaded by default from classpath, but you can prefix with classpath:, file:, or http: to load the resource from different systems." },
    "useGlobalSslContextParameters": { "kind": "property", "displayName": "Use Global Ssl Context Parameters", "group": "security", "label": "security", "required": false, "type": "boolean", "javaType": "boolean", "deprecated": false, "autowired": false, "secret": false, "defaultValue": false, "description": "Enable usage of global SSL context parameters." }
  },
  "headers": {
    "CamelNettyCloseChannelWhenComplete": { "kind": "header", "displayName": "", "group": "common", "label": "", "required": false, "javaType": "Boolean", "deprecated": false, "deprecationNote": "", "autowired": false, "secret": false, "description": "Indicates whether the channel should be closed after complete.", "constantName": "org.apache.camel.component.netty.NettyConstants#NETTY_CLOSE_CHANNEL_WHEN_COMPLETE" },
    "CamelNettyChannelHandlerContext": { "kind": "header", "displayName": "", "group": "common", "label": "", "required": false, "javaType": "io.netty.channel.ChannelHandlerContext", "deprecated": false, "deprecationNote": "", "autowired": false, "secret": false, "description": "The channel handler context.", "constantName": "org.apache.camel.component.netty.NettyConstants#NETTY_CHANNEL_HANDLER_CONTEXT" },
    "CamelNettyRemoteAddress": { "kind": "header", "displayName": "", "group": "common", "label": "", "required": false, "javaType": "java.net.SocketAddress", "deprecated": false, "deprecationNote": "", "autowired": false, "secret": false, "description": "The remote address.", "constantName": "org.apache.camel.component.netty.NettyConstants#NETTY_REMOTE_ADDRESS" },
    "CamelNettyLocalAddress": { "kind": "header", "displayName": "", "group": "common", "label": "", "required": false, "javaType": "java.net.SocketAddress", "deprecated": false, "deprecationNote": "", "autowired": false, "secret": false, "description": "The local address.", "constantName": "org.apache.camel.component.netty.NettyConstants#NETTY_LOCAL_ADDRESS" },
    "CamelNettySSLSession": { "kind": "header", "displayName": "", "group": "common", "label": "", "required": false, "javaType": "javax.net.ssl.SSLSession", "deprecated": false, "deprecationNote": "", "autowired": false, "secret": false, "description": "The SSL session.", "constantName": "org.apache.camel.component.netty.NettyConstants#NETTY_SSL_SESSION" },
    "CamelNettySSLClientCertSubjectName": { "kind": "header", "displayName": "", "group": "common", "label": "", "required": false, "javaType": "String", "deprecated": false, "deprecationNote": "", "autowired": false, "secret": false, "description": "The SSL client certificate subject name.", "constantName": "org.apache.camel.component.netty.NettyConstants#NETTY_SSL_CLIENT_CERT_SUBJECT_NAME" },
    "CamelNettySSLClientCertIssuerName": { "kind": "header", "displayName": "", "group": "common", "label": "", "required": false, "javaType": "String", "deprecated": false, "deprecationNote": "", "autowired": false, "secret": false, "description": "The SSL client certificate issuer name.", "constantName": "org.apache.camel.component.netty.NettyConstants#NETTY_SSL_CLIENT_CERT_ISSUER_NAME" },
    "CamelNettySSLClientCertSerialNumber": { "kind": "header", "displayName": "", "group": "common", "label": "", "required": false, "javaType": "String", "deprecated": false, "deprecationNote": "", "autowired": false, "secret": false, "description": "The SSL client certificate serial number.", "constantName": "org.apache.camel.component.netty.NettyConstants#NETTY_SSL_CLIENT_CERT_SERIAL_NO" },
    "CamelNettySSLClientCertNotBefore": { "kind": "header", "displayName": "", "group": "common", "label": "", "required": false, "javaType": "java.util.Date", "deprecated": false, "deprecationNote": "", "autowired": false, "secret": false, "description": "The SSL client certificate not before.", "constantName": "org.apache.camel.component.netty.NettyConstants#NETTY_SSL_CLIENT_CERT_NOT_BEFORE" },
    "CamelNettySSLClientCertNotAfter": { "kind": "header", "displayName": "", "group": "common", "label": "", "required": false, "javaType": "java.util.Date", "deprecated": false, "deprecationNote": "", "autowired": false, "secret": false, "description": "The SSL client certificate not after.", "constantName": "org.apache.camel.component.netty.NettyConstants#NETTY_SSL_CLIENT_CERT_NOT_AFTER" },
    "CamelNettyRequestTimeout": { "kind": "header", "displayName": "", "group": "common", "label": "", "required": false, "javaType": "Long", "deprecated": false, "deprecationNote": "", "autowired": false, "secret": false, "description": "The read timeout.", "constantName": "org.apache.camel.component.netty.NettyConstants#NETTY_REQUEST_TIMEOUT" }
  },
  "properties": {
    "protocol": { "kind": "path", "displayName": "Protocol", "group": "common", "label": "", "required": true, "type": "string", "javaType": "java.lang.String", "enum": [ "tcp", "udp" ], "deprecated": false, "deprecationNote": "", "autowired": false, "secret": false, "configurationClass": "org.apache.camel.component.netty.NettyConfiguration", "configurationField": "configuration", "description": "The protocol to use which can be tcp or udp." },
    "host": { "kind": "path", "displayName": "Host", "group": "common", "label": "", "required": true, "type": "string", "javaType": "java.lang.String", "deprecated": false, "deprecationNote": "", "autowired": false, "secret": false, "configurationClass": "org.apache.camel.component.netty.NettyConfiguration", "configurationField": "configuration", "description": "The hostname. For the consumer the hostname is localhost or 0.0.0.0. For the producer the hostname is the remote host to connect to" },
    "port": { "kind": "path", "displayName": "Port", "group": "common", "label": "", "required": true, "type": "integer", "javaType": "int", "deprecated": false, "deprecationNote": "", "autowired": false, "secret": false, "configurationClass": "org.apache.camel.component.netty.NettyConfiguration", "configurationField": "configuration", "description": "The host port number" },
    "disconnect": { "kind": "parameter", "displayName": "Disconnect", "group": "common", "label": "", "required": false, "type": "boolean", "javaType": "boolean", "deprecated": false, "autowired": false, "secret": false, "defaultValue": false, "configurationClass": "org.apache.camel.component.netty.NettyConfiguration", "configurationField": "configuration", "description": "Whether or not to disconnect(close) from Netty Channel right after use. Can be used for both consumer and producer." },
    "keepAlive": { "kind": "parameter", "displayName": "Keep Alive", "group": "common", "label": "", "required": false, "type": "boolean", "javaType": "boolean", "deprecated": false, "autowired": false, "secret": false, "defaultValue": true, "configurationClass": "org.apache.camel.component.netty.NettyConfiguration", "configurationField": "configuration", "description": "Setting to ensure socket is not closed due to inactivity" },
    "reuseAddress": { "kind": "parameter", "displayName": "Reuse Address", "group": "common", "label": "", "required": false, "type": "boolean", "javaType": "boolean", "deprecated": false, "autowired": false, "secret": false, "defaultValue": true, "configurationClass": "org.apache.camel.component.netty.NettyConfiguration", "configurationField": "configuration", "description": "Setting to facilitate socket multiplexing" },
    "reuseChannel": { "kind": "parameter", "displayName": "Reuse Channel", "group": "common", "label": "common", "required": false, "type": "boolean", "javaType": "boolean", "deprecated": false, "autowired": false, "secret": false, "defaultValue": false, "configurationClass": "org.apache.camel.component.netty.NettyConfiguration", "configurationField": "configuration", "description": "This option allows producers and consumers (in client mode) to reuse the same Netty Channel for the lifecycle of processing the Exchange. This is useful if you need to call a server multiple times in a Camel route and want to use the same network connection. When using this, the channel is not returned to the connection pool until the Exchange is done; or disconnected if the disconnect option is set to true. The reused Channel is stored on the Exchange as an exchange property with the key NettyConstants#NETTY_CHANNEL which allows you to obtain the channel during routing and use it as well." },
    "sync": { "kind": "parameter", "displayName": "Sync", "group": "common", "label": "", "required": false, "type": "boolean", "javaType": "boolean", "deprecated": false, "autowired": false, "secret": false, "defaultValue": true, "configurationClass": "org.apache.camel.component.netty.NettyConfiguration", "configurationField": "configuration", "description": "Setting to set endpoint as one-way or request-response" },
    "tcpNoDelay": { "kind": "parameter", "displayName": "Tcp No Delay", "group": "common", "label": "", "required": false, "type": "boolean", "javaType": "boolean", "deprecated": false, "autowired": false, "secret": false, "defaultValue": true, "configurationClass": "org.apache.camel.component.netty.NettyConfiguration", "configurationField": "configuration", "description": "Setting to improve TCP protocol performance" },
    "broadcast": { "kind": "parameter", "displayName": "Broadcast", "group": "consumer", "label": "consumer", "required": false, "type": "boolean", "javaType": "boolean", "deprecated": false, "autowired": false, "secret": false, "defaultValue": false, "configurationClass": "org.apache.camel.component.netty.NettyConfiguration", "configurationField": "configuration", "description": "Setting to choose Multicast over UDP" },
    "clientMode": { "kind": "parameter", "displayName": "Client Mode", "group": "consumer", "label": "consumer", "required": false, "type": "boolean", "javaType": "boolean", "deprecated": false, "autowired": false, "secret": false, "defaultValue": false, "configurationClass": "org.apache.camel.component.netty.NettyConfiguration", "configurationField": "configuration", "description": "If the clientMode is true, netty consumer will connect the address as a TCP client." },
    "reconnect": { "kind": "parameter", "displayName": "Reconnect", "group": "consumer", "label": "consumer", "required": false, "type": "boolean", "javaType": "boolean", "deprecated": false, "autowired": false, "secret": false, "defaultValue": true, "configurationClass": "org.apache.camel.component.netty.NettyConfiguration", "configurationField": "configuration", "description": "Used only in clientMode in consumer, the consumer will attempt to reconnect on disconnection if this is enabled" },
    "reconnectInterval": { "kind": "parameter", "displayName": "Reconnect Interval", "group": "consumer", "label": "consumer", "required": false, "type": "integer", "javaType": "int", "deprecated": false, "autowired": false, "secret": false, "defaultValue": 10000, "configurationClass": "org.apache.camel.component.netty.NettyConfiguration", "configurationField": "configuration", "description": "Used if reconnect and clientMode is enabled. The interval in milli seconds to attempt reconnection" },
    "backlog": { "kind": "parameter", "displayName": "Backlog", "group": "consumer (advanced)", "label": "consumer,advanced", "required": false, "type": "integer", "javaType": "int", "deprecated": false, "autowired": false, "secret": false, "configurationClass": "org.apache.camel.component.netty.NettyConfiguration", "configurationField": "configuration", "description": "Allows to configure a backlog for netty consumer (server). Note the backlog is just a best effort depending on the OS. Setting this option to a value such as 200, 500 or 1000, tells the TCP stack how long the accept queue can be If this option is not configured, then the backlog depends on OS setting." },
    "bossCount": { "kind": "parameter", "displayName": "Boss Count", "group": "consumer (advanced)", "label": "consumer,advanced", "required": false, "type": "integer", "javaType": "int", "deprecated": false, "autowired": false, "secret": false, "defaultValue": 1, "configurationClass": "org.apache.camel.component.netty.NettyConfiguration", "configurationField": "configuration", "description": "When netty works on nio mode, it uses default bossCount parameter from Netty, which is 1. User can use this option to override the default bossCount from Netty" },
    "bossGroup": { "kind": "parameter", "displayName": "Boss Group", "group": "consumer (advanced)", "label": "consumer,advanced", "required": false, "type": "object", "javaType": "io.netty.channel.EventLoopGroup", "deprecated": false, "autowired": false, "secret": false, "configurationClass": "org.apache.camel.component.netty.NettyConfiguration", "configurationField": "configuration", "description": "Set the BossGroup which could be used for handling the new connection of the server side across the NettyEndpoint" },
    "bridgeErrorHandler": { "kind": "parameter", "displayName": "Bridge Error Handler", "group": "consumer (advanced)", "label": "consumer,advanced", "required": false, "type": "boolean", "javaType": "boolean", "deprecated": false, "autowired": false, "secret": false, "defaultValue": false, "description": "Allows for bridging the consumer to the Camel routing Error Handler, which mean any exceptions occurred while the consumer is trying to pickup incoming messages, or the likes, will now be processed as a message and handled by the routing Error Handler. By default the consumer will use the org.apache.camel.spi.ExceptionHandler to deal with exceptions, that will be logged at WARN or ERROR level and ignored." },
    "disconnectOnNoReply": { "kind": "parameter", "displayName": "Disconnect On No Reply", "group": "consumer (advanced)", "label": "consumer,advanced", "required": false, "type": "boolean", "javaType": "boolean", "deprecated": false, "autowired": false, "secret": false, "defaultValue": true, "configurationClass": "org.apache.camel.component.netty.NettyConfiguration", "configurationField": "configuration", "description": "If sync is enabled then this option dictates NettyConsumer if it should disconnect where there is no reply to send back." },
    "exceptionHandler": { "kind": "parameter", "displayName": "Exception Handler", "group": "consumer (advanced)", "label": "consumer,advanced", "required": false, "type": "object", "javaType": "org.apache.camel.spi.ExceptionHandler", "optionalPrefix": "consumer.", "deprecated": false, "autowired": false, "secret": false, "description": "To let the consumer use a custom ExceptionHandler. Notice if the option bridgeErrorHandler is enabled then this option is not in use. By default the consumer will deal with exceptions, that will be logged at WARN or ERROR level and ignored." },
    "exchangePattern": { "kind": "parameter", "displayName": "Exchange Pattern", "group": "consumer (advanced)", "label": "consumer,advanced", "required": false, "type": "object", "javaType": "org.apache.camel.ExchangePattern", "enum": [ "InOnly", "InOut", "InOptionalOut" ], "deprecated": false, "autowired": false, "secret": false, "description": "Sets the exchange pattern when the consumer creates an exchange." },
    "nettyServerBootstrapFactory": { "kind": "parameter", "displayName": "Netty Server Bootstrap Factory", "group": "consumer (advanced)", "label": "consumer,advanced", "required": false, "type": "object", "javaType": "org.apache.camel.component.netty.NettyServerBootstrapFactory", "deprecated": false, "autowired": false, "secret": false, "configurationClass": "org.apache.camel.component.netty.NettyConfiguration", "configurationField": "configuration", "description": "To use a custom NettyServerBootstrapFactory" },
    "networkInterface": { "kind": "parameter", "displayName": "Network Interface", "group": "consumer (advanced)", "label": "consumer,advanced", "required": false, "type": "string", "javaType": "java.lang.String", "deprecated": false, "autowired": false, "secret": false, "configurationClass": "org.apache.camel.component.netty.NettyConfiguration", "configurationField": "configuration", "description": "When using UDP then this option can be used to specify a network interface by its name, such as eth0 to join a multicast group." },
    "noReplyLogLevel": { "kind": "parameter", "displayName": "No Reply Log Level", "group": "consumer (advanced)", "label": "consumer,advanced", "required": false, "type": "object", "javaType": "org.apache.camel.LoggingLevel", "enum": [ "TRACE", "DEBUG", "INFO", "WARN", "ERROR", "OFF" ], "deprecated": false, "autowired": false, "secret": false, "defaultValue": "WARN", "configurationClass": "org.apache.camel.component.netty.NettyConfiguration", "configurationField": "configuration", "description": "If sync is enabled this option dictates NettyConsumer which logging level to use when logging a there is no reply to send back." },
    "serverClosedChannelExceptionCaughtLogLevel": { "kind": "parameter", "displayName": "Server Closed Channel Exception Caught Log Level", "group": "consumer (advanced)", "label": "consumer,advanced", "required": false, "type": "object", "javaType": "org.apache.camel.LoggingLevel", "enum": [ "TRACE", "DEBUG", "INFO", "WARN", "ERROR", "OFF" ], "deprecated": false, "autowired": false, "secret": false, "defaultValue": "DEBUG", "configurationClass": "org.apache.camel.component.netty.NettyConfiguration", "configurationField": "configuration", "description": "If the server (NettyConsumer) catches an java.nio.channels.ClosedChannelException then its logged using this logging level. This is used to avoid logging the closed channel exceptions, as clients can disconnect abruptly and then cause a flood of closed exceptions in the Netty server." },
    "serverExceptionCaughtLogLevel": { "kind": "parameter", "displayName": "Server Exception Caught Log Level", "group": "consumer (advanced)", "label": "consumer,advanced", "required": false, "type": "object", "javaType": "org.apache.camel.LoggingLevel", "enum": [ "TRACE", "DEBUG", "INFO", "WARN", "ERROR", "OFF" ], "deprecated": false, "autowired": false, "secret": false, "defaultValue": "WARN", "configurationClass": "org.apache.camel.component.netty.NettyConfiguration", "configurationField": "configuration", "description": "If the server (NettyConsumer) catches an exception then its logged using this logging level." },
    "serverInitializerFactory": { "kind": "parameter", "displayName": "Server Initializer Factory", "group": "consumer (advanced)", "label": "consumer,advanced", "required": false, "type": "object", "javaType": "org.apache.camel.component.netty.ServerInitializerFactory", "deprecated": false, "autowired": false, "secret": false, "configurationClass": "org.apache.camel.component.netty.NettyConfiguration", "configurationField": "configuration", "description": "To use a custom ServerInitializerFactory" },
    "usingExecutorService": { "kind": "parameter", "displayName": "Using Executor Service", "group": "consumer (advanced)", "label": "consumer,advanced", "required": false, "type": "boolean", "javaType": "boolean", "deprecated": false, "autowired": false, "secret": false, "defaultValue": true, "configurationClass": "org.apache.camel.component.netty.NettyConfiguration", "configurationField": "configuration", "description": "Whether to use ordered thread pool, to ensure events are processed orderly on the same channel." },
    "connectTimeout": { "kind": "parameter", "displayName": "Connect Timeout", "group": "producer", "label": "producer", "required": false, "type": "integer", "javaType": "int", "deprecated": false, "autowired": false, "secret": false, "defaultValue": 10000, "configurationClass": "org.apache.camel.component.netty.NettyConfiguration", "configurationField": "configuration", "description": "Time to wait for a socket connection to be available. Value is in milliseconds." },
    "requestTimeout": { "kind": "parameter", "displayName": "Request Timeout", "group": "producer", "label": "producer", "required": false, "type": "integer", "javaType": "long", "deprecated": false, "autowired": false, "secret": false, "configurationClass": "org.apache.camel.component.netty.NettyConfiguration", "configurationField": "configuration", "description": "Allows to use a timeout for the Netty producer when calling a remote server. By default no timeout is in use. The value is in milli seconds, so eg 30000 is 30 seconds. The requestTimeout is using Netty's ReadTimeoutHandler to trigger the timeout." },
    "clientInitializerFactory": { "kind": "parameter", "displayName": "Client Initializer Factory", "group": "producer (advanced)", "label": "producer,advanced", "required": false, "type": "object", "javaType": "org.apache.camel.component.netty.ClientInitializerFactory", "deprecated": false, "autowired": false, "secret": false, "configurationClass": "org.apache.camel.component.netty.NettyConfiguration", "configurationField": "configuration", "description": "To use a custom ClientInitializerFactory" },
    "correlationManager": { "kind": "parameter", "displayName": "Correlation Manager", "group": "producer (advanced)", "label": "producer,advanced", "required": false, "type": "object", "javaType": "org.apache.camel.component.netty.NettyCamelStateCorrelationManager", "deprecated": false, "autowired": false, "secret": false, "configurationClass": "org.apache.camel.component.netty.NettyConfiguration", "configurationField": "configuration", "description": "To use a custom correlation manager to manage how request and reply messages are mapped when using request\/reply with the netty producer. This should only be used if you have a way to map requests together with replies such as if there is correlation ids in both the request and reply messages. This can be used if you want to multiplex concurrent messages on the same channel (aka connection) in netty. When doing this you must have a way to correlate the request and reply messages so you can store the right reply on the inflight Camel Exchange before its continued routed. We recommend extending the TimeoutCorrelationManagerSupport when you build custom correlation managers. This provides support for timeout and other complexities you otherwise would need to implement as well. See also the producerPoolEnabled option for more details." },
    "lazyChannelCreation": { "kind": "parameter", "displayName": "Lazy Channel Creation", "group": "producer (advanced)", "label": "producer,advanced", "required": false, "type": "boolean", "javaType": "boolean", "deprecated": false, "autowired": false, "secret": false, "defaultValue": true, "configurationClass": "org.apache.camel.component.netty.NettyConfiguration", "configurationField": "configuration", "description": "Channels can be lazily created to avoid exceptions, if the remote server is not up and running when the Camel producer is started." },
    "lazyStartProducer": { "kind": "parameter", "displayName": "Lazy Start Producer", "group": "producer (advanced)", "label": "producer,advanced", "required": false, "type": "boolean", "javaType": "boolean", "deprecated": false, "autowired": false, "secret": false, "defaultValue": false, "description": "Whether the producer should be started lazy (on the first message). By starting lazy you can use this to allow CamelContext and routes to startup in situations where a producer may otherwise fail during starting and cause the route to fail being started. By deferring this startup to be lazy then the startup failure can be handled during routing messages via Camel's routing error handlers. Beware that when the first message is processed then creating and starting the producer may take a little time and prolong the total processing time of the processing." },
    "producerPoolBlockWhenExhausted": { "kind": "parameter", "displayName": "Producer Pool Block When Exhausted", "group": "producer (advanced)", "label": "producer,advanced", "required": false, "type": "boolean", "javaType": "boolean", "deprecated": false, "autowired": false, "secret": false, "defaultValue": true, "configurationClass": "org.apache.camel.component.netty.NettyConfiguration", "configurationField": "configuration", "description": "Sets the value for the blockWhenExhausted configuration attribute. It determines whether to block when the borrowObject() method is invoked when the pool is exhausted (the maximum number of active objects has been reached)." },
    "producerPoolEnabled": { "kind": "parameter", "displayName": "Producer Pool Enabled", "group": "producer (advanced)", "label": "producer,advanced", "required": false, "type": "boolean", "javaType": "boolean", "deprecated": false, "autowired": false, "secret": false, "defaultValue": true, "configurationClass": "org.apache.camel.component.netty.NettyConfiguration", "configurationField": "configuration", "description": "Whether producer pool is enabled or not. Important: If you turn this off then a single shared connection is used for the producer, also if you are doing request\/reply. That means there is a potential issue with interleaved responses if replies comes back out-of-order. Therefore you need to have a correlation id in both the request and reply messages so you can properly correlate the replies to the Camel callback that is responsible for continue processing the message in Camel. To do this you need to implement NettyCamelStateCorrelationManager as correlation manager and configure it via the correlationManager option. See also the correlationManager option for more details." },
    "producerPoolMaxIdle": { "kind": "parameter", "displayName": "Producer Pool Max Idle", "group": "producer (advanced)", "label": "producer,advanced", "required": false, "type": "integer", "javaType": "int", "deprecated": false, "autowired": false, "secret": false, "defaultValue": 100, "configurationClass": "org.apache.camel.component.netty.NettyConfiguration", "configurationField": "configuration", "description": "Sets the cap on the number of idle instances in the pool." },
    "producerPoolMaxTotal": { "kind": "parameter", "displayName": "Producer Pool Max Total", "group": "producer (advanced)", "label": "producer,advanced", "required": false, "type": "integer", "javaType": "int", "deprecated": false, "autowired": false, "secret": false, "defaultValue": -1, "configurationClass": "org.apache.camel.component.netty.NettyConfiguration", "configurationField": "configuration", "description": "Sets the cap on the number of objects that can be allocated by the pool (checked out to clients, or idle awaiting checkout) at a given time. Use a negative value for no limit." },
    "producerPoolMaxWait": { "kind": "parameter", "displayName": "Producer Pool Max Wait", "group": "producer (advanced)", "label": "producer,advanced", "required": false, "type": "integer", "javaType": "long", "deprecated": false, "autowired": false, "secret": false, "defaultValue": -1, "configurationClass": "org.apache.camel.component.netty.NettyConfiguration", "configurationField": "configuration", "description": "Sets the maximum duration (value in millis) the borrowObject() method should block before throwing an exception when the pool is exhausted and producerPoolBlockWhenExhausted is true. When less than 0, the borrowObject() method may block indefinitely." },
    "producerPoolMinEvictableIdle": { "kind": "parameter", "displayName": "Producer Pool Min Evictable Idle", "group": "producer (advanced)", "label": "producer,advanced", "required": false, "type": "integer", "javaType": "long", "deprecated": false, "autowired": false, "secret": false, "defaultValue": 300000, "configurationClass": "org.apache.camel.component.netty.NettyConfiguration", "configurationField": "configuration", "description": "Sets the minimum amount of time (value in millis) an object may sit idle in the pool before it is eligible for eviction by the idle object evictor." },
    "producerPoolMinIdle": { "kind": "parameter", "displayName": "Producer Pool Min Idle", "group": "producer (advanced)", "label": "producer,advanced", "required": false, "type": "integer", "javaType": "int", "deprecated": false, "autowired": false, "secret": false, "configurationClass": "org.apache.camel.component.netty.NettyConfiguration", "configurationField": "configuration", "description": "Sets the minimum number of instances allowed in the producer pool before the evictor thread (if active) spawns new objects." },
    "udpConnectionlessSending": { "kind": "parameter", "displayName": "Udp Connectionless Sending", "group": "producer (advanced)", "label": "producer,advanced", "required": false, "type": "boolean", "javaType": "boolean", "deprecated": false, "autowired": false, "secret": false, "defaultValue": false, "configurationClass": "org.apache.camel.component.netty.NettyConfiguration", "configurationField": "configuration", "description": "This option supports connection less udp sending which is a real fire and forget. A connected udp send receive the PortUnreachableException if no one is listen on the receiving port." },
    "useByteBuf": { "kind": "parameter", "displayName": "Use Byte Buf", "group": "producer (advanced)", "label": "producer,advanced", "required": false, "type": "boolean", "javaType": "boolean", "deprecated": false, "autowired": false, "secret": false, "defaultValue": false, "configurationClass": "org.apache.camel.component.netty.NettyConfiguration", "configurationField": "configuration", "description": "If the useByteBuf is true, netty producer will turn the message body into ByteBuf before sending it out." },
    "hostnameVerification": { "kind": "parameter", "displayName": "Hostname Verification", "group": " security", "label": "common, security", "required": false, "type": "boolean", "javaType": "boolean", "deprecated": false, "autowired": false, "secret": false, "defaultValue": false, "configurationClass": "org.apache.camel.component.netty.NettyConfiguration", "configurationField": "configuration", "description": "To enable\/disable hostname verification on SSLEngine" },
    "allowSerializedHeaders": { "kind": "parameter", "displayName": "Allow Serialized Headers", "group": "advanced", "label": "advanced", "required": false, "type": "boolean", "javaType": "boolean", "deprecated": false, "autowired": false, "secret": false, "defaultValue": false, "configurationClass": "org.apache.camel.component.netty.NettyConfiguration", "configurationField": "configuration", "description": "Only used for TCP when transferExchange is true. When set to true, serializable objects in headers and properties will be added to the exchange. Otherwise Camel will exclude any non-serializable objects and log it at WARN level." },
    "channelGroup": { "kind": "parameter", "displayName": "Channel Group", "group": "advanced", "label": "advanced", "required": false, "type": "object", "javaType": "io.netty.channel.group.ChannelGroup", "deprecated": false, "autowired": false, "secret": false, "configurationClass": "org.apache.camel.component.netty.NettyConfiguration", "configurationField": "configuration", "description": "To use a explicit ChannelGroup." },
    "nativeTransport": { "kind": "parameter", "displayName": "Native Transport", "group": "advanced", "label": "advanced", "required": false, "type": "boolean", "javaType": "boolean", "deprecated": false, "autowired": false, "secret": false, "defaultValue": false, "configurationClass": "org.apache.camel.component.netty.NettyConfiguration", "configurationField": "configuration", "description": "Whether to use native transport instead of NIO. Native transport takes advantage of the host operating system and is only supported on some platforms. You need to add the netty JAR for the host operating system you are using. See more details at: http:\/\/netty.io\/wiki\/native-transports.html" },
    "options": { "kind": "parameter", "displayName": "Options", "group": "advanced", "label": "advanced", "required": false, "type": "object", "javaType": "java.util.Map<java.lang.String, java.lang.Object>", "prefix": "option.", "multiValue": true, "deprecated": false, "autowired": false, "secret": false, "configurationClass": "org.apache.camel.component.netty.NettyConfiguration", "configurationField": "configuration", "description": "Allows to configure additional netty options using option. as prefix. For example option.child.keepAlive=false to set the netty option child.keepAlive=false. See the Netty documentation for possible options that can be used." },
    "receiveBufferSize": { "kind": "parameter", "displayName": "Receive Buffer Size", "group": "advanced", "label": "advanced", "required": false, "type": "integer", "javaType": "int", "deprecated": false, "autowired": false, "secret": false, "defaultValue": 65536, "configurationClass": "org.apache.camel.component.netty.NettyConfiguration", "configurationField": "configuration", "description": "The TCP\/UDP buffer sizes to be used during inbound communication. Size is bytes." },
    "receiveBufferSizePredictor": { "kind": "parameter", "displayName": "Receive Buffer Size Predictor", "group": "advanced", "label": "advanced", "required": false, "type": "integer", "javaType": "int", "deprecated": false, "autowired": false, "secret": false, "configurationClass": "org.apache.camel.component.netty.NettyConfiguration", "configurationField": "configuration", "description": "Configures the buffer size predictor. See details at Jetty documentation and this mail thread." },
    "sendBufferSize": { "kind": "parameter", "displayName": "Send Buffer Size", "group": "advanced", "label": "advanced", "required": false, "type": "integer", "javaType": "int", "deprecated": false, "autowired": false, "secret": false, "defaultValue": 65536, "configurationClass": "org.apache.camel.component.netty.NettyConfiguration", "configurationField": "configuration", "description": "The TCP\/UDP buffer sizes to be used during outbound communication. Size is bytes." },
    "synchronous": { "kind": "parameter", "displayName": "Synchronous", "group": "advanced", "label": "advanced", "required": false, "type": "boolean", "javaType": "boolean", "deprecated": false, "autowired": false, "secret": false, "defaultValue": false, "description": "Sets whether synchronous processing should be strictly used" },
    "transferExchange": { "kind": "parameter", "displayName": "Transfer Exchange", "group": "advanced", "label": "advanced", "required": false, "type": "boolean", "javaType": "boolean", "deprecated": false, "autowired": false, "secret": false, "defaultValue": false, "configurationClass": "org.apache.camel.component.netty.NettyConfiguration", "configurationField": "configuration", "description": "Only used for TCP. You can transfer the exchange over the wire instead of just the body. The following fields are transferred: In body, Out body, fault body, In headers, Out headers, fault headers, exchange properties, exchange exception. This requires that the objects are serializable. Camel will exclude any non-serializable objects and log it at WARN level." },
    "udpByteArrayCodec": { "kind": "parameter", "displayName": "Udp Byte Array Codec", "group": "advanced", "label": "advanced", "required": false, "type": "boolean", "javaType": "boolean", "deprecated": false, "autowired": false, "secret": false, "defaultValue": false, "configurationClass": "org.apache.camel.component.netty.NettyConfiguration", "configurationField": "configuration", "description": "For UDP only. If enabled the using byte array codec instead of Java serialization protocol." },
    "unixDomainSocketPath": { "kind": "parameter", "displayName": "Unix Domain Socket Path", "group": "advanced", "label": "advanced", "required": false, "type": "string", "javaType": "java.lang.String", "deprecated": false, "autowired": false, "secret": false, "configurationClass": "org.apache.camel.component.netty.NettyConfiguration", "configurationField": "configuration", "description": "Path to unix domain socket to use instead of inet socket. Host and port parameters will not be used, however required. It is ok to set dummy values for them. Must be used with nativeTransport=true and clientMode=false." },
    "workerCount": { "kind": "parameter", "displayName": "Worker Count", "group": "advanced", "label": "advanced", "required": false, "type": "integer", "javaType": "int", "deprecated": false, "autowired": false, "secret": false, "configurationClass": "org.apache.camel.component.netty.NettyConfiguration", "configurationField": "configuration", "description": "When netty works on nio mode, it uses default workerCount parameter from Netty (which is cpu_core_threads x 2). User can use this option to override the default workerCount from Netty." },
    "workerGroup": { "kind": "parameter", "displayName": "Worker Group", "group": "advanced", "label": "advanced", "required": false, "type": "object", "javaType": "io.netty.channel.EventLoopGroup", "deprecated": false, "autowired": false, "secret": false, "configurationClass": "org.apache.camel.component.netty.NettyConfiguration", "configurationField": "configuration", "description": "To use a explicit EventLoopGroup as the boss thread pool. For example to share a thread pool with multiple consumers or producers. By default each consumer or producer has their own worker pool with 2 x cpu count core threads." },
    "allowDefaultCodec": { "kind": "parameter", "displayName": "Allow Default Codec", "group": "codec", "label": "codec", "required": false, "type": "boolean", "javaType": "boolean", "deprecated": false, "autowired": false, "secret": false, "defaultValue": true, "configurationClass": "org.apache.camel.component.netty.NettyConfiguration", "configurationField": "configuration", "description": "The netty component installs a default codec if both, encoder\/decoder is null and textline is false. Setting allowDefaultCodec to false prevents the netty component from installing a default codec as the first element in the filter chain." },
    "autoAppendDelimiter": { "kind": "parameter", "displayName": "Auto Append Delimiter", "group": "codec", "label": "codec", "required": false, "type": "boolean", "javaType": "boolean", "deprecated": false, "autowired": false, "secret": false, "defaultValue": true, "configurationClass": "org.apache.camel.component.netty.NettyConfiguration", "configurationField": "configuration", "description": "Whether or not to auto append missing end delimiter when sending using the textline codec." },
    "decoderMaxLineLength": { "kind": "parameter", "displayName": "Decoder Max Line Length", "group": "codec", "label": "codec", "required": false, "type": "integer", "javaType": "int", "deprecated": false, "autowired": false, "secret": false, "defaultValue": 1024, "configurationClass": "org.apache.camel.component.netty.NettyConfiguration", "configurationField": "configuration", "description": "The max line length to use for the textline codec." },
    "decoders": { "kind": "parameter", "displayName": "Decoders", "group": "codec", "label": "codec", "required": false, "type": "string", "javaType": "java.lang.String", "deprecated": false, "autowired": false, "secret": false, "configurationClass": "org.apache.camel.component.netty.NettyConfiguration", "configurationField": "configuration", "description": "A list of decoders to be used. You can use a String which have values separated by comma, and have the values be looked up in the Registry. Just remember to prefix the value with # so Camel knows it should lookup." },
    "delimiter": { "kind": "parameter", "displayName": "Delimiter", "group": "codec", "label": "codec", "required": false, "type": "object", "javaType": "org.apache.camel.component.netty.TextLineDelimiter", "enum": [ "LINE", "NULL" ], "deprecated": false, "autowired": false, "secret": false, "defaultValue": "LINE", "configurationClass": "org.apache.camel.component.netty.NettyConfiguration", "configurationField": "configuration", "description": "The delimiter to use for the textline codec. Possible values are LINE and NULL." },
    "encoders": { "kind": "parameter", "displayName": "Encoders", "group": "codec", "label": "codec", "required": false, "type": "string", "javaType": "java.lang.String", "deprecated": false, "autowired": false, "secret": false, "configurationClass": "org.apache.camel.component.netty.NettyConfiguration", "configurationField": "configuration", "description": "A list of encoders to be used. You can use a String which have values separated by comma, and have the values be looked up in the Registry. Just remember to prefix the value with # so Camel knows it should lookup." },
    "encoding": { "kind": "parameter", "displayName": "Encoding", "group": "codec", "label": "codec", "required": false, "type": "string", "javaType": "java.lang.String", "deprecated": false, "autowired": false, "secret": false, "configurationClass": "org.apache.camel.component.netty.NettyConfiguration", "configurationField": "configuration", "description": "The encoding (a charset name) to use for the textline codec. If not provided, Camel will use the JVM default Charset." },
    "textline": { "kind": "parameter", "displayName": "Textline", "group": "codec", "label": "codec", "required": false, "type": "boolean", "javaType": "boolean", "deprecated": false, "autowired": false, "secret": false, "defaultValue": false, "configurationClass": "org.apache.camel.component.netty.NettyConfiguration", "configurationField": "configuration", "description": "Only used for TCP. If no codec is specified, you can use this flag to indicate a text line based codec; if not specified or the value is false, then Object Serialization is assumed over TCP - however only Strings are allowed to be serialized by default." },
    "enabledProtocols": { "kind": "parameter", "displayName": "Enabled Protocols", "group": "security", "label": "security", "required": false, "type": "string", "javaType": "java.lang.String", "deprecated": false, "autowired": false, "secret": false, "defaultValue": "TLSv1.2,TLSv1.3", "configurationClass": "org.apache.camel.component.netty.NettyConfiguration", "configurationField": "configuration", "description": "Which protocols to enable when using SSL" },
    "keyStoreFile": { "kind": "parameter", "displayName": "Key Store File", "group": "security", "label": "security", "required": false, "type": "string", "javaType": "java.io.File", "deprecated": false, "autowired": false, "secret": false, "configurationClass": "org.apache.camel.component.netty.NettyConfiguration", "configurationField": "configuration", "description": "Client side certificate keystore to be used for encryption" },
    "keyStoreFormat": { "kind": "parameter", "displayName": "Key Store Format", "group": "security", "label": "security", "required": false, "type": "string", "javaType": "java.lang.String", "deprecated": false, "autowired": false, "secret": false, "configurationClass": "org.apache.camel.component.netty.NettyConfiguration", "configurationField": "configuration", "description": "Keystore format to be used for payload encryption. Defaults to JKS if not set" },
    "keyStoreResource": { "kind": "parameter", "displayName": "Key Store Resource", "group": "security", "label": "security", "required": false, "type": "string", "javaType": "java.lang.String", "deprecated": false, "autowired": false, "secret": false, "configurationClass": "org.apache.camel.component.netty.NettyConfiguration", "configurationField": "configuration", "description": "Client side certificate keystore to be used for encryption. Is loaded by default from classpath, but you can prefix with classpath:, file:, or http: to load the resource from different systems." },
    "needClientAuth": { "kind": "parameter", "displayName": "Need Client Auth", "group": "security", "label": "consumer,security", "required": false, "type": "boolean", "javaType": "boolean", "deprecated": false, "autowired": false, "secret": false, "defaultValue": false, "configurationClass": "org.apache.camel.component.netty.NettyConfiguration", "configurationField": "configuration", "description": "Configures whether the server needs client authentication when using SSL." },
    "passphrase": { "kind": "parameter", "displayName": "Passphrase", "group": "security", "label": "security", "required": false, "type": "string", "javaType": "java.lang.String", "deprecated": false, "autowired": false, "secret": true, "configurationClass": "org.apache.camel.component.netty.NettyConfiguration", "configurationField": "configuration", "description": "Password setting to use in order to encrypt\/decrypt payloads sent using SSH" },
    "securityProvider": { "kind": "parameter", "displayName": "Security Provider", "group": "security", "label": "security", "required": false, "type": "string", "javaType": "java.lang.String", "deprecated": false, "autowired": false, "secret": false, "configurationClass": "org.apache.camel.component.netty.NettyConfiguration", "configurationField": "configuration", "description": "Security provider to be used for payload encryption. Defaults to SunX509 if not set." },
    "ssl": { "kind": "parameter", "displayName": "Ssl", "group": "security", "label": "security", "required": false, "type": "boolean", "javaType": "boolean", "deprecated": false, "autowired": false, "secret": false, "defaultValue": false, "configurationClass": "org.apache.camel.component.netty.NettyConfiguration", "configurationField": "configuration", "description": "Setting to specify whether SSL encryption is applied to this endpoint" },
    "sslClientCertHeaders": { "kind": "parameter", "displayName": "Ssl Client Cert Headers", "group": "security", "label": "security", "required": false, "type": "boolean", "javaType": "boolean", "deprecated": false, "autowired": false, "secret": false, "defaultValue": false, "configurationClass": "org.apache.camel.component.netty.NettyConfiguration", "configurationField": "configuration", "description": "When enabled and in SSL mode, then the Netty consumer will enrich the Camel Message with headers having information about the client certificate such as subject name, issuer name, serial number, and the valid date range." },
    "sslContextParameters": { "kind": "parameter", "displayName": "Ssl Context Parameters", "group": "security", "label": "security", "required": false, "type": "object", "javaType": "org.apache.camel.support.jsse.SSLContextParameters", "deprecated": false, "autowired": false, "secret": false, "configurationClass": "org.apache.camel.component.netty.NettyConfiguration", "configurationField": "configuration", "description": "To configure security using SSLContextParameters" },
    "sslHandler": { "kind": "parameter", "displayName": "Ssl Handler", "group": "security", "label": "security", "required": false, "type": "object", "javaType": "io.netty.handler.ssl.SslHandler", "deprecated": false, "autowired": false, "secret": false, "configurationClass": "org.apache.camel.component.netty.NettyConfiguration", "configurationField": "configuration", "description": "Reference to a class that could be used to return an SSL Handler" },
    "trustStoreFile": { "kind": "parameter", "displayName": "Trust Store File", "group": "security", "label": "security", "required": false, "type": "string", "javaType": "java.io.File", "deprecated": false, "autowired": false, "secret": false, "configurationClass": "org.apache.camel.component.netty.NettyConfiguration", "configurationField": "configuration", "description": "Server side certificate keystore to be used for encryption" },
    "trustStoreResource": { "kind": "parameter", "displayName": "Trust Store Resource", "group": "security", "label": "security", "required": false, "type": "string", "javaType": "java.lang.String", "deprecated": false, "autowired": false, "secret": false, "configurationClass": "org.apache.camel.component.netty.NettyConfiguration", "configurationField": "configuration", "description": "Server side certificate keystore to be used for encryption. Is loaded by default from classpath, but you can prefix with classpath:, file:, or http: to load the resource from different systems." }
  }
}
