{
  "component": {
    "kind": "component",
    "name": "openstack-glance",
    "title": "OpenStack Glance",
    "description": "Manage VM images and metadata definitions in OpenStack Glance.",
    "deprecated": false,
    "firstVersion": "2.19.0",
    "label": "cloud,paas",
    "javaType": "org.apache.camel.component.openstack.glance.GlanceComponent",
    "supportLevel": "Stable",
    "groupId": "org.apache.camel",
    "artifactId": "camel-openstack",
    "version": "3.21.0-SNAPSHOT",
    "scheme": "openstack-glance",
    "extendsScheme": "",
    "syntax": "openstack-glance:host",
    "async": false,
    "api": false,
    "consumerOnly": false,
    "producerOnly": true,
    "lenientProperties": false
  },
  "componentProperties": {
    "lazyStartProducer": { "kind": "property", "displayName": "Lazy Start Producer", "group": "producer", "label": "producer", "required": false, "type": "boolean", "javaType": "boolean", "deprecated": false, "autowired": false, "secret": false, "defaultValue": false, "description": "Whether the producer should be started lazy (on the first message). By starting lazy you can use this to allow CamelContext and routes to startup in situations where a producer may otherwise fail during starting and cause the route to fail being started. By deferring this startup to be lazy then the startup failure can be handled during routing messages via Camel's routing error handlers. Beware that when the first message is processed then creating and starting the producer may take a little time and prolong the total processing time of the processing." },
    "autowiredEnabled": { "kind": "property", "displayName": "Autowired Enabled", "group": "advanced", "label": "advanced", "required": false, "type": "boolean", "javaType": "boolean", "deprecated": false, "autowired": false, "secret": false, "defaultValue": true, "description": "Whether autowiring is enabled. This is used for automatic autowiring options (the option must be marked as autowired) by looking up in the registry to find if there is a single instance of matching type, which then gets configured on the component. This can be used for automatic configuring JDBC data sources, JMS connection factories, AWS Clients, etc." }
  },
  "headers": {
    "diskFormat": { "kind": "header", "displayName": "", "group": "producer", "label": "", "required": false, "javaType": "org.openstack4j.model.image.DiskFormat", "enum": [ "RAW", "VHD", "VMDK", "VDI", "ISO", "QCOW2", "AKI", "ARI", "AMI", "UNRECOGNIZED" ], "deprecated": false, "deprecationNote": "", "autowired": false, "secret": false, "description": "The number of flavor VCPU.", "constantName": "org.apache.camel.component.openstack.glance.GlanceConstants#DISK_FORMAT" },
    "containerFormat": { "kind": "header", "displayName": "", "group": "producer", "label": "", "required": false, "javaType": "org.openstack4j.model.image.ContainerFormat", "enum": [ "BARE", "OVF", "AKI", "ARI", "AMI", "DOCKER", "UNRECOGNIZED" ], "deprecated": false, "deprecationNote": "", "autowired": false, "secret": false, "description": "Size of RAM.", "constantName": "org.apache.camel.component.openstack.glance.GlanceConstants#CONTAINER_FORMAT" },
    "owner": { "kind": "header", "displayName": "", "group": "producer", "label": "", "required": false, "javaType": "String", "deprecated": false, "deprecationNote": "", "autowired": false, "secret": false, "description": "Image owner.", "constantName": "org.apache.camel.component.openstack.glance.GlanceConstants#OWNER" },
    "isPublic": { "kind": "header", "displayName": "", "group": "producer", "label": "", "required": false, "javaType": "Boolean", "deprecated": false, "deprecationNote": "", "autowired": false, "secret": false, "description": "Is public.", "constantName": "org.apache.camel.component.openstack.glance.GlanceConstants#IS_PUBLIC" },
    "minRam": { "kind": "header", "displayName": "", "group": "producer", "label": "", "required": false, "javaType": "Long", "deprecated": false, "deprecationNote": "", "autowired": false, "secret": false, "description": "Minimum ram.", "constantName": "org.apache.camel.component.openstack.glance.GlanceConstants#MIN_RAM" },
    "minDisk": { "kind": "header", "displayName": "", "group": "producer", "label": "", "required": false, "javaType": "Long", "deprecated": false, "deprecationNote": "", "autowired": false, "secret": false, "description": "Minimum disk.", "constantName": "org.apache.camel.component.openstack.glance.GlanceConstants#MIN_DISK" },
    "size": { "kind": "header", "displayName": "", "group": "producer", "label": "", "required": false, "javaType": "Long", "deprecated": false, "deprecationNote": "", "autowired": false, "secret": false, "description": "Size.", "constantName": "org.apache.camel.component.openstack.glance.GlanceConstants#SIZE" },
    "checksum": { "kind": "header", "displayName": "", "group": "producer", "label": "", "required": false, "javaType": "String", "deprecated": false, "deprecationNote": "", "autowired": false, "secret": false, "description": "Checksum.", "constantName": "org.apache.camel.component.openstack.glance.GlanceConstants#CHECKSUM" },
    "operation": { "kind": "header", "displayName": "", "group": "producer", "label": "", "required": false, "javaType": "String", "deprecated": false, "deprecationNote": "", "autowired": false, "secret": false, "description": "The operation to perform.", "constantName": "org.apache.camel.component.openstack.common.OpenstackConstants#OPERATION" },
    "ID": { "kind": "header", "displayName": "", "group": "producer", "label": "", "required": false, "javaType": "String", "deprecated": false, "deprecationNote": "", "autowired": false, "secret": false, "description": "The ID.", "constantName": "org.apache.camel.component.openstack.common.OpenstackConstants#ID" },
    "name": { "kind": "header", "displayName": "", "group": "producer", "label": "", "required": false, "javaType": "String", "deprecated": false, "deprecationNote": "", "autowired": false, "secret": false, "description": "The name.", "constantName": "org.apache.camel.component.openstack.common.OpenstackConstants#NAME" },
    "properties": { "kind": "header", "displayName": "", "group": "producer", "label": "", "required": false, "javaType": "Map<String, String>", "deprecated": false, "deprecationNote": "", "autowired": false, "secret": false, "description": "The image properties.", "constantName": "org.apache.camel.component.openstack.common.OpenstackConstants#PROPERTIES" }
  },
  "properties": {
    "host": { "kind": "path", "displayName": "Host", "group": "producer", "label": "", "required": true, "type": "string", "javaType": "java.lang.String", "deprecated": false, "deprecationNote": "", "autowired": false, "secret": false, "description": "OpenStack host url" },
    "apiVersion": { "kind": "parameter", "displayName": "Api Version", "group": "producer", "label": "", "required": false, "type": "string", "javaType": "java.lang.String", "enum": [ "V2", "V3" ], "deprecated": false, "autowired": false, "secret": false, "defaultValue": "V3", "description": "OpenStack API version" },
    "config": { "kind": "parameter", "displayName": "Config", "group": "producer", "label": "", "required": false, "type": "object", "javaType": "org.openstack4j.core.transport.Config", "deprecated": false, "autowired": false, "secret": false, "description": "OpenStack configuration" },
    "domain": { "kind": "parameter", "displayName": "Domain", "group": "producer", "label": "", "required": false, "type": "string", "javaType": "java.lang.String", "deprecated": false, "autowired": false, "secret": false, "defaultValue": "default", "description": "Authentication domain" },
    "operation": { "kind": "parameter", "displayName": "Operation", "group": "producer", "label": "", "required": false, "type": "string", "javaType": "java.lang.String", "deprecated": false, "autowired": false, "secret": false, "description": "The operation to do" },
    "password": { "kind": "parameter", "displayName": "Password", "group": "producer", "label": "", "required": true, "type": "string", "javaType": "java.lang.String", "deprecated": false, "deprecationNote": "", "autowired": false, "secret": true, "description": "OpenStack password" },
    "project": { "kind": "parameter", "displayName": "Project", "group": "producer", "label": "", "required": true, "type": "string", "javaType": "java.lang.String", "deprecated": false, "deprecationNote": "", "autowired": false, "secret": false, "description": "The project ID" },
    "username": { "kind": "parameter", "displayName": "Username", "group": "producer", "label": "", "required": true, "type": "string", "javaType": "java.lang.String", "deprecated": false, "deprecationNote": "", "autowired": false, "secret": true, "description": "OpenStack username" },
    "lazyStartProducer": { "kind": "parameter", "displayName": "Lazy Start Producer", "group": "producer (advanced)", "label": "producer,advanced", "required": false, "type": "boolean", "javaType": "boolean", "deprecated": false, "autowired": false, "secret": false, "defaultValue": false, "description": "Whether the producer should be started lazy (on the first message). By starting lazy you can use this to allow CamelContext and routes to startup in situations where a producer may otherwise fail during starting and cause the route to fail being started. By deferring this startup to be lazy then the startup failure can be handled during routing messages via Camel's routing error handlers. Beware that when the first message is processed then creating and starting the producer may take a little time and prolong the total processing time of the processing." }
  }
}
