{
  "component": {
    "kind": "component",
    "name": "paho",
    "title": "Paho",
    "description": "Communicate with MQTT message brokers using Eclipse Paho MQTT Client.",
    "deprecated": false,
    "firstVersion": "2.16.0",
    "label": "messaging,iot",
    "javaType": "org.apache.camel.component.paho.PahoComponent",
    "supportLevel": "Stable",
    "groupId": "org.apache.camel",
    "artifactId": "camel-paho",
    "version": "3.21.0-SNAPSHOT",
    "scheme": "paho",
    "extendsScheme": "",
    "syntax": "paho:topic",
    "async": false,
    "api": false,
    "consumerOnly": false,
    "producerOnly": false,
    "lenientProperties": false
  },
  "componentProperties": {
    "automaticReconnect": { "kind": "property", "displayName": "Automatic Reconnect", "group": "common", "label": "", "required": false, "type": "boolean", "javaType": "boolean", "deprecated": false, "autowired": false, "secret": false, "defaultValue": true, "configurationClass": "org.apache.camel.component.paho.PahoConfiguration", "configurationField": "configuration", "description": "Sets whether the client will automatically attempt to reconnect to the server if the connection is lost. If set to false, the client will not attempt to automatically reconnect to the server in the event that the connection is lost. If set to true, in the event that the connection is lost, the client will attempt to reconnect to the server. It will initially wait 1 second before it attempts to reconnect, for every failed reconnect attempt, the delay will double until it is at 2 minutes at which point the delay will stay at 2 minutes." },
    "brokerUrl": { "kind": "property", "displayName": "Broker Url", "group": "common", "label": "", "required": false, "type": "string", "javaType": "java.lang.String", "deprecated": false, "autowired": false, "secret": false, "defaultValue": "tcp:\/\/localhost:1883", "configurationClass": "org.apache.camel.component.paho.PahoConfiguration", "configurationField": "configuration", "description": "The URL of the MQTT broker." },
    "cleanSession": { "kind": "property", "displayName": "Clean Session", "group": "common", "label": "", "required": false, "type": "boolean", "javaType": "boolean", "deprecated": false, "autowired": false, "secret": false, "defaultValue": true, "configurationClass": "org.apache.camel.component.paho.PahoConfiguration", "configurationField": "configuration", "description": "Sets whether the client and server should remember state across restarts and reconnects. If set to false both the client and server will maintain state across restarts of the client, the server and the connection. As state is maintained: Message delivery will be reliable meeting the specified QOS even if the client, server or connection are restarted. The server will treat a subscription as durable. If set to true the client and server will not maintain state across restarts of the client, the server or the connection. This means Message delivery to the specified QOS cannot be maintained if the client, server or connection are restarted The server will treat a subscription as non-durable" },
    "clientId": { "kind": "property", "displayName": "Client Id", "group": "common", "label": "", "required": false, "type": "string", "javaType": "java.lang.String", "deprecated": false, "autowired": false, "secret": false, "configurationClass": "org.apache.camel.component.paho.PahoConfiguration", "configurationField": "configuration", "description": "MQTT client identifier. The identifier must be unique." },
    "configuration": { "kind": "property", "displayName": "Configuration", "group": "common", "label": "", "required": false, "type": "object", "javaType": "org.apache.camel.component.paho.PahoConfiguration", "deprecated": false, "autowired": false, "secret": false, "description": "To use the shared Paho configuration" },
    "connectionTimeout": { "kind": "property", "displayName": "Connection Timeout", "group": "common", "label": "", "required": false, "type": "integer", "javaType": "int", "deprecated": false, "autowired": false, "secret": false, "defaultValue": 30, "configurationClass": "org.apache.camel.component.paho.PahoConfiguration", "configurationField": "configuration", "description": "Sets the connection timeout value. This value, measured in seconds, defines the maximum time interval the client will wait for the network connection to the MQTT server to be established. The default timeout is 30 seconds. A value of 0 disables timeout processing meaning the client will wait until the network connection is made successfully or fails." },
    "filePersistenceDirectory": { "kind": "property", "displayName": "File Persistence Directory", "group": "common", "label": "", "required": false, "type": "string", "javaType": "java.lang.String", "deprecated": false, "autowired": false, "secret": false, "configurationClass": "org.apache.camel.component.paho.PahoConfiguration", "configurationField": "configuration", "description": "Base directory used by file persistence. Will by default use user directory." },
    "keepAliveInterval": { "kind": "property", "displayName": "Keep Alive Interval", "group": "common", "label": "", "required": false, "type": "integer", "javaType": "int", "deprecated": false, "autowired": false, "secret": false, "defaultValue": 60, "configurationClass": "org.apache.camel.component.paho.PahoConfiguration", "configurationField": "configuration", "description": "Sets the keep alive interval. This value, measured in seconds, defines the maximum time interval between messages sent or received. It enables the client to detect if the server is no longer available, without having to wait for the TCP\/IP timeout. The client will ensure that at least one message travels across the network within each keep alive period. In the absence of a data-related message during the time period, the client sends a very small ping message, which the server will acknowledge. A value of 0 disables keepalive processing in the client. The default value is 60 seconds" },
    "maxInflight": { "kind": "property", "displayName": "Max Inflight", "group": "common", "label": "", "required": false, "type": "integer", "javaType": "int", "deprecated": false, "autowired": false, "secret": false, "defaultValue": 10, "configurationClass": "org.apache.camel.component.paho.PahoConfiguration", "configurationField": "configuration", "description": "Sets the max inflight. please increase this value in a high traffic environment. The default value is 10" },
    "maxReconnectDelay": { "kind": "property", "displayName": "Max Reconnect Delay", "group": "common", "label": "", "required": false, "type": "integer", "javaType": "int", "deprecated": false, "autowired": false, "secret": false, "defaultValue": 128000, "configurationClass": "org.apache.camel.component.paho.PahoConfiguration", "configurationField": "configuration", "description": "Get the maximum time (in millis) to wait between reconnects" },
    "mqttVersion": { "kind": "property", "displayName": "Mqtt Version", "group": "common", "label": "", "required": false, "type": "integer", "javaType": "int", "deprecated": false, "autowired": false, "secret": false, "configurationClass": "org.apache.camel.component.paho.PahoConfiguration", "configurationField": "configuration", "description": "Sets the MQTT version. The default action is to connect with version 3.1.1, and to fall back to 3.1 if that fails. Version 3.1.1 or 3.1 can be selected specifically, with no fall back, by using the MQTT_VERSION_3_1_1 or MQTT_VERSION_3_1 options respectively." },
    "persistence": { "kind": "property", "displayName": "Persistence", "group": "common", "label": "", "required": false, "type": "object", "javaType": "org.apache.camel.component.paho.PahoPersistence", "enum": [ "FILE", "MEMORY" ], "deprecated": false, "autowired": false, "secret": false, "defaultValue": "MEMORY", "configurationClass": "org.apache.camel.component.paho.PahoConfiguration", "configurationField": "configuration", "description": "Client persistence to be used - memory or file." },
    "qos": { "kind": "property", "displayName": "Qos", "group": "common", "label": "", "required": false, "type": "integer", "javaType": "int", "deprecated": false, "autowired": false, "secret": false, "defaultValue": 2, "configurationClass": "org.apache.camel.component.paho.PahoConfiguration", "configurationField": "configuration", "description": "Client quality of service level (0-2)." },
    "retained": { "kind": "property", "displayName": "Retained", "group": "common", "label": "", "required": false, "type": "boolean", "javaType": "boolean", "deprecated": false, "autowired": false, "secret": false, "defaultValue": false, "configurationClass": "org.apache.camel.component.paho.PahoConfiguration", "configurationField": "configuration", "description": "Retain option" },
    "serverURIs": { "kind": "property", "displayName": "Server URIs", "group": "common", "label": "", "required": false, "type": "string", "javaType": "java.lang.String", "deprecated": false, "autowired": false, "secret": false, "configurationClass": "org.apache.camel.component.paho.PahoConfiguration", "configurationField": "configuration", "description": "Set a list of one or more serverURIs the client may connect to. Multiple servers can be separated by comma. Each serverURI specifies the address of a server that the client may connect to. Two types of connection are supported tcp:\/\/ for a TCP connection and ssl:\/\/ for a TCP connection secured by SSL\/TLS. For example: tcp:\/\/localhost:1883 ssl:\/\/localhost:8883 If the port is not specified, it will default to 1883 for tcp:\/\/ URIs, and 8883 for ssl:\/\/ URIs. If serverURIs is set then it overrides the serverURI parameter passed in on the constructor of the MQTT client. When an attempt to connect is initiated the client will start with the first serverURI in the list and work through the list until a connection is established with a server. If a connection cannot be made to any of the servers then the connect attempt fails. Specifying a list of servers that a client may connect to has several uses: High Availability and reliable message delivery Some MQTT servers support a high availability feature where two or more equal MQTT servers share state. An MQTT client can connect to any of the equal servers and be assured that messages are reliably delivered and durable subscriptions are maintained no matter which server the client connects to. The cleansession flag must be set to false if durable subscriptions and\/or reliable message delivery is required. Hunt List A set of servers may be specified that are not equal (as in the high availability option). As no state is shared across the servers reliable message delivery and durable subscriptions are not valid. The cleansession flag must be set to true if the hunt list mode is used" },
    "willPayload": { "kind": "property", "displayName": "Will Payload", "group": "common", "label": "", "required": false, "type": "string", "javaType": "java.lang.String", "deprecated": false, "autowired": false, "secret": false, "configurationClass": "org.apache.camel.component.paho.PahoConfiguration", "configurationField": "configuration", "description": "Sets the Last Will and Testament (LWT) for the connection. In the event that this client unexpectedly loses its connection to the server, the server will publish a message to itself using the supplied details. Sets the message for the LWT." },
    "willQos": { "kind": "property", "displayName": "Will Qos", "group": "common", "label": "", "required": false, "type": "integer", "javaType": "int", "deprecated": false, "autowired": false, "secret": false, "configurationClass": "org.apache.camel.component.paho.PahoConfiguration", "configurationField": "configuration", "description": "Sets the Last Will and Testament (LWT) for the connection. In the event that this client unexpectedly loses its connection to the server, the server will publish a message to itself using the supplied details. Sets the quality of service to publish the message at (0, 1 or 2)." },
    "willRetained": { "kind": "property", "displayName": "Will Retained", "group": "common", "label": "", "required": false, "type": "boolean", "javaType": "boolean", "deprecated": false, "autowired": false, "secret": false, "defaultValue": false, "configurationClass": "org.apache.camel.component.paho.PahoConfiguration", "configurationField": "configuration", "description": "Sets the Last Will and Testament (LWT) for the connection. In the event that this client unexpectedly loses its connection to the server, the server will publish a message to itself using the supplied details. Sets whether or not the message should be retained." },
    "willTopic": { "kind": "property", "displayName": "Will Topic", "group": "common", "label": "", "required": false, "type": "string", "javaType": "java.lang.String", "deprecated": false, "autowired": false, "secret": false, "configurationClass": "org.apache.camel.component.paho.PahoConfiguration", "configurationField": "configuration", "description": "Sets the Last Will and Testament (LWT) for the connection. In the event that this client unexpectedly loses its connection to the server, the server will publish a message to itself using the supplied details. Sets the topic that the willPayload will be published to." },
    "bridgeErrorHandler": { "kind": "property", "displayName": "Bridge Error Handler", "group": "consumer", "label": "consumer", "required": false, "type": "boolean", "javaType": "boolean", "deprecated": false, "autowired": false, "secret": false, "defaultValue": false, "description": "Allows for bridging the consumer to the Camel routing Error Handler, which mean any exceptions occurred while the consumer is trying to pickup incoming messages, or the likes, will now be processed as a message and handled by the routing Error Handler. By default the consumer will use the org.apache.camel.spi.ExceptionHandler to deal with exceptions, that will be logged at WARN or ERROR level and ignored." },
    "lazyStartProducer": { "kind": "property", "displayName": "Lazy Start Producer", "group": "producer", "label": "producer", "required": false, "type": "boolean", "javaType": "boolean", "deprecated": false, "autowired": false, "secret": false, "defaultValue": false, "description": "Whether the producer should be started lazy (on the first message). By starting lazy you can use this to allow CamelContext and routes to startup in situations where a producer may otherwise fail during starting and cause the route to fail being started. By deferring this startup to be lazy then the startup failure can be handled during routing messages via Camel's routing error handlers. Beware that when the first message is processed then creating and starting the producer may take a little time and prolong the total processing time of the processing." },
    "autowiredEnabled": { "kind": "property", "displayName": "Autowired Enabled", "group": "advanced", "label": "advanced", "required": false, "type": "boolean", "javaType": "boolean", "deprecated": false, "autowired": false, "secret": false, "defaultValue": true, "description": "Whether autowiring is enabled. This is used for automatic autowiring options (the option must be marked as autowired) by looking up in the registry to find if there is a single instance of matching type, which then gets configured on the component. This can be used for automatic configuring JDBC data sources, JMS connection factories, AWS Clients, etc." },
    "client": { "kind": "property", "displayName": "Client", "group": "advanced", "label": "advanced", "required": false, "type": "object", "javaType": "org.eclipse.paho.client.mqttv3.MqttClient", "deprecated": false, "autowired": false, "secret": false, "description": "To use a shared Paho client" },
    "customWebSocketHeaders": { "kind": "property", "displayName": "Custom Web Socket Headers", "group": "advanced", "label": "advanced", "required": false, "type": "object", "javaType": "java.util.Properties", "deprecated": false, "autowired": false, "secret": false, "configurationClass": "org.apache.camel.component.paho.PahoConfiguration", "configurationField": "configuration", "description": "Sets the Custom WebSocket Headers for the WebSocket Connection." },
    "executorServiceTimeout": { "kind": "property", "displayName": "Executor Service Timeout", "group": "advanced", "label": "advanced", "required": false, "type": "integer", "javaType": "int", "deprecated": false, "autowired": false, "secret": false, "defaultValue": 1, "configurationClass": "org.apache.camel.component.paho.PahoConfiguration", "configurationField": "configuration", "description": "Set the time in seconds that the executor service should wait when terminating before forcefully terminating. It is not recommended to change this value unless you are absolutely sure that you need to." },
    "httpsHostnameVerificationEnabled": { "kind": "property", "displayName": "Https Hostname Verification Enabled", "group": "security", "label": "security", "required": false, "type": "boolean", "javaType": "boolean", "deprecated": false, "autowired": false, "secret": false, "defaultValue": true, "configurationClass": "org.apache.camel.component.paho.PahoConfiguration", "configurationField": "configuration", "description": "Whether SSL HostnameVerifier is enabled or not. The default value is true." },
    "password": { "kind": "property", "displayName": "Password", "group": "security", "label": "security", "required": false, "type": "string", "javaType": "java.lang.String", "deprecated": false, "deprecationNote": "", "autowired": false, "secret": true, "configurationClass": "org.apache.camel.component.paho.PahoConfiguration", "configurationField": "configuration", "description": "Password to be used for authentication against the MQTT broker" },
    "socketFactory": { "kind": "property", "displayName": "Socket Factory", "group": "security", "label": "security", "required": false, "type": "object", "javaType": "javax.net.SocketFactory", "deprecated": false, "autowired": false, "secret": false, "configurationClass": "org.apache.camel.component.paho.PahoConfiguration", "configurationField": "configuration", "description": "Sets the SocketFactory to use. This allows an application to apply its own policies around the creation of network sockets. If using an SSL connection, an SSLSocketFactory can be used to supply application-specific security settings." },
    "sslClientProps": { "kind": "property", "displayName": "Ssl Client Props", "group": "security", "label": "security", "required": false, "type": "object", "javaType": "java.util.Properties", "deprecated": false, "autowired": false, "secret": false, "configurationClass": "org.apache.camel.component.paho.PahoConfiguration", "configurationField": "configuration", "description": "Sets the SSL properties for the connection. Note that these properties are only valid if an implementation of the Java Secure Socket Extensions (JSSE) is available. These properties are not used if a custom SocketFactory has been set. The following properties can be used: com.ibm.ssl.protocol One of: SSL, SSLv3, TLS, TLSv1, SSL_TLS. com.ibm.ssl.contextProvider Underlying JSSE provider. For example IBMJSSE2 or SunJSSE com.ibm.ssl.keyStore The name of the file that contains the KeyStore object that you want the KeyManager to use. For example \/mydir\/etc\/key.p12 com.ibm.ssl.keyStorePassword The password for the KeyStore object that you want the KeyManager to use. The password can either be in plain-text, or may be obfuscated using the static method: com.ibm.micro.security.Password.obfuscate(char password). This obfuscates the password using a simple and insecure XOR and Base64 encoding mechanism. Note that this is only a simple scrambler to obfuscate clear-text passwords. com.ibm.ssl.keyStoreType Type of key store, for example PKCS12, JKS, or JCEKS. com.ibm.ssl.keyStoreProvider Key store provider, for example IBMJCE or IBMJCEFIPS. com.ibm.ssl.trustStore The name of the file that contains the KeyStore object that you want the TrustManager to use. com.ibm.ssl.trustStorePassword The password for the TrustStore object that you want the TrustManager to use. The password can either be in plain-text, or may be obfuscated using the static method: com.ibm.micro.security.Password.obfuscate(char password). This obfuscates the password using a simple and insecure XOR and Base64 encoding mechanism. Note that this is only a simple scrambler to obfuscate clear-text passwords. com.ibm.ssl.trustStoreType The type of KeyStore object that you want the default TrustManager to use. Same possible values as keyStoreType. com.ibm.ssl.trustStoreProvider Trust store provider, for example IBMJCE or IBMJCEFIPS. com.ibm.ssl.enabledCipherSuites A list of which ciphers are enabled. Values are dependent on the provider, for example: SSL_RSA_WITH_AES_128_CBC_SHA;SSL_RSA_WITH_3DES_EDE_CBC_SHA. com.ibm.ssl.keyManager Sets the algorithm that will be used to instantiate a KeyManagerFactory object instead of using the default algorithm available in the platform. Example values: IbmX509 or IBMJ9X509. com.ibm.ssl.trustManager Sets the algorithm that will be used to instantiate a TrustManagerFactory object instead of using the default algorithm available in the platform. Example values: PKIX or IBMJ9X509." },
    "sslHostnameVerifier": { "kind": "property", "displayName": "Ssl Hostname Verifier", "group": "security", "label": "security", "required": false, "type": "object", "javaType": "javax.net.ssl.HostnameVerifier", "deprecated": false, "autowired": false, "secret": false, "configurationClass": "org.apache.camel.component.paho.PahoConfiguration", "configurationField": "configuration", "description": "Sets the HostnameVerifier for the SSL connection. Note that it will be used after handshake on a connection and you should do actions by yourself when hostname is verified error. There is no default HostnameVerifier" },
    "userName": { "kind": "property", "displayName": "User Name", "group": "security", "label": "security", "required": false, "type": "string", "javaType": "java.lang.String", "deprecated": false, "deprecationNote": "", "autowired": false, "secret": true, "configurationClass": "org.apache.camel.component.paho.PahoConfiguration", "configurationField": "configuration", "description": "Username to be used for authentication against the MQTT broker" }
  },
  "headers": {
    "CamelMqttTopic": { "kind": "header", "displayName": "", "group": "consumer", "label": "consumer", "required": false, "javaType": "String", "deprecated": false, "deprecationNote": "", "autowired": false, "secret": false, "description": "The name of the topic.", "constantName": "org.apache.camel.component.paho.PahoConstants#MQTT_TOPIC" },
    "CamelMqttQoS": { "kind": "header", "displayName": "", "group": "consumer", "label": "consumer", "required": false, "javaType": "Integer", "deprecated": false, "deprecationNote": "", "autowired": false, "secret": false, "description": "The quality of service of the incoming message.", "constantName": "org.apache.camel.component.paho.PahoConstants#MQTT_QOS" },
    "CamelPahoQos": { "kind": "header", "displayName": "", "group": "producer", "label": "producer", "required": false, "javaType": "Integer", "deprecated": false, "deprecationNote": "", "autowired": false, "secret": false, "description": "The client quality of service level (0-2).", "constantName": "org.apache.camel.component.paho.PahoConstants#CAMEL_PAHO_MSG_QOS" },
    "CamelPahoRetained": { "kind": "header", "displayName": "", "group": "producer", "label": "producer", "required": false, "javaType": "Boolean", "deprecated": false, "deprecationNote": "", "autowired": false, "secret": false, "description": "Retain option.", "constantName": "org.apache.camel.component.paho.PahoConstants#CAMEL_PAHO_MSG_RETAINED" },
    "CamelPahoOverrideTopic": { "kind": "header", "displayName": "", "group": "producer", "label": "producer", "required": false, "javaType": "String", "deprecated": false, "deprecationNote": "", "autowired": false, "secret": false, "description": "The name of topic to override and send to instead of topic specified on endpoint.", "constantName": "org.apache.camel.component.paho.PahoConstants#CAMEL_PAHO_OVERRIDE_TOPIC" }
  },
  "properties": {
    "topic": { "kind": "path", "displayName": "Topic", "group": "common", "label": "", "required": true, "type": "string", "javaType": "java.lang.String", "deprecated": false, "deprecationNote": "", "autowired": false, "secret": false, "description": "Name of the topic" },
    "automaticReconnect": { "kind": "parameter", "displayName": "Automatic Reconnect", "group": "common", "label": "", "required": false, "type": "boolean", "javaType": "boolean", "deprecated": false, "autowired": false, "secret": false, "defaultValue": true, "configurationClass": "org.apache.camel.component.paho.PahoConfiguration", "configurationField": "configuration", "description": "Sets whether the client will automatically attempt to reconnect to the server if the connection is lost. If set to false, the client will not attempt to automatically reconnect to the server in the event that the connection is lost. If set to true, in the event that the connection is lost, the client will attempt to reconnect to the server. It will initially wait 1 second before it attempts to reconnect, for every failed reconnect attempt, the delay will double until it is at 2 minutes at which point the delay will stay at 2 minutes." },
    "brokerUrl": { "kind": "parameter", "displayName": "Broker Url", "group": "common", "label": "", "required": false, "type": "string", "javaType": "java.lang.String", "deprecated": false, "autowired": false, "secret": false, "defaultValue": "tcp:\/\/localhost:1883", "configurationClass": "org.apache.camel.component.paho.PahoConfiguration", "configurationField": "configuration", "description": "The URL of the MQTT broker." },
    "cleanSession": { "kind": "parameter", "displayName": "Clean Session", "group": "common", "label": "", "required": false, "type": "boolean", "javaType": "boolean", "deprecated": false, "autowired": false, "secret": false, "defaultValue": true, "configurationClass": "org.apache.camel.component.paho.PahoConfiguration", "configurationField": "configuration", "description": "Sets whether the client and server should remember state across restarts and reconnects. If set to false both the client and server will maintain state across restarts of the client, the server and the connection. As state is maintained: Message delivery will be reliable meeting the specified QOS even if the client, server or connection are restarted. The server will treat a subscription as durable. If set to true the client and server will not maintain state across restarts of the client, the server or the connection. This means Message delivery to the specified QOS cannot be maintained if the client, server or connection are restarted The server will treat a subscription as non-durable" },
    "clientId": { "kind": "parameter", "displayName": "Client Id", "group": "common", "label": "", "required": false, "type": "string", "javaType": "java.lang.String", "deprecated": false, "autowired": false, "secret": false, "configurationClass": "org.apache.camel.component.paho.PahoConfiguration", "configurationField": "configuration", "description": "MQTT client identifier. The identifier must be unique." },
    "connectionTimeout": { "kind": "parameter", "displayName": "Connection Timeout", "group": "common", "label": "", "required": false, "type": "integer", "javaType": "int", "deprecated": false, "autowired": false, "secret": false, "defaultValue": 30, "configurationClass": "org.apache.camel.component.paho.PahoConfiguration", "configurationField": "configuration", "description": "Sets the connection timeout value. This value, measured in seconds, defines the maximum time interval the client will wait for the network connection to the MQTT server to be established. The default timeout is 30 seconds. A value of 0 disables timeout processing meaning the client will wait until the network connection is made successfully or fails." },
    "filePersistenceDirectory": { "kind": "parameter", "displayName": "File Persistence Directory", "group": "common", "label": "", "required": false, "type": "string", "javaType": "java.lang.String", "deprecated": false, "autowired": false, "secret": false, "configurationClass": "org.apache.camel.component.paho.PahoConfiguration", "configurationField": "configuration", "description": "Base directory used by file persistence. Will by default use user directory." },
    "keepAliveInterval": { "kind": "parameter", "displayName": "Keep Alive Interval", "group": "common", "label": "", "required": false, "type": "integer", "javaType": "int", "deprecated": false, "autowired": false, "secret": false, "defaultValue": 60, "configurationClass": "org.apache.camel.component.paho.PahoConfiguration", "configurationField": "configuration", "description": "Sets the keep alive interval. This value, measured in seconds, defines the maximum time interval between messages sent or received. It enables the client to detect if the server is no longer available, without having to wait for the TCP\/IP timeout. The client will ensure that at least one message travels across the network within each keep alive period. In the absence of a data-related message during the time period, the client sends a very small ping message, which the server will acknowledge. A value of 0 disables keepalive processing in the client. The default value is 60 seconds" },
    "maxInflight": { "kind": "parameter", "displayName": "Max Inflight", "group": "common", "label": "", "required": false, "type": "integer", "javaType": "int", "deprecated": false, "autowired": false, "secret": false, "defaultValue": 10, "configurationClass": "org.apache.camel.component.paho.PahoConfiguration", "configurationField": "configuration", "description": "Sets the max inflight. please increase this value in a high traffic environment. The default value is 10" },
    "maxReconnectDelay": { "kind": "parameter", "displayName": "Max Reconnect Delay", "group": "common", "label": "", "required": false, "type": "integer", "javaType": "int", "deprecated": false, "autowired": false, "secret": false, "defaultValue": 128000, "configurationClass": "org.apache.camel.component.paho.PahoConfiguration", "configurationField": "configuration", "description": "Get the maximum time (in millis) to wait between reconnects" },
    "mqttVersion": { "kind": "parameter", "displayName": "Mqtt Version", "group": "common", "label": "", "required": false, "type": "integer", "javaType": "int", "deprecated": false, "autowired": false, "secret": false, "configurationClass": "org.apache.camel.component.paho.PahoConfiguration", "configurationField": "configuration", "description": "Sets the MQTT version. The default action is to connect with version 3.1.1, and to fall back to 3.1 if that fails. Version 3.1.1 or 3.1 can be selected specifically, with no fall back, by using the MQTT_VERSION_3_1_1 or MQTT_VERSION_3_1 options respectively." },
    "persistence": { "kind": "parameter", "displayName": "Persistence", "group": "common", "label": "", "required": false, "type": "object", "javaType": "org.apache.camel.component.paho.PahoPersistence", "enum": [ "FILE", "MEMORY" ], "deprecated": false, "autowired": false, "secret": false, "defaultValue": "MEMORY", "configurationClass": "org.apache.camel.component.paho.PahoConfiguration", "configurationField": "configuration", "description": "Client persistence to be used - memory or file." },
    "qos": { "kind": "parameter", "displayName": "Qos", "group": "common", "label": "", "required": false, "type": "integer", "javaType": "int", "deprecated": false, "autowired": false, "secret": false, "defaultValue": 2, "configurationClass": "org.apache.camel.component.paho.PahoConfiguration", "configurationField": "configuration", "description": "Client quality of service level (0-2)." },
    "retained": { "kind": "parameter", "displayName": "Retained", "group": "common", "label": "", "required": false, "type": "boolean", "javaType": "boolean", "deprecated": false, "autowired": false, "secret": false, "defaultValue": false, "configurationClass": "org.apache.camel.component.paho.PahoConfiguration", "configurationField": "configuration", "description": "Retain option" },
    "serverURIs": { "kind": "parameter", "displayName": "Server URIs", "group": "common", "label": "", "required": false, "type": "string", "javaType": "java.lang.String", "deprecated": false, "autowired": false, "secret": false, "configurationClass": "org.apache.camel.component.paho.PahoConfiguration", "configurationField": "configuration", "description": "Set a list of one or more serverURIs the client may connect to. Multiple servers can be separated by comma. Each serverURI specifies the address of a server that the client may connect to. Two types of connection are supported tcp:\/\/ for a TCP connection and ssl:\/\/ for a TCP connection secured by SSL\/TLS. For example: tcp:\/\/localhost:1883 ssl:\/\/localhost:8883 If the port is not specified, it will default to 1883 for tcp:\/\/ URIs, and 8883 for ssl:\/\/ URIs. If serverURIs is set then it overrides the serverURI parameter passed in on the constructor of the MQTT client. When an attempt to connect is initiated the client will start with the first serverURI in the list and work through the list until a connection is established with a server. If a connection cannot be made to any of the servers then the connect attempt fails. Specifying a list of servers that a client may connect to has several uses: High Availability and reliable message delivery Some MQTT servers support a high availability feature where two or more equal MQTT servers share state. An MQTT client can connect to any of the equal servers and be assured that messages are reliably delivered and durable subscriptions are maintained no matter which server the client connects to. The cleansession flag must be set to false if durable subscriptions and\/or reliable message delivery is required. Hunt List A set of servers may be specified that are not equal (as in the high availability option). As no state is shared across the servers reliable message delivery and durable subscriptions are not valid. The cleansession flag must be set to true if the hunt list mode is used" },
    "willPayload": { "kind": "parameter", "displayName": "Will Payload", "group": "common", "label": "", "required": false, "type": "string", "javaType": "java.lang.String", "deprecated": false, "autowired": false, "secret": false, "configurationClass": "org.apache.camel.component.paho.PahoConfiguration", "configurationField": "configuration", "description": "Sets the Last Will and Testament (LWT) for the connection. In the event that this client unexpectedly loses its connection to the server, the server will publish a message to itself using the supplied details. Sets the message for the LWT." },
    "willQos": { "kind": "parameter", "displayName": "Will Qos", "group": "common", "label": "", "required": false, "type": "integer", "javaType": "int", "deprecated": false, "autowired": false, "secret": false, "configurationClass": "org.apache.camel.component.paho.PahoConfiguration", "configurationField": "configuration", "description": "Sets the Last Will and Testament (LWT) for the connection. In the event that this client unexpectedly loses its connection to the server, the server will publish a message to itself using the supplied details. Sets the quality of service to publish the message at (0, 1 or 2)." },
    "willRetained": { "kind": "parameter", "displayName": "Will Retained", "group": "common", "label": "", "required": false, "type": "boolean", "javaType": "boolean", "deprecated": false, "autowired": false, "secret": false, "defaultValue": false, "configurationClass": "org.apache.camel.component.paho.PahoConfiguration", "configurationField": "configuration", "description": "Sets the Last Will and Testament (LWT) for the connection. In the event that this client unexpectedly loses its connection to the server, the server will publish a message to itself using the supplied details. Sets whether or not the message should be retained." },
    "willTopic": { "kind": "parameter", "displayName": "Will Topic", "group": "common", "label": "", "required": false, "type": "string", "javaType": "java.lang.String", "deprecated": false, "autowired": false, "secret": false, "configurationClass": "org.apache.camel.component.paho.PahoConfiguration", "configurationField": "configuration", "description": "Sets the Last Will and Testament (LWT) for the connection. In the event that this client unexpectedly loses its connection to the server, the server will publish a message to itself using the supplied details. Sets the topic that the willPayload will be published to." },
    "bridgeErrorHandler": { "kind": "parameter", "displayName": "Bridge Error Handler", "group": "consumer (advanced)", "label": "consumer,advanced", "required": false, "type": "boolean", "javaType": "boolean", "deprecated": false, "autowired": false, "secret": false, "defaultValue": false, "description": "Allows for bridging the consumer to the Camel routing Error Handler, which mean any exceptions occurred while the consumer is trying to pickup incoming messages, or the likes, will now be processed as a message and handled by the routing Error Handler. By default the consumer will use the org.apache.camel.spi.ExceptionHandler to deal with exceptions, that will be logged at WARN or ERROR level and ignored." },
    "exceptionHandler": { "kind": "parameter", "displayName": "Exception Handler", "group": "consumer (advanced)", "label": "consumer,advanced", "required": false, "type": "object", "javaType": "org.apache.camel.spi.ExceptionHandler", "optionalPrefix": "consumer.", "deprecated": false, "autowired": false, "secret": false, "description": "To let the consumer use a custom ExceptionHandler. Notice if the option bridgeErrorHandler is enabled then this option is not in use. By default the consumer will deal with exceptions, that will be logged at WARN or ERROR level and ignored." },
    "exchangePattern": { "kind": "parameter", "displayName": "Exchange Pattern", "group": "consumer (advanced)", "label": "consumer,advanced", "required": false, "type": "object", "javaType": "org.apache.camel.ExchangePattern", "enum": [ "InOnly", "InOut", "InOptionalOut" ], "deprecated": false, "autowired": false, "secret": false, "description": "Sets the exchange pattern when the consumer creates an exchange." },
    "lazyStartProducer": { "kind": "parameter", "displayName": "Lazy Start Producer", "group": "producer (advanced)", "label": "producer,advanced", "required": false, "type": "boolean", "javaType": "boolean", "deprecated": false, "autowired": false, "secret": false, "defaultValue": false, "description": "Whether the producer should be started lazy (on the first message). By starting lazy you can use this to allow CamelContext and routes to startup in situations where a producer may otherwise fail during starting and cause the route to fail being started. By deferring this startup to be lazy then the startup failure can be handled during routing messages via Camel's routing error handlers. Beware that when the first message is processed then creating and starting the producer may take a little time and prolong the total processing time of the processing." },
    "client": { "kind": "parameter", "displayName": "Client", "group": "advanced", "label": "advanced", "required": false, "type": "object", "javaType": "org.eclipse.paho.client.mqttv3.MqttClient", "deprecated": false, "autowired": false, "secret": false, "description": "To use an existing mqtt client" },
    "customWebSocketHeaders": { "kind": "parameter", "displayName": "Custom Web Socket Headers", "group": "advanced", "label": "advanced", "required": false, "type": "object", "javaType": "java.util.Properties", "deprecated": false, "autowired": false, "secret": false, "configurationClass": "org.apache.camel.component.paho.PahoConfiguration", "configurationField": "configuration", "description": "Sets the Custom WebSocket Headers for the WebSocket Connection." },
    "executorServiceTimeout": { "kind": "parameter", "displayName": "Executor Service Timeout", "group": "advanced", "label": "advanced", "required": false, "type": "integer", "javaType": "int", "deprecated": false, "autowired": false, "secret": false, "defaultValue": 1, "configurationClass": "org.apache.camel.component.paho.PahoConfiguration", "configurationField": "configuration", "description": "Set the time in seconds that the executor service should wait when terminating before forcefully terminating. It is not recommended to change this value unless you are absolutely sure that you need to." },
    "httpsHostnameVerificationEnabled": { "kind": "parameter", "displayName": "Https Hostname Verification Enabled", "group": "security", "label": "security", "required": false, "type": "boolean", "javaType": "boolean", "deprecated": false, "autowired": false, "secret": false, "defaultValue": true, "configurationClass": "org.apache.camel.component.paho.PahoConfiguration", "configurationField": "configuration", "description": "Whether SSL HostnameVerifier is enabled or not. The default value is true." },
    "password": { "kind": "parameter", "displayName": "Password", "group": "security", "label": "security", "required": false, "type": "string", "javaType": "java.lang.String", "deprecated": false, "deprecationNote": "", "autowired": false, "secret": true, "configurationClass": "org.apache.camel.component.paho.PahoConfiguration", "configurationField": "configuration", "description": "Password to be used for authentication against the MQTT broker" },
    "socketFactory": { "kind": "parameter", "displayName": "Socket Factory", "group": "security", "label": "security", "required": false, "type": "object", "javaType": "javax.net.SocketFactory", "deprecated": false, "autowired": false, "secret": false, "configurationClass": "org.apache.camel.component.paho.PahoConfiguration", "configurationField": "configuration", "description": "Sets the SocketFactory to use. This allows an application to apply its own policies around the creation of network sockets. If using an SSL connection, an SSLSocketFactory can be used to supply application-specific security settings." },
    "sslClientProps": { "kind": "parameter", "displayName": "Ssl Client Props", "group": "security", "label": "security", "required": false, "type": "object", "javaType": "java.util.Properties", "deprecated": false, "autowired": false, "secret": false, "configurationClass": "org.apache.camel.component.paho.PahoConfiguration", "configurationField": "configuration", "description": "Sets the SSL properties for the connection. Note that these properties are only valid if an implementation of the Java Secure Socket Extensions (JSSE) is available. These properties are not used if a custom SocketFactory has been set. The following properties can be used: com.ibm.ssl.protocol One of: SSL, SSLv3, TLS, TLSv1, SSL_TLS. com.ibm.ssl.contextProvider Underlying JSSE provider. For example IBMJSSE2 or SunJSSE com.ibm.ssl.keyStore The name of the file that contains the KeyStore object that you want the KeyManager to use. For example \/mydir\/etc\/key.p12 com.ibm.ssl.keyStorePassword The password for the KeyStore object that you want the KeyManager to use. The password can either be in plain-text, or may be obfuscated using the static method: com.ibm.micro.security.Password.obfuscate(char password). This obfuscates the password using a simple and insecure XOR and Base64 encoding mechanism. Note that this is only a simple scrambler to obfuscate clear-text passwords. com.ibm.ssl.keyStoreType Type of key store, for example PKCS12, JKS, or JCEKS. com.ibm.ssl.keyStoreProvider Key store provider, for example IBMJCE or IBMJCEFIPS. com.ibm.ssl.trustStore The name of the file that contains the KeyStore object that you want the TrustManager to use. com.ibm.ssl.trustStorePassword The password for the TrustStore object that you want the TrustManager to use. The password can either be in plain-text, or may be obfuscated using the static method: com.ibm.micro.security.Password.obfuscate(char password). This obfuscates the password using a simple and insecure XOR and Base64 encoding mechanism. Note that this is only a simple scrambler to obfuscate clear-text passwords. com.ibm.ssl.trustStoreType The type of KeyStore object that you want the default TrustManager to use. Same possible values as keyStoreType. com.ibm.ssl.trustStoreProvider Trust store provider, for example IBMJCE or IBMJCEFIPS. com.ibm.ssl.enabledCipherSuites A list of which ciphers are enabled. Values are dependent on the provider, for example: SSL_RSA_WITH_AES_128_CBC_SHA;SSL_RSA_WITH_3DES_EDE_CBC_SHA. com.ibm.ssl.keyManager Sets the algorithm that will be used to instantiate a KeyManagerFactory object instead of using the default algorithm available in the platform. Example values: IbmX509 or IBMJ9X509. com.ibm.ssl.trustManager Sets the algorithm that will be used to instantiate a TrustManagerFactory object instead of using the default algorithm available in the platform. Example values: PKIX or IBMJ9X509." },
    "sslHostnameVerifier": { "kind": "parameter", "displayName": "Ssl Hostname Verifier", "group": "security", "label": "security", "required": false, "type": "object", "javaType": "javax.net.ssl.HostnameVerifier", "deprecated": false, "autowired": false, "secret": false, "configurationClass": "org.apache.camel.component.paho.PahoConfiguration", "configurationField": "configuration", "description": "Sets the HostnameVerifier for the SSL connection. Note that it will be used after handshake on a connection and you should do actions by yourself when hostname is verified error. There is no default HostnameVerifier" },
    "userName": { "kind": "parameter", "displayName": "User Name", "group": "security", "label": "security", "required": false, "type": "string", "javaType": "java.lang.String", "deprecated": false, "deprecationNote": "", "autowired": false, "secret": true, "configurationClass": "org.apache.camel.component.paho.PahoConfiguration", "configurationField": "configuration", "description": "Username to be used for authentication against the MQTT broker" }
  }
}
