{
  "component": {
    "kind": "component",
    "name": "pdf",
    "title": "PDF",
    "description": "Create, modify or extract content from PDF documents.",
    "deprecated": false,
    "firstVersion": "2.16.0",
    "label": "document,transformation,printing",
    "javaType": "org.apache.camel.component.pdf.PdfComponent",
    "supportLevel": "Stable",
    "groupId": "org.apache.camel",
    "artifactId": "camel-pdf",
    "version": "3.21.0-SNAPSHOT",
    "scheme": "pdf",
    "extendsScheme": "",
    "syntax": "pdf:operation",
    "async": false,
    "api": false,
    "consumerOnly": false,
    "producerOnly": true,
    "lenientProperties": false
  },
  "componentProperties": {
    "lazyStartProducer": { "kind": "property", "displayName": "Lazy Start Producer", "group": "producer", "label": "producer", "required": false, "type": "boolean", "javaType": "boolean", "deprecated": false, "autowired": false, "secret": false, "defaultValue": false, "description": "Whether the producer should be started lazy (on the first message). By starting lazy you can use this to allow CamelContext and routes to startup in situations where a producer may otherwise fail during starting and cause the route to fail being started. By deferring this startup to be lazy then the startup failure can be handled during routing messages via Camel's routing error handlers. Beware that when the first message is processed then creating and starting the producer may take a little time and prolong the total processing time of the processing." },
    "autowiredEnabled": { "kind": "property", "displayName": "Autowired Enabled", "group": "advanced", "label": "advanced", "required": false, "type": "boolean", "javaType": "boolean", "deprecated": false, "autowired": false, "secret": false, "defaultValue": true, "description": "Whether autowiring is enabled. This is used for automatic autowiring options (the option must be marked as autowired) by looking up in the registry to find if there is a single instance of matching type, which then gets configured on the component. This can be used for automatic configuring JDBC data sources, JMS connection factories, AWS Clients, etc." }
  },
  "headers": {
    "protection-policy": { "kind": "header", "displayName": "", "group": "producer", "label": "", "required": false, "javaType": "org.apache.pdfbox.pdmodel.encryption.ProtectionPolicy", "deprecated": false, "deprecationNote": "", "autowired": false, "secret": false, "description": "Expected type is https:\/\/pdfbox.apache.org\/docs\/2.0.13\/javadocs\/org\/apache\/pdfbox\/pdmodel\/encryption\/ProtectionPolicy.htmlProtectionPolicy. If specified then PDF document will be encrypted with it.", "constantName": "org.apache.camel.component.pdf.PdfHeaderConstants#PROTECTION_POLICY_HEADER_NAME" },
    "pdf-document": { "kind": "header", "displayName": "", "group": "producer", "label": "", "required": false, "javaType": "org.apache.pdfbox.pdmodel.PDDocument", "deprecated": false, "deprecationNote": "", "autowired": false, "secret": false, "description": "Mandatory header for append operation and ignored in all other operations. Expected type is https:\/\/pdfbox.apache.org\/docs\/2.0.13\/javadocs\/org\/apache\/pdfbox\/pdmodel\/PDDocument.htmlPDDocument. Stores PDF document which will be used for append operation.", "constantName": "org.apache.camel.component.pdf.PdfHeaderConstants#PDF_DOCUMENT_HEADER_NAME" },
    "decryption-material": { "kind": "header", "displayName": "", "group": "producer", "label": "", "required": false, "javaType": "org.apache.pdfbox.pdmodel.encryption.DecryptionMaterial", "deprecated": false, "deprecationNote": "", "autowired": false, "secret": false, "description": "Expected type is https:\/\/pdfbox.apache.org\/docs\/2.0.13\/javadocs\/org\/apache\/pdfbox\/pdmodel\/encryption\/DecryptionMaterial.htmlDecryptionMaterial. Mandatory header if PDF document is encrypted.", "constantName": "org.apache.camel.component.pdf.PdfHeaderConstants#DECRYPTION_MATERIAL_HEADER_NAME" }
  },
  "properties": {
    "operation": { "kind": "path", "displayName": "Operation", "group": "producer", "label": "", "required": true, "type": "object", "javaType": "org.apache.camel.component.pdf.PdfOperation", "enum": [ "create", "append", "extractText" ], "deprecated": false, "deprecationNote": "", "autowired": false, "secret": false, "configurationClass": "org.apache.camel.component.pdf.PdfConfiguration", "configurationField": "pdfConfiguration", "description": "Operation type" },
    "font": { "kind": "parameter", "displayName": "Font", "group": "producer", "label": "", "required": false, "type": "string", "javaType": "java.lang.String", "enum": [ "Courier", "Courier-Bold", "Courier-Oblique", "Courier-BoldOblique", "Helvetica", "Helvetica-Bold", "Helvetica-Oblique", "Helvetica-BoldOblique", "Times-Roman", "Times-Bold", "Times-Italic", "Times-BoldItalic", "Symbol", "ZapfDingbats" ], "deprecated": false, "autowired": false, "secret": false, "defaultValue": "Helvetica", "configurationClass": "org.apache.camel.component.pdf.PdfConfiguration", "configurationField": "pdfConfiguration", "description": "Font" },
    "fontSize": { "kind": "parameter", "displayName": "Font Size", "group": "producer", "label": "", "required": false, "type": "number", "javaType": "float", "deprecated": false, "autowired": false, "secret": false, "defaultValue": 14.0, "configurationClass": "org.apache.camel.component.pdf.PdfConfiguration", "configurationField": "pdfConfiguration", "description": "Font size in pixels" },
    "marginBottom": { "kind": "parameter", "displayName": "Margin Bottom", "group": "producer", "label": "", "required": false, "type": "integer", "javaType": "int", "deprecated": false, "autowired": false, "secret": false, "defaultValue": 20, "configurationClass": "org.apache.camel.component.pdf.PdfConfiguration", "configurationField": "pdfConfiguration", "description": "Margin bottom in pixels" },
    "marginLeft": { "kind": "parameter", "displayName": "Margin Left", "group": "producer", "label": "", "required": false, "type": "integer", "javaType": "int", "deprecated": false, "autowired": false, "secret": false, "defaultValue": 20, "configurationClass": "org.apache.camel.component.pdf.PdfConfiguration", "configurationField": "pdfConfiguration", "description": "Margin left in pixels" },
    "marginRight": { "kind": "parameter", "displayName": "Margin Right", "group": "producer", "label": "", "required": false, "type": "integer", "javaType": "int", "deprecated": false, "autowired": false, "secret": false, "defaultValue": 40, "configurationClass": "org.apache.camel.component.pdf.PdfConfiguration", "configurationField": "pdfConfiguration", "description": "Margin right in pixels" },
    "marginTop": { "kind": "parameter", "displayName": "Margin Top", "group": "producer", "label": "", "required": false, "type": "integer", "javaType": "int", "deprecated": false, "autowired": false, "secret": false, "defaultValue": 20, "configurationClass": "org.apache.camel.component.pdf.PdfConfiguration", "configurationField": "pdfConfiguration", "description": "Margin top in pixels" },
    "pageSize": { "kind": "parameter", "displayName": "Page Size", "group": "producer", "label": "", "required": false, "type": "string", "javaType": "java.lang.String", "enum": [ "LETTER", "LEGAL", "A0", "A1", "A2", "A3", "A4", "A5", "A6" ], "deprecated": false, "autowired": false, "secret": false, "defaultValue": "A4", "configurationClass": "org.apache.camel.component.pdf.PdfConfiguration", "configurationField": "pdfConfiguration", "description": "Page size" },
    "textProcessingFactory": { "kind": "parameter", "displayName": "Text Processing Factory", "group": "producer", "label": "", "required": false, "type": "object", "javaType": "org.apache.camel.component.pdf.TextProcessingFactory", "enum": [ "autoFormatting", "lineTermination" ], "deprecated": false, "autowired": false, "secret": false, "defaultValue": "lineTermination", "configurationClass": "org.apache.camel.component.pdf.PdfConfiguration", "configurationField": "pdfConfiguration", "description": "Text processing to use. autoFormatting: Text is getting sliced by words, then max amount of words that fits in the line will be written into pdf document. With this strategy all words that doesn't fit in the line will be moved to the new line. lineTermination: Builds set of classes for line-termination writing strategy. Text getting sliced by line termination symbol and then it will be written regardless it fits in the line or not." },
    "lazyStartProducer": { "kind": "parameter", "displayName": "Lazy Start Producer", "group": "producer (advanced)", "label": "producer,advanced", "required": false, "type": "boolean", "javaType": "boolean", "deprecated": false, "autowired": false, "secret": false, "defaultValue": false, "description": "Whether the producer should be started lazy (on the first message). By starting lazy you can use this to allow CamelContext and routes to startup in situations where a producer may otherwise fail during starting and cause the route to fail being started. By deferring this startup to be lazy then the startup failure can be handled during routing messages via Camel's routing error handlers. Beware that when the first message is processed then creating and starting the producer may take a little time and prolong the total processing time of the processing." }
  }
}
