{
  "component": {
    "kind": "component",
    "name": "scp",
    "title": "SCP",
    "description": "Copy files to\/from remote hosts using the secure copy protocol (SCP).",
    "deprecated": false,
    "deprecationNote": "",
    "firstVersion": "2.10.0",
    "label": "file",
    "javaType": "org.apache.camel.component.scp.ScpComponent",
    "supportLevel": "Stable",
    "groupId": "org.apache.camel",
    "artifactId": "camel-jsch",
    "version": "3.21.0-SNAPSHOT",
    "scheme": "scp",
    "extendsScheme": "ftp",
    "syntax": "scp:host:port\/directoryName",
    "async": false,
    "api": false,
    "consumerOnly": false,
    "producerOnly": true,
    "lenientProperties": false
  },
  "componentProperties": {
    "lazyStartProducer": { "kind": "property", "displayName": "Lazy Start Producer", "group": "producer", "label": "producer", "required": false, "type": "boolean", "javaType": "boolean", "deprecated": false, "autowired": false, "secret": false, "defaultValue": false, "description": "Whether the producer should be started lazy (on the first message). By starting lazy you can use this to allow CamelContext and routes to startup in situations where a producer may otherwise fail during starting and cause the route to fail being started. By deferring this startup to be lazy then the startup failure can be handled during routing messages via Camel's routing error handlers. Beware that when the first message is processed then creating and starting the producer may take a little time and prolong the total processing time of the processing." },
    "verboseLogging": { "kind": "property", "displayName": "Verbose Logging", "group": "producer", "label": "", "required": false, "type": "boolean", "javaType": "boolean", "deprecated": false, "autowired": false, "secret": false, "defaultValue": false, "description": "JSCH is verbose logging out of the box. Therefore we turn the logging down to DEBUG logging by default. But setting this option to true turns on the verbose logging again." },
    "autowiredEnabled": { "kind": "property", "displayName": "Autowired Enabled", "group": "advanced", "label": "advanced", "required": false, "type": "boolean", "javaType": "boolean", "deprecated": false, "autowired": false, "secret": false, "defaultValue": true, "description": "Whether autowiring is enabled. This is used for automatic autowiring options (the option must be marked as autowired) by looking up in the registry to find if there is a single instance of matching type, which then gets configured on the component. This can be used for automatic configuring JDBC data sources, JMS connection factories, AWS Clients, etc." }
  },
  "properties": {
    "host": { "kind": "path", "displayName": "Host", "group": "producer", "label": "", "required": true, "type": "string", "javaType": "java.lang.String", "deprecated": false, "deprecationNote": "", "autowired": false, "secret": false, "configurationClass": "org.apache.camel.component.scp.ScpConfiguration", "configurationField": "configuration", "description": "Hostname of the FTP server" },
    "port": { "kind": "path", "displayName": "Port", "group": "producer", "label": "", "required": false, "type": "integer", "javaType": "int", "deprecated": false, "autowired": false, "secret": false, "configurationClass": "org.apache.camel.component.scp.ScpConfiguration", "configurationField": "configuration", "description": "Port of the FTP server" },
    "directoryName": { "kind": "path", "displayName": "Directory Name", "group": "producer", "label": "", "required": false, "type": "string", "javaType": "java.lang.String", "deprecated": false, "autowired": false, "secret": false, "configurationClass": "org.apache.camel.component.scp.ScpConfiguration", "configurationField": "configuration", "description": "The starting directory" },
    "chmod": { "kind": "parameter", "displayName": "Chmod", "group": "producer", "label": "", "required": false, "type": "string", "javaType": "java.lang.String", "deprecated": false, "autowired": false, "secret": false, "defaultValue": "664", "configurationClass": "org.apache.camel.component.scp.ScpConfiguration", "configurationField": "configuration", "description": "Allows you to set chmod on the stored file. For example chmod=664." },
    "disconnect": { "kind": "parameter", "displayName": "Disconnect", "group": "common", "label": "common", "required": false, "type": "boolean", "javaType": "boolean", "deprecated": false, "autowired": false, "secret": false, "defaultValue": false, "description": "Whether or not to disconnect from remote FTP server right after use. Disconnect will only disconnect the current connection to the FTP server. If you have a consumer which you want to stop, then you need to stop the consumer\/route instead." },
    "fileName": { "kind": "parameter", "displayName": "File Name", "group": "producer", "label": "", "required": false, "type": "string", "javaType": "java.lang.String", "deprecated": false, "autowired": false, "secret": false, "description": "Use Expression such as File Language to dynamically set the filename. For consumers, it's used as a filename filter. For producers, it's used to evaluate the filename to write. If an expression is set, it take precedence over the CamelFileName header. (Note: The header itself can also be an Expression). The expression options support both String and Expression types. If the expression is a String type, it is always evaluated using the File Language. If the expression is an Expression type, the specified Expression type is used - this allows you, for instance, to use OGNL expressions. For the consumer, you can use it to filter filenames, so you can for instance consume today's file using the File Language syntax: mydata-${date:now:yyyyMMdd}.txt. The producers support the CamelOverruleFileName header which takes precedence over any existing CamelFileName header; the CamelOverruleFileName is a header that is used only once, and makes it easier as this avoids to temporary store CamelFileName and have to restore it afterwards." },
    "flatten": { "kind": "parameter", "displayName": "Flatten", "group": "producer", "label": "producer", "required": false, "type": "boolean", "javaType": "boolean", "deprecated": false, "autowired": false, "secret": false, "defaultValue": false, "description": "Flatten is used to flatten the file name path to strip any leading paths, so it's just the file name. This allows you to consume recursively into sub-directories, but when you eg write the files to another directory they will be written in a single directory. Setting this to true on the producer enforces that any file name in CamelFileName header will be stripped for any leading paths." },
    "jailStartingDirectory": { "kind": "parameter", "displayName": "Jail Starting Directory", "group": "producer", "label": "producer", "required": false, "type": "boolean", "javaType": "boolean", "deprecated": false, "autowired": false, "secret": false, "defaultValue": true, "description": "Used for jailing (restricting) writing files to the starting directory (and sub) only. This is enabled by default to not allow Camel to write files to outside directories (to be more secured out of the box). You can turn this off to allow writing files to directories outside the starting directory, such as parent or root folders." },
    "strictHostKeyChecking": { "kind": "parameter", "displayName": "Strict Host Key Checking", "group": "producer", "label": "", "required": false, "type": "string", "javaType": "java.lang.String", "enum": [ "no", "yes" ], "deprecated": false, "autowired": false, "secret": false, "defaultValue": "no", "configurationClass": "org.apache.camel.component.scp.ScpConfiguration", "configurationField": "configuration", "description": "Sets whether to use strict host key checking. Possible values are: no, yes" },
    "allowNullBody": { "kind": "parameter", "displayName": "Allow Null Body", "group": "producer (advanced)", "label": "producer,advanced", "required": false, "type": "boolean", "javaType": "boolean", "deprecated": false, "autowired": false, "secret": false, "defaultValue": false, "description": "Used to specify if a null body is allowed during file writing. If set to true then an empty file will be created, when set to false, and attempting to send a null body to the file component, a GenericFileWriteException of 'Cannot write null body to file.' will be thrown. If the fileExist option is set to 'Override', then the file will be truncated, and if set to append the file will remain unchanged." },
    "disconnectOnBatchComplete": { "kind": "parameter", "displayName": "Disconnect On Batch Complete", "group": "producer (advanced)", "label": "producer,advanced", "required": false, "type": "boolean", "javaType": "boolean", "deprecated": false, "autowired": false, "secret": false, "defaultValue": false, "description": "Whether or not to disconnect from remote FTP server right after a Batch upload is complete. disconnectOnBatchComplete will only disconnect the current connection to the FTP server." },
    "lazyStartProducer": { "kind": "parameter", "displayName": "Lazy Start Producer", "group": "producer (advanced)", "label": "producer,advanced", "required": false, "type": "boolean", "javaType": "boolean", "deprecated": false, "autowired": false, "secret": false, "defaultValue": false, "description": "Whether the producer should be started lazy (on the first message). By starting lazy you can use this to allow CamelContext and routes to startup in situations where a producer may otherwise fail during starting and cause the route to fail being started. By deferring this startup to be lazy then the startup failure can be handled during routing messages via Camel's routing error handlers. Beware that when the first message is processed then creating and starting the producer may take a little time and prolong the total processing time of the processing." },
    "moveExistingFileStrategy": { "kind": "parameter", "displayName": "Move Existing File Strategy", "group": "producer (advanced)", "label": "producer,advanced", "required": false, "type": "object", "javaType": "org.apache.camel.component.file.strategy.FileMoveExistingStrategy", "deprecated": false, "autowired": false, "secret": false, "description": "Strategy (Custom Strategy) used to move file with special naming token to use when fileExist=Move is configured. By default, there is an implementation used if no custom strategy is provided" },
    "connectTimeout": { "kind": "parameter", "displayName": "Connect Timeout", "group": "advanced", "label": "advanced", "required": false, "type": "duration", "javaType": "int", "deprecated": false, "autowired": false, "secret": false, "defaultValue": "10000", "configurationClass": "org.apache.camel.component.scp.ScpConfiguration", "configurationField": "configuration", "description": "Sets the connect timeout for waiting for a connection to be established Used by both FTPClient and JSCH" },
    "soTimeout": { "kind": "parameter", "displayName": "So Timeout", "group": "advanced", "label": "advanced", "required": false, "type": "duration", "javaType": "int", "deprecated": false, "autowired": false, "secret": false, "defaultValue": "300000", "configurationClass": "org.apache.camel.component.scp.ScpConfiguration", "configurationField": "configuration", "description": "Sets the so timeout FTP and FTPS Is the SocketOptions.SO_TIMEOUT value in millis. Recommended option is to set this to 300000 so as not have a hanged connection. On SFTP this option is set as timeout on the JSCH Session instance." },
    "timeout": { "kind": "parameter", "displayName": "Timeout", "group": "advanced", "label": "advanced", "required": false, "type": "duration", "javaType": "int", "deprecated": false, "autowired": false, "secret": false, "defaultValue": "30000", "configurationClass": "org.apache.camel.component.scp.ScpConfiguration", "configurationField": "configuration", "description": "Sets the data timeout for waiting for reply Used only by FTPClient" },
    "knownHostsFile": { "kind": "parameter", "displayName": "Known Hosts File", "group": "security", "label": "security", "required": false, "type": "string", "javaType": "java.lang.String", "deprecated": false, "autowired": false, "secret": true, "configurationClass": "org.apache.camel.component.scp.ScpConfiguration", "configurationField": "configuration", "description": "Sets the known_hosts file, so that the jsch endpoint can do host key verification. You can prefix with classpath: to load the file from classpath instead of file system." },
    "password": { "kind": "parameter", "displayName": "Password", "group": "security", "label": "security", "required": false, "type": "string", "javaType": "java.lang.String", "deprecated": false, "autowired": false, "secret": true, "configurationClass": "org.apache.camel.component.scp.ScpConfiguration", "configurationField": "configuration", "description": "Password to use for login" },
    "preferredAuthentications": { "kind": "parameter", "displayName": "Preferred Authentications", "group": "security", "label": "security", "required": false, "type": "string", "javaType": "java.lang.String", "deprecated": false, "autowired": false, "secret": true, "configurationClass": "org.apache.camel.component.scp.ScpConfiguration", "configurationField": "configuration", "description": "Set a comma separated list of authentications that will be used in order of preference. Possible authentication methods are defined by JCraft JSCH. Some examples include: gssapi-with-mic,publickey,keyboard-interactive,password If not specified the JSCH and\/or system defaults will be used." },
    "privateKeyBytes": { "kind": "parameter", "displayName": "Private Key Bytes", "group": "security", "label": "security", "required": false, "type": "string", "javaType": "byte[]", "deprecated": false, "autowired": false, "secret": true, "configurationClass": "org.apache.camel.component.scp.ScpConfiguration", "configurationField": "configuration", "description": "Set the private key bytes to that the endpoint can do private key verification. This must be used only if privateKeyFile wasn't set. Otherwise the file will have the priority." },
    "privateKeyFile": { "kind": "parameter", "displayName": "Private Key File", "group": "security", "label": "security", "required": false, "type": "string", "javaType": "java.lang.String", "deprecated": false, "autowired": false, "secret": true, "configurationClass": "org.apache.camel.component.scp.ScpConfiguration", "configurationField": "configuration", "description": "Set the private key file to that the endpoint can do private key verification. You can prefix with classpath: to load the file from classpath instead of file system." },
    "privateKeyFilePassphrase": { "kind": "parameter", "displayName": "Private Key File Passphrase", "group": "security", "label": "security", "required": false, "type": "string", "javaType": "java.lang.String", "deprecated": false, "autowired": false, "secret": true, "configurationClass": "org.apache.camel.component.scp.ScpConfiguration", "configurationField": "configuration", "description": "Set the private key file passphrase to that the endpoint can do private key verification." },
    "username": { "kind": "parameter", "displayName": "Username", "group": "security", "label": "security", "required": false, "type": "string", "javaType": "java.lang.String", "deprecated": false, "autowired": false, "secret": true, "configurationClass": "org.apache.camel.component.scp.ScpConfiguration", "configurationField": "configuration", "description": "Username to use for login" },
    "useUserKnownHostsFile": { "kind": "parameter", "displayName": "Use User Known Hosts File", "group": "security", "label": "security", "required": false, "type": "boolean", "javaType": "boolean", "deprecated": false, "autowired": false, "secret": false, "defaultValue": true, "configurationClass": "org.apache.camel.component.scp.ScpConfiguration", "configurationField": "configuration", "description": "If knownHostFile has not been explicit configured, then use the host file from System.getProperty(user.home) \/.ssh\/known_hosts" },
    "ciphers": { "kind": "parameter", "displayName": "Ciphers", "group": "security (advanced)", "label": "security,advanced", "required": false, "type": "string", "javaType": "java.lang.String", "deprecated": false, "autowired": false, "secret": false, "configurationClass": "org.apache.camel.component.scp.ScpConfiguration", "configurationField": "configuration", "description": "Set a comma separated list of ciphers that will be used in order of preference. Possible cipher names are defined by JCraft JSCH. Some examples include: aes128-ctr,aes128-cbc,3des-ctr,3des-cbc,blowfish-cbc,aes192-cbc,aes256-cbc. If not specified the default list from JSCH will be used." }
  }
}
