{
  "component": {
    "kind": "component",
    "name": "spring-jdbc",
    "title": "Spring JDBC",
    "description": "Access databases through SQL and JDBC with Spring Transaction support.",
    "deprecated": false,
    "firstVersion": "3.10.0",
    "label": "database,sql",
    "javaType": "org.apache.camel.component.spring.jdbc.SpringJdbcComponent",
    "supportLevel": "Stable",
    "groupId": "org.apache.camel",
    "artifactId": "camel-spring-jdbc",
    "version": "3.21.0-SNAPSHOT",
    "scheme": "spring-jdbc",
    "extendsScheme": "",
    "syntax": "spring-jdbc:dataSourceName",
    "async": false,
    "api": false,
    "consumerOnly": false,
    "producerOnly": true,
    "lenientProperties": false
  },
  "componentProperties": {
    "dataSource": { "kind": "property", "displayName": "Data Source", "group": "producer", "label": "", "required": false, "type": "object", "javaType": "javax.sql.DataSource", "deprecated": false, "autowired": false, "secret": false, "description": "To use the DataSource instance instead of looking up the data source by name from the registry." },
    "lazyStartProducer": { "kind": "property", "displayName": "Lazy Start Producer", "group": "producer", "label": "producer", "required": false, "type": "boolean", "javaType": "boolean", "deprecated": false, "autowired": false, "secret": false, "defaultValue": false, "description": "Whether the producer should be started lazy (on the first message). By starting lazy you can use this to allow CamelContext and routes to startup in situations where a producer may otherwise fail during starting and cause the route to fail being started. By deferring this startup to be lazy then the startup failure can be handled during routing messages via Camel's routing error handlers. Beware that when the first message is processed then creating and starting the producer may take a little time and prolong the total processing time of the processing." },
    "autowiredEnabled": { "kind": "property", "displayName": "Autowired Enabled", "group": "advanced", "label": "advanced", "required": false, "type": "boolean", "javaType": "boolean", "deprecated": false, "autowired": false, "secret": false, "defaultValue": true, "description": "Whether autowiring is enabled. This is used for automatic autowiring options (the option must be marked as autowired) by looking up in the registry to find if there is a single instance of matching type, which then gets configured on the component. This can be used for automatic configuring JDBC data sources, JMS connection factories, AWS Clients, etc." },
    "connectionStrategy": { "kind": "property", "displayName": "Connection Strategy", "group": "advanced", "label": "advanced", "required": false, "type": "object", "javaType": "org.apache.camel.component.jdbc.ConnectionStrategy", "deprecated": false, "autowired": false, "secret": false, "description": "To use a custom strategy for working with connections. Do not use a custom strategy when using the spring-jdbc component because a special Spring ConnectionStrategy is used by default to support Spring Transactions." }
  },
  "headers": {
    "CamelJdbcUpdateCount": { "kind": "header", "displayName": "", "group": "producer", "label": "producer", "required": false, "javaType": "int", "deprecated": false, "deprecationNote": "", "autowired": false, "secret": false, "description": "If the query is an UPDATE, query the update count is returned in this OUT header.", "constantName": "org.apache.camel.component.jdbc.JdbcConstants#JDBC_UPDATE_COUNT" },
    "CamelJdbcRowCount": { "kind": "header", "displayName": "", "group": "producer", "label": "producer", "required": false, "javaType": "int", "deprecated": false, "deprecationNote": "", "autowired": false, "secret": false, "description": "If the query is a SELECT, query the row count is returned in this OUT header.", "constantName": "org.apache.camel.component.jdbc.JdbcConstants#JDBC_ROW_COUNT" },
    "CamelJdbcColumnNames": { "kind": "header", "displayName": "", "group": "producer", "label": "producer", "required": false, "javaType": "Set<String>", "deprecated": false, "deprecationNote": "", "autowired": false, "secret": false, "description": "The column names from the ResultSet as a java.util.Set type.", "constantName": "org.apache.camel.component.jdbc.JdbcConstants#JDBC_COLUMN_NAMES" },
    "CamelJdbcParameters": { "kind": "header", "displayName": "", "group": "producer", "label": "producer", "required": false, "javaType": "Map", "deprecated": false, "deprecationNote": "", "autowired": false, "secret": false, "description": "A java.util.Map which has the headers to be used if useHeadersAsParameters has been enabled.", "constantName": "org.apache.camel.component.jdbc.JdbcConstants#JDBC_PARAMETERS" },
    "CamelRetrieveGeneratedKeys": { "kind": "header", "displayName": "", "group": "producer", "label": "producer", "required": false, "javaType": "Boolean", "deprecated": false, "deprecationNote": "", "autowired": false, "secret": false, "defaultValue": "false", "description": "Set its value to true to retrieve generated keys", "constantName": "org.apache.camel.component.jdbc.JdbcConstants#JDBC_RETRIEVE_GENERATED_KEYS" },
    "CamelGeneratedColumns": { "kind": "header", "displayName": "", "group": "producer", "label": "producer", "required": false, "javaType": "String[] or int[]", "deprecated": false, "deprecationNote": "", "autowired": false, "secret": false, "description": "Set it to specify the expected generated columns", "constantName": "org.apache.camel.component.jdbc.JdbcConstants#JDBC_GENERATED_COLUMNS" },
    "CamelGeneratedKeysRowCount": { "kind": "header", "displayName": "", "group": "producer", "label": "producer", "required": false, "javaType": "int", "deprecated": false, "deprecationNote": "", "autowired": false, "secret": false, "description": "The number of rows in the header that contains generated keys.", "constantName": "org.apache.camel.component.jdbc.JdbcConstants#JDBC_GENERATED_KEYS_ROW_COUNT" },
    "CamelGeneratedKeysRows": { "kind": "header", "displayName": "", "group": "producer", "label": "producer", "required": false, "javaType": "List<Map<String, Object>>", "deprecated": false, "deprecationNote": "", "autowired": false, "secret": false, "description": "Rows that contains the generated keys.", "constantName": "org.apache.camel.component.jdbc.JdbcConstants#JDBC_GENERATED_KEYS_DATA" }
  },
  "properties": {
    "dataSourceName": { "kind": "path", "displayName": "Data Source Name", "group": "producer", "label": "", "required": true, "type": "string", "javaType": "java.lang.String", "deprecated": false, "deprecationNote": "", "autowired": false, "secret": false, "description": "Name of DataSource to lookup in the Registry. If the name is dataSource or default, then Camel will attempt to lookup a default DataSource from the registry, meaning if there is a only one instance of DataSource found, then this DataSource will be used." },
    "allowNamedParameters": { "kind": "parameter", "displayName": "Allow Named Parameters", "group": "producer", "label": "", "required": false, "type": "boolean", "javaType": "boolean", "deprecated": false, "autowired": false, "secret": false, "defaultValue": true, "description": "Whether to allow using named parameters in the queries." },
    "outputClass": { "kind": "parameter", "displayName": "Output Class", "group": "producer", "label": "", "required": false, "type": "string", "javaType": "java.lang.String", "deprecated": false, "autowired": false, "secret": false, "description": "Specify the full package and class name to use as conversion when outputType=SelectOne or SelectList." },
    "outputType": { "kind": "parameter", "displayName": "Output Type", "group": "producer", "label": "", "required": false, "type": "object", "javaType": "org.apache.camel.component.jdbc.JdbcOutputType", "enum": [ "SelectOne", "SelectList", "StreamList" ], "deprecated": false, "autowired": false, "secret": false, "defaultValue": "SelectList", "description": "Determines the output the producer should use." },
    "parameters": { "kind": "parameter", "displayName": "Parameters", "group": "producer", "label": "", "required": false, "type": "object", "javaType": "java.util.Map<java.lang.String, java.lang.Object>", "prefix": "statement.", "multiValue": true, "deprecated": false, "autowired": false, "secret": false, "description": "Optional parameters to the java.sql.Statement. For example to set maxRows, fetchSize etc." },
    "readSize": { "kind": "parameter", "displayName": "Read Size", "group": "producer", "label": "", "required": false, "type": "integer", "javaType": "int", "deprecated": false, "autowired": false, "secret": false, "description": "The default maximum number of rows that can be read by a polling query. The default value is 0." },
    "resetAutoCommit": { "kind": "parameter", "displayName": "Reset Auto Commit", "group": "producer", "label": "", "required": false, "type": "boolean", "javaType": "boolean", "deprecated": false, "autowired": false, "secret": false, "defaultValue": true, "description": "Camel will set the autoCommit on the JDBC connection to be false, commit the change after executed the statement and reset the autoCommit flag of the connection at the end, if the resetAutoCommit is true. If the JDBC connection doesn't support to reset the autoCommit flag, you can set the resetAutoCommit flag to be false, and Camel will not try to reset the autoCommit flag. When used with XA transactions you most likely need to set it to false so that the transaction manager is in charge of committing this tx." },
    "transacted": { "kind": "parameter", "displayName": "Transacted", "group": "producer", "label": "", "required": false, "type": "boolean", "javaType": "boolean", "deprecated": false, "autowired": false, "secret": false, "defaultValue": false, "description": "Whether transactions are in use." },
    "useGetBytesForBlob": { "kind": "parameter", "displayName": "Use Get Bytes For Blob", "group": "producer", "label": "", "required": false, "type": "boolean", "javaType": "boolean", "deprecated": false, "autowired": false, "secret": false, "defaultValue": false, "description": "To read BLOB columns as bytes instead of string data. This may be needed for certain databases such as Oracle where you must read BLOB columns as bytes." },
    "useHeadersAsParameters": { "kind": "parameter", "displayName": "Use Headers As Parameters", "group": "producer", "label": "", "required": false, "type": "boolean", "javaType": "boolean", "deprecated": false, "autowired": false, "secret": false, "defaultValue": false, "description": "Set this option to true to use the prepareStatementStrategy with named parameters. This allows to define queries with named placeholders, and use headers with the dynamic values for the query placeholders." },
    "useJDBC4ColumnNameAndLabelSemantics": { "kind": "parameter", "displayName": "Use JDBC4 Column Name And Label Semantics", "group": "producer", "label": "", "required": false, "type": "boolean", "javaType": "boolean", "deprecated": false, "autowired": false, "secret": false, "defaultValue": true, "description": "Sets whether to use JDBC 4 or JDBC 3.0 or older semantic when retrieving column name. JDBC 4.0 uses columnLabel to get the column name where as JDBC 3.0 uses both columnName or columnLabel. Unfortunately JDBC drivers behave differently so you can use this option to work out issues around your JDBC driver if you get problem using this component This option is default true." },
    "lazyStartProducer": { "kind": "parameter", "displayName": "Lazy Start Producer", "group": "producer (advanced)", "label": "producer,advanced", "required": false, "type": "boolean", "javaType": "boolean", "deprecated": false, "autowired": false, "secret": false, "defaultValue": false, "description": "Whether the producer should be started lazy (on the first message). By starting lazy you can use this to allow CamelContext and routes to startup in situations where a producer may otherwise fail during starting and cause the route to fail being started. By deferring this startup to be lazy then the startup failure can be handled during routing messages via Camel's routing error handlers. Beware that when the first message is processed then creating and starting the producer may take a little time and prolong the total processing time of the processing." },
    "beanRowMapper": { "kind": "parameter", "displayName": "Bean Row Mapper", "group": "advanced", "label": "advanced", "required": false, "type": "object", "javaType": "org.apache.camel.component.jdbc.BeanRowMapper", "deprecated": false, "autowired": false, "secret": false, "description": "To use a custom org.apache.camel.component.jdbc.BeanRowMapper when using outputClass. The default implementation will lower case the row names and skip underscores, and dashes. For example CUST_ID is mapped as custId." },
    "connectionStrategy": { "kind": "parameter", "displayName": "Connection Strategy", "group": "advanced", "label": "advanced", "required": false, "type": "object", "javaType": "org.apache.camel.component.jdbc.ConnectionStrategy", "deprecated": false, "autowired": false, "secret": false, "description": "To use a custom strategy for working with connections. Do not use a custom strategy when using the spring-jdbc component because a special Spring ConnectionStrategy is used by default to support Spring Transactions." },
    "prepareStatementStrategy": { "kind": "parameter", "displayName": "Prepare Statement Strategy", "group": "advanced", "label": "advanced", "required": false, "type": "object", "javaType": "org.apache.camel.component.jdbc.JdbcPrepareStatementStrategy", "deprecated": false, "autowired": false, "secret": false, "description": "Allows the plugin to use a custom org.apache.camel.component.jdbc.JdbcPrepareStatementStrategy to control preparation of the query and prepared statement." }
  }
}
