{
  "component": {
    "kind": "component",
    "name": "spring-ws",
    "title": "Spring WebService",
    "description": "Access external web services as a client or expose your own web services.",
    "deprecated": false,
    "firstVersion": "2.6.0",
    "label": "spring,soap,webservice",
    "javaType": "org.apache.camel.component.spring.ws.SpringWebserviceComponent",
    "supportLevel": "Stable",
    "groupId": "org.apache.camel",
    "artifactId": "camel-spring-ws",
    "version": "3.21.0-SNAPSHOT",
    "scheme": "spring-ws",
    "extendsScheme": "",
    "syntax": "spring-ws:type:lookupKey:webServiceEndpointUri",
    "async": false,
    "api": false,
    "consumerOnly": false,
    "producerOnly": false,
    "lenientProperties": false
  },
  "componentProperties": {
    "bridgeErrorHandler": { "kind": "property", "displayName": "Bridge Error Handler", "group": "consumer", "label": "consumer", "required": false, "type": "boolean", "javaType": "boolean", "deprecated": false, "autowired": false, "secret": false, "defaultValue": false, "description": "Allows for bridging the consumer to the Camel routing Error Handler, which mean any exceptions occurred while the consumer is trying to pickup incoming messages, or the likes, will now be processed as a message and handled by the routing Error Handler. By default the consumer will use the org.apache.camel.spi.ExceptionHandler to deal with exceptions, that will be logged at WARN or ERROR level and ignored." },
    "lazyStartProducer": { "kind": "property", "displayName": "Lazy Start Producer", "group": "producer", "label": "producer", "required": false, "type": "boolean", "javaType": "boolean", "deprecated": false, "autowired": false, "secret": false, "defaultValue": false, "description": "Whether the producer should be started lazy (on the first message). By starting lazy you can use this to allow CamelContext and routes to startup in situations where a producer may otherwise fail during starting and cause the route to fail being started. By deferring this startup to be lazy then the startup failure can be handled during routing messages via Camel's routing error handlers. Beware that when the first message is processed then creating and starting the producer may take a little time and prolong the total processing time of the processing." },
    "autowiredEnabled": { "kind": "property", "displayName": "Autowired Enabled", "group": "advanced", "label": "advanced", "required": false, "type": "boolean", "javaType": "boolean", "deprecated": false, "autowired": false, "secret": false, "defaultValue": true, "description": "Whether autowiring is enabled. This is used for automatic autowiring options (the option must be marked as autowired) by looking up in the registry to find if there is a single instance of matching type, which then gets configured on the component. This can be used for automatic configuring JDBC data sources, JMS connection factories, AWS Clients, etc." },
    "useGlobalSslContextParameters": { "kind": "property", "displayName": "Use Global Ssl Context Parameters", "group": "security", "label": "security", "required": false, "type": "boolean", "javaType": "boolean", "deprecated": false, "autowired": false, "secret": false, "defaultValue": false, "description": "Enable usage of global SSL context parameters." }
  },
  "headers": {
    "CamelSpringWebserviceEndpointUri": { "kind": "header", "displayName": "", "group": "producer", "label": "producer", "required": false, "javaType": "String", "deprecated": false, "deprecationNote": "", "autowired": false, "secret": false, "description": "The endpoint URI", "constantName": "org.apache.camel.component.spring.ws.SpringWebserviceConstants#SPRING_WS_ENDPOINT_URI" },
    "CamelSpringWebserviceSoapAction": { "kind": "header", "displayName": "", "group": "producer", "label": "producer", "required": false, "javaType": "String", "deprecated": false, "deprecationNote": "", "autowired": false, "secret": false, "description": "SOAP action to include inside a SOAP request when accessing remote web services", "constantName": "org.apache.camel.component.spring.ws.SpringWebserviceConstants#SPRING_WS_SOAP_ACTION" },
    "CamelSpringWebserviceSoapHeader": { "kind": "header", "displayName": "", "group": "producer", "label": "producer", "required": false, "javaType": "javax.xml.transform.Source", "deprecated": false, "deprecationNote": "", "autowired": false, "secret": false, "description": "The soap header source", "constantName": "org.apache.camel.component.spring.ws.SpringWebserviceConstants#SPRING_WS_SOAP_HEADER" },
    "CamelSpringWebserviceAddressingAction": { "kind": "header", "displayName": "", "group": "producer", "label": "producer", "required": false, "javaType": "java.net.URI", "deprecated": false, "deprecationNote": "", "autowired": false, "secret": false, "description": "WS-Addressing 1.0 action header to include when accessing web services. The To header is set to the address of the web service as specified in the endpoint URI (default Spring-WS behavior).", "constantName": "org.apache.camel.component.spring.ws.SpringWebserviceConstants#SPRING_WS_ADDRESSING_ACTION" },
    "CamelSpringWebserviceAddressingFaultTo": { "kind": "header", "displayName": "", "group": "producer", "label": "producer", "required": false, "javaType": "java.net.URI", "deprecated": false, "deprecationNote": "", "autowired": false, "secret": false, "description": "Signifies the value for the faultAction response WS-Addressing FaultTo header that is provided by the method. See org.springframework.ws.soap.addressing.server.annotation.Action annotation for more details.", "constantName": "org.apache.camel.component.spring.ws.SpringWebserviceConstants#SPRING_WS_ADDRESSING_PRODUCER_FAULT_TO" },
    "CamelSpringWebserviceAddressingReplyTo": { "kind": "header", "displayName": "", "group": "producer", "label": "producer", "required": false, "javaType": "java.net.URI", "deprecated": false, "deprecationNote": "", "autowired": false, "secret": false, "description": "Signifies the value for the replyTo response WS-Addressing ReplyTo header that is provided by the method. See org.springframework.ws.soap.addressing.server.annotation.Action annotation for more details.", "constantName": "org.apache.camel.component.spring.ws.SpringWebserviceConstants#SPRING_WS_ADDRESSING_PRODUCER_REPLY_TO" },
    "breadcrumbId": { "kind": "header", "displayName": "", "group": "consumer", "label": "consumer", "required": false, "javaType": "String", "deprecated": false, "deprecationNote": "", "autowired": false, "secret": false, "description": "The breadcrumb id.", "constantName": "org.apache.camel.component.spring.ws.SpringWebserviceConstants#BREADCRUMB_ID" }
  },
  "properties": {
    "type": { "kind": "path", "displayName": "Type", "group": "consumer", "label": "consumer", "required": false, "type": "object", "javaType": "org.apache.camel.component.spring.ws.type.EndpointMappingType", "enum": [ "ROOT_QNAME", "ACTION", "TO", "SOAP_ACTION", "XPATHRESULT", "URI", "URI_PATH", "BEANNAME" ], "deprecated": false, "autowired": false, "secret": false, "configurationClass": "org.apache.camel.component.spring.ws.SpringWebserviceConfiguration", "configurationField": "configuration", "description": "Endpoint mapping type if endpoint mapping is used. rootqname - Offers the option to map web service requests based on the qualified name of the root element contained in the message. soapaction - Used to map web service requests based on the SOAP action specified in the header of the message. uri - In order to map web service requests that target a specific URI. xpathresult - Used to map web service requests based on the evaluation of an XPath expression against the incoming message. The result of the evaluation should match the XPath result specified in the endpoint URI. beanname - Allows you to reference an org.apache.camel.component.spring.ws.bean.CamelEndpointDispatcher object in order to integrate with existing (legacy) endpoint mappings like PayloadRootQNameEndpointMapping, SoapActionEndpointMapping, etc" },
    "lookupKey": { "kind": "path", "displayName": "Lookup Key", "group": "consumer", "label": "consumer", "required": false, "type": "string", "javaType": "java.lang.String", "deprecated": false, "autowired": false, "secret": false, "configurationClass": "org.apache.camel.component.spring.ws.SpringWebserviceConfiguration", "configurationField": "configuration", "description": "Endpoint mapping key if endpoint mapping is used" },
    "webServiceEndpointUri": { "kind": "path", "displayName": "Web Service Endpoint Uri", "group": "producer", "label": "producer", "required": false, "type": "string", "javaType": "java.lang.String", "deprecated": false, "autowired": false, "secret": false, "configurationClass": "org.apache.camel.component.spring.ws.SpringWebserviceConfiguration", "configurationField": "configuration", "description": "The default Web Service endpoint uri to use for the producer." },
    "messageFilter": { "kind": "parameter", "displayName": "Message Filter", "group": "common", "label": "", "required": false, "type": "object", "javaType": "org.apache.camel.component.spring.ws.filter.MessageFilter", "deprecated": false, "autowired": false, "secret": false, "configurationClass": "org.apache.camel.component.spring.ws.SpringWebserviceConfiguration", "configurationField": "configuration", "description": "Option to provide a custom MessageFilter. For example when you want to process your headers or attachments by your own." },
    "messageIdStrategy": { "kind": "parameter", "displayName": "Message Id Strategy", "group": "common", "label": "common", "required": false, "type": "object", "javaType": "org.springframework.ws.soap.addressing.messageid.MessageIdStrategy", "deprecated": false, "autowired": false, "secret": false, "configurationClass": "org.apache.camel.component.spring.ws.SpringWebserviceConfiguration", "configurationField": "configuration", "description": "Option to provide a custom MessageIdStrategy to control generation of WS-Addressing unique message ids." },
    "endpointDispatcher": { "kind": "parameter", "displayName": "Endpoint Dispatcher", "group": "consumer", "label": "consumer", "required": false, "type": "object", "javaType": "org.apache.camel.component.spring.ws.bean.CamelEndpointDispatcher", "deprecated": false, "autowired": false, "secret": false, "configurationClass": "org.apache.camel.component.spring.ws.SpringWebserviceConfiguration", "configurationField": "configuration", "description": "Spring org.springframework.ws.server.endpoint.MessageEndpoint for dispatching messages received by Spring-WS to a Camel endpoint, to integrate with existing (legacy) endpoint mappings like PayloadRootQNameEndpointMapping, SoapActionEndpointMapping, etc." },
    "endpointMapping": { "kind": "parameter", "displayName": "Endpoint Mapping", "group": "consumer", "label": "consumer", "required": false, "type": "object", "javaType": "org.apache.camel.component.spring.ws.bean.CamelSpringWSEndpointMapping", "deprecated": false, "autowired": false, "secret": false, "configurationClass": "org.apache.camel.component.spring.ws.SpringWebserviceConfiguration", "configurationField": "configuration", "description": "Reference to an instance of org.apache.camel.component.spring.ws.bean.CamelEndpointMapping in the Registry\/ApplicationContext. Only one bean is required in the registry to serve all Camel\/Spring-WS endpoints. This bean is auto-discovered by the MessageDispatcher and used to map requests to Camel endpoints based on characteristics specified on the endpoint (like root QName, SOAP action, etc)" },
    "expression": { "kind": "parameter", "displayName": "Expression", "group": "consumer", "label": "consumer", "required": false, "type": "string", "javaType": "java.lang.String", "deprecated": false, "autowired": false, "secret": false, "configurationClass": "org.apache.camel.component.spring.ws.SpringWebserviceConfiguration", "configurationField": "configuration", "description": "The XPath expression to use when option type=xpathresult. Then this option is required to be configured." },
    "bridgeErrorHandler": { "kind": "parameter", "displayName": "Bridge Error Handler", "group": "consumer (advanced)", "label": "consumer,advanced", "required": false, "type": "boolean", "javaType": "boolean", "deprecated": false, "autowired": false, "secret": false, "defaultValue": false, "description": "Allows for bridging the consumer to the Camel routing Error Handler, which mean any exceptions occurred while the consumer is trying to pickup incoming messages, or the likes, will now be processed as a message and handled by the routing Error Handler. By default the consumer will use the org.apache.camel.spi.ExceptionHandler to deal with exceptions, that will be logged at WARN or ERROR level and ignored." },
    "exceptionHandler": { "kind": "parameter", "displayName": "Exception Handler", "group": "consumer (advanced)", "label": "consumer,advanced", "required": false, "type": "object", "javaType": "org.apache.camel.spi.ExceptionHandler", "optionalPrefix": "consumer.", "deprecated": false, "autowired": false, "secret": false, "description": "To let the consumer use a custom ExceptionHandler. Notice if the option bridgeErrorHandler is enabled then this option is not in use. By default the consumer will deal with exceptions, that will be logged at WARN or ERROR level and ignored." },
    "exchangePattern": { "kind": "parameter", "displayName": "Exchange Pattern", "group": "consumer (advanced)", "label": "consumer,advanced", "required": false, "type": "object", "javaType": "org.apache.camel.ExchangePattern", "enum": [ "InOnly", "InOut", "InOptionalOut" ], "deprecated": false, "autowired": false, "secret": false, "description": "Sets the exchange pattern when the consumer creates an exchange." },
    "allowResponseAttachmentOverride": { "kind": "parameter", "displayName": "Allow Response Attachment Override", "group": "producer", "label": "producer", "required": false, "type": "boolean", "javaType": "boolean", "deprecated": false, "autowired": false, "secret": false, "defaultValue": false, "configurationClass": "org.apache.camel.component.spring.ws.SpringWebserviceConfiguration", "configurationField": "configuration", "description": "Option to override soap response attachments in in\/out exchange with attachments from the actual service layer. If the invoked service appends or rewrites the soap attachments this option when set to true, allows the modified soap attachments to be overwritten in in\/out message attachments" },
    "allowResponseHeaderOverride": { "kind": "parameter", "displayName": "Allow Response Header Override", "group": "producer", "label": "producer", "required": false, "type": "boolean", "javaType": "boolean", "deprecated": false, "autowired": false, "secret": false, "defaultValue": false, "configurationClass": "org.apache.camel.component.spring.ws.SpringWebserviceConfiguration", "configurationField": "configuration", "description": "Option to override soap response header in in\/out exchange with header info from the actual service layer. If the invoked service appends or rewrites the soap header this option when set to true, allows the modified soap header to be overwritten in in\/out message headers" },
    "faultAction": { "kind": "parameter", "displayName": "Fault Action", "group": "producer", "label": "producer", "required": false, "type": "string", "javaType": "java.net.URI", "deprecated": false, "autowired": false, "secret": false, "configurationClass": "org.apache.camel.component.spring.ws.SpringWebserviceConfiguration", "configurationField": "configuration", "description": "Signifies the value for the faultAction response WS-Addressing Fault Action header that is provided by the method. See org.springframework.ws.soap.addressing.server.annotation.Action annotation for more details." },
    "faultTo": { "kind": "parameter", "displayName": "Fault To", "group": "producer", "label": "producer", "required": false, "type": "string", "javaType": "java.net.URI", "deprecated": false, "autowired": false, "secret": false, "configurationClass": "org.apache.camel.component.spring.ws.SpringWebserviceConfiguration", "configurationField": "configuration", "description": "Signifies the value for the faultAction response WS-Addressing FaultTo header that is provided by the method. See org.springframework.ws.soap.addressing.server.annotation.Action annotation for more details." },
    "messageFactory": { "kind": "parameter", "displayName": "Message Factory", "group": "producer", "label": "producer", "required": false, "type": "object", "javaType": "org.springframework.ws.WebServiceMessageFactory", "deprecated": false, "autowired": false, "secret": false, "configurationClass": "org.apache.camel.component.spring.ws.SpringWebserviceConfiguration", "configurationField": "configuration", "description": "Option to provide a custom WebServiceMessageFactory. For example when you want Apache Axiom to handle web service messages instead of SAAJ." },
    "messageSender": { "kind": "parameter", "displayName": "Message Sender", "group": "producer", "label": "producer", "required": false, "type": "object", "javaType": "org.springframework.ws.transport.WebServiceMessageSender", "deprecated": false, "autowired": false, "secret": false, "configurationClass": "org.apache.camel.component.spring.ws.SpringWebserviceConfiguration", "configurationField": "configuration", "description": "Option to provide a custom WebServiceMessageSender. For example to perform authentication or use alternative transports" },
    "outputAction": { "kind": "parameter", "displayName": "Output Action", "group": "producer", "label": "producer", "required": false, "type": "string", "javaType": "java.net.URI", "deprecated": false, "autowired": false, "secret": false, "configurationClass": "org.apache.camel.component.spring.ws.SpringWebserviceConfiguration", "configurationField": "configuration", "description": "Signifies the value for the response WS-Addressing Action header that is provided by the method. See org.springframework.ws.soap.addressing.server.annotation.Action annotation for more details." },
    "replyTo": { "kind": "parameter", "displayName": "Reply To", "group": "producer", "label": "producer", "required": false, "type": "string", "javaType": "java.net.URI", "deprecated": false, "autowired": false, "secret": false, "configurationClass": "org.apache.camel.component.spring.ws.SpringWebserviceConfiguration", "configurationField": "configuration", "description": "Signifies the value for the replyTo response WS-Addressing ReplyTo header that is provided by the method. See org.springframework.ws.soap.addressing.server.annotation.Action annotation for more details." },
    "soapAction": { "kind": "parameter", "displayName": "Soap Action", "group": "producer", "label": "producer", "required": false, "type": "string", "javaType": "java.lang.String", "deprecated": false, "autowired": false, "secret": false, "configurationClass": "org.apache.camel.component.spring.ws.SpringWebserviceConfiguration", "configurationField": "configuration", "description": "SOAP action to include inside a SOAP request when accessing remote web services" },
    "timeout": { "kind": "parameter", "displayName": "Timeout", "group": "producer", "label": "producer", "required": false, "type": "integer", "javaType": "int", "deprecated": false, "autowired": false, "secret": false, "configurationClass": "org.apache.camel.component.spring.ws.SpringWebserviceConfiguration", "configurationField": "configuration", "description": "Sets the socket read timeout (in milliseconds) while invoking a webservice using the producer, see URLConnection.setReadTimeout() and CommonsHttpMessageSender.setReadTimeout(). This option works when using the built-in message sender implementations: CommonsHttpMessageSender and HttpUrlConnectionMessageSender. One of these implementations will be used by default for HTTP based services unless you customize the Spring WS configuration options supplied to the component. If you are using a non-standard sender, it is assumed that you will handle your own timeout configuration. The built-in message sender HttpComponentsMessageSender is considered instead of CommonsHttpMessageSender which has been deprecated, see HttpComponentsMessageSender.setReadTimeout()." },
    "webServiceTemplate": { "kind": "parameter", "displayName": "Web Service Template", "group": "producer", "label": "producer", "required": false, "type": "object", "javaType": "org.springframework.ws.client.core.WebServiceTemplate", "deprecated": false, "autowired": false, "secret": false, "configurationClass": "org.apache.camel.component.spring.ws.SpringWebserviceConfiguration", "configurationField": "configuration", "description": "Option to provide a custom WebServiceTemplate. This allows for full control over client-side web services handling; like adding a custom interceptor or specifying a fault resolver, message sender or message factory." },
    "wsAddressingAction": { "kind": "parameter", "displayName": "Ws Addressing Action", "group": "producer", "label": "producer", "required": false, "type": "string", "javaType": "java.net.URI", "deprecated": false, "autowired": false, "secret": false, "configurationClass": "org.apache.camel.component.spring.ws.SpringWebserviceConfiguration", "configurationField": "configuration", "description": "WS-Addressing 1.0 action header to include when accessing web services. The To header is set to the address of the web service as specified in the endpoint URI (default Spring-WS behavior)." },
    "lazyStartProducer": { "kind": "parameter", "displayName": "Lazy Start Producer", "group": "producer (advanced)", "label": "producer,advanced", "required": false, "type": "boolean", "javaType": "boolean", "deprecated": false, "autowired": false, "secret": false, "defaultValue": false, "description": "Whether the producer should be started lazy (on the first message). By starting lazy you can use this to allow CamelContext and routes to startup in situations where a producer may otherwise fail during starting and cause the route to fail being started. By deferring this startup to be lazy then the startup failure can be handled during routing messages via Camel's routing error handlers. Beware that when the first message is processed then creating and starting the producer may take a little time and prolong the total processing time of the processing." },
    "sslContextParameters": { "kind": "parameter", "displayName": "Ssl Context Parameters", "group": "security", "label": "security", "required": false, "type": "object", "javaType": "org.apache.camel.support.jsse.SSLContextParameters", "deprecated": false, "autowired": false, "secret": false, "configurationClass": "org.apache.camel.component.spring.ws.SpringWebserviceConfiguration", "configurationField": "configuration", "description": "To configure security using SSLContextParameters" }
  }
}
