{
  "component": {
    "kind": "component",
    "name": "ssh",
    "title": "SSH",
    "description": "Execute commands on remote hosts using SSH.",
    "deprecated": false,
    "firstVersion": "2.10.0",
    "label": "file",
    "javaType": "org.apache.camel.component.ssh.SshComponent",
    "supportLevel": "Stable",
    "groupId": "org.apache.camel",
    "artifactId": "camel-ssh",
    "version": "3.21.0-SNAPSHOT",
    "scheme": "ssh",
    "extendsScheme": "",
    "syntax": "ssh:host:port",
    "alternativeSyntax": "ssh:username:password@host:port",
    "async": false,
    "api": false,
    "consumerOnly": false,
    "producerOnly": false,
    "lenientProperties": false
  },
  "componentProperties": {
    "failOnUnknownHost": { "kind": "property", "displayName": "Fail On Unknown Host", "group": "common", "label": "", "required": false, "type": "boolean", "javaType": "boolean", "deprecated": false, "autowired": false, "secret": false, "defaultValue": false, "configurationClass": "org.apache.camel.component.ssh.SshConfiguration", "configurationField": "configuration", "description": "Specifies whether a connection to an unknown host should fail or not. This value is only checked when the property knownHosts is set." },
    "knownHostsResource": { "kind": "property", "displayName": "Known Hosts Resource", "group": "common", "label": "", "required": false, "type": "string", "javaType": "java.lang.String", "deprecated": false, "autowired": false, "secret": false, "configurationClass": "org.apache.camel.component.ssh.SshConfiguration", "configurationField": "configuration", "description": "Sets the resource path for a known_hosts file" },
    "timeout": { "kind": "property", "displayName": "Timeout", "group": "common", "label": "", "required": false, "type": "integer", "javaType": "long", "deprecated": false, "autowired": false, "secret": false, "defaultValue": 30000, "configurationClass": "org.apache.camel.component.ssh.SshConfiguration", "configurationField": "configuration", "description": "Sets the timeout in milliseconds to wait in establishing the remote SSH server connection. Defaults to 30000 milliseconds." },
    "bridgeErrorHandler": { "kind": "property", "displayName": "Bridge Error Handler", "group": "consumer", "label": "consumer", "required": false, "type": "boolean", "javaType": "boolean", "deprecated": false, "autowired": false, "secret": false, "defaultValue": false, "description": "Allows for bridging the consumer to the Camel routing Error Handler, which mean any exceptions occurred while the consumer is trying to pickup incoming messages, or the likes, will now be processed as a message and handled by the routing Error Handler. By default the consumer will use the org.apache.camel.spi.ExceptionHandler to deal with exceptions, that will be logged at WARN or ERROR level and ignored." },
    "pollCommand": { "kind": "property", "displayName": "Poll Command", "group": "consumer", "label": "consumer", "required": false, "type": "string", "javaType": "java.lang.String", "deprecated": false, "autowired": false, "secret": false, "configurationClass": "org.apache.camel.component.ssh.SshConfiguration", "configurationField": "configuration", "description": "Sets the command string to send to the remote SSH server during every poll cycle. Only works with camel-ssh component being used as a consumer, i.e. from(ssh:\/\/...) You may need to end your command with a newline, and that must be URL encoded %0A" },
    "lazyStartProducer": { "kind": "property", "displayName": "Lazy Start Producer", "group": "producer", "label": "producer", "required": false, "type": "boolean", "javaType": "boolean", "deprecated": false, "autowired": false, "secret": false, "defaultValue": false, "description": "Whether the producer should be started lazy (on the first message). By starting lazy you can use this to allow CamelContext and routes to startup in situations where a producer may otherwise fail during starting and cause the route to fail being started. By deferring this startup to be lazy then the startup failure can be handled during routing messages via Camel's routing error handlers. Beware that when the first message is processed then creating and starting the producer may take a little time and prolong the total processing time of the processing." },
    "autowiredEnabled": { "kind": "property", "displayName": "Autowired Enabled", "group": "advanced", "label": "advanced", "required": false, "type": "boolean", "javaType": "boolean", "deprecated": false, "autowired": false, "secret": false, "defaultValue": true, "description": "Whether autowiring is enabled. This is used for automatic autowiring options (the option must be marked as autowired) by looking up in the registry to find if there is a single instance of matching type, which then gets configured on the component. This can be used for automatic configuring JDBC data sources, JMS connection factories, AWS Clients, etc." },
    "channelType": { "kind": "property", "displayName": "Channel Type", "group": "advanced", "label": "advanced", "required": false, "type": "string", "javaType": "java.lang.String", "deprecated": false, "autowired": false, "secret": false, "defaultValue": "exec", "configurationClass": "org.apache.camel.component.ssh.SshConfiguration", "configurationField": "configuration", "description": "Sets the channel type to pass to the Channel as part of command execution. Defaults to exec." },
    "configuration": { "kind": "property", "displayName": "Configuration", "group": "advanced", "label": "advanced", "required": false, "type": "object", "javaType": "org.apache.camel.component.ssh.SshConfiguration", "deprecated": false, "autowired": false, "secret": false, "description": "Component configuration" },
    "shellPrompt": { "kind": "property", "displayName": "Shell Prompt", "group": "advanced", "label": "advanced", "required": false, "type": "string", "javaType": "java.lang.String", "deprecated": false, "autowired": false, "secret": false, "configurationClass": "org.apache.camel.component.ssh.SshConfiguration", "configurationField": "configuration", "description": "Sets the shellPrompt to be dropped when response is read after command execution" },
    "sleepForShellPrompt": { "kind": "property", "displayName": "Sleep For Shell Prompt", "group": "advanced", "label": "advanced", "required": false, "type": "integer", "javaType": "long", "deprecated": false, "autowired": false, "secret": false, "defaultValue": 100, "configurationClass": "org.apache.camel.component.ssh.SshConfiguration", "configurationField": "configuration", "description": "Sets the sleep period in milliseconds to wait reading response from shell prompt. Defaults to 100 milliseconds." },
    "certResource": { "kind": "property", "displayName": "Cert Resource", "group": "security", "label": "security", "required": false, "type": "string", "javaType": "java.lang.String", "deprecated": false, "autowired": false, "secret": false, "configurationClass": "org.apache.camel.component.ssh.SshConfiguration", "configurationField": "configuration", "description": "Sets the resource path of the certificate to use for Authentication. Will use ResourceHelperKeyPairProvider to resolve file based certificate, and depends on keyType setting." },
    "certResourcePassword": { "kind": "property", "displayName": "Cert Resource Password", "group": "security", "label": "security", "required": false, "type": "string", "javaType": "java.lang.String", "deprecated": false, "autowired": false, "secret": true, "configurationClass": "org.apache.camel.component.ssh.SshConfiguration", "configurationField": "configuration", "description": "Sets the password to use in loading certResource, if certResource is an encrypted key." },
    "keyPairProvider": { "kind": "property", "displayName": "Key Pair Provider", "group": "security", "label": "security", "required": false, "type": "object", "javaType": "org.apache.sshd.common.keyprovider.KeyPairProvider", "deprecated": false, "autowired": false, "secret": false, "configurationClass": "org.apache.camel.component.ssh.SshConfiguration", "configurationField": "configuration", "description": "Sets the KeyPairProvider reference to use when connecting using Certificates to the remote SSH Server." },
    "keyType": { "kind": "property", "displayName": "Key Type", "group": "security", "label": "security", "required": false, "type": "string", "javaType": "java.lang.String", "deprecated": false, "autowired": false, "secret": false, "configurationClass": "org.apache.camel.component.ssh.SshConfiguration", "configurationField": "configuration", "description": "Sets the key type to pass to the KeyPairProvider as part of authentication. KeyPairProvider.loadKey(...) will be passed this value. From Camel 3.0.0 \/ 2.25.0, by default Camel will select the first available KeyPair that is loaded. Prior to this, a KeyType of 'ssh-rsa' was enforced by default." },
    "password": { "kind": "property", "displayName": "Password", "group": "security", "label": "security", "required": false, "type": "string", "javaType": "java.lang.String", "deprecated": false, "autowired": false, "secret": true, "configurationClass": "org.apache.camel.component.ssh.SshConfiguration", "configurationField": "configuration", "description": "Sets the password to use in connecting to remote SSH server. Requires keyPairProvider to be set to null." },
    "username": { "kind": "property", "displayName": "Username", "group": "security", "label": "security", "required": false, "type": "string", "javaType": "java.lang.String", "deprecated": false, "autowired": false, "secret": true, "configurationClass": "org.apache.camel.component.ssh.SshConfiguration", "configurationField": "configuration", "description": "Sets the username to use in logging into the remote SSH server." }
  },
  "headers": {
    "CamelSshUsername": { "kind": "header", "displayName": "", "group": "common", "label": "", "required": false, "javaType": "String", "deprecated": false, "deprecationNote": "", "autowired": false, "secret": false, "description": "The user name", "constantName": "org.apache.camel.component.ssh.SshConstants#USERNAME_HEADER" },
    "CamelSshPassword": { "kind": "header", "displayName": "", "group": "common", "label": "", "required": false, "javaType": "String", "deprecated": false, "deprecationNote": "", "autowired": false, "secret": false, "description": "The password", "constantName": "org.apache.camel.component.ssh.SshConstants#PASSWORD_HEADER" },
    "CamelSshStderr": { "kind": "header", "displayName": "", "group": "common", "label": "", "required": false, "javaType": "InputStream", "deprecated": false, "deprecationNote": "", "autowired": false, "secret": false, "description": "The value of this header is a InputStream with the standard error stream of the executable.", "constantName": "org.apache.camel.component.ssh.SshConstants#STDERR" },
    "CamelSshExitValue": { "kind": "header", "displayName": "", "group": "common", "label": "", "required": false, "javaType": "Integer", "deprecated": false, "deprecationNote": "", "autowired": false, "secret": false, "description": "The value of this header is the exit value that is returned, after the execution. By convention a non-zero status exit value indicates abnormal termination. Note that the exit value is OS dependent.", "constantName": "org.apache.camel.component.ssh.SshConstants#EXIT_VALUE" }
  },
  "properties": {
    "host": { "kind": "path", "displayName": "Host", "group": "common", "label": "", "required": true, "type": "string", "javaType": "java.lang.String", "deprecated": false, "deprecationNote": "", "autowired": false, "secret": false, "configurationClass": "org.apache.camel.component.ssh.SshConfiguration", "configurationField": "configuration", "description": "Sets the hostname of the remote SSH server." },
    "port": { "kind": "path", "displayName": "Port", "group": "common", "label": "", "required": false, "type": "integer", "javaType": "int", "deprecated": false, "autowired": false, "secret": false, "defaultValue": 22, "configurationClass": "org.apache.camel.component.ssh.SshConfiguration", "configurationField": "configuration", "description": "Sets the port number for the remote SSH server." },
    "failOnUnknownHost": { "kind": "parameter", "displayName": "Fail On Unknown Host", "group": "common", "label": "", "required": false, "type": "boolean", "javaType": "boolean", "deprecated": false, "autowired": false, "secret": false, "defaultValue": false, "configurationClass": "org.apache.camel.component.ssh.SshConfiguration", "configurationField": "configuration", "description": "Specifies whether a connection to an unknown host should fail or not. This value is only checked when the property knownHosts is set." },
    "knownHostsResource": { "kind": "parameter", "displayName": "Known Hosts Resource", "group": "common", "label": "", "required": false, "type": "string", "javaType": "java.lang.String", "deprecated": false, "autowired": false, "secret": false, "configurationClass": "org.apache.camel.component.ssh.SshConfiguration", "configurationField": "configuration", "description": "Sets the resource path for a known_hosts file" },
    "timeout": { "kind": "parameter", "displayName": "Timeout", "group": "common", "label": "", "required": false, "type": "integer", "javaType": "long", "deprecated": false, "autowired": false, "secret": false, "defaultValue": 30000, "configurationClass": "org.apache.camel.component.ssh.SshConfiguration", "configurationField": "configuration", "description": "Sets the timeout in milliseconds to wait in establishing the remote SSH server connection. Defaults to 30000 milliseconds." },
    "pollCommand": { "kind": "parameter", "displayName": "Poll Command", "group": "consumer", "label": "consumer", "required": false, "type": "string", "javaType": "java.lang.String", "deprecated": false, "autowired": false, "secret": false, "configurationClass": "org.apache.camel.component.ssh.SshConfiguration", "configurationField": "configuration", "description": "Sets the command string to send to the remote SSH server during every poll cycle. Only works with camel-ssh component being used as a consumer, i.e. from(ssh:\/\/...) You may need to end your command with a newline, and that must be URL encoded %0A" },
    "sendEmptyMessageWhenIdle": { "kind": "parameter", "displayName": "Send Empty Message When Idle", "group": "consumer", "label": "consumer", "required": false, "type": "boolean", "javaType": "boolean", "deprecated": false, "autowired": false, "secret": false, "defaultValue": false, "description": "If the polling consumer did not poll any files, you can enable this option to send an empty message (no body) instead." },
    "bridgeErrorHandler": { "kind": "parameter", "displayName": "Bridge Error Handler", "group": "consumer (advanced)", "label": "consumer,advanced", "required": false, "type": "boolean", "javaType": "boolean", "deprecated": false, "autowired": false, "secret": false, "defaultValue": false, "description": "Allows for bridging the consumer to the Camel routing Error Handler, which mean any exceptions occurred while the consumer is trying to pickup incoming messages, or the likes, will now be processed as a message and handled by the routing Error Handler. By default the consumer will use the org.apache.camel.spi.ExceptionHandler to deal with exceptions, that will be logged at WARN or ERROR level and ignored." },
    "exceptionHandler": { "kind": "parameter", "displayName": "Exception Handler", "group": "consumer (advanced)", "label": "consumer,advanced", "required": false, "type": "object", "javaType": "org.apache.camel.spi.ExceptionHandler", "optionalPrefix": "consumer.", "deprecated": false, "autowired": false, "secret": false, "description": "To let the consumer use a custom ExceptionHandler. Notice if the option bridgeErrorHandler is enabled then this option is not in use. By default the consumer will deal with exceptions, that will be logged at WARN or ERROR level and ignored." },
    "exchangePattern": { "kind": "parameter", "displayName": "Exchange Pattern", "group": "consumer (advanced)", "label": "consumer,advanced", "required": false, "type": "object", "javaType": "org.apache.camel.ExchangePattern", "enum": [ "InOnly", "InOut", "InOptionalOut" ], "deprecated": false, "autowired": false, "secret": false, "description": "Sets the exchange pattern when the consumer creates an exchange." },
    "pollStrategy": { "kind": "parameter", "displayName": "Poll Strategy", "group": "consumer (advanced)", "label": "consumer,advanced", "required": false, "type": "object", "javaType": "org.apache.camel.spi.PollingConsumerPollStrategy", "deprecated": false, "autowired": false, "secret": false, "description": "A pluggable org.apache.camel.PollingConsumerPollingStrategy allowing you to provide your custom implementation to control error handling usually occurred during the poll operation before an Exchange have been created and being routed in Camel." },
    "lazyStartProducer": { "kind": "parameter", "displayName": "Lazy Start Producer", "group": "producer (advanced)", "label": "producer,advanced", "required": false, "type": "boolean", "javaType": "boolean", "deprecated": false, "autowired": false, "secret": false, "defaultValue": false, "description": "Whether the producer should be started lazy (on the first message). By starting lazy you can use this to allow CamelContext and routes to startup in situations where a producer may otherwise fail during starting and cause the route to fail being started. By deferring this startup to be lazy then the startup failure can be handled during routing messages via Camel's routing error handlers. Beware that when the first message is processed then creating and starting the producer may take a little time and prolong the total processing time of the processing." },
    "channelType": { "kind": "parameter", "displayName": "Channel Type", "group": "advanced", "label": "advanced", "required": false, "type": "string", "javaType": "java.lang.String", "deprecated": false, "autowired": false, "secret": false, "defaultValue": "exec", "configurationClass": "org.apache.camel.component.ssh.SshConfiguration", "configurationField": "configuration", "description": "Sets the channel type to pass to the Channel as part of command execution. Defaults to exec." },
    "shellPrompt": { "kind": "parameter", "displayName": "Shell Prompt", "group": "advanced", "label": "advanced", "required": false, "type": "string", "javaType": "java.lang.String", "deprecated": false, "autowired": false, "secret": false, "configurationClass": "org.apache.camel.component.ssh.SshConfiguration", "configurationField": "configuration", "description": "Sets the shellPrompt to be dropped when response is read after command execution" },
    "sleepForShellPrompt": { "kind": "parameter", "displayName": "Sleep For Shell Prompt", "group": "advanced", "label": "advanced", "required": false, "type": "integer", "javaType": "long", "deprecated": false, "autowired": false, "secret": false, "defaultValue": 100, "configurationClass": "org.apache.camel.component.ssh.SshConfiguration", "configurationField": "configuration", "description": "Sets the sleep period in milliseconds to wait reading response from shell prompt. Defaults to 100 milliseconds." },
    "backoffErrorThreshold": { "kind": "parameter", "displayName": "Backoff Error Threshold", "group": "scheduler", "label": "consumer,scheduler", "required": false, "type": "integer", "javaType": "int", "deprecated": false, "autowired": false, "secret": false, "description": "The number of subsequent error polls (failed due some error) that should happen before the backoffMultipler should kick-in." },
    "backoffIdleThreshold": { "kind": "parameter", "displayName": "Backoff Idle Threshold", "group": "scheduler", "label": "consumer,scheduler", "required": false, "type": "integer", "javaType": "int", "deprecated": false, "autowired": false, "secret": false, "description": "The number of subsequent idle polls that should happen before the backoffMultipler should kick-in." },
    "backoffMultiplier": { "kind": "parameter", "displayName": "Backoff Multiplier", "group": "scheduler", "label": "consumer,scheduler", "required": false, "type": "integer", "javaType": "int", "deprecated": false, "autowired": false, "secret": false, "description": "To let the scheduled polling consumer backoff if there has been a number of subsequent idles\/errors in a row. The multiplier is then the number of polls that will be skipped before the next actual attempt is happening again. When this option is in use then backoffIdleThreshold and\/or backoffErrorThreshold must also be configured." },
    "delay": { "kind": "parameter", "displayName": "Delay", "group": "scheduler", "label": "consumer,scheduler", "required": false, "type": "integer", "javaType": "long", "deprecated": false, "autowired": false, "secret": false, "defaultValue": 500, "description": "Milliseconds before the next poll." },
    "greedy": { "kind": "parameter", "displayName": "Greedy", "group": "scheduler", "label": "consumer,scheduler", "required": false, "type": "boolean", "javaType": "boolean", "deprecated": false, "autowired": false, "secret": false, "defaultValue": false, "description": "If greedy is enabled, then the ScheduledPollConsumer will run immediately again, if the previous run polled 1 or more messages." },
    "initialDelay": { "kind": "parameter", "displayName": "Initial Delay", "group": "scheduler", "label": "consumer,scheduler", "required": false, "type": "integer", "javaType": "long", "deprecated": false, "autowired": false, "secret": false, "defaultValue": 1000, "description": "Milliseconds before the first poll starts." },
    "repeatCount": { "kind": "parameter", "displayName": "Repeat Count", "group": "scheduler", "label": "consumer,scheduler", "required": false, "type": "integer", "javaType": "long", "deprecated": false, "autowired": false, "secret": false, "defaultValue": 0, "description": "Specifies a maximum limit of number of fires. So if you set it to 1, the scheduler will only fire once. If you set it to 5, it will only fire five times. A value of zero or negative means fire forever." },
    "runLoggingLevel": { "kind": "parameter", "displayName": "Run Logging Level", "group": "scheduler", "label": "consumer,scheduler", "required": false, "type": "object", "javaType": "org.apache.camel.LoggingLevel", "enum": [ "TRACE", "DEBUG", "INFO", "WARN", "ERROR", "OFF" ], "deprecated": false, "autowired": false, "secret": false, "defaultValue": "TRACE", "description": "The consumer logs a start\/complete log line when it polls. This option allows you to configure the logging level for that." },
    "scheduledExecutorService": { "kind": "parameter", "displayName": "Scheduled Executor Service", "group": "scheduler", "label": "consumer,scheduler", "required": false, "type": "object", "javaType": "java.util.concurrent.ScheduledExecutorService", "deprecated": false, "autowired": false, "secret": false, "description": "Allows for configuring a custom\/shared thread pool to use for the consumer. By default each consumer has its own single threaded thread pool." },
    "scheduler": { "kind": "parameter", "displayName": "Scheduler", "group": "scheduler", "label": "consumer,scheduler", "required": false, "type": "object", "javaType": "java.lang.Object", "deprecated": false, "autowired": false, "secret": false, "defaultValue": "none", "description": "To use a cron scheduler from either camel-spring or camel-quartz component. Use value spring or quartz for built in scheduler" },
    "schedulerProperties": { "kind": "parameter", "displayName": "Scheduler Properties", "group": "scheduler", "label": "consumer,scheduler", "required": false, "type": "object", "javaType": "java.util.Map<java.lang.String, java.lang.Object>", "prefix": "scheduler.", "multiValue": true, "deprecated": false, "autowired": false, "secret": false, "description": "To configure additional properties when using a custom scheduler or any of the Quartz, Spring based scheduler." },
    "startScheduler": { "kind": "parameter", "displayName": "Start Scheduler", "group": "scheduler", "label": "consumer,scheduler", "required": false, "type": "boolean", "javaType": "boolean", "deprecated": false, "autowired": false, "secret": false, "defaultValue": true, "description": "Whether the scheduler should be auto started." },
    "timeUnit": { "kind": "parameter", "displayName": "Time Unit", "group": "scheduler", "label": "consumer,scheduler", "required": false, "type": "object", "javaType": "java.util.concurrent.TimeUnit", "enum": [ "NANOSECONDS", "MICROSECONDS", "MILLISECONDS", "SECONDS", "MINUTES", "HOURS", "DAYS" ], "deprecated": false, "autowired": false, "secret": false, "defaultValue": "MILLISECONDS", "description": "Time unit for initialDelay and delay options." },
    "useFixedDelay": { "kind": "parameter", "displayName": "Use Fixed Delay", "group": "scheduler", "label": "consumer,scheduler", "required": false, "type": "boolean", "javaType": "boolean", "deprecated": false, "autowired": false, "secret": false, "defaultValue": true, "description": "Controls if fixed delay or fixed rate is used. See ScheduledExecutorService in JDK for details." },
    "certResource": { "kind": "parameter", "displayName": "Cert Resource", "group": "security", "label": "security", "required": false, "type": "string", "javaType": "java.lang.String", "deprecated": false, "autowired": false, "secret": false, "configurationClass": "org.apache.camel.component.ssh.SshConfiguration", "configurationField": "configuration", "description": "Sets the resource path of the certificate to use for Authentication. Will use ResourceHelperKeyPairProvider to resolve file based certificate, and depends on keyType setting." },
    "certResourcePassword": { "kind": "parameter", "displayName": "Cert Resource Password", "group": "security", "label": "security", "required": false, "type": "string", "javaType": "java.lang.String", "deprecated": false, "autowired": false, "secret": true, "configurationClass": "org.apache.camel.component.ssh.SshConfiguration", "configurationField": "configuration", "description": "Sets the password to use in loading certResource, if certResource is an encrypted key." },
    "keyPairProvider": { "kind": "parameter", "displayName": "Key Pair Provider", "group": "security", "label": "security", "required": false, "type": "object", "javaType": "org.apache.sshd.common.keyprovider.KeyPairProvider", "deprecated": false, "autowired": false, "secret": false, "configurationClass": "org.apache.camel.component.ssh.SshConfiguration", "configurationField": "configuration", "description": "Sets the KeyPairProvider reference to use when connecting using Certificates to the remote SSH Server." },
    "keyType": { "kind": "parameter", "displayName": "Key Type", "group": "security", "label": "security", "required": false, "type": "string", "javaType": "java.lang.String", "deprecated": false, "autowired": false, "secret": false, "configurationClass": "org.apache.camel.component.ssh.SshConfiguration", "configurationField": "configuration", "description": "Sets the key type to pass to the KeyPairProvider as part of authentication. KeyPairProvider.loadKey(...) will be passed this value. From Camel 3.0.0 \/ 2.25.0, by default Camel will select the first available KeyPair that is loaded. Prior to this, a KeyType of 'ssh-rsa' was enforced by default." },
    "password": { "kind": "parameter", "displayName": "Password", "group": "security", "label": "security", "required": false, "type": "string", "javaType": "java.lang.String", "deprecated": false, "autowired": false, "secret": true, "configurationClass": "org.apache.camel.component.ssh.SshConfiguration", "configurationField": "configuration", "description": "Sets the password to use in connecting to remote SSH server. Requires keyPairProvider to be set to null." },
    "username": { "kind": "parameter", "displayName": "Username", "group": "security", "label": "security", "required": false, "type": "string", "javaType": "java.lang.String", "deprecated": false, "autowired": false, "secret": true, "configurationClass": "org.apache.camel.component.ssh.SshConfiguration", "configurationField": "configuration", "description": "Sets the username to use in logging into the remote SSH server." }
  }
}
