{
  "component": {
    "kind": "component",
    "name": "stream",
    "title": "Stream",
    "description": "Read from system-in and write to system-out and system-err streams.",
    "deprecated": false,
    "firstVersion": "1.3.0",
    "label": "file,system",
    "javaType": "org.apache.camel.component.stream.StreamComponent",
    "supportLevel": "Stable",
    "groupId": "org.apache.camel",
    "artifactId": "camel-stream",
    "version": "3.21.0-SNAPSHOT",
    "scheme": "stream",
    "extendsScheme": "",
    "syntax": "stream:kind",
    "async": false,
    "api": false,
    "consumerOnly": false,
    "producerOnly": false,
    "lenientProperties": false
  },
  "componentProperties": {
    "bridgeErrorHandler": { "kind": "property", "displayName": "Bridge Error Handler", "group": "consumer", "label": "consumer", "required": false, "type": "boolean", "javaType": "boolean", "deprecated": false, "autowired": false, "secret": false, "defaultValue": false, "description": "Allows for bridging the consumer to the Camel routing Error Handler, which mean any exceptions occurred while the consumer is trying to pickup incoming messages, or the likes, will now be processed as a message and handled by the routing Error Handler. By default the consumer will use the org.apache.camel.spi.ExceptionHandler to deal with exceptions, that will be logged at WARN or ERROR level and ignored." },
    "lazyStartProducer": { "kind": "property", "displayName": "Lazy Start Producer", "group": "producer", "label": "producer", "required": false, "type": "boolean", "javaType": "boolean", "deprecated": false, "autowired": false, "secret": false, "defaultValue": false, "description": "Whether the producer should be started lazy (on the first message). By starting lazy you can use this to allow CamelContext and routes to startup in situations where a producer may otherwise fail during starting and cause the route to fail being started. By deferring this startup to be lazy then the startup failure can be handled during routing messages via Camel's routing error handlers. Beware that when the first message is processed then creating and starting the producer may take a little time and prolong the total processing time of the processing." },
    "autowiredEnabled": { "kind": "property", "displayName": "Autowired Enabled", "group": "advanced", "label": "advanced", "required": false, "type": "boolean", "javaType": "boolean", "deprecated": false, "autowired": false, "secret": false, "defaultValue": true, "description": "Whether autowiring is enabled. This is used for automatic autowiring options (the option must be marked as autowired) by looking up in the registry to find if there is a single instance of matching type, which then gets configured on the component. This can be used for automatic configuring JDBC data sources, JMS connection factories, AWS Clients, etc." }
  },
  "headers": {
    "CamelStreamIndex": { "kind": "header", "displayName": "", "group": "consumer", "label": "consumer", "required": false, "javaType": "long", "deprecated": false, "deprecationNote": "", "autowired": false, "secret": false, "description": "The index", "constantName": "org.apache.camel.component.stream.StreamConstants#STREAM_INDEX" },
    "CamelStreamComplete": { "kind": "header", "displayName": "", "group": "consumer", "label": "consumer", "required": false, "javaType": "boolean", "deprecated": false, "deprecationNote": "", "autowired": false, "secret": false, "description": "Is complete", "constantName": "org.apache.camel.component.stream.StreamConstants#STREAM_COMPLETE" }
  },
  "properties": {
    "kind": { "kind": "path", "displayName": "Kind", "group": "common", "label": "", "required": true, "type": "string", "javaType": "java.lang.String", "enum": [ "in", "out", "err", "header", "file", "http" ], "deprecated": false, "deprecationNote": "", "autowired": false, "secret": false, "description": "Kind of stream to use such as System.in, System.out, a file, or a http url." },
    "encoding": { "kind": "parameter", "displayName": "Encoding", "group": "common", "label": "", "required": false, "type": "string", "javaType": "java.lang.String", "deprecated": false, "autowired": false, "secret": false, "description": "You can configure the encoding (is a charset name) to use text-based streams (for example, message body is a String object). If not provided, Camel uses the JVM default Charset." },
    "fileName": { "kind": "parameter", "displayName": "File Name", "group": "common", "label": "", "required": false, "type": "string", "javaType": "java.lang.String", "deprecated": false, "autowired": false, "secret": false, "description": "When using the stream:file URI format, this option specifies the filename to stream to\/from." },
    "fileWatcher": { "kind": "parameter", "displayName": "File Watcher", "group": "consumer", "label": "consumer", "required": false, "type": "boolean", "javaType": "boolean", "deprecated": false, "autowired": false, "secret": false, "defaultValue": false, "description": "To use JVM file watcher to listen for file change events to support re-loading files that may be overwritten, somewhat like tail --retry" },
    "groupLines": { "kind": "parameter", "displayName": "Group Lines", "group": "consumer", "label": "consumer", "required": false, "type": "integer", "javaType": "int", "deprecated": false, "autowired": false, "secret": false, "description": "To group X number of lines in the consumer. For example to group 10 lines and therefore only spit out an Exchange with 10 lines, instead of 1 Exchange per line." },
    "groupStrategy": { "kind": "parameter", "displayName": "Group Strategy", "group": "consumer", "label": "consumer", "required": false, "type": "object", "javaType": "org.apache.camel.component.stream.GroupStrategy", "deprecated": false, "autowired": false, "secret": false, "description": "Allows to use a custom GroupStrategy to control how to group lines." },
    "httpHeaders": { "kind": "parameter", "displayName": "Http Headers", "group": "consumer", "label": "consumer", "required": false, "type": "string", "javaType": "java.lang.String", "deprecated": false, "autowired": false, "secret": false, "description": "When using stream:http format, this option specifies optional http headers, such as Accept: application\/json. Multiple headers can be separated by comma." },
    "httpUrl": { "kind": "parameter", "displayName": "Http Url", "group": "consumer", "label": "consumer", "required": false, "type": "string", "javaType": "java.lang.String", "deprecated": false, "autowired": false, "secret": false, "description": "When using stream:http format, this option specifies the http url to stream from." },
    "initialPromptDelay": { "kind": "parameter", "displayName": "Initial Prompt Delay", "group": "consumer", "label": "consumer", "required": false, "type": "integer", "javaType": "long", "deprecated": false, "autowired": false, "secret": false, "defaultValue": 2000, "description": "Initial delay in milliseconds before showing the message prompt. This delay occurs only once. Can be used during system startup to avoid message prompts being written while other logging is done to the system out." },
    "promptDelay": { "kind": "parameter", "displayName": "Prompt Delay", "group": "consumer", "label": "consumer", "required": false, "type": "integer", "javaType": "long", "deprecated": false, "autowired": false, "secret": false, "description": "Optional delay in milliseconds before showing the message prompt." },
    "promptMessage": { "kind": "parameter", "displayName": "Prompt Message", "group": "consumer", "label": "consumer", "required": false, "type": "string", "javaType": "java.lang.String", "deprecated": false, "autowired": false, "secret": false, "description": "Message prompt to use when reading from stream:in; for example, you could set this to Enter a command:" },
    "readLine": { "kind": "parameter", "displayName": "Read Line", "group": "consumer", "label": "consumer", "required": false, "type": "boolean", "javaType": "boolean", "deprecated": false, "autowired": false, "secret": false, "defaultValue": true, "description": "Whether to read the input stream in line mode (terminate by line breaks). Setting this to false, will instead read the entire stream until EOL." },
    "retry": { "kind": "parameter", "displayName": "Retry", "group": "consumer", "label": "consumer", "required": false, "type": "boolean", "javaType": "boolean", "deprecated": false, "autowired": false, "secret": false, "defaultValue": false, "description": "Will retry opening the stream if it's overwritten, somewhat like tail --retry If reading from files then you should also enable the fileWatcher option, to make it work reliable." },
    "scanStream": { "kind": "parameter", "displayName": "Scan Stream", "group": "consumer", "label": "consumer", "required": false, "type": "boolean", "javaType": "boolean", "deprecated": false, "autowired": false, "secret": false, "defaultValue": false, "description": "To be used for continuously reading a stream such as the unix tail command." },
    "scanStreamDelay": { "kind": "parameter", "displayName": "Scan Stream Delay", "group": "consumer", "label": "consumer", "required": false, "type": "integer", "javaType": "long", "deprecated": false, "autowired": false, "secret": false, "description": "Delay in milliseconds between read attempts when using scanStream." },
    "bridgeErrorHandler": { "kind": "parameter", "displayName": "Bridge Error Handler", "group": "consumer (advanced)", "label": "consumer,advanced", "required": false, "type": "boolean", "javaType": "boolean", "deprecated": false, "autowired": false, "secret": false, "defaultValue": false, "description": "Allows for bridging the consumer to the Camel routing Error Handler, which mean any exceptions occurred while the consumer is trying to pickup incoming messages, or the likes, will now be processed as a message and handled by the routing Error Handler. By default the consumer will use the org.apache.camel.spi.ExceptionHandler to deal with exceptions, that will be logged at WARN or ERROR level and ignored." },
    "exceptionHandler": { "kind": "parameter", "displayName": "Exception Handler", "group": "consumer (advanced)", "label": "consumer,advanced", "required": false, "type": "object", "javaType": "org.apache.camel.spi.ExceptionHandler", "optionalPrefix": "consumer.", "deprecated": false, "autowired": false, "secret": false, "description": "To let the consumer use a custom ExceptionHandler. Notice if the option bridgeErrorHandler is enabled then this option is not in use. By default the consumer will deal with exceptions, that will be logged at WARN or ERROR level and ignored." },
    "exchangePattern": { "kind": "parameter", "displayName": "Exchange Pattern", "group": "consumer (advanced)", "label": "consumer,advanced", "required": false, "type": "object", "javaType": "org.apache.camel.ExchangePattern", "enum": [ "InOnly", "InOut", "InOptionalOut" ], "deprecated": false, "autowired": false, "secret": false, "description": "Sets the exchange pattern when the consumer creates an exchange." },
    "appendNewLine": { "kind": "parameter", "displayName": "Append New Line", "group": "producer", "label": "producer", "required": false, "type": "boolean", "javaType": "boolean", "deprecated": false, "autowired": false, "secret": false, "defaultValue": true, "description": "Whether to append a new line character at end of output." },
    "autoCloseCount": { "kind": "parameter", "displayName": "Auto Close Count", "group": "producer", "label": "producer", "required": false, "type": "integer", "javaType": "int", "deprecated": false, "autowired": false, "secret": false, "description": "Number of messages to process before closing stream on Producer side. Never close stream by default (only when Producer is stopped). If more messages are sent, the stream is reopened for another autoCloseCount batch." },
    "closeOnDone": { "kind": "parameter", "displayName": "Close On Done", "group": "producer", "label": "producer", "required": false, "type": "boolean", "javaType": "boolean", "deprecated": false, "autowired": false, "secret": false, "defaultValue": false, "description": "This option is used in combination with Splitter and streaming to the same file. The idea is to keep the stream open and only close when the Splitter is done, to improve performance. Mind this requires that you only stream to the same file, and not 2 or more files." },
    "delay": { "kind": "parameter", "displayName": "Delay", "group": "producer", "label": "producer", "required": false, "type": "integer", "javaType": "long", "deprecated": false, "autowired": false, "secret": false, "description": "Initial delay in milliseconds before producing the stream." },
    "lazyStartProducer": { "kind": "parameter", "displayName": "Lazy Start Producer", "group": "producer (advanced)", "label": "producer,advanced", "required": false, "type": "boolean", "javaType": "boolean", "deprecated": false, "autowired": false, "secret": false, "defaultValue": false, "description": "Whether the producer should be started lazy (on the first message). By starting lazy you can use this to allow CamelContext and routes to startup in situations where a producer may otherwise fail during starting and cause the route to fail being started. By deferring this startup to be lazy then the startup failure can be handled during routing messages via Camel's routing error handlers. Beware that when the first message is processed then creating and starting the producer may take a little time and prolong the total processing time of the processing." },
    "readTimeout": { "kind": "parameter", "displayName": "Read Timeout", "group": "advanced", "label": "advanced", "required": false, "type": "integer", "javaType": "int", "deprecated": false, "autowired": false, "secret": false, "description": "Sets the read timeout to a specified timeout, in milliseconds. A non-zero value specifies the timeout when reading from Input stream when a connection is established to a resource. If the timeout expires before there is data available for read, a java.net.SocketTimeoutException is raised. A timeout of zero is interpreted as an infinite timeout." }
  }
}
