{
  "component": {
    "kind": "component",
    "name": "tika",
    "title": "Tika",
    "description": "Parse documents and extract metadata and text using Apache Tika.",
    "deprecated": false,
    "firstVersion": "2.19.0",
    "label": "document,transformation",
    "javaType": "org.apache.camel.component.tika.TikaComponent",
    "supportLevel": "Stable",
    "groupId": "org.apache.camel",
    "artifactId": "camel-tika",
    "version": "3.21.0-SNAPSHOT",
    "scheme": "tika",
    "extendsScheme": "",
    "syntax": "tika:operation",
    "async": false,
    "api": false,
    "consumerOnly": false,
    "producerOnly": true,
    "lenientProperties": false
  },
  "componentProperties": {
    "lazyStartProducer": { "kind": "property", "displayName": "Lazy Start Producer", "group": "producer", "label": "producer", "required": false, "type": "boolean", "javaType": "boolean", "deprecated": false, "autowired": false, "secret": false, "defaultValue": false, "description": "Whether the producer should be started lazy (on the first message). By starting lazy you can use this to allow CamelContext and routes to startup in situations where a producer may otherwise fail during starting and cause the route to fail being started. By deferring this startup to be lazy then the startup failure can be handled during routing messages via Camel's routing error handlers. Beware that when the first message is processed then creating and starting the producer may take a little time and prolong the total processing time of the processing." },
    "autowiredEnabled": { "kind": "property", "displayName": "Autowired Enabled", "group": "advanced", "label": "advanced", "required": false, "type": "boolean", "javaType": "boolean", "deprecated": false, "autowired": false, "secret": false, "defaultValue": true, "description": "Whether autowiring is enabled. This is used for automatic autowiring options (the option must be marked as autowired) by looking up in the registry to find if there is a single instance of matching type, which then gets configured on the component. This can be used for automatic configuring JDBC data sources, JMS connection factories, AWS Clients, etc." }
  },
  "properties": {
    "operation": { "kind": "path", "displayName": "Operation", "group": "producer", "label": "", "required": true, "type": "object", "javaType": "org.apache.camel.component.tika.TikaOperation", "enum": [ "parse", "detect" ], "deprecated": false, "deprecationNote": "", "autowired": false, "secret": false, "configurationClass": "org.apache.camel.component.tika.TikaConfiguration", "configurationField": "tikaConfiguration", "description": "Operation type" },
    "tikaParseOutputEncoding": { "kind": "parameter", "displayName": "Tika Parse Output Encoding", "group": "producer", "label": "", "required": false, "type": "string", "javaType": "java.lang.String", "deprecated": false, "autowired": false, "secret": false, "configurationClass": "org.apache.camel.component.tika.TikaConfiguration", "configurationField": "tikaConfiguration", "description": "Tika Parse Output Encoding" },
    "tikaParseOutputFormat": { "kind": "parameter", "displayName": "Tika Parse Output Format", "group": "producer", "label": "", "required": false, "type": "object", "javaType": "org.apache.camel.component.tika.TikaParseOutputFormat", "enum": [ "xml", "html", "text", "textMain" ], "deprecated": false, "autowired": false, "secret": false, "defaultValue": "xml", "configurationClass": "org.apache.camel.component.tika.TikaConfiguration", "configurationField": "tikaConfiguration", "description": "Tika Output Format. Supported output formats. xml: Returns Parsed Content as XML. html: Returns Parsed Content as HTML. text: Returns Parsed Content as Text. textMain: Uses the boilerpipe library to automatically extract the main content from a web page." },
    "lazyStartProducer": { "kind": "parameter", "displayName": "Lazy Start Producer", "group": "producer (advanced)", "label": "producer,advanced", "required": false, "type": "boolean", "javaType": "boolean", "deprecated": false, "autowired": false, "secret": false, "defaultValue": false, "description": "Whether the producer should be started lazy (on the first message). By starting lazy you can use this to allow CamelContext and routes to startup in situations where a producer may otherwise fail during starting and cause the route to fail being started. By deferring this startup to be lazy then the startup failure can be handled during routing messages via Camel's routing error handlers. Beware that when the first message is processed then creating and starting the producer may take a little time and prolong the total processing time of the processing." },
    "tikaConfig": { "kind": "parameter", "displayName": "Tika Config", "group": "advanced", "label": "advanced", "required": false, "type": "object", "javaType": "org.apache.tika.config.TikaConfig", "deprecated": false, "autowired": false, "secret": false, "configurationClass": "org.apache.camel.component.tika.TikaConfiguration", "configurationField": "tikaConfiguration", "description": "Tika Config" },
    "tikaConfigUri": { "kind": "parameter", "displayName": "Tika Config Uri", "group": "advanced", "label": "advanced", "required": false, "type": "string", "javaType": "java.lang.String", "deprecated": false, "autowired": false, "secret": false, "configurationClass": "org.apache.camel.component.tika.TikaConfiguration", "configurationField": "tikaConfiguration", "description": "Tika Config Url" }
  }
}
