{
  "component": {
    "kind": "component",
    "name": "twitter-search",
    "title": "Twitter Search",
    "description": "Access Twitter Search.",
    "deprecated": false,
    "firstVersion": "2.10.0",
    "label": "cloud,api,search,social",
    "javaType": "org.apache.camel.component.twitter.search.TwitterSearchComponent",
    "supportLevel": "Stable",
    "groupId": "org.apache.camel",
    "artifactId": "camel-twitter",
    "version": "3.21.0-SNAPSHOT",
    "scheme": "twitter-search",
    "extendsScheme": "",
    "syntax": "twitter-search:keywords",
    "async": false,
    "api": false,
    "consumerOnly": false,
    "producerOnly": false,
    "lenientProperties": false,
    "verifiers": "parameters,connectivity"
  },
  "componentProperties": {
    "bridgeErrorHandler": { "kind": "property", "displayName": "Bridge Error Handler", "group": "consumer", "label": "consumer", "required": false, "type": "boolean", "javaType": "boolean", "deprecated": false, "autowired": false, "secret": false, "defaultValue": false, "description": "Allows for bridging the consumer to the Camel routing Error Handler, which mean any exceptions occurred while the consumer is trying to pickup incoming messages, or the likes, will now be processed as a message and handled by the routing Error Handler. By default the consumer will use the org.apache.camel.spi.ExceptionHandler to deal with exceptions, that will be logged at WARN or ERROR level and ignored." },
    "lazyStartProducer": { "kind": "property", "displayName": "Lazy Start Producer", "group": "producer", "label": "producer", "required": false, "type": "boolean", "javaType": "boolean", "deprecated": false, "autowired": false, "secret": false, "defaultValue": false, "description": "Whether the producer should be started lazy (on the first message). By starting lazy you can use this to allow CamelContext and routes to startup in situations where a producer may otherwise fail during starting and cause the route to fail being started. By deferring this startup to be lazy then the startup failure can be handled during routing messages via Camel's routing error handlers. Beware that when the first message is processed then creating and starting the producer may take a little time and prolong the total processing time of the processing." },
    "autowiredEnabled": { "kind": "property", "displayName": "Autowired Enabled", "group": "advanced", "label": "advanced", "required": false, "type": "boolean", "javaType": "boolean", "deprecated": false, "autowired": false, "secret": false, "defaultValue": true, "description": "Whether autowiring is enabled. This is used for automatic autowiring options (the option must be marked as autowired) by looking up in the registry to find if there is a single instance of matching type, which then gets configured on the component. This can be used for automatic configuring JDBC data sources, JMS connection factories, AWS Clients, etc." },
    "httpProxyHost": { "kind": "property", "displayName": "Http Proxy Host", "group": "proxy", "label": "proxy", "required": false, "type": "string", "javaType": "java.lang.String", "deprecated": false, "autowired": false, "secret": false, "description": "The http proxy host which can be used for the camel-twitter." },
    "httpProxyPassword": { "kind": "property", "displayName": "Http Proxy Password", "group": "proxy", "label": "proxy", "required": false, "type": "string", "javaType": "java.lang.String", "deprecated": false, "autowired": false, "secret": false, "description": "The http proxy password which can be used for the camel-twitter." },
    "httpProxyPort": { "kind": "property", "displayName": "Http Proxy Port", "group": "proxy", "label": "proxy", "required": false, "type": "integer", "javaType": "int", "deprecated": false, "autowired": false, "secret": false, "description": "The http proxy port which can be used for the camel-twitter." },
    "httpProxyUser": { "kind": "property", "displayName": "Http Proxy User", "group": "proxy", "label": "proxy", "required": false, "type": "string", "javaType": "java.lang.String", "deprecated": false, "autowired": false, "secret": false, "description": "The http proxy user which can be used for the camel-twitter." },
    "accessToken": { "kind": "property", "displayName": "Access Token", "group": "security", "label": "security", "required": false, "type": "string", "javaType": "java.lang.String", "deprecated": false, "autowired": false, "secret": true, "description": "The access token" },
    "accessTokenSecret": { "kind": "property", "displayName": "Access Token Secret", "group": "security", "label": "security", "required": false, "type": "string", "javaType": "java.lang.String", "deprecated": false, "autowired": false, "secret": true, "description": "The access token secret" },
    "consumerKey": { "kind": "property", "displayName": "Consumer Key", "group": "security", "label": "security", "required": false, "type": "string", "javaType": "java.lang.String", "deprecated": false, "autowired": false, "secret": true, "description": "The consumer key" },
    "consumerSecret": { "kind": "property", "displayName": "Consumer Secret", "group": "security", "label": "security", "required": false, "type": "string", "javaType": "java.lang.String", "deprecated": false, "autowired": false, "secret": true, "description": "The consumer secret" }
  },
  "headers": {
    "CamelTwitterKeywords": { "kind": "header", "displayName": "", "group": "common", "label": "", "required": false, "javaType": "String", "deprecated": false, "deprecationNote": "", "autowired": false, "secret": false, "description": "The keywords to search", "constantName": "org.apache.camel.component.twitter.TwitterConstants#TWITTER_KEYWORDS" },
    "CamelTwitterSearchLanguage": { "kind": "header", "displayName": "", "group": "common", "label": "", "required": false, "javaType": "String", "deprecated": false, "deprecationNote": "", "autowired": false, "secret": false, "description": "The lang string ISO_639-1 which will be used for searching", "constantName": "org.apache.camel.component.twitter.TwitterConstants#TWITTER_SEARCH_LANGUAGE" },
    "CamelTwitterCount": { "kind": "header", "displayName": "", "group": "common", "label": "", "required": false, "javaType": "Integer", "deprecated": false, "deprecationNote": "", "autowired": false, "secret": false, "description": "Limiting number of results per page.", "constantName": "org.apache.camel.component.twitter.TwitterConstants#TWITTER_COUNT" },
    "CamelTwitterNumberOfPages": { "kind": "header", "displayName": "", "group": "common", "label": "", "required": false, "javaType": "Integer", "deprecated": false, "deprecationNote": "", "autowired": false, "secret": false, "description": "The number of pages result which you want camel-twitter to consume.", "constantName": "org.apache.camel.component.twitter.TwitterConstants#TWITTER_NUMBER_OF_PAGES" },
    "CamelTwitterSinceId": { "kind": "header", "displayName": "", "group": "common", "label": "", "required": false, "javaType": "Long", "deprecated": false, "deprecationNote": "", "autowired": false, "secret": false, "description": "The last tweet id which will be used for pulling the tweets. It is useful when the camel route is restarted after a long-running.", "constantName": "org.apache.camel.component.twitter.TwitterConstants#TWITTER_SINCEID" },
    "CamelTwitterMaxId": { "kind": "header", "displayName": "", "group": "common", "label": "", "required": false, "javaType": "Long", "deprecated": false, "deprecationNote": "", "autowired": false, "secret": false, "description": "If specified, returns tweets with status ids less than the given id.", "constantName": "org.apache.camel.component.twitter.TwitterConstants#TWITTER_MAXID" },
    "CamelTwitterEventType": { "kind": "header", "displayName": "", "group": "common", "label": "", "required": false, "javaType": "String", "deprecated": false, "deprecationNote": "", "autowired": false, "secret": false, "description": "The type of event. The supported values are the values of the enum org.apache.camel.component.twitter.consumer.TwitterEventType", "constantName": "org.apache.camel.component.twitter.TwitterConstants#TWITTER_EVENT_TYPE" }
  },
  "properties": {
    "keywords": { "kind": "path", "displayName": "Keywords", "group": "common", "label": "", "required": true, "type": "string", "javaType": "java.lang.String", "deprecated": false, "deprecationNote": "", "autowired": false, "secret": false, "description": "The search query, use the keywords AND, OR, - and () to narrow the search results." },
    "sendEmptyMessageWhenIdle": { "kind": "parameter", "displayName": "Send Empty Message When Idle", "group": "consumer", "label": "consumer", "required": false, "type": "boolean", "javaType": "boolean", "deprecated": false, "autowired": false, "secret": false, "defaultValue": false, "description": "If the polling consumer did not poll any files, you can enable this option to send an empty message (no body) instead." },
    "type": { "kind": "parameter", "displayName": "Type", "group": "consumer", "label": "consumer", "required": false, "type": "object", "javaType": "org.apache.camel.component.twitter.data.EndpointType", "enum": [ "polling", "direct" ], "deprecated": false, "autowired": false, "secret": false, "defaultValue": "polling", "configurationClass": "org.apache.camel.component.twitter.TwitterConfiguration", "configurationField": "properties", "description": "Endpoint type to use." },
    "bridgeErrorHandler": { "kind": "parameter", "displayName": "Bridge Error Handler", "group": "consumer (advanced)", "label": "consumer,advanced", "required": false, "type": "boolean", "javaType": "boolean", "deprecated": false, "autowired": false, "secret": false, "defaultValue": false, "description": "Allows for bridging the consumer to the Camel routing Error Handler, which mean any exceptions occurred while the consumer is trying to pickup incoming messages, or the likes, will now be processed as a message and handled by the routing Error Handler. By default the consumer will use the org.apache.camel.spi.ExceptionHandler to deal with exceptions, that will be logged at WARN or ERROR level and ignored." },
    "distanceMetric": { "kind": "parameter", "displayName": "Distance Metric", "group": "consumer (advanced)", "label": "consumer,advanced", "required": false, "type": "string", "javaType": "java.lang.String", "enum": [ "km", "mi" ], "deprecated": false, "autowired": false, "secret": false, "defaultValue": "km", "configurationClass": "org.apache.camel.component.twitter.TwitterConfiguration", "configurationField": "properties", "description": "Used by the geography search, to search by radius using the configured metrics. The unit can either be mi for miles, or km for kilometers. You need to configure all the following options: longitude, latitude, radius, and distanceMetric." },
    "exceptionHandler": { "kind": "parameter", "displayName": "Exception Handler", "group": "consumer (advanced)", "label": "consumer,advanced", "required": false, "type": "object", "javaType": "org.apache.camel.spi.ExceptionHandler", "optionalPrefix": "consumer.", "deprecated": false, "autowired": false, "secret": false, "description": "To let the consumer use a custom ExceptionHandler. Notice if the option bridgeErrorHandler is enabled then this option is not in use. By default the consumer will deal with exceptions, that will be logged at WARN or ERROR level and ignored." },
    "exchangePattern": { "kind": "parameter", "displayName": "Exchange Pattern", "group": "consumer (advanced)", "label": "consumer,advanced", "required": false, "type": "object", "javaType": "org.apache.camel.ExchangePattern", "enum": [ "InOnly", "InOut", "InOptionalOut" ], "deprecated": false, "autowired": false, "secret": false, "description": "Sets the exchange pattern when the consumer creates an exchange." },
    "extendedMode": { "kind": "parameter", "displayName": "Extended Mode", "group": "consumer (advanced)", "label": "consumer,advanced", "required": false, "type": "boolean", "javaType": "boolean", "deprecated": false, "autowired": false, "secret": false, "defaultValue": true, "configurationClass": "org.apache.camel.component.twitter.TwitterConfiguration", "configurationField": "properties", "description": "Used for enabling full text from twitter (eg receive tweets that contains more than 140 characters)." },
    "latitude": { "kind": "parameter", "displayName": "Latitude", "group": "consumer (advanced)", "label": "consumer,advanced", "required": false, "type": "number", "javaType": "java.lang.Double", "deprecated": false, "autowired": false, "secret": false, "configurationClass": "org.apache.camel.component.twitter.TwitterConfiguration", "configurationField": "properties", "description": "Used by the geography search to search by latitude. You need to configure all the following options: longitude, latitude, radius, and distanceMetric." },
    "locations": { "kind": "parameter", "displayName": "Locations", "group": "consumer (advanced)", "label": "consumer,advanced", "required": false, "type": "string", "javaType": "java.lang.String", "deprecated": false, "autowired": false, "secret": false, "configurationClass": "org.apache.camel.component.twitter.TwitterConfiguration", "configurationField": "properties", "description": "Bounding boxes, created by pairs of lat\/lons. Can be used for filter. A pair is defined as lat,lon. And multiple pairs can be separated by semicolon." },
    "longitude": { "kind": "parameter", "displayName": "Longitude", "group": "consumer (advanced)", "label": "consumer,advanced", "required": false, "type": "number", "javaType": "java.lang.Double", "deprecated": false, "autowired": false, "secret": false, "configurationClass": "org.apache.camel.component.twitter.TwitterConfiguration", "configurationField": "properties", "description": "Used by the geography search to search by longitude. You need to configure all the following options: longitude, latitude, radius, and distanceMetric." },
    "pollStrategy": { "kind": "parameter", "displayName": "Poll Strategy", "group": "consumer (advanced)", "label": "consumer,advanced", "required": false, "type": "object", "javaType": "org.apache.camel.spi.PollingConsumerPollStrategy", "deprecated": false, "autowired": false, "secret": false, "description": "A pluggable org.apache.camel.PollingConsumerPollingStrategy allowing you to provide your custom implementation to control error handling usually occurred during the poll operation before an Exchange have been created and being routed in Camel." },
    "radius": { "kind": "parameter", "displayName": "Radius", "group": "consumer (advanced)", "label": "consumer,advanced", "required": false, "type": "number", "javaType": "java.lang.Double", "deprecated": false, "autowired": false, "secret": false, "configurationClass": "org.apache.camel.component.twitter.TwitterConfiguration", "configurationField": "properties", "description": "Used by the geography search to search by radius. You need to configure all the following options: longitude, latitude, radius, and distanceMetric." },
    "lazyStartProducer": { "kind": "parameter", "displayName": "Lazy Start Producer", "group": "producer (advanced)", "label": "producer,advanced", "required": false, "type": "boolean", "javaType": "boolean", "deprecated": false, "autowired": false, "secret": false, "defaultValue": false, "description": "Whether the producer should be started lazy (on the first message). By starting lazy you can use this to allow CamelContext and routes to startup in situations where a producer may otherwise fail during starting and cause the route to fail being started. By deferring this startup to be lazy then the startup failure can be handled during routing messages via Camel's routing error handlers. Beware that when the first message is processed then creating and starting the producer may take a little time and prolong the total processing time of the processing." },
    "count": { "kind": "parameter", "displayName": "Count", "group": "filter", "label": "consumer,filter", "required": false, "type": "integer", "javaType": "java.lang.Integer", "deprecated": false, "autowired": false, "secret": false, "defaultValue": "5", "configurationClass": "org.apache.camel.component.twitter.TwitterConfiguration", "configurationField": "properties", "description": "Limiting number of results per page." },
    "filterOld": { "kind": "parameter", "displayName": "Filter Old", "group": "filter", "label": "consumer,filter", "required": false, "type": "boolean", "javaType": "boolean", "deprecated": false, "autowired": false, "secret": false, "defaultValue": true, "configurationClass": "org.apache.camel.component.twitter.TwitterConfiguration", "configurationField": "properties", "description": "Filter out old tweets, that has previously been polled. This state is stored in memory only, and based on last tweet id." },
    "lang": { "kind": "parameter", "displayName": "Lang", "group": "filter", "label": "consumer,filter", "required": false, "type": "string", "javaType": "java.lang.String", "deprecated": false, "autowired": false, "secret": false, "configurationClass": "org.apache.camel.component.twitter.TwitterConfiguration", "configurationField": "properties", "description": "The lang string ISO_639-1 which will be used for searching" },
    "numberOfPages": { "kind": "parameter", "displayName": "Number Of Pages", "group": "filter", "label": "consumer,filter", "required": false, "type": "integer", "javaType": "java.lang.Integer", "deprecated": false, "autowired": false, "secret": false, "defaultValue": "1", "configurationClass": "org.apache.camel.component.twitter.TwitterConfiguration", "configurationField": "properties", "description": "The number of pages result which you want camel-twitter to consume." },
    "sinceId": { "kind": "parameter", "displayName": "Since Id", "group": "filter", "label": "consumer,filter", "required": false, "type": "integer", "javaType": "long", "deprecated": false, "autowired": false, "secret": false, "defaultValue": 1, "configurationClass": "org.apache.camel.component.twitter.TwitterConfiguration", "configurationField": "properties", "description": "The last tweet id which will be used for pulling the tweets. It is useful when the camel route is restarted after a long running." },
    "userIds": { "kind": "parameter", "displayName": "User Ids", "group": "filter", "label": "consumer,filter", "required": false, "type": "string", "javaType": "java.lang.String", "deprecated": false, "autowired": false, "secret": false, "configurationClass": "org.apache.camel.component.twitter.TwitterConfiguration", "configurationField": "properties", "description": "To filter by user ids for filter. Multiple values can be separated by comma." },
    "httpProxyHost": { "kind": "parameter", "displayName": "Http Proxy Host", "group": "proxy", "label": "proxy", "required": false, "type": "string", "javaType": "java.lang.String", "deprecated": false, "autowired": false, "secret": false, "configurationClass": "org.apache.camel.component.twitter.TwitterConfiguration", "configurationField": "properties", "description": "The http proxy host which can be used for the camel-twitter. Can also be configured on the TwitterComponent level instead." },
    "httpProxyPassword": { "kind": "parameter", "displayName": "Http Proxy Password", "group": "proxy", "label": "proxy", "required": false, "type": "string", "javaType": "java.lang.String", "deprecated": false, "autowired": false, "secret": false, "configurationClass": "org.apache.camel.component.twitter.TwitterConfiguration", "configurationField": "properties", "description": "The http proxy password which can be used for the camel-twitter. Can also be configured on the TwitterComponent level instead." },
    "httpProxyPort": { "kind": "parameter", "displayName": "Http Proxy Port", "group": "proxy", "label": "proxy", "required": false, "type": "integer", "javaType": "java.lang.Integer", "deprecated": false, "autowired": false, "secret": false, "configurationClass": "org.apache.camel.component.twitter.TwitterConfiguration", "configurationField": "properties", "description": "The http proxy port which can be used for the camel-twitter. Can also be configured on the TwitterComponent level instead." },
    "httpProxyUser": { "kind": "parameter", "displayName": "Http Proxy User", "group": "proxy", "label": "proxy", "required": false, "type": "string", "javaType": "java.lang.String", "deprecated": false, "autowired": false, "secret": false, "configurationClass": "org.apache.camel.component.twitter.TwitterConfiguration", "configurationField": "properties", "description": "The http proxy user which can be used for the camel-twitter. Can also be configured on the TwitterComponent level instead." },
    "backoffErrorThreshold": { "kind": "parameter", "displayName": "Backoff Error Threshold", "group": "scheduler", "label": "consumer,scheduler", "required": false, "type": "integer", "javaType": "int", "deprecated": false, "autowired": false, "secret": false, "description": "The number of subsequent error polls (failed due some error) that should happen before the backoffMultipler should kick-in." },
    "backoffIdleThreshold": { "kind": "parameter", "displayName": "Backoff Idle Threshold", "group": "scheduler", "label": "consumer,scheduler", "required": false, "type": "integer", "javaType": "int", "deprecated": false, "autowired": false, "secret": false, "description": "The number of subsequent idle polls that should happen before the backoffMultipler should kick-in." },
    "backoffMultiplier": { "kind": "parameter", "displayName": "Backoff Multiplier", "group": "scheduler", "label": "consumer,scheduler", "required": false, "type": "integer", "javaType": "int", "deprecated": false, "autowired": false, "secret": false, "description": "To let the scheduled polling consumer backoff if there has been a number of subsequent idles\/errors in a row. The multiplier is then the number of polls that will be skipped before the next actual attempt is happening again. When this option is in use then backoffIdleThreshold and\/or backoffErrorThreshold must also be configured." },
    "delay": { "kind": "parameter", "displayName": "Delay", "group": "scheduler", "label": "consumer,scheduler", "required": false, "type": "duration", "javaType": "long", "deprecated": false, "autowired": false, "secret": false, "defaultValue": "30000", "description": "Milliseconds before the next poll." },
    "greedy": { "kind": "parameter", "displayName": "Greedy", "group": "scheduler", "label": "consumer,scheduler", "required": false, "type": "boolean", "javaType": "boolean", "deprecated": false, "autowired": false, "secret": false, "defaultValue": false, "description": "If greedy is enabled, then the ScheduledPollConsumer will run immediately again, if the previous run polled 1 or more messages." },
    "initialDelay": { "kind": "parameter", "displayName": "Initial Delay", "group": "scheduler", "label": "consumer,scheduler", "required": false, "type": "integer", "javaType": "long", "deprecated": false, "autowired": false, "secret": false, "defaultValue": 1000, "description": "Milliseconds before the first poll starts." },
    "repeatCount": { "kind": "parameter", "displayName": "Repeat Count", "group": "scheduler", "label": "consumer,scheduler", "required": false, "type": "integer", "javaType": "long", "deprecated": false, "autowired": false, "secret": false, "defaultValue": 0, "description": "Specifies a maximum limit of number of fires. So if you set it to 1, the scheduler will only fire once. If you set it to 5, it will only fire five times. A value of zero or negative means fire forever." },
    "runLoggingLevel": { "kind": "parameter", "displayName": "Run Logging Level", "group": "scheduler", "label": "consumer,scheduler", "required": false, "type": "object", "javaType": "org.apache.camel.LoggingLevel", "enum": [ "TRACE", "DEBUG", "INFO", "WARN", "ERROR", "OFF" ], "deprecated": false, "autowired": false, "secret": false, "defaultValue": "TRACE", "description": "The consumer logs a start\/complete log line when it polls. This option allows you to configure the logging level for that." },
    "scheduledExecutorService": { "kind": "parameter", "displayName": "Scheduled Executor Service", "group": "scheduler", "label": "consumer,scheduler", "required": false, "type": "object", "javaType": "java.util.concurrent.ScheduledExecutorService", "deprecated": false, "autowired": false, "secret": false, "description": "Allows for configuring a custom\/shared thread pool to use for the consumer. By default each consumer has its own single threaded thread pool." },
    "scheduler": { "kind": "parameter", "displayName": "Scheduler", "group": "scheduler", "label": "consumer,scheduler", "required": false, "type": "object", "javaType": "java.lang.Object", "deprecated": false, "autowired": false, "secret": false, "defaultValue": "none", "description": "To use a cron scheduler from either camel-spring or camel-quartz component. Use value spring or quartz for built in scheduler" },
    "schedulerProperties": { "kind": "parameter", "displayName": "Scheduler Properties", "group": "scheduler", "label": "consumer,scheduler", "required": false, "type": "object", "javaType": "java.util.Map<java.lang.String, java.lang.Object>", "prefix": "scheduler.", "multiValue": true, "deprecated": false, "autowired": false, "secret": false, "description": "To configure additional properties when using a custom scheduler or any of the Quartz, Spring based scheduler." },
    "startScheduler": { "kind": "parameter", "displayName": "Start Scheduler", "group": "scheduler", "label": "consumer,scheduler", "required": false, "type": "boolean", "javaType": "boolean", "deprecated": false, "autowired": false, "secret": false, "defaultValue": true, "description": "Whether the scheduler should be auto started." },
    "timeUnit": { "kind": "parameter", "displayName": "Time Unit", "group": "scheduler", "label": "consumer,scheduler", "required": false, "type": "object", "javaType": "java.util.concurrent.TimeUnit", "enum": [ "NANOSECONDS", "MICROSECONDS", "MILLISECONDS", "SECONDS", "MINUTES", "HOURS", "DAYS" ], "deprecated": false, "autowired": false, "secret": false, "defaultValue": "MILLISECONDS", "description": "Time unit for initialDelay and delay options." },
    "useFixedDelay": { "kind": "parameter", "displayName": "Use Fixed Delay", "group": "scheduler", "label": "consumer,scheduler", "required": false, "type": "boolean", "javaType": "boolean", "deprecated": false, "autowired": false, "secret": false, "defaultValue": true, "description": "Controls if fixed delay or fixed rate is used. See ScheduledExecutorService in JDK for details." },
    "accessToken": { "kind": "parameter", "displayName": "Access Token", "group": "security", "label": "security", "required": false, "type": "string", "javaType": "java.lang.String", "deprecated": false, "autowired": false, "secret": true, "configurationClass": "org.apache.camel.component.twitter.TwitterConfiguration", "configurationField": "properties", "description": "The access token. Can also be configured on the TwitterComponent level instead." },
    "accessTokenSecret": { "kind": "parameter", "displayName": "Access Token Secret", "group": "security", "label": "security", "required": false, "type": "string", "javaType": "java.lang.String", "deprecated": false, "autowired": false, "secret": true, "configurationClass": "org.apache.camel.component.twitter.TwitterConfiguration", "configurationField": "properties", "description": "The access secret. Can also be configured on the TwitterComponent level instead." },
    "consumerKey": { "kind": "parameter", "displayName": "Consumer Key", "group": "security", "label": "security", "required": false, "type": "string", "javaType": "java.lang.String", "deprecated": false, "autowired": false, "secret": true, "configurationClass": "org.apache.camel.component.twitter.TwitterConfiguration", "configurationField": "properties", "description": "The consumer key. Can also be configured on the TwitterComponent level instead." },
    "consumerSecret": { "kind": "parameter", "displayName": "Consumer Secret", "group": "security", "label": "security", "required": false, "type": "string", "javaType": "java.lang.String", "deprecated": false, "autowired": false, "secret": true, "configurationClass": "org.apache.camel.component.twitter.TwitterConfiguration", "configurationField": "properties", "description": "The consumer secret. Can also be configured on the TwitterComponent level instead." },
    "sortById": { "kind": "parameter", "displayName": "Sort By Id", "group": "sort", "label": "consumer,sort", "required": false, "type": "boolean", "javaType": "boolean", "deprecated": false, "autowired": false, "secret": false, "defaultValue": true, "configurationClass": "org.apache.camel.component.twitter.TwitterConfiguration", "configurationField": "properties", "description": "Sorts by id, so the oldest are first, and newest last." }
  }
}
