{
  "component": {
    "kind": "component",
    "name": "vertx-websocket",
    "title": "Vert.x WebSocket",
    "description": "Expose WebSocket endpoints and connect to remote WebSocket servers using Vert.x",
    "deprecated": false,
    "firstVersion": "3.5.0",
    "label": "websocket",
    "javaType": "org.apache.camel.component.vertx.websocket.VertxWebsocketComponent",
    "supportLevel": "Stable",
    "groupId": "org.apache.camel",
    "artifactId": "camel-vertx-websocket",
    "version": "3.21.0-SNAPSHOT",
    "scheme": "vertx-websocket",
    "extendsScheme": "",
    "syntax": "vertx-websocket:host:port\/path",
    "async": false,
    "api": false,
    "consumerOnly": false,
    "producerOnly": false,
    "lenientProperties": true
  },
  "componentProperties": {
    "bridgeErrorHandler": { "kind": "property", "displayName": "Bridge Error Handler", "group": "consumer", "label": "consumer", "required": false, "type": "boolean", "javaType": "boolean", "deprecated": false, "autowired": false, "secret": false, "defaultValue": false, "description": "Allows for bridging the consumer to the Camel routing Error Handler, which mean any exceptions occurred while the consumer is trying to pickup incoming messages, or the likes, will now be processed as a message and handled by the routing Error Handler. By default the consumer will use the org.apache.camel.spi.ExceptionHandler to deal with exceptions, that will be logged at WARN or ERROR level and ignored." },
    "lazyStartProducer": { "kind": "property", "displayName": "Lazy Start Producer", "group": "producer", "label": "producer", "required": false, "type": "boolean", "javaType": "boolean", "deprecated": false, "autowired": false, "secret": false, "defaultValue": false, "description": "Whether the producer should be started lazy (on the first message). By starting lazy you can use this to allow CamelContext and routes to startup in situations where a producer may otherwise fail during starting and cause the route to fail being started. By deferring this startup to be lazy then the startup failure can be handled during routing messages via Camel's routing error handlers. Beware that when the first message is processed then creating and starting the producer may take a little time and prolong the total processing time of the processing." },
    "autowiredEnabled": { "kind": "property", "displayName": "Autowired Enabled", "group": "advanced", "label": "advanced", "required": false, "type": "boolean", "javaType": "boolean", "deprecated": false, "autowired": false, "secret": false, "defaultValue": true, "description": "Whether autowiring is enabled. This is used for automatic autowiring options (the option must be marked as autowired) by looking up in the registry to find if there is a single instance of matching type, which then gets configured on the component. This can be used for automatic configuring JDBC data sources, JMS connection factories, AWS Clients, etc." },
    "defaultHost": { "kind": "property", "displayName": "Default Host", "group": "advanced", "label": "advanced", "required": false, "type": "string", "javaType": "java.lang.String", "deprecated": false, "autowired": false, "secret": false, "defaultValue": "0.0.0.0", "description": "Default value for host name that the WebSocket should bind to" },
    "defaultPort": { "kind": "property", "displayName": "Default Port", "group": "advanced", "label": "advanced", "required": false, "type": "integer", "javaType": "int", "deprecated": false, "autowired": false, "secret": false, "defaultValue": 0, "description": "Default value for the port that the WebSocket should bind to" },
    "router": { "kind": "property", "displayName": "Router", "group": "advanced", "label": "advanced", "required": false, "type": "object", "javaType": "io.vertx.ext.web.Router", "deprecated": false, "autowired": false, "secret": false, "description": "To provide a custom vertx router to use on the WebSocket server" },
    "vertx": { "kind": "property", "displayName": "Vertx", "group": "advanced", "label": "advanced", "required": false, "type": "object", "javaType": "io.vertx.core.Vertx", "deprecated": false, "autowired": false, "secret": false, "description": "To use an existing vertx instead of creating a new instance" },
    "vertxOptions": { "kind": "property", "displayName": "Vertx Options", "group": "advanced", "label": "advanced", "required": false, "type": "object", "javaType": "io.vertx.core.VertxOptions", "deprecated": false, "autowired": false, "secret": false, "description": "To provide a custom set of vertx options for configuring vertx" },
    "useGlobalSslContextParameters": { "kind": "property", "displayName": "Use Global Ssl Context Parameters", "group": "security", "label": "security", "required": false, "type": "boolean", "javaType": "boolean", "deprecated": false, "autowired": false, "secret": false, "defaultValue": false, "description": "Enable usage of global SSL context parameters." }
  },
  "headers": {
    "CamelVertxWebsocket.connectionKey": { "kind": "header", "displayName": "", "group": "common", "label": "", "required": false, "javaType": "String", "deprecated": false, "deprecationNote": "", "autowired": false, "secret": false, "description": "Sends the message to the client with the given connection key. You can use a comma separated list of keys to send a message to multiple clients", "constantName": "org.apache.camel.component.vertx.websocket.VertxWebsocketConstants#CONNECTION_KEY" },
    "CamelVertxWebsocket.sendToAll": { "kind": "header", "displayName": "", "group": "producer", "label": "producer", "required": false, "javaType": "boolean", "deprecated": false, "deprecationNote": "", "autowired": false, "secret": false, "description": "Sends the message to all clients which are currently connected. You can use the sendToAll option on the endpoint instead of using this header.", "constantName": "org.apache.camel.component.vertx.websocket.VertxWebsocketConstants#SEND_TO_ALL" },
    "CamelVertxWebsocket.remoteAddress": { "kind": "header", "displayName": "", "group": "consumer", "label": "consumer", "required": false, "javaType": "io.vertx.core.net.SocketAddress", "deprecated": false, "deprecationNote": "", "autowired": false, "secret": false, "description": "The remote address.", "constantName": "org.apache.camel.component.vertx.websocket.VertxWebsocketConstants#REMOTE_ADDRESS" },
    "CamelVertxWebsocket.event": { "kind": "header", "displayName": "", "group": "consumer", "label": "consumer", "required": false, "javaType": "org.apache.camel.component.vertx.websocket.VertxWebsocketEvent", "enum": [ "CLOSE", "ERROR", "MESSAGE", "OPEN" ], "deprecated": false, "deprecationNote": "", "autowired": false, "secret": false, "description": "The WebSocket event that triggered the message exchange.", "constantName": "org.apache.camel.component.vertx.websocket.VertxWebsocketConstants#EVENT" }
  },
  "properties": {
    "host": { "kind": "path", "displayName": "Host", "group": "common", "label": "", "required": true, "type": "string", "javaType": "java.lang.String", "deprecated": false, "deprecationNote": "", "autowired": false, "secret": false, "configurationClass": "org.apache.camel.component.vertx.websocket.VertxWebsocketConfiguration", "configurationField": "configuration", "description": "WebSocket hostname, such as localhost or a remote host when in client mode." },
    "port": { "kind": "path", "displayName": "Port", "group": "common", "label": "", "required": true, "type": "integer", "javaType": "int", "deprecated": false, "deprecationNote": "", "autowired": false, "secret": false, "configurationClass": "org.apache.camel.component.vertx.websocket.VertxWebsocketConfiguration", "configurationField": "configuration", "description": "WebSocket port number to use." },
    "path": { "kind": "path", "displayName": "Path", "group": "common", "label": "", "required": false, "type": "string", "javaType": "java.lang.String", "deprecated": false, "autowired": false, "secret": false, "configurationClass": "org.apache.camel.component.vertx.websocket.VertxWebsocketConfiguration", "configurationField": "configuration", "description": "WebSocket path to use." },
    "allowedOriginPattern": { "kind": "parameter", "displayName": "Allowed Origin Pattern", "group": "consumer", "label": "consumer", "required": false, "type": "string", "javaType": "java.lang.String", "deprecated": false, "autowired": false, "secret": false, "configurationClass": "org.apache.camel.component.vertx.websocket.VertxWebsocketConfiguration", "configurationField": "configuration", "description": "Regex pattern to match the origin header sent by WebSocket clients" },
    "consumeAsClient": { "kind": "parameter", "displayName": "Consume As Client", "group": "consumer", "label": "consumer", "required": false, "type": "boolean", "javaType": "boolean", "deprecated": false, "autowired": false, "secret": false, "defaultValue": false, "configurationClass": "org.apache.camel.component.vertx.websocket.VertxWebsocketConfiguration", "configurationField": "configuration", "description": "When set to true, the consumer acts as a WebSocket client, creating exchanges on each received WebSocket event." },
    "fireWebSocketConnectionEvents": { "kind": "parameter", "displayName": "Fire Web Socket Connection Events", "group": "consumer", "label": "consumer", "required": false, "type": "boolean", "javaType": "boolean", "deprecated": false, "autowired": false, "secret": false, "defaultValue": false, "configurationClass": "org.apache.camel.component.vertx.websocket.VertxWebsocketConfiguration", "configurationField": "configuration", "description": "Whether the server consumer will create a message exchange when a new WebSocket peer connects or disconnects" },
    "maxReconnectAttempts": { "kind": "parameter", "displayName": "Max Reconnect Attempts", "group": "consumer", "label": "consumer", "required": false, "type": "integer", "javaType": "int", "deprecated": false, "autowired": false, "secret": false, "defaultValue": 0, "configurationClass": "org.apache.camel.component.vertx.websocket.VertxWebsocketConfiguration", "configurationField": "configuration", "description": "When consumeAsClient is set to true this sets the maximum number of allowed reconnection attempts to a previously closed WebSocket. A value of 0 (the default) will attempt to reconnect indefinitely." },
    "reconnectInitialDelay": { "kind": "parameter", "displayName": "Reconnect Initial Delay", "group": "consumer", "label": "consumer", "required": false, "type": "integer", "javaType": "int", "deprecated": false, "autowired": false, "secret": false, "defaultValue": 0, "configurationClass": "org.apache.camel.component.vertx.websocket.VertxWebsocketConfiguration", "configurationField": "configuration", "description": "When consumeAsClient is set to true this sets the initial delay in milliseconds before attempting to reconnect to a previously closed WebSocket." },
    "reconnectInterval": { "kind": "parameter", "displayName": "Reconnect Interval", "group": "consumer", "label": "consumer", "required": false, "type": "integer", "javaType": "int", "deprecated": false, "autowired": false, "secret": false, "defaultValue": 1000, "configurationClass": "org.apache.camel.component.vertx.websocket.VertxWebsocketConfiguration", "configurationField": "configuration", "description": "When consumeAsClient is set to true this sets the interval in milliseconds at which reconnecting to a previously closed WebSocket occurs." },
    "router": { "kind": "parameter", "displayName": "Router", "group": "consumer", "label": "consumer", "required": false, "type": "object", "javaType": "io.vertx.ext.web.Router", "deprecated": false, "autowired": false, "secret": false, "configurationClass": "org.apache.camel.component.vertx.websocket.VertxWebsocketConfiguration", "configurationField": "configuration", "description": "To use an existing vertx router for the HTTP server" },
    "serverOptions": { "kind": "parameter", "displayName": "Server Options", "group": "consumer", "label": "consumer", "required": false, "type": "object", "javaType": "io.vertx.core.http.HttpServerOptions", "deprecated": false, "autowired": false, "secret": false, "configurationClass": "org.apache.camel.component.vertx.websocket.VertxWebsocketConfiguration", "configurationField": "configuration", "description": "Sets customized options for configuring the HTTP server hosting the WebSocket for the consumer" },
    "bridgeErrorHandler": { "kind": "parameter", "displayName": "Bridge Error Handler", "group": "consumer (advanced)", "label": "consumer,advanced", "required": false, "type": "boolean", "javaType": "boolean", "deprecated": false, "autowired": false, "secret": false, "defaultValue": false, "description": "Allows for bridging the consumer to the Camel routing Error Handler, which mean any exceptions occurred while the consumer is trying to pickup incoming messages, or the likes, will now be processed as a message and handled by the routing Error Handler. By default the consumer will use the org.apache.camel.spi.ExceptionHandler to deal with exceptions, that will be logged at WARN or ERROR level and ignored." },
    "exceptionHandler": { "kind": "parameter", "displayName": "Exception Handler", "group": "consumer (advanced)", "label": "consumer,advanced", "required": false, "type": "object", "javaType": "org.apache.camel.spi.ExceptionHandler", "optionalPrefix": "consumer.", "deprecated": false, "autowired": false, "secret": false, "description": "To let the consumer use a custom ExceptionHandler. Notice if the option bridgeErrorHandler is enabled then this option is not in use. By default the consumer will deal with exceptions, that will be logged at WARN or ERROR level and ignored." },
    "exchangePattern": { "kind": "parameter", "displayName": "Exchange Pattern", "group": "consumer (advanced)", "label": "consumer,advanced", "required": false, "type": "object", "javaType": "org.apache.camel.ExchangePattern", "enum": [ "InOnly", "InOut", "InOptionalOut" ], "deprecated": false, "autowired": false, "secret": false, "description": "Sets the exchange pattern when the consumer creates an exchange." },
    "clientOptions": { "kind": "parameter", "displayName": "Client Options", "group": "producer", "label": "producer", "required": false, "type": "object", "javaType": "io.vertx.core.http.HttpClientOptions", "deprecated": false, "autowired": false, "secret": false, "configurationClass": "org.apache.camel.component.vertx.websocket.VertxWebsocketConfiguration", "configurationField": "configuration", "description": "Sets customized options for configuring the WebSocket client used in the producer" },
    "clientSubProtocols": { "kind": "parameter", "displayName": "Client Sub Protocols", "group": "producer", "label": "producer", "required": false, "type": "string", "javaType": "java.lang.String", "deprecated": false, "autowired": false, "secret": false, "configurationClass": "org.apache.camel.component.vertx.websocket.VertxWebsocketConfiguration", "configurationField": "configuration", "description": "Comma separated list of WebSocket subprotocols that the client should use for the Sec-WebSocket-Protocol header" },
    "sendToAll": { "kind": "parameter", "displayName": "Send To All", "group": "producer", "label": "producer", "required": false, "type": "boolean", "javaType": "boolean", "deprecated": false, "autowired": false, "secret": false, "defaultValue": false, "configurationClass": "org.apache.camel.component.vertx.websocket.VertxWebsocketConfiguration", "configurationField": "configuration", "description": "To send to all websocket subscribers. Can be used to configure at the endpoint level, instead of providing the VertxWebsocketConstants.SEND_TO_ALL header on the message. Note that when using this option, the host name specified for the vertx-websocket producer URI must match one used for an existing vertx-websocket consumer." },
    "lazyStartProducer": { "kind": "parameter", "displayName": "Lazy Start Producer", "group": "producer (advanced)", "label": "producer,advanced", "required": false, "type": "boolean", "javaType": "boolean", "deprecated": false, "autowired": false, "secret": false, "defaultValue": false, "description": "Whether the producer should be started lazy (on the first message). By starting lazy you can use this to allow CamelContext and routes to startup in situations where a producer may otherwise fail during starting and cause the route to fail being started. By deferring this startup to be lazy then the startup failure can be handled during routing messages via Camel's routing error handlers. Beware that when the first message is processed then creating and starting the producer may take a little time and prolong the total processing time of the processing." },
    "sslContextParameters": { "kind": "parameter", "displayName": "Ssl Context Parameters", "group": "security", "label": "security", "required": false, "type": "object", "javaType": "org.apache.camel.support.jsse.SSLContextParameters", "deprecated": false, "autowired": false, "secret": false, "configurationClass": "org.apache.camel.component.vertx.websocket.VertxWebsocketConfiguration", "configurationField": "configuration", "description": "To configure security using SSLContextParameters" }
  }
}
