{
  "component": {
    "kind": "component",
    "name": "as2",
    "title": "AS2",
    "description": "Transfer data securely and reliably using the AS2 protocol (RFC4130).",
    "deprecated": false,
    "deprecationNote": "",
    "firstVersion": "2.22.0",
    "label": "file",
    "javaType": "org.apache.camel.component.as2.AS2Component",
    "supportLevel": "Stable",
    "groupId": "org.apache.camel",
    "artifactId": "camel-as2",
    "version": "3.19.0-SNAPSHOT",
    "scheme": "as2",
    "extendsScheme": "",
    "syntax": "as2:apiName\/methodName",
    "async": false,
    "api": true,
    "apiSyntax": "apiName\/methodName",
    "consumerOnly": false,
    "producerOnly": false,
    "lenientProperties": false
  },
  "componentProperties": {
    "bridgeErrorHandler": { "kind": "property", "displayName": "Bridge Error Handler", "group": "consumer", "label": "consumer", "required": false, "type": "boolean", "javaType": "boolean", "deprecated": false, "autowired": false, "secret": false, "defaultValue": false, "description": "Allows for bridging the consumer to the Camel routing Error Handler, which mean any exceptions occurred while the consumer is trying to pickup incoming messages, or the likes, will now be processed as a message and handled by the routing Error Handler. By default the consumer will use the org.apache.camel.spi.ExceptionHandler to deal with exceptions, that will be logged at WARN or ERROR level and ignored." },
    "lazyStartProducer": { "kind": "property", "displayName": "Lazy Start Producer", "group": "producer", "label": "producer", "required": false, "type": "boolean", "javaType": "boolean", "deprecated": false, "autowired": false, "secret": false, "defaultValue": false, "description": "Whether the producer should be started lazy (on the first message). By starting lazy you can use this to allow CamelContext and routes to startup in situations where a producer may otherwise fail during starting and cause the route to fail being started. By deferring this startup to be lazy then the startup failure can be handled during routing messages via Camel's routing error handlers. Beware that when the first message is processed then creating and starting the producer may take a little time and prolong the total processing time of the processing." },
    "autowiredEnabled": { "kind": "property", "displayName": "Autowired Enabled", "group": "advanced", "label": "advanced", "required": false, "type": "boolean", "javaType": "boolean", "deprecated": false, "autowired": false, "secret": false, "defaultValue": true, "description": "Whether autowiring is enabled. This is used for automatic autowiring options (the option must be marked as autowired) by looking up in the registry to find if there is a single instance of matching type, which then gets configured on the component. This can be used for automatic configuring JDBC data sources, JMS connection factories, AWS Clients, etc." },
    "configuration": { "kind": "property", "displayName": "Configuration", "group": "advanced", "label": "advanced", "required": false, "type": "object", "javaType": "org.apache.camel.component.as2.AS2Configuration", "deprecated": false, "autowired": false, "secret": false, "description": "Component configuration" }
  },
  "properties": {
    "apiName": { "kind": "path", "displayName": "Api Name", "group": "common", "label": "", "required": true, "type": "object", "javaType": "org.apache.camel.component.as2.internal.AS2ApiName", "enum": [ "CLIENT", "SERVER" ], "deprecated": false, "deprecationNote": "", "autowired": false, "secret": false, "configurationClass": "org.apache.camel.component.as2.AS2Configuration", "configurationField": "configuration", "description": "What kind of operation to perform" },
    "methodName": { "kind": "path", "displayName": "Method Name", "group": "common", "label": "", "required": true, "type": "string", "javaType": "java.lang.String", "deprecated": false, "deprecationNote": "", "autowired": false, "secret": false, "configurationClass": "org.apache.camel.component.as2.AS2Configuration", "configurationField": "configuration", "description": "What sub operation to use for the selected operation" },
    "as2From": { "kind": "parameter", "displayName": "As2 From", "group": "common", "label": "", "required": false, "type": "string", "javaType": "java.lang.String", "deprecated": false, "autowired": false, "secret": false, "configurationClass": "org.apache.camel.component.as2.AS2Configuration", "configurationField": "configuration", "description": "The value of the AS2From header of AS2 message." },
    "as2MessageStructure": { "kind": "parameter", "displayName": "As2 Message Structure", "group": "common", "label": "", "required": false, "type": "object", "javaType": "org.apache.camel.component.as2.api.AS2MessageStructure", "enum": [ "PLAIN", "SIGNED", "ENCRYPTED", "SIGNED_ENCRYPTED", "PLAIN_COMPRESSED", "SIGNED_COMPRESSED", "ENCRYPTED_COMPRESSED", "ENCRYPTED_COMPRESSED_SIGNED" ], "deprecated": false, "autowired": false, "secret": false, "configurationClass": "org.apache.camel.component.as2.AS2Configuration", "configurationField": "configuration", "description": "The structure of AS2 Message. One of: PLAIN - No encryption, no signature, SIGNED - No encryption, signature, ENCRYPTED - Encryption, no signature, ENCRYPTED_SIGNED - Encryption, signature" },
    "as2To": { "kind": "parameter", "displayName": "As2 To", "group": "common", "label": "", "required": false, "type": "string", "javaType": "java.lang.String", "deprecated": false, "autowired": false, "secret": false, "configurationClass": "org.apache.camel.component.as2.AS2Configuration", "configurationField": "configuration", "description": "The value of the AS2To header of AS2 message." },
    "as2Version": { "kind": "parameter", "displayName": "As2 Version", "group": "common", "label": "", "required": false, "type": "string", "javaType": "java.lang.String", "enum": [ "1.0", "1.1" ], "deprecated": false, "autowired": false, "secret": false, "defaultValue": "1.1", "configurationClass": "org.apache.camel.component.as2.AS2Configuration", "configurationField": "configuration", "description": "The version of the AS2 protocol." },
    "attachedFileName": { "kind": "parameter", "displayName": "Attached File Name", "group": "common", "label": "", "required": false, "type": "string", "javaType": "java.lang.String", "deprecated": false, "autowired": false, "secret": false, "configurationClass": "org.apache.camel.component.as2.AS2Configuration", "configurationField": "configuration", "description": "The name of the attached file" },
    "clientFqdn": { "kind": "parameter", "displayName": "Client Fqdn", "group": "common", "label": "", "required": false, "type": "string", "javaType": "java.lang.String", "deprecated": false, "autowired": false, "secret": false, "defaultValue": "camel.apache.org", "configurationClass": "org.apache.camel.component.as2.AS2Configuration", "configurationField": "configuration", "description": "The Client Fully Qualified Domain Name (FQDN). Used in message ids sent by endpoint." },
    "compressionAlgorithm": { "kind": "parameter", "displayName": "Compression Algorithm", "group": "common", "label": "", "required": false, "type": "object", "javaType": "org.apache.camel.component.as2.api.AS2CompressionAlgorithm", "enum": [ "ZLIB" ], "deprecated": false, "autowired": false, "secret": false, "configurationClass": "org.apache.camel.component.as2.AS2Configuration", "configurationField": "configuration", "description": "The algorithm used to compress EDI message." },
    "decryptingPrivateKey": { "kind": "parameter", "displayName": "Decrypting Private Key", "group": "common", "label": "", "required": false, "type": "object", "javaType": "java.security.PrivateKey", "deprecated": false, "autowired": false, "secret": false, "configurationClass": "org.apache.camel.component.as2.AS2Configuration", "configurationField": "configuration", "description": "The key used to encrypt the EDI message." },
    "dispositionNotificationTo": { "kind": "parameter", "displayName": "Disposition Notification To", "group": "common", "label": "", "required": false, "type": "string", "javaType": "java.lang.String", "deprecated": false, "autowired": false, "secret": false, "configurationClass": "org.apache.camel.component.as2.AS2Configuration", "configurationField": "configuration", "description": "The value of the Disposition-Notification-To header. Assigning a value to this parameter requests a message disposition notification (MDN) for the AS2 message." },
    "ediMessageTransferEncoding": { "kind": "parameter", "displayName": "Edi Message Transfer Encoding", "group": "common", "label": "", "required": false, "type": "string", "javaType": "java.lang.String", "deprecated": false, "autowired": false, "secret": false, "configurationClass": "org.apache.camel.component.as2.AS2Configuration", "configurationField": "configuration", "description": "The transfer encoding of EDI message." },
    "ediMessageType": { "kind": "parameter", "displayName": "Edi Message Type", "group": "common", "label": "", "required": false, "type": "object", "javaType": "org.apache.http.entity.ContentType", "deprecated": false, "autowired": false, "secret": false, "configurationClass": "org.apache.camel.component.as2.AS2Configuration", "configurationField": "configuration", "description": "The content type of EDI message. One of application\/edifact, application\/edi-x12, application\/edi-consent" },
    "encryptingAlgorithm": { "kind": "parameter", "displayName": "Encrypting Algorithm", "group": "common", "label": "", "required": false, "type": "object", "javaType": "org.apache.camel.component.as2.api.AS2EncryptionAlgorithm", "enum": [ "AES128_CBC", "AES192_CBC", "AES256_CBC", "AES128_CCM", "AES192_CCM", "AES256_CCM", "AES128_GCM", "AES192_GCM", "AES256_GCM", "CAMELLIA128_CBC", "CAMELLIA192_CBC", "CAMELLIA256_CBC", "CAST5_CBC", "DES_CBC", "DES_EDE3_CBC", "GOST28147_GCFB", "IDEA_CBC", "RC2_CBC", "RC4", "SEED_CBC" ], "deprecated": false, "autowired": false, "secret": false, "configurationClass": "org.apache.camel.component.as2.AS2Configuration", "configurationField": "configuration", "description": "The algorithm used to encrypt EDI message." },
    "encryptingCertificateChain": { "kind": "parameter", "displayName": "Encrypting Certificate Chain", "group": "common", "label": "", "required": false, "type": "object", "javaType": "java.security.cert.Certificate[]", "deprecated": false, "autowired": false, "secret": false, "configurationClass": "org.apache.camel.component.as2.AS2Configuration", "configurationField": "configuration", "description": "The chain of certificates used to encrypt EDI message." },
    "from": { "kind": "parameter", "displayName": "From", "group": "common", "label": "", "required": false, "type": "string", "javaType": "java.lang.String", "deprecated": false, "autowired": false, "secret": false, "configurationClass": "org.apache.camel.component.as2.AS2Configuration", "configurationField": "configuration", "description": "The value of the From header of AS2 message." },
    "inBody": { "kind": "parameter", "displayName": "In Body", "group": "common", "label": "", "required": false, "type": "string", "javaType": "java.lang.String", "deprecated": false, "autowired": false, "secret": false, "description": "Sets the name of a parameter to be passed in the exchange In Body" },
    "mdnMessageTemplate": { "kind": "parameter", "displayName": "Mdn Message Template", "group": "common", "label": "", "required": false, "type": "string", "javaType": "java.lang.String", "deprecated": false, "autowired": false, "secret": false, "configurationClass": "org.apache.camel.component.as2.AS2Configuration", "configurationField": "configuration", "description": "The template used to format MDN message" },
    "requestUri": { "kind": "parameter", "displayName": "Request Uri", "group": "common", "label": "", "required": false, "type": "string", "javaType": "java.lang.String", "deprecated": false, "autowired": false, "secret": false, "defaultValue": "\/", "configurationClass": "org.apache.camel.component.as2.AS2Configuration", "configurationField": "configuration", "description": "The request URI of EDI message." },
    "server": { "kind": "parameter", "displayName": "Server", "group": "common", "label": "", "required": false, "type": "string", "javaType": "java.lang.String", "deprecated": false, "autowired": false, "secret": false, "defaultValue": "Camel AS2 Server Endpoint", "configurationClass": "org.apache.camel.component.as2.AS2Configuration", "configurationField": "configuration", "description": "The value included in the Server message header identifying the AS2 Server." },
    "serverFqdn": { "kind": "parameter", "displayName": "Server Fqdn", "group": "common", "label": "", "required": false, "type": "string", "javaType": "java.lang.String", "deprecated": false, "autowired": false, "secret": false, "defaultValue": "camel.apache.org", "configurationClass": "org.apache.camel.component.as2.AS2Configuration", "configurationField": "configuration", "description": "The Server Fully Qualified Domain Name (FQDN). Used in message ids sent by endpoint." },
    "serverPortNumber": { "kind": "parameter", "displayName": "Server Port Number", "group": "common", "label": "", "required": false, "type": "integer", "javaType": "java.lang.Integer", "deprecated": false, "autowired": false, "secret": false, "configurationClass": "org.apache.camel.component.as2.AS2Configuration", "configurationField": "configuration", "description": "The port number of server." },
    "signedReceiptMicAlgorithms": { "kind": "parameter", "displayName": "Signed Receipt Mic Algorithms", "group": "common", "label": "", "required": false, "type": "array", "javaType": "java.lang.String[]", "deprecated": false, "autowired": false, "secret": false, "configurationClass": "org.apache.camel.component.as2.AS2Configuration", "configurationField": "configuration", "description": "The list of algorithms, in order of preference, requested to generate a message integrity check (MIC) returned in message dispostion notification (MDN)" },
    "signingAlgorithm": { "kind": "parameter", "displayName": "Signing Algorithm", "group": "common", "label": "", "required": false, "type": "object", "javaType": "org.apache.camel.component.as2.api.AS2SignatureAlgorithm", "enum": [ "SHA3_224WITHRSA", "SHA3_256WITHRSA", "SHA3_384withRSA", "SHA3_512WITHRSA", "MD5WITHRSA", "SHA1WITHRSA", "MD2WITHRSA", "SHA224WITHRSA", "SHA256WITHRSA", "SHA384WITHRSA", "SHA512WITHRSA", "RIPEMD128WITHRSA", "RIPEMD160WITHRSA", "RIPEMD256WITHRSA", "SHA224WITHDSA", "SHA256WITHDSA", "SHA384WITHDSA", "SHA512WITHDSA", "SHA3_224WITHDSA", "SHA3_256WITHDSA", "SHA3_384WITHDSA", "SHA3_512WITHDSA", "SHA1WITHDSA", "SHA3_224WITHECDSA", "SHA3_256WITHECDSA", "SHA3_384WITHECDSA", "SHA3_512WITHECDSA", "SHA1WITHECDSA", "SHA224WITHECDSA", "SHA256WITHECDSA", "SHA384WITHECDSA", "SHA512WITHECDSA", "SHA1WITHPLAIN_ECDSA", "SHA224WITHPLAIN_ECDSA", "SHA256WITHPLAIN_ECDSA", "SHA384WITHPLAIN_ECDSA", "SHA512WITHPLAIN_ECDSA", "RIPEMD160WITHPLAIN_ECDSA", "SHA1WITHRSAANDMGF1", "SHA224WITHRSAANDMGF1", "SHA256WITHRSAANDMGF1", "SHA384WITHRSAANDMGF1", "SHA512WITHRSAANDMGF1", "SHA3_224WITHRSAANDMGF1", "SHA3_256WITHRSAANDMGF1", "SHA3_384WITHRSAANDMGF1", "SHA3_512WITHRSAANDMGF1" ], "deprecated": false, "autowired": false, "secret": false, "configurationClass": "org.apache.camel.component.as2.AS2Configuration", "configurationField": "configuration", "description": "The algorithm used to sign EDI message." },
    "signingCertificateChain": { "kind": "parameter", "displayName": "Signing Certificate Chain", "group": "common", "label": "", "required": false, "type": "object", "javaType": "java.security.cert.Certificate[]", "deprecated": false, "autowired": false, "secret": false, "configurationClass": "org.apache.camel.component.as2.AS2Configuration", "configurationField": "configuration", "description": "The chain of certificates used to sign EDI message." },
    "signingPrivateKey": { "kind": "parameter", "displayName": "Signing Private Key", "group": "common", "label": "", "required": false, "type": "object", "javaType": "java.security.PrivateKey", "deprecated": false, "autowired": false, "secret": false, "configurationClass": "org.apache.camel.component.as2.AS2Configuration", "configurationField": "configuration", "description": "The key used to sign the EDI message." },
    "subject": { "kind": "parameter", "displayName": "Subject", "group": "common", "label": "", "required": false, "type": "string", "javaType": "java.lang.String", "deprecated": false, "autowired": false, "secret": false, "configurationClass": "org.apache.camel.component.as2.AS2Configuration", "configurationField": "configuration", "description": "The value of Subject header of AS2 message." },
    "targetHostname": { "kind": "parameter", "displayName": "Target Hostname", "group": "common", "label": "", "required": false, "type": "string", "javaType": "java.lang.String", "deprecated": false, "autowired": false, "secret": false, "configurationClass": "org.apache.camel.component.as2.AS2Configuration", "configurationField": "configuration", "description": "The host name (IP or DNS name) of target host." },
    "targetPortNumber": { "kind": "parameter", "displayName": "Target Port Number", "group": "common", "label": "", "required": false, "type": "integer", "javaType": "java.lang.Integer", "deprecated": false, "autowired": false, "secret": false, "configurationClass": "org.apache.camel.component.as2.AS2Configuration", "configurationField": "configuration", "description": "The port number of target host. -1 indicates the scheme default port." },
    "userAgent": { "kind": "parameter", "displayName": "User Agent", "group": "common", "label": "", "required": false, "type": "string", "javaType": "java.lang.String", "deprecated": false, "autowired": false, "secret": false, "defaultValue": "Camel AS2 Client Endpoint", "configurationClass": "org.apache.camel.component.as2.AS2Configuration", "configurationField": "configuration", "description": "The value included in the User-Agent message header identifying the AS2 user agent." },
    "exceptionHandler": { "kind": "parameter", "displayName": "Exception Handler", "group": "consumer (advanced)", "label": "consumer,advanced", "required": false, "type": "object", "javaType": "org.apache.camel.spi.ExceptionHandler", "optionalPrefix": "consumer.", "deprecated": false, "autowired": false, "secret": false, "description": "To let the consumer use a custom ExceptionHandler. Notice if the option bridgeErrorHandler is enabled then this option is not in use. By default the consumer will deal with exceptions, that will be logged at WARN or ERROR level and ignored." },
    "exchangePattern": { "kind": "parameter", "displayName": "Exchange Pattern", "group": "consumer (advanced)", "label": "consumer,advanced", "required": false, "type": "object", "javaType": "org.apache.camel.ExchangePattern", "enum": [ "InOnly", "InOut", "InOptionalOut" ], "deprecated": false, "autowired": false, "secret": false, "description": "Sets the exchange pattern when the consumer creates an exchange." },
    "lazyStartProducer": { "kind": "parameter", "displayName": "Lazy Start Producer", "group": "producer (advanced)", "label": "producer,advanced", "required": false, "type": "boolean", "javaType": "boolean", "deprecated": false, "autowired": false, "secret": false, "defaultValue": false, "description": "Whether the producer should be started lazy (on the first message). By starting lazy you can use this to allow CamelContext and routes to startup in situations where a producer may otherwise fail during starting and cause the route to fail being started. By deferring this startup to be lazy then the startup failure can be handled during routing messages via Camel's routing error handlers. Beware that when the first message is processed then creating and starting the producer may take a little time and prolong the total processing time of the processing." }
  },
  "apis": {
    "client": { "consumerOnly": false, "producerOnly": true, "description": "Sends EDI Messages over HTTP", "methods": { "send": { "description": "Send ediMessage to trading partner", "signatures": [ "org.apache.http.protocol.HttpCoreContext send(String ediMessage, String requestUri, String subject, String from, String as2From, String as2To, org.apache.camel.component.as2.api.AS2MessageStructure as2MessageStructure, org.apache.http.entity.ContentType ediMessageContentType, String ediMessageTransferEncoding, org.apache.camel.component.as2.api.AS2SignatureAlgorithm signingAlgorithm, java.security.cert.Certificate[] signingCertificateChain, java.security.PrivateKey signingPrivateKey, org.apache.camel.component.as2.api.AS2CompressionAlgorithm compressionAlgorithm, String dispositionNotificationTo, String[] signedReceiptMicAlgorithms, org.apache.camel.component.as2.api.AS2EncryptionAlgorithm encryptingAlgorithm, java.security.cert.Certificate[] encryptingCertificateChain, String attachedFileName)" ] } } },
    "server": { "consumerOnly": true, "producerOnly": false, "description": "Receives EDI Messages over HTTP", "methods": { "listen": { "description": "", "signatures": [ "void listen(String requestUriPattern, org.apache.http.protocol.HttpRequestHandler handler)" ] } } }
  },
  "apiProperties": {
    "client": { "methods": { "send": { "properties": { "as2From": { "kind": "parameter", "displayName": "As2 From", "group": "producer", "label": "", "required": false, "type": "string", "javaType": "java.lang.String", "deprecated": false, "autowired": false, "secret": false, "description": "AS2 name of sender", "optional": false }, "as2MessageStructure": { "kind": "parameter", "displayName": "As2 Message Structure", "group": "producer", "label": "", "required": false, "type": "object", "javaType": "org.apache.camel.component.as2.api.AS2MessageStructure", "enum": [ "PLAIN", "SIGNED", "ENCRYPTED", "SIGNED_ENCRYPTED", "PLAIN_COMPRESSED", "SIGNED_COMPRESSED", "ENCRYPTED_COMPRESSED", "ENCRYPTED_COMPRESSED_SIGNED" ], "deprecated": false, "autowired": false, "secret": false, "description": "The structure of AS2 to send; see AS2MessageStructure", "optional": false }, "as2To": { "kind": "parameter", "displayName": "As2 To", "group": "producer", "label": "", "required": false, "type": "string", "javaType": "java.lang.String", "deprecated": false, "autowired": false, "secret": false, "description": "AS2 name of recipient", "optional": false }, "attachedFileName": { "kind": "parameter", "displayName": "Attached File Name", "group": "producer", "label": "", "required": false, "type": "string", "javaType": "java.lang.String", "deprecated": false, "autowired": false, "secret": false, "description": "The name of the attached file or null if user doesn't want to specify it", "optional": true }, "compressionAlgorithm": { "kind": "parameter", "displayName": "Compression Algorithm", "group": "producer", "label": "", "required": false, "type": "object", "javaType": "org.apache.camel.component.as2.api.AS2CompressionAlgorithm", "enum": [ "ZLIB" ], "deprecated": false, "autowired": false, "secret": false, "description": "The algorithm used to compress the message or null if sending EDI message uncompressed", "optional": true }, "dispositionNotificationTo": { "kind": "parameter", "displayName": "Disposition Notification To", "group": "producer", "label": "", "required": false, "type": "string", "javaType": "java.lang.String", "deprecated": false, "autowired": false, "secret": false, "description": "An RFC2822 address to request a receipt or null if no receipt requested", "optional": true }, "ediMessage": { "kind": "parameter", "displayName": "Edi Message", "group": "producer", "label": "", "required": false, "type": "string", "javaType": "java.lang.String", "deprecated": false, "autowired": false, "secret": false, "description": "EDI message to transport", "optional": false }, "ediMessageContentType": { "kind": "parameter", "displayName": "Edi Message Content Type", "group": "producer", "label": "", "required": false, "type": "object", "javaType": "org.apache.http.entity.ContentType", "deprecated": false, "autowired": false, "secret": false, "description": "The content type of EDI message", "optional": false }, "ediMessageTransferEncoding": { "kind": "parameter", "displayName": "Edi Message Transfer Encoding", "group": "producer", "label": "", "required": false, "type": "string", "javaType": "java.lang.String", "deprecated": false, "autowired": false, "secret": false, "description": "The transfer encoding used to transport EDI message", "optional": true }, "encryptingAlgorithm": { "kind": "parameter", "displayName": "Encrypting Algorithm", "group": "producer", "label": "", "required": false, "type": "object", "javaType": "org.apache.camel.component.as2.api.AS2EncryptionAlgorithm", "enum": [ "AES128_CBC", "AES192_CBC", "AES256_CBC", "AES128_CCM", "AES192_CCM", "AES256_CCM", "AES128_GCM", "AES192_GCM", "AES256_GCM", "CAMELLIA128_CBC", "CAMELLIA192_CBC", "CAMELLIA256_CBC", "CAST5_CBC", "DES_CBC", "DES_EDE3_CBC", "GOST28147_GCFB", "IDEA_CBC", "RC2_CBC", "RC4", "SEED_CBC" ], "deprecated": false, "autowired": false, "secret": false, "description": "The algorithm used to encrypt the message or null if sending EDI message unencrypted", "optional": true }, "encryptingCertificateChain": { "kind": "parameter", "displayName": "Encrypting Certificate Chain", "group": "producer", "label": "", "required": false, "type": "object", "javaType": "java.security.cert.Certificate[]", "deprecated": false, "autowired": false, "secret": false, "description": "The chain of certificates used to encrypt the message or null if sending EDI message unencrypted", "optional": true }, "from": { "kind": "parameter", "displayName": "From", "group": "producer", "label": "", "required": false, "type": "string", "javaType": "java.lang.String", "deprecated": false, "autowired": false, "secret": false, "description": "RFC2822 address of sender", "optional": false }, "requestUri": { "kind": "parameter", "displayName": "Request Uri", "group": "producer", "label": "", "required": false, "type": "string", "javaType": "java.lang.String", "deprecated": false, "autowired": false, "secret": false, "description": "Resource location to deliver message", "optional": false }, "signedReceiptMicAlgorithms": { "kind": "parameter", "displayName": "Signed Receipt Mic Algorithms", "group": "producer", "label": "", "required": false, "type": "array", "javaType": "java.lang.String[]", "deprecated": false, "autowired": false, "secret": false, "description": "The senders list of signing algorithms for signing receipt, in preferred order, or null if requesting an unsigned receipt.", "optional": true }, "signingAlgorithm": { "kind": "parameter", "displayName": "Signing Algorithm", "group": "producer", "label": "", "required": false, "type": "object", "javaType": "org.apache.camel.component.as2.api.AS2SignatureAlgorithm", "enum": [ "SHA3_224WITHRSA", "SHA3_256WITHRSA", "SHA3_384withRSA", "SHA3_512WITHRSA", "MD5WITHRSA", "SHA1WITHRSA", "MD2WITHRSA", "SHA224WITHRSA", "SHA256WITHRSA", "SHA384WITHRSA", "SHA512WITHRSA", "RIPEMD128WITHRSA", "RIPEMD160WITHRSA", "RIPEMD256WITHRSA", "SHA224WITHDSA", "SHA256WITHDSA", "SHA384WITHDSA", "SHA512WITHDSA", "SHA3_224WITHDSA", "SHA3_256WITHDSA", "SHA3_384WITHDSA", "SHA3_512WITHDSA", "SHA1WITHDSA", "SHA3_224WITHECDSA", "SHA3_256WITHECDSA", "SHA3_384WITHECDSA", "SHA3_512WITHECDSA", "SHA1WITHECDSA", "SHA224WITHECDSA", "SHA256WITHECDSA", "SHA384WITHECDSA", "SHA512WITHECDSA", "SHA1WITHPLAIN_ECDSA", "SHA224WITHPLAIN_ECDSA", "SHA256WITHPLAIN_ECDSA", "SHA384WITHPLAIN_ECDSA", "SHA512WITHPLAIN_ECDSA", "RIPEMD160WITHPLAIN_ECDSA", "SHA1WITHRSAANDMGF1", "SHA224WITHRSAANDMGF1", "SHA256WITHRSAANDMGF1", "SHA384WITHRSAANDMGF1", "SHA512WITHRSAANDMGF1", "SHA3_224WITHRSAANDMGF1", "SHA3_256WITHRSAANDMGF1", "SHA3_384WITHRSAANDMGF1", "SHA3_512WITHRSAANDMGF1" ], "deprecated": false, "autowired": false, "secret": false, "description": "The algorithm used to sign the message or null if sending EDI message unsigned", "optional": true }, "signingCertificateChain": { "kind": "parameter", "displayName": "Signing Certificate Chain", "group": "producer", "label": "", "required": false, "type": "object", "javaType": "java.security.cert.Certificate[]", "deprecated": false, "autowired": false, "secret": false, "description": "The chain of certificates used to sign the message or null if sending EDI message unsigned", "optional": true }, "signingPrivateKey": { "kind": "parameter", "displayName": "Signing Private Key", "group": "producer", "label": "", "required": false, "type": "object", "javaType": "java.security.PrivateKey", "deprecated": false, "autowired": false, "secret": false, "description": "The private key used to sign EDI message", "optional": true }, "subject": { "kind": "parameter", "displayName": "Subject", "group": "producer", "label": "", "required": false, "type": "string", "javaType": "java.lang.String", "deprecated": false, "autowired": false, "secret": false, "description": "Message subject", "optional": false } } } } },
    "server": { "methods": { "listen": { "properties": { "requestUriPattern": { "kind": "parameter", "displayName": "Request Uri Pattern", "group": "consumer", "label": "", "required": false, "type": "string", "javaType": "java.lang.String", "deprecated": false, "autowired": false, "secret": false, "description": "", "optional": false } } } } }
  }
}
