{
  "component": {
    "kind": "component",
    "name": "azure-storage-datalake",
    "title": "Azure Storage Datalake Service",
    "description": "Sends and receives files to\/from Azure DataLake Storage.",
    "deprecated": false,
    "firstVersion": "3.8.0",
    "label": "cloud,file,bigdata",
    "javaType": "org.apache.camel.component.azure.storage.datalake.DataLakeComponent",
    "supportLevel": "Stable",
    "groupId": "org.apache.camel",
    "artifactId": "camel-azure-storage-datalake",
    "version": "3.19.0-SNAPSHOT",
    "scheme": "azure-storage-datalake",
    "extendsScheme": "",
    "syntax": "azure-storage-datalake:accountName\/fileSystemName",
    "async": false,
    "api": false,
    "consumerOnly": false,
    "producerOnly": false,
    "lenientProperties": false
  },
  "componentProperties": {
    "accountKey": { "kind": "property", "displayName": "Account Key", "group": "common", "label": "", "required": false, "type": "string", "javaType": "java.lang.String", "deprecated": false, "autowired": false, "secret": false, "configurationClass": "org.apache.camel.component.azure.storage.datalake.DataLakeConfiguration", "configurationField": "configuration", "description": "account key for authentication" },
    "clientId": { "kind": "property", "displayName": "Client Id", "group": "common", "label": "", "required": false, "type": "string", "javaType": "java.lang.String", "deprecated": false, "autowired": false, "secret": false, "configurationClass": "org.apache.camel.component.azure.storage.datalake.DataLakeConfiguration", "configurationField": "configuration", "description": "client id for azure account" },
    "clientSecret": { "kind": "property", "displayName": "Client Secret", "group": "common", "label": "", "required": false, "type": "string", "javaType": "java.lang.String", "deprecated": false, "autowired": false, "secret": false, "configurationClass": "org.apache.camel.component.azure.storage.datalake.DataLakeConfiguration", "configurationField": "configuration", "description": "client secret for azure account" },
    "clientSecretCredential": { "kind": "property", "displayName": "Client Secret Credential", "group": "common", "label": "", "required": false, "type": "object", "javaType": "com.azure.identity.ClientSecretCredential", "deprecated": false, "autowired": false, "secret": false, "configurationClass": "org.apache.camel.component.azure.storage.datalake.DataLakeConfiguration", "configurationField": "configuration", "description": "client secret credential for authentication" },
    "close": { "kind": "property", "displayName": "Close", "group": "common", "label": "", "required": false, "type": "boolean", "javaType": "java.lang.Boolean", "deprecated": false, "autowired": false, "secret": false, "configurationClass": "org.apache.camel.component.azure.storage.datalake.DataLakeConfiguration", "configurationField": "configuration", "description": "Whether or not a file changed event raised indicates completion (true) or modification (false)" },
    "closeStreamAfterRead": { "kind": "property", "displayName": "Close Stream After Read", "group": "common", "label": "", "required": false, "type": "boolean", "javaType": "java.lang.Boolean", "deprecated": false, "autowired": false, "secret": false, "configurationClass": "org.apache.camel.component.azure.storage.datalake.DataLakeConfiguration", "configurationField": "configuration", "description": "check for closing stream after read" },
    "configuration": { "kind": "property", "displayName": "Configuration", "group": "common", "label": "", "required": false, "type": "object", "javaType": "org.apache.camel.component.azure.storage.datalake.DataLakeConfiguration", "deprecated": false, "autowired": false, "secret": false, "description": "configuration object for datalake" },
    "dataCount": { "kind": "property", "displayName": "Data Count", "group": "common", "label": "", "required": false, "type": "integer", "javaType": "java.lang.Long", "deprecated": false, "autowired": false, "secret": false, "configurationClass": "org.apache.camel.component.azure.storage.datalake.DataLakeConfiguration", "configurationField": "configuration", "description": "count number of bytes to download" },
    "directoryName": { "kind": "property", "displayName": "Directory Name", "group": "common", "label": "", "required": false, "type": "string", "javaType": "java.lang.String", "deprecated": false, "autowired": false, "secret": false, "configurationClass": "org.apache.camel.component.azure.storage.datalake.DataLakeConfiguration", "configurationField": "configuration", "description": "directory of the file to be handled in component" },
    "downloadLinkExpiration": { "kind": "property", "displayName": "Download Link Expiration", "group": "common", "label": "", "required": false, "type": "integer", "javaType": "java.lang.Long", "deprecated": false, "autowired": false, "secret": false, "configurationClass": "org.apache.camel.component.azure.storage.datalake.DataLakeConfiguration", "configurationField": "configuration", "description": "download link expiration time" },
    "expression": { "kind": "property", "displayName": "Expression", "group": "common", "label": "", "required": false, "type": "string", "javaType": "java.lang.String", "deprecated": false, "autowired": false, "secret": false, "configurationClass": "org.apache.camel.component.azure.storage.datalake.DataLakeConfiguration", "configurationField": "configuration", "description": "expression for queryInputStream" },
    "fileDir": { "kind": "property", "displayName": "File Dir", "group": "common", "label": "", "required": false, "type": "string", "javaType": "java.lang.String", "deprecated": false, "autowired": false, "secret": false, "configurationClass": "org.apache.camel.component.azure.storage.datalake.DataLakeConfiguration", "configurationField": "configuration", "description": "directory of file to do operations in the local system" },
    "fileName": { "kind": "property", "displayName": "File Name", "group": "common", "label": "", "required": false, "type": "string", "javaType": "java.lang.String", "deprecated": false, "autowired": false, "secret": false, "configurationClass": "org.apache.camel.component.azure.storage.datalake.DataLakeConfiguration", "configurationField": "configuration", "description": "name of file to be handled in component" },
    "fileOffset": { "kind": "property", "displayName": "File Offset", "group": "common", "label": "", "required": false, "type": "integer", "javaType": "java.lang.Long", "deprecated": false, "autowired": false, "secret": false, "configurationClass": "org.apache.camel.component.azure.storage.datalake.DataLakeConfiguration", "configurationField": "configuration", "description": "offset position in file for different operations" },
    "maxResults": { "kind": "property", "displayName": "Max Results", "group": "common", "label": "", "required": false, "type": "integer", "javaType": "java.lang.Integer", "deprecated": false, "autowired": false, "secret": false, "configurationClass": "org.apache.camel.component.azure.storage.datalake.DataLakeConfiguration", "configurationField": "configuration", "description": "maximum number of results to show at a time" },
    "maxRetryRequests": { "kind": "property", "displayName": "Max Retry Requests", "group": "common", "label": "", "required": false, "type": "integer", "javaType": "int", "deprecated": false, "autowired": false, "secret": false, "configurationClass": "org.apache.camel.component.azure.storage.datalake.DataLakeConfiguration", "configurationField": "configuration", "description": "no of retries to a given request" },
    "openOptions": { "kind": "property", "displayName": "Open Options", "group": "common", "label": "", "required": false, "type": "object", "javaType": "java.util.Set<java.nio.file.OpenOption>", "deprecated": false, "autowired": false, "secret": false, "configurationClass": "org.apache.camel.component.azure.storage.datalake.DataLakeConfiguration", "configurationField": "configuration", "description": "set open options for creating file" },
    "path": { "kind": "property", "displayName": "Path", "group": "common", "label": "", "required": false, "type": "string", "javaType": "java.lang.String", "deprecated": false, "autowired": false, "secret": false, "configurationClass": "org.apache.camel.component.azure.storage.datalake.DataLakeConfiguration", "configurationField": "configuration", "description": "path in azure datalake for operations" },
    "permission": { "kind": "property", "displayName": "Permission", "group": "common", "label": "", "required": false, "type": "string", "javaType": "java.lang.String", "deprecated": false, "autowired": false, "secret": false, "configurationClass": "org.apache.camel.component.azure.storage.datalake.DataLakeConfiguration", "configurationField": "configuration", "description": "permission string for the file" },
    "position": { "kind": "property", "displayName": "Position", "group": "common", "label": "", "required": false, "type": "integer", "javaType": "java.lang.Long", "deprecated": false, "autowired": false, "secret": false, "configurationClass": "org.apache.camel.component.azure.storage.datalake.DataLakeConfiguration", "configurationField": "configuration", "description": "This parameter allows the caller to upload data in parallel and control the order in which it is appended to the file." },
    "recursive": { "kind": "property", "displayName": "Recursive", "group": "common", "label": "", "required": false, "type": "boolean", "javaType": "java.lang.Boolean", "deprecated": false, "autowired": false, "secret": false, "configurationClass": "org.apache.camel.component.azure.storage.datalake.DataLakeConfiguration", "configurationField": "configuration", "description": "recursively include all paths" },
    "regex": { "kind": "property", "displayName": "Regex", "group": "common", "label": "", "required": false, "type": "string", "javaType": "java.lang.String", "deprecated": false, "autowired": false, "secret": false, "configurationClass": "org.apache.camel.component.azure.storage.datalake.DataLakeConfiguration", "configurationField": "configuration", "description": "regular expression for matching file names" },
    "retainUncommitedData": { "kind": "property", "displayName": "Retain Uncommited Data", "group": "common", "label": "", "required": false, "type": "boolean", "javaType": "java.lang.Boolean", "deprecated": false, "autowired": false, "secret": false, "configurationClass": "org.apache.camel.component.azure.storage.datalake.DataLakeConfiguration", "configurationField": "configuration", "description": "Whether or not uncommitted data is to be retained after the operation" },
    "serviceClient": { "kind": "property", "displayName": "Service Client", "group": "common", "label": "", "required": false, "type": "object", "javaType": "com.azure.storage.file.datalake.DataLakeServiceClient", "deprecated": false, "deprecationNote": "", "autowired": true, "secret": false, "configurationClass": "org.apache.camel.component.azure.storage.datalake.DataLakeConfiguration", "configurationField": "configuration", "description": "datalake service client for azure storage datalake" },
    "sharedKeyCredential": { "kind": "property", "displayName": "Shared Key Credential", "group": "common", "label": "", "required": false, "type": "object", "javaType": "com.azure.storage.common.StorageSharedKeyCredential", "deprecated": false, "autowired": false, "secret": false, "configurationClass": "org.apache.camel.component.azure.storage.datalake.DataLakeConfiguration", "configurationField": "configuration", "description": "shared key credential for azure datalake gen2" },
    "tenantId": { "kind": "property", "displayName": "Tenant Id", "group": "common", "label": "", "required": false, "type": "string", "javaType": "java.lang.String", "deprecated": false, "autowired": false, "secret": false, "configurationClass": "org.apache.camel.component.azure.storage.datalake.DataLakeConfiguration", "configurationField": "configuration", "description": "tenant id for azure account" },
    "timeout": { "kind": "property", "displayName": "Timeout", "group": "common", "label": "", "required": false, "type": "object", "javaType": "java.time.Duration", "deprecated": false, "autowired": false, "secret": false, "configurationClass": "org.apache.camel.component.azure.storage.datalake.DataLakeConfiguration", "configurationField": "configuration", "description": "Timeout for operation" },
    "umask": { "kind": "property", "displayName": "Umask", "group": "common", "label": "", "required": false, "type": "string", "javaType": "java.lang.String", "deprecated": false, "autowired": false, "secret": false, "configurationClass": "org.apache.camel.component.azure.storage.datalake.DataLakeConfiguration", "configurationField": "configuration", "description": "umask permission for file" },
    "userPrincipalNameReturned": { "kind": "property", "displayName": "User Principal Name Returned", "group": "common", "label": "", "required": false, "type": "boolean", "javaType": "java.lang.Boolean", "deprecated": false, "autowired": false, "secret": false, "configurationClass": "org.apache.camel.component.azure.storage.datalake.DataLakeConfiguration", "configurationField": "configuration", "description": "whether or not to use upn" },
    "bridgeErrorHandler": { "kind": "property", "displayName": "Bridge Error Handler", "group": "consumer", "label": "consumer", "required": false, "type": "boolean", "javaType": "boolean", "deprecated": false, "autowired": false, "secret": false, "defaultValue": false, "description": "Allows for bridging the consumer to the Camel routing Error Handler, which mean any exceptions occurred while the consumer is trying to pickup incoming messages, or the likes, will now be processed as a message and handled by the routing Error Handler. By default the consumer will use the org.apache.camel.spi.ExceptionHandler to deal with exceptions, that will be logged at WARN or ERROR level and ignored." },
    "lazyStartProducer": { "kind": "property", "displayName": "Lazy Start Producer", "group": "producer", "label": "producer", "required": false, "type": "boolean", "javaType": "boolean", "deprecated": false, "autowired": false, "secret": false, "defaultValue": false, "description": "Whether the producer should be started lazy (on the first message). By starting lazy you can use this to allow CamelContext and routes to startup in situations where a producer may otherwise fail during starting and cause the route to fail being started. By deferring this startup to be lazy then the startup failure can be handled during routing messages via Camel's routing error handlers. Beware that when the first message is processed then creating and starting the producer may take a little time and prolong the total processing time of the processing." },
    "operation": { "kind": "property", "displayName": "Operation", "group": "producer", "label": "producer", "required": false, "type": "object", "javaType": "org.apache.camel.component.azure.storage.datalake.DataLakeOperationsDefinition", "enum": [ "listFileSystem", "listFiles" ], "deprecated": false, "autowired": false, "secret": false, "defaultValue": "listFileSystem", "configurationClass": "org.apache.camel.component.azure.storage.datalake.DataLakeConfiguration", "configurationField": "configuration", "description": "operation to be performed" },
    "autowiredEnabled": { "kind": "property", "displayName": "Autowired Enabled", "group": "advanced", "label": "advanced", "required": false, "type": "boolean", "javaType": "boolean", "deprecated": false, "autowired": false, "secret": false, "defaultValue": true, "description": "Whether autowiring is enabled. This is used for automatic autowiring options (the option must be marked as autowired) by looking up in the registry to find if there is a single instance of matching type, which then gets configured on the component. This can be used for automatic configuring JDBC data sources, JMS connection factories, AWS Clients, etc." }
  },
  "headers": {
    "CamelAzureStorageDataLakeListFileSystemsOptions": { "kind": "header", "displayName": "", "group": "from user", "label": "from user", "required": false, "javaType": "ListFileSystemsOptions", "deprecated": false, "deprecationNote": "", "autowired": false, "secret": false, "description": "Defines options available to configure the behavior of a call to listFileSystemsSegment on a DataLakeServiceAsyncClient object. Null may be passed.", "constantName": "org.apache.camel.component.azure.storage.datalake.DataLakeConstants#LIST_FILESYSTEMS_OPTIONS" },
    "CamelAzureStorageDataLakeTimeout": { "kind": "header", "displayName": "", "group": "from user", "label": "from user", "required": false, "javaType": "Duration", "deprecated": false, "deprecationNote": "", "autowired": false, "secret": false, "description": "An optional timeout value beyond which a RuntimeException will be raised.", "constantName": "org.apache.camel.component.azure.storage.datalake.DataLakeConstants#TIMEOUT" },
    "CamelAzureStorageDataLakeOperation": { "kind": "header", "displayName": "", "group": "from user", "label": "from user", "required": false, "javaType": "org.apache.camel.component.azure.storage.datalake.DataLakeOperationsDefinition", "enum": [ "listFileSystem", "createFileSystem", "deleteFileSystem", "listPaths", "getFile", "downloadToFile", "downloadLink", "deleteFile", "appendToFile", "flushToFile", "uploadFromFile", "upload", "openQueryInputStream", "createFile", "deleteDirectory" ], "deprecated": false, "deprecationNote": "", "autowired": false, "secret": false, "description": "Specify the producer operation to execute. Different operations allowed are shown below.", "constantName": "org.apache.camel.component.azure.storage.datalake.DataLakeConstants#DATALAKE_OPERATION" },
    "CamelAzureStorageDataLakeFileSystemName": { "kind": "header", "displayName": "", "group": "from user", "label": "from user", "required": false, "javaType": "String", "deprecated": false, "deprecationNote": "", "autowired": false, "secret": false, "description": "Name of the file system in azure datalake on which operation is to be performed. Please make sure that filesystem name is all lowercase.", "constantName": "org.apache.camel.component.azure.storage.datalake.DataLakeConstants#FILESYSTEM_NAME" },
    "CamelAzureStorageDataLakeDirectoryName": { "kind": "header", "displayName": "", "group": "from user", "label": "from user", "required": false, "javaType": "String", "deprecated": false, "deprecationNote": "", "autowired": false, "secret": false, "description": "Name of the directory in azure datalake on which operation is to be performed.", "constantName": "org.apache.camel.component.azure.storage.datalake.DataLakeConstants#DIRECTORY_NAME" },
    "CamelAzureStorageDataLakeFileName": { "kind": "header", "displayName": "", "group": "from user", "label": "from user", "required": false, "javaType": "String", "deprecated": false, "deprecationNote": "", "autowired": false, "secret": false, "description": "Name of the file in azure datalake on which operation is to be performed.", "constantName": "org.apache.camel.component.azure.storage.datalake.DataLakeConstants#FILE_NAME" },
    "CamelAzureStorageDataLakeMetadata": { "kind": "header", "displayName": "", "group": "from both", "label": "from both", "required": false, "javaType": "Map<String, String>", "deprecated": false, "deprecationNote": "", "autowired": false, "secret": false, "description": "The metadata to associate with the file.", "constantName": "org.apache.camel.component.azure.storage.datalake.DataLakeConstants#METADATA" },
    "CamelAzureStorageDataLakePublicAccessType": { "kind": "header", "displayName": "", "group": "from user", "label": "from user", "required": false, "javaType": "PublicAccessType", "deprecated": false, "deprecationNote": "", "autowired": false, "secret": false, "description": "Defines options available to configure the behavior of a call to listFileSystemsSegment on a DataLakeServiceAsyncClient object.", "constantName": "org.apache.camel.component.azure.storage.datalake.DataLakeConstants#PUBLIC_ACCESS_TYPE" },
    "CamelAzureStorageDataLakeRawHttpHeaders": { "kind": "header", "displayName": "", "group": "from component", "label": "from component", "required": false, "javaType": "HttpHeaders", "deprecated": false, "deprecationNote": "", "autowired": false, "secret": false, "description": "Non parsed http headers that can be used by the user.", "constantName": "org.apache.camel.component.azure.storage.datalake.DataLakeConstants#RAW_HTTP_HEADERS" },
    "CamelAzureStorageDataLakeRequestCondition": { "kind": "header", "displayName": "", "group": "from user", "label": "from user", "required": false, "javaType": "DataLakeRequestConditions", "deprecated": false, "deprecationNote": "", "autowired": false, "secret": false, "description": "This contains values which will restrict the successful operation of a variety of requests to the conditions present. These conditions are entirely optional.", "constantName": "org.apache.camel.component.azure.storage.datalake.DataLakeConstants#DATALAKE_REQUEST_CONDITION" },
    "CamelAzureStorageDataLakeListPathOptions": { "kind": "header", "displayName": "", "group": "from user", "label": "from user", "required": false, "javaType": "ListPathOptions", "deprecated": false, "deprecationNote": "", "autowired": false, "secret": false, "description": "Defines options available to configure the behavior of a call to listContainersSegment on a DataLakeFileSystemClient object. Null may be passed.", "constantName": "org.apache.camel.component.azure.storage.datalake.DataLakeConstants#LIST_PATH_OPTIONS" },
    "CamelAzureStorageDataLakePath": { "kind": "header", "displayName": "", "group": "from user", "label": "from user", "required": false, "javaType": "String", "deprecated": false, "deprecationNote": "", "autowired": false, "secret": false, "description": "Path of the file to be used for upload operations.", "constantName": "org.apache.camel.component.azure.storage.datalake.DataLakeConstants#PATH" },
    "CamelAzureStorageDataLakeRecursive": { "kind": "header", "displayName": "", "group": "from user", "label": "from user", "required": false, "javaType": "Boolean", "deprecated": false, "deprecationNote": "", "autowired": false, "secret": false, "description": "Specifies if the call to listContainersSegment should recursively include all paths.", "constantName": "org.apache.camel.component.azure.storage.datalake.DataLakeConstants#RECURSIVE" },
    "CamelAzureStorageDataLakeMaxResults": { "kind": "header", "displayName": "", "group": "from user", "label": "from user", "required": false, "javaType": "Integer", "deprecated": false, "deprecationNote": "", "autowired": false, "secret": false, "description": "Specifies the maximum number of blobs to return, including all BlobPrefix elements.", "constantName": "org.apache.camel.component.azure.storage.datalake.DataLakeConstants#MAX_RESULTS" },
    "CamelAzureStorageDataLakeUserPrincipalNameReturned": { "kind": "header", "displayName": "", "group": "from user", "label": "from user", "required": false, "javaType": "Boolean", "deprecated": false, "deprecationNote": "", "autowired": false, "secret": false, "description": "Specifies if the name of the user principal should be returned.", "constantName": "org.apache.camel.component.azure.storage.datalake.DataLakeConstants#USER_PRINCIPAL_NAME_RETURNED" },
    "CamelAzureStorageDataLakeRegex": { "kind": "header", "displayName": "", "group": "from user", "label": "from user", "required": false, "javaType": "String", "deprecated": false, "deprecationNote": "", "autowired": false, "secret": false, "description": "Filter the results to return only those files with match the specified regular expression.", "constantName": "org.apache.camel.component.azure.storage.datalake.DataLakeConstants#REGEX" },
    "CamelAzureStorageDataLakeFileDir": { "kind": "header", "displayName": "", "group": "from user", "label": "from user", "required": false, "javaType": "String", "deprecated": false, "deprecationNote": "", "autowired": false, "secret": false, "description": "Directory in which the file is to be downloaded.", "constantName": "org.apache.camel.component.azure.storage.datalake.DataLakeConstants#FILE_DIR" },
    "CamelAzureStorageDataLakeAccessTier": { "kind": "header", "displayName": "", "group": "from component", "label": "from component", "required": false, "javaType": "AccessTier", "deprecated": false, "deprecationNote": "", "autowired": false, "secret": false, "description": "Access tier of file.", "constantName": "org.apache.camel.component.azure.storage.datalake.DataLakeConstants#ACCESS_TIER" },
    "CamelAzureStorageDataLakeContentMD5": { "kind": "header", "displayName": "", "group": "from user", "label": "from user", "required": false, "javaType": "byte[]", "deprecated": false, "deprecationNote": "", "autowired": false, "secret": false, "description": "An MD5 hash of the content. The hash is used to verify the integrity of the file during transport.", "constantName": "org.apache.camel.component.azure.storage.datalake.DataLakeConstants#CONTENT_MD5" },
    "CamelAzureStorageDataLakeFileRange": { "kind": "header", "displayName": "", "group": "from user", "label": "from user", "required": false, "javaType": "FileRange", "deprecated": false, "deprecationNote": "", "autowired": false, "secret": false, "description": "This is a representation of a range of bytes on a file, typically used during a download operation. Passing null as a FileRange value will default to the entire range of the file.", "constantName": "org.apache.camel.component.azure.storage.datalake.DataLakeConstants#FILE_RANGE" },
    "CamelAzureStorageDataLakeParallelTransferOptions": { "kind": "header", "displayName": "", "group": "from user", "label": "from user", "required": false, "javaType": "ParallelTransferOptions", "deprecated": false, "deprecationNote": "", "autowired": false, "secret": false, "description": "The configuration used to parallelize data transfer operations.", "constantName": "org.apache.camel.component.azure.storage.datalake.DataLakeConstants#PARALLEL_TRANSFER_OPTIONS" },
    "CamelAzureStorageDataLakeOpenOptions": { "kind": "header", "displayName": "", "group": "from user", "label": "from user", "required": false, "javaType": "Set<OpenOption>", "deprecated": false, "deprecationNote": "", "autowired": false, "secret": false, "description": "Set of OpenOption used to configure how to open or create a file.", "constantName": "org.apache.camel.component.azure.storage.datalake.DataLakeConstants#OPEN_OPTIONS" },
    "CamelAzureStorageDataLakeAccessTierChangeTime": { "kind": "header", "displayName": "", "group": "from component", "label": "from component", "required": false, "javaType": "OffsetDateTime", "deprecated": false, "deprecationNote": "", "autowired": false, "secret": false, "description": "Datetime when the access tier of the blob last changed.", "constantName": "org.apache.camel.component.azure.storage.datalake.DataLakeConstants#ACCESS_TIER_CHANGE_TIME" },
    "CamelAzureStorageDataLakeArchiveStatus": { "kind": "header", "displayName": "", "group": "from component", "label": "from component", "required": false, "javaType": "ArchiveStatus", "deprecated": false, "deprecationNote": "", "autowired": false, "secret": false, "description": "Archive status of file.", "constantName": "org.apache.camel.component.azure.storage.datalake.DataLakeConstants#ARCHIVE_STATUS" },
    "CamelAzureStorageDataLakeCacheControl": { "kind": "header", "displayName": "", "group": "from component", "label": "from component", "required": false, "javaType": "String", "deprecated": false, "deprecationNote": "", "autowired": false, "secret": false, "description": "Cache control specified for the file.", "constantName": "org.apache.camel.component.azure.storage.datalake.DataLakeConstants#CACHE_CONTROL" },
    "CamelAzureStorageDataLakeContentDisposition": { "kind": "header", "displayName": "", "group": "from component", "label": "from component", "required": false, "javaType": "String", "deprecated": false, "deprecationNote": "", "autowired": false, "secret": false, "description": "Content disposition specified for the file.", "constantName": "org.apache.camel.component.azure.storage.datalake.DataLakeConstants#CONTENT_DISPOSITION" },
    "CamelAzureStorageDataLakeContentEncoding": { "kind": "header", "displayName": "", "group": "from component", "label": "from component", "required": false, "javaType": "String", "deprecated": false, "deprecationNote": "", "autowired": false, "secret": false, "description": "Content encoding specified for the file.", "constantName": "org.apache.camel.component.azure.storage.datalake.DataLakeConstants#CONTENT_ENCODING" },
    "CamelAzureStorageDataLakeContentLanguage": { "kind": "header", "displayName": "", "group": "from component", "label": "from component", "required": false, "javaType": "String", "deprecated": false, "deprecationNote": "", "autowired": false, "secret": false, "description": "Content language specified for the file.", "constantName": "org.apache.camel.component.azure.storage.datalake.DataLakeConstants#CONTENT_LANGUAGE" },
    "CamelAzureStorageDataLakeContentType": { "kind": "header", "displayName": "", "group": "from component", "label": "from component", "required": false, "javaType": "String", "deprecated": false, "deprecationNote": "", "autowired": false, "secret": false, "description": "Content type specified for the file.", "constantName": "org.apache.camel.component.azure.storage.datalake.DataLakeConstants#CONTENT_TYPE" },
    "CamelAzureStorageDataLakeCopyCompletionTime": { "kind": "header", "displayName": "", "group": "from component", "label": "from component", "required": false, "javaType": "OffsetDateTime", "deprecated": false, "deprecationNote": "", "autowired": false, "secret": false, "description": "Conclusion time of the last attempted Copy Blob operation where this file was the destination file.", "constantName": "org.apache.camel.component.azure.storage.datalake.DataLakeConstants#COPY_COMPLETION_TIME" },
    "CamelAzureStorageDataLakeCopyId": { "kind": "header", "displayName": "", "group": "from component", "label": "from component", "required": false, "javaType": "String", "deprecated": false, "deprecationNote": "", "autowired": false, "secret": false, "description": "String identifier for this copy operation.", "constantName": "org.apache.camel.component.azure.storage.datalake.DataLakeConstants#COPY_ID" },
    "CamelAzureStorageDataLakeCopyProgress": { "kind": "header", "displayName": "", "group": "from component", "label": "from component", "required": false, "javaType": "String", "deprecated": false, "deprecationNote": "", "autowired": false, "secret": false, "description": "Contains the number of bytes copied and the total bytes in the source in the last attempted Copy Blob operation where this file was the destination file.", "constantName": "org.apache.camel.component.azure.storage.datalake.DataLakeConstants#COPY_PROGRESS" },
    "CamelAzureStorageDataLakeCopySource": { "kind": "header", "displayName": "", "group": "from component", "label": "from component", "required": false, "javaType": "String", "deprecated": false, "deprecationNote": "", "autowired": false, "secret": false, "description": "URL up to 2 KB in length that specifies the source file or file used in the last attempted Copy Blob operation where this file was the destination file.", "constantName": "org.apache.camel.component.azure.storage.datalake.DataLakeConstants#COPY_SOURCE" },
    "CamelAzureStorageDataLakeCopyStatus": { "kind": "header", "displayName": "", "group": "from component", "label": "from component", "required": false, "javaType": "com.azure.storage.file.datalake.models.CopyStatusType", "enum": [ "pending", "success", "aborted", "failed" ], "deprecated": false, "deprecationNote": "", "autowired": false, "secret": false, "description": "Status of the last copy operation performed on the file.", "constantName": "org.apache.camel.component.azure.storage.datalake.DataLakeConstants#COPY_STATUS" },
    "CamelAzureStorageDataLakeCopyStatusDescription": { "kind": "header", "displayName": "", "group": "from component", "label": "from component", "required": false, "javaType": "String", "deprecated": false, "deprecationNote": "", "autowired": false, "secret": false, "description": "The description of the copy's status", "constantName": "org.apache.camel.component.azure.storage.datalake.DataLakeConstants#COPY_STATUS_DESCRIPTION" },
    "CamelAzureStorageDataLakeCreationTime": { "kind": "header", "displayName": "", "group": "from component", "label": "from component", "required": false, "javaType": "OffsetDateTime", "deprecated": false, "deprecationNote": "", "autowired": false, "secret": false, "description": "Creation time of the file.", "constantName": "org.apache.camel.component.azure.storage.datalake.DataLakeConstants#CREATION_TIME" },
    "CamelAzureStorageDataLakeEncryptionKeySha256": { "kind": "header", "displayName": "", "group": "from component", "label": "from component", "required": false, "javaType": "String", "deprecated": false, "deprecationNote": "", "autowired": false, "secret": false, "description": "The SHA-256 hash of the encryption key used to encrypt the file.", "constantName": "org.apache.camel.component.azure.storage.datalake.DataLakeConstants#ENCRYPTION_KEY_SHA_256" },
    "CamelAzureStorageDataLakeETag": { "kind": "header", "displayName": "", "group": "from component", "label": "from component", "required": false, "javaType": "String", "deprecated": false, "deprecationNote": "", "autowired": false, "secret": false, "description": "The E Tag of the file.", "constantName": "org.apache.camel.component.azure.storage.datalake.DataLakeConstants#E_TAG" },
    "CamelAzureStorageDataLakeFileSize": { "kind": "header", "displayName": "", "group": "from component", "label": "from component", "required": false, "javaType": "Long", "deprecated": false, "deprecationNote": "", "autowired": false, "secret": false, "description": "Size of the file.", "constantName": "org.apache.camel.component.azure.storage.datalake.DataLakeConstants#FILE_SIZE" },
    "CamelAzureStorageDataLakeLastModified": { "kind": "header", "displayName": "", "group": "from component", "label": "from component", "required": false, "javaType": "OffsetDateTime", "deprecated": false, "deprecationNote": "", "autowired": false, "secret": false, "description": "Datetime when the file was last modified.", "constantName": "org.apache.camel.component.azure.storage.datalake.DataLakeConstants#LAST_MODIFIED" },
    "CamelAzureStorageDataLakeLeaseDuration": { "kind": "header", "displayName": "", "group": "from component", "label": "from component", "required": false, "javaType": "com.azure.storage.file.datalake.models.LeaseDurationType", "enum": [ "infinite", "fixed" ], "deprecated": false, "deprecationNote": "", "autowired": false, "secret": false, "description": "Type of lease on the file.", "constantName": "org.apache.camel.component.azure.storage.datalake.DataLakeConstants#LEASE_DURATION" },
    "CamelAzureStorageDataLakeLeaseState": { "kind": "header", "displayName": "", "group": "from component", "label": "from component", "required": false, "javaType": "com.azure.storage.file.datalake.models.LeaseStateType", "enum": [ "available", "leased", "expired", "breaking", "broken" ], "deprecated": false, "deprecationNote": "", "autowired": false, "secret": false, "description": "State of the lease on the file.", "constantName": "org.apache.camel.component.azure.storage.datalake.DataLakeConstants#LEASE_STATE" },
    "CamelAzureStorageDataLakeLeaseStatus": { "kind": "header", "displayName": "", "group": "from component", "label": "from component", "required": false, "javaType": "com.azure.storage.file.datalake.models.LeaseStatusType", "enum": [ "locked", "unlocked" ], "deprecated": false, "deprecationNote": "", "autowired": false, "secret": false, "description": "Status of the lease on the file.", "constantName": "org.apache.camel.component.azure.storage.datalake.DataLakeConstants#LEASE_STATUS" },
    "CamelAzureStorageDataLakeIncrementalCopy": { "kind": "header", "displayName": "", "group": "from user", "label": "from user", "required": false, "javaType": "Boolean", "deprecated": false, "deprecationNote": "", "autowired": false, "secret": false, "description": "Flag indicating if the file was incrementally copied.", "constantName": "org.apache.camel.component.azure.storage.datalake.DataLakeConstants#INCREMENTAL_COPY" },
    "CamelAzureStorageDataLakeServerEncrypted": { "kind": "header", "displayName": "", "group": "from component", "label": "from component", "required": false, "javaType": "Boolean", "deprecated": false, "deprecationNote": "", "autowired": false, "secret": false, "description": "Flag indicating if the file's content is encrypted on the server.", "constantName": "org.apache.camel.component.azure.storage.datalake.DataLakeConstants#SERVER_ENCRYPTED" },
    "CamelAzureStorageDataLakeDownloadLinkExpiration": { "kind": "header", "displayName": "", "group": "from user", "label": "from user", "required": false, "javaType": "Long", "deprecated": false, "deprecationNote": "", "autowired": false, "secret": false, "description": "Set the Expiration time of the download link.", "constantName": "org.apache.camel.component.azure.storage.datalake.DataLakeConstants#DOWNLOAD_LINK_EXPIRATION" },
    "CamelAzureStorageDataLakeDownloadLink": { "kind": "header", "displayName": "", "group": "from component", "label": "from component", "required": false, "javaType": "String", "deprecated": false, "deprecationNote": "", "autowired": false, "secret": false, "description": "The link that can be used to download the file from datalake.", "constantName": "org.apache.camel.component.azure.storage.datalake.DataLakeConstants#DOWNLOAD_LINK" },
    "CamelAzureStorageDataLakeFileOffset": { "kind": "header", "displayName": "", "group": "from user", "label": "from user", "required": false, "javaType": "Long", "deprecated": false, "deprecationNote": "", "autowired": false, "secret": false, "description": "The position where the data is to be appended.", "constantName": "org.apache.camel.component.azure.storage.datalake.DataLakeConstants#FILE_OFFSET" },
    "CamelAzureStorageDataLakeLeaseId": { "kind": "header", "displayName": "", "group": "from user", "label": "from user", "required": false, "javaType": "String", "deprecated": false, "deprecationNote": "", "autowired": false, "secret": false, "description": "By setting lease id, requests will fail if the provided lease does not match the active lease on the file.", "constantName": "org.apache.camel.component.azure.storage.datalake.DataLakeConstants#LEASE_ID" },
    "CamelAzureStorageDataLakePathHttpHeaders": { "kind": "header", "displayName": "", "group": "from user", "label": "from user", "required": false, "javaType": "PathHttpHeaders", "deprecated": false, "deprecationNote": "", "autowired": false, "secret": false, "description": "Additional parameters for a set of operations.", "constantName": "org.apache.camel.component.azure.storage.datalake.DataLakeConstants#PATH_HTTP_HEADERS" },
    "CamelAzureStorageDataLakeRetainCommitedData": { "kind": "header", "displayName": "", "group": "from user", "label": "from user", "required": false, "javaType": "Boolean", "deprecated": false, "deprecationNote": "", "autowired": false, "secret": false, "description": "Determines Whether or not uncommitted data is to be retained after the operation.", "constantName": "org.apache.camel.component.azure.storage.datalake.DataLakeConstants#RETAIN_UNCOMMITED_DATA" },
    "CamelAzureStorageDataLakeClose": { "kind": "header", "displayName": "", "group": "from user", "label": "from user", "required": false, "javaType": "Boolean", "deprecated": false, "deprecationNote": "", "autowired": false, "secret": false, "description": "Whether or not a file changed event raised indicates completion (true) or modification (false).", "constantName": "org.apache.camel.component.azure.storage.datalake.DataLakeConstants#CLOSE" },
    "CamelAzureStorageDataLakePosition": { "kind": "header", "displayName": "", "group": "from user", "label": "from user", "required": false, "javaType": "Long", "deprecated": false, "deprecationNote": "", "autowired": false, "secret": false, "description": "The length of the file after all data has been written.", "constantName": "org.apache.camel.component.azure.storage.datalake.DataLakeConstants#POSITION" },
    "CamelAzureStorageDataLakeExpression": { "kind": "header", "displayName": "", "group": "from user", "label": "from user", "required": false, "javaType": "String", "deprecated": false, "deprecationNote": "", "autowired": false, "secret": false, "description": "The query expression on the file.", "constantName": "org.apache.camel.component.azure.storage.datalake.DataLakeConstants#EXPRESSION" },
    "CamelAzureStorageDataLakeInputSerialization": { "kind": "header", "displayName": "", "group": "from user", "label": "from user", "required": false, "javaType": "FileQuerySerialization", "deprecated": false, "deprecationNote": "", "autowired": false, "secret": false, "description": "Defines the input serialization for a file query request. either FileQueryJsonSerialization or FileQueryDelimitedSerialization", "constantName": "org.apache.camel.component.azure.storage.datalake.DataLakeConstants#INPUT_SERIALIZATION" },
    "CamelAzureStorageDataLakeOutputSerialization": { "kind": "header", "displayName": "", "group": "from user", "label": "from user", "required": false, "javaType": "FileQuerySerialization", "deprecated": false, "deprecationNote": "", "autowired": false, "secret": false, "description": "Defines the output serialization for a file query request. either FileQueryJsonSerialization or FileQueryDelimitedSerialization", "constantName": "org.apache.camel.component.azure.storage.datalake.DataLakeConstants#OUTPUT_SERIALIZATION" },
    "CamelAzureStorageDataLakeErrorConsumer": { "kind": "header", "displayName": "", "group": "from user", "label": "from user", "required": false, "javaType": "Consumer<FileQueryError>", "deprecated": false, "deprecationNote": "", "autowired": false, "secret": false, "description": "Sets error consumer for file query", "constantName": "org.apache.camel.component.azure.storage.datalake.DataLakeConstants#ERROR_CONSUMER" },
    "CamelAzureStorageDataLakeProgressConsumer": { "kind": "header", "displayName": "", "group": "from user", "label": "from user", "required": false, "javaType": "Consumer<FileQueryProgress>", "deprecated": false, "deprecationNote": "", "autowired": false, "secret": false, "description": "Sets progress consumer for file query", "constantName": "org.apache.camel.component.azure.storage.datalake.DataLakeConstants#PROGRESS_CONSUMER" },
    "CamelAzureStorageDataLakeQueryOptions": { "kind": "header", "displayName": "", "group": "from user", "label": "from user", "required": false, "javaType": "FileQueryOptions", "deprecated": false, "deprecationNote": "", "autowired": false, "secret": false, "description": "Optional parameters for File Query.", "constantName": "org.apache.camel.component.azure.storage.datalake.DataLakeConstants#QUERY_OPTIONS" },
    "CamelAzureStorageDataLakePermission": { "kind": "header", "displayName": "", "group": "from user", "label": "from user", "required": false, "javaType": "String", "deprecated": false, "deprecationNote": "", "autowired": false, "secret": false, "description": "Sets the permission for file.", "constantName": "org.apache.camel.component.azure.storage.datalake.DataLakeConstants#PERMISSION" },
    "CamelAzureStorageDataLakeUmask": { "kind": "header", "displayName": "", "group": "from user", "label": "from user", "required": false, "javaType": "String", "deprecated": false, "deprecationNote": "", "autowired": false, "secret": false, "description": "Sets the umask for file.", "constantName": "org.apache.camel.component.azure.storage.datalake.DataLakeConstants#UMASK" }
  },
  "properties": {
    "accountName": { "kind": "path", "displayName": "Account Name", "group": "common", "label": "", "required": false, "type": "string", "javaType": "java.lang.String", "deprecated": false, "autowired": false, "secret": false, "configurationClass": "org.apache.camel.component.azure.storage.datalake.DataLakeConfiguration", "configurationField": "configuration", "description": "name of the azure account" },
    "fileSystemName": { "kind": "path", "displayName": "File System Name", "group": "common", "label": "", "required": false, "type": "string", "javaType": "java.lang.String", "deprecated": false, "autowired": false, "secret": false, "configurationClass": "org.apache.camel.component.azure.storage.datalake.DataLakeConfiguration", "configurationField": "configuration", "description": "name of filesystem to be used" },
    "accountKey": { "kind": "parameter", "displayName": "Account Key", "group": "common", "label": "", "required": false, "type": "string", "javaType": "java.lang.String", "deprecated": false, "autowired": false, "secret": false, "configurationClass": "org.apache.camel.component.azure.storage.datalake.DataLakeConfiguration", "configurationField": "configuration", "description": "account key for authentication" },
    "clientId": { "kind": "parameter", "displayName": "Client Id", "group": "common", "label": "", "required": false, "type": "string", "javaType": "java.lang.String", "deprecated": false, "autowired": false, "secret": false, "configurationClass": "org.apache.camel.component.azure.storage.datalake.DataLakeConfiguration", "configurationField": "configuration", "description": "client id for azure account" },
    "clientSecret": { "kind": "parameter", "displayName": "Client Secret", "group": "common", "label": "", "required": false, "type": "string", "javaType": "java.lang.String", "deprecated": false, "autowired": false, "secret": false, "configurationClass": "org.apache.camel.component.azure.storage.datalake.DataLakeConfiguration", "configurationField": "configuration", "description": "client secret for azure account" },
    "clientSecretCredential": { "kind": "parameter", "displayName": "Client Secret Credential", "group": "common", "label": "", "required": false, "type": "object", "javaType": "com.azure.identity.ClientSecretCredential", "deprecated": false, "autowired": false, "secret": false, "configurationClass": "org.apache.camel.component.azure.storage.datalake.DataLakeConfiguration", "configurationField": "configuration", "description": "client secret credential for authentication" },
    "close": { "kind": "parameter", "displayName": "Close", "group": "common", "label": "", "required": false, "type": "boolean", "javaType": "java.lang.Boolean", "deprecated": false, "autowired": false, "secret": false, "configurationClass": "org.apache.camel.component.azure.storage.datalake.DataLakeConfiguration", "configurationField": "configuration", "description": "Whether or not a file changed event raised indicates completion (true) or modification (false)" },
    "closeStreamAfterRead": { "kind": "parameter", "displayName": "Close Stream After Read", "group": "common", "label": "", "required": false, "type": "boolean", "javaType": "java.lang.Boolean", "deprecated": false, "autowired": false, "secret": false, "configurationClass": "org.apache.camel.component.azure.storage.datalake.DataLakeConfiguration", "configurationField": "configuration", "description": "check for closing stream after read" },
    "dataCount": { "kind": "parameter", "displayName": "Data Count", "group": "common", "label": "", "required": false, "type": "integer", "javaType": "java.lang.Long", "deprecated": false, "autowired": false, "secret": false, "configurationClass": "org.apache.camel.component.azure.storage.datalake.DataLakeConfiguration", "configurationField": "configuration", "description": "count number of bytes to download" },
    "dataLakeServiceClient": { "kind": "parameter", "displayName": "Data Lake Service Client", "group": "common", "label": "", "required": false, "type": "object", "javaType": "com.azure.storage.file.datalake.DataLakeServiceClient", "deprecated": false, "autowired": false, "secret": false, "description": "service client of datalake" },
    "directoryName": { "kind": "parameter", "displayName": "Directory Name", "group": "common", "label": "", "required": false, "type": "string", "javaType": "java.lang.String", "deprecated": false, "autowired": false, "secret": false, "configurationClass": "org.apache.camel.component.azure.storage.datalake.DataLakeConfiguration", "configurationField": "configuration", "description": "directory of the file to be handled in component" },
    "downloadLinkExpiration": { "kind": "parameter", "displayName": "Download Link Expiration", "group": "common", "label": "", "required": false, "type": "integer", "javaType": "java.lang.Long", "deprecated": false, "autowired": false, "secret": false, "configurationClass": "org.apache.camel.component.azure.storage.datalake.DataLakeConfiguration", "configurationField": "configuration", "description": "download link expiration time" },
    "expression": { "kind": "parameter", "displayName": "Expression", "group": "common", "label": "", "required": false, "type": "string", "javaType": "java.lang.String", "deprecated": false, "autowired": false, "secret": false, "configurationClass": "org.apache.camel.component.azure.storage.datalake.DataLakeConfiguration", "configurationField": "configuration", "description": "expression for queryInputStream" },
    "fileDir": { "kind": "parameter", "displayName": "File Dir", "group": "common", "label": "", "required": false, "type": "string", "javaType": "java.lang.String", "deprecated": false, "autowired": false, "secret": false, "configurationClass": "org.apache.camel.component.azure.storage.datalake.DataLakeConfiguration", "configurationField": "configuration", "description": "directory of file to do operations in the local system" },
    "fileName": { "kind": "parameter", "displayName": "File Name", "group": "common", "label": "", "required": false, "type": "string", "javaType": "java.lang.String", "deprecated": false, "autowired": false, "secret": false, "configurationClass": "org.apache.camel.component.azure.storage.datalake.DataLakeConfiguration", "configurationField": "configuration", "description": "name of file to be handled in component" },
    "fileOffset": { "kind": "parameter", "displayName": "File Offset", "group": "common", "label": "", "required": false, "type": "integer", "javaType": "java.lang.Long", "deprecated": false, "autowired": false, "secret": false, "configurationClass": "org.apache.camel.component.azure.storage.datalake.DataLakeConfiguration", "configurationField": "configuration", "description": "offset position in file for different operations" },
    "maxResults": { "kind": "parameter", "displayName": "Max Results", "group": "common", "label": "", "required": false, "type": "integer", "javaType": "java.lang.Integer", "deprecated": false, "autowired": false, "secret": false, "configurationClass": "org.apache.camel.component.azure.storage.datalake.DataLakeConfiguration", "configurationField": "configuration", "description": "maximum number of results to show at a time" },
    "maxRetryRequests": { "kind": "parameter", "displayName": "Max Retry Requests", "group": "common", "label": "", "required": false, "type": "integer", "javaType": "int", "deprecated": false, "autowired": false, "secret": false, "configurationClass": "org.apache.camel.component.azure.storage.datalake.DataLakeConfiguration", "configurationField": "configuration", "description": "no of retries to a given request" },
    "openOptions": { "kind": "parameter", "displayName": "Open Options", "group": "common", "label": "", "required": false, "type": "object", "javaType": "java.util.Set<java.nio.file.OpenOption>", "deprecated": false, "autowired": false, "secret": false, "configurationClass": "org.apache.camel.component.azure.storage.datalake.DataLakeConfiguration", "configurationField": "configuration", "description": "set open options for creating file" },
    "path": { "kind": "parameter", "displayName": "Path", "group": "common", "label": "", "required": false, "type": "string", "javaType": "java.lang.String", "deprecated": false, "autowired": false, "secret": false, "configurationClass": "org.apache.camel.component.azure.storage.datalake.DataLakeConfiguration", "configurationField": "configuration", "description": "path in azure datalake for operations" },
    "permission": { "kind": "parameter", "displayName": "Permission", "group": "common", "label": "", "required": false, "type": "string", "javaType": "java.lang.String", "deprecated": false, "autowired": false, "secret": false, "configurationClass": "org.apache.camel.component.azure.storage.datalake.DataLakeConfiguration", "configurationField": "configuration", "description": "permission string for the file" },
    "position": { "kind": "parameter", "displayName": "Position", "group": "common", "label": "", "required": false, "type": "integer", "javaType": "java.lang.Long", "deprecated": false, "autowired": false, "secret": false, "configurationClass": "org.apache.camel.component.azure.storage.datalake.DataLakeConfiguration", "configurationField": "configuration", "description": "This parameter allows the caller to upload data in parallel and control the order in which it is appended to the file." },
    "recursive": { "kind": "parameter", "displayName": "Recursive", "group": "common", "label": "", "required": false, "type": "boolean", "javaType": "java.lang.Boolean", "deprecated": false, "autowired": false, "secret": false, "configurationClass": "org.apache.camel.component.azure.storage.datalake.DataLakeConfiguration", "configurationField": "configuration", "description": "recursively include all paths" },
    "regex": { "kind": "parameter", "displayName": "Regex", "group": "common", "label": "", "required": false, "type": "string", "javaType": "java.lang.String", "deprecated": false, "autowired": false, "secret": false, "configurationClass": "org.apache.camel.component.azure.storage.datalake.DataLakeConfiguration", "configurationField": "configuration", "description": "regular expression for matching file names" },
    "retainUncommitedData": { "kind": "parameter", "displayName": "Retain Uncommited Data", "group": "common", "label": "", "required": false, "type": "boolean", "javaType": "java.lang.Boolean", "deprecated": false, "autowired": false, "secret": false, "configurationClass": "org.apache.camel.component.azure.storage.datalake.DataLakeConfiguration", "configurationField": "configuration", "description": "Whether or not uncommitted data is to be retained after the operation" },
    "serviceClient": { "kind": "parameter", "displayName": "Service Client", "group": "common", "label": "", "required": false, "type": "object", "javaType": "com.azure.storage.file.datalake.DataLakeServiceClient", "deprecated": false, "deprecationNote": "", "autowired": true, "secret": false, "configurationClass": "org.apache.camel.component.azure.storage.datalake.DataLakeConfiguration", "configurationField": "configuration", "description": "datalake service client for azure storage datalake" },
    "sharedKeyCredential": { "kind": "parameter", "displayName": "Shared Key Credential", "group": "common", "label": "", "required": false, "type": "object", "javaType": "com.azure.storage.common.StorageSharedKeyCredential", "deprecated": false, "autowired": false, "secret": false, "configurationClass": "org.apache.camel.component.azure.storage.datalake.DataLakeConfiguration", "configurationField": "configuration", "description": "shared key credential for azure datalake gen2" },
    "tenantId": { "kind": "parameter", "displayName": "Tenant Id", "group": "common", "label": "", "required": false, "type": "string", "javaType": "java.lang.String", "deprecated": false, "autowired": false, "secret": false, "configurationClass": "org.apache.camel.component.azure.storage.datalake.DataLakeConfiguration", "configurationField": "configuration", "description": "tenant id for azure account" },
    "timeout": { "kind": "parameter", "displayName": "Timeout", "group": "common", "label": "", "required": false, "type": "object", "javaType": "java.time.Duration", "deprecated": false, "autowired": false, "secret": false, "configurationClass": "org.apache.camel.component.azure.storage.datalake.DataLakeConfiguration", "configurationField": "configuration", "description": "Timeout for operation" },
    "umask": { "kind": "parameter", "displayName": "Umask", "group": "common", "label": "", "required": false, "type": "string", "javaType": "java.lang.String", "deprecated": false, "autowired": false, "secret": false, "configurationClass": "org.apache.camel.component.azure.storage.datalake.DataLakeConfiguration", "configurationField": "configuration", "description": "umask permission for file" },
    "userPrincipalNameReturned": { "kind": "parameter", "displayName": "User Principal Name Returned", "group": "common", "label": "", "required": false, "type": "boolean", "javaType": "java.lang.Boolean", "deprecated": false, "autowired": false, "secret": false, "configurationClass": "org.apache.camel.component.azure.storage.datalake.DataLakeConfiguration", "configurationField": "configuration", "description": "whether or not to use upn" },
    "sendEmptyMessageWhenIdle": { "kind": "parameter", "displayName": "Send Empty Message When Idle", "group": "consumer", "label": "consumer", "required": false, "type": "boolean", "javaType": "boolean", "deprecated": false, "autowired": false, "secret": false, "defaultValue": false, "description": "If the polling consumer did not poll any files, you can enable this option to send an empty message (no body) instead." },
    "bridgeErrorHandler": { "kind": "parameter", "displayName": "Bridge Error Handler", "group": "consumer (advanced)", "label": "consumer,advanced", "required": false, "type": "boolean", "javaType": "boolean", "deprecated": false, "autowired": false, "secret": false, "defaultValue": false, "description": "Allows for bridging the consumer to the Camel routing Error Handler, which mean any exceptions occurred while the consumer is trying to pickup incoming messages, or the likes, will now be processed as a message and handled by the routing Error Handler. By default the consumer will use the org.apache.camel.spi.ExceptionHandler to deal with exceptions, that will be logged at WARN or ERROR level and ignored." },
    "exceptionHandler": { "kind": "parameter", "displayName": "Exception Handler", "group": "consumer (advanced)", "label": "consumer,advanced", "required": false, "type": "object", "javaType": "org.apache.camel.spi.ExceptionHandler", "optionalPrefix": "consumer.", "deprecated": false, "autowired": false, "secret": false, "description": "To let the consumer use a custom ExceptionHandler. Notice if the option bridgeErrorHandler is enabled then this option is not in use. By default the consumer will deal with exceptions, that will be logged at WARN or ERROR level and ignored." },
    "exchangePattern": { "kind": "parameter", "displayName": "Exchange Pattern", "group": "consumer (advanced)", "label": "consumer,advanced", "required": false, "type": "object", "javaType": "org.apache.camel.ExchangePattern", "enum": [ "InOnly", "InOut", "InOptionalOut" ], "deprecated": false, "autowired": false, "secret": false, "description": "Sets the exchange pattern when the consumer creates an exchange." },
    "pollStrategy": { "kind": "parameter", "displayName": "Poll Strategy", "group": "consumer (advanced)", "label": "consumer,advanced", "required": false, "type": "object", "javaType": "org.apache.camel.spi.PollingConsumerPollStrategy", "deprecated": false, "autowired": false, "secret": false, "description": "A pluggable org.apache.camel.PollingConsumerPollingStrategy allowing you to provide your custom implementation to control error handling usually occurred during the poll operation before an Exchange have been created and being routed in Camel." },
    "operation": { "kind": "parameter", "displayName": "Operation", "group": "producer", "label": "producer", "required": false, "type": "object", "javaType": "org.apache.camel.component.azure.storage.datalake.DataLakeOperationsDefinition", "enum": [ "listFileSystem", "listFiles" ], "deprecated": false, "autowired": false, "secret": false, "defaultValue": "listFileSystem", "configurationClass": "org.apache.camel.component.azure.storage.datalake.DataLakeConfiguration", "configurationField": "configuration", "description": "operation to be performed" },
    "lazyStartProducer": { "kind": "parameter", "displayName": "Lazy Start Producer", "group": "producer (advanced)", "label": "producer,advanced", "required": false, "type": "boolean", "javaType": "boolean", "deprecated": false, "autowired": false, "secret": false, "defaultValue": false, "description": "Whether the producer should be started lazy (on the first message). By starting lazy you can use this to allow CamelContext and routes to startup in situations where a producer may otherwise fail during starting and cause the route to fail being started. By deferring this startup to be lazy then the startup failure can be handled during routing messages via Camel's routing error handlers. Beware that when the first message is processed then creating and starting the producer may take a little time and prolong the total processing time of the processing." },
    "backoffErrorThreshold": { "kind": "parameter", "displayName": "Backoff Error Threshold", "group": "scheduler", "label": "consumer,scheduler", "required": false, "type": "integer", "javaType": "int", "deprecated": false, "autowired": false, "secret": false, "description": "The number of subsequent error polls (failed due some error) that should happen before the backoffMultipler should kick-in." },
    "backoffIdleThreshold": { "kind": "parameter", "displayName": "Backoff Idle Threshold", "group": "scheduler", "label": "consumer,scheduler", "required": false, "type": "integer", "javaType": "int", "deprecated": false, "autowired": false, "secret": false, "description": "The number of subsequent idle polls that should happen before the backoffMultipler should kick-in." },
    "backoffMultiplier": { "kind": "parameter", "displayName": "Backoff Multiplier", "group": "scheduler", "label": "consumer,scheduler", "required": false, "type": "integer", "javaType": "int", "deprecated": false, "autowired": false, "secret": false, "description": "To let the scheduled polling consumer backoff if there has been a number of subsequent idles\/errors in a row. The multiplier is then the number of polls that will be skipped before the next actual attempt is happening again. When this option is in use then backoffIdleThreshold and\/or backoffErrorThreshold must also be configured." },
    "delay": { "kind": "parameter", "displayName": "Delay", "group": "scheduler", "label": "consumer,scheduler", "required": false, "type": "integer", "javaType": "long", "deprecated": false, "autowired": false, "secret": false, "defaultValue": 500, "description": "Milliseconds before the next poll." },
    "greedy": { "kind": "parameter", "displayName": "Greedy", "group": "scheduler", "label": "consumer,scheduler", "required": false, "type": "boolean", "javaType": "boolean", "deprecated": false, "autowired": false, "secret": false, "defaultValue": false, "description": "If greedy is enabled, then the ScheduledPollConsumer will run immediately again, if the previous run polled 1 or more messages." },
    "initialDelay": { "kind": "parameter", "displayName": "Initial Delay", "group": "scheduler", "label": "consumer,scheduler", "required": false, "type": "integer", "javaType": "long", "deprecated": false, "autowired": false, "secret": false, "defaultValue": 1000, "description": "Milliseconds before the first poll starts." },
    "repeatCount": { "kind": "parameter", "displayName": "Repeat Count", "group": "scheduler", "label": "consumer,scheduler", "required": false, "type": "integer", "javaType": "long", "deprecated": false, "autowired": false, "secret": false, "defaultValue": 0, "description": "Specifies a maximum limit of number of fires. So if you set it to 1, the scheduler will only fire once. If you set it to 5, it will only fire five times. A value of zero or negative means fire forever." },
    "runLoggingLevel": { "kind": "parameter", "displayName": "Run Logging Level", "group": "scheduler", "label": "consumer,scheduler", "required": false, "type": "object", "javaType": "org.apache.camel.LoggingLevel", "enum": [ "TRACE", "DEBUG", "INFO", "WARN", "ERROR", "OFF" ], "deprecated": false, "autowired": false, "secret": false, "defaultValue": "TRACE", "description": "The consumer logs a start\/complete log line when it polls. This option allows you to configure the logging level for that." },
    "scheduledExecutorService": { "kind": "parameter", "displayName": "Scheduled Executor Service", "group": "scheduler", "label": "consumer,scheduler", "required": false, "type": "object", "javaType": "java.util.concurrent.ScheduledExecutorService", "deprecated": false, "autowired": false, "secret": false, "description": "Allows for configuring a custom\/shared thread pool to use for the consumer. By default each consumer has its own single threaded thread pool." },
    "scheduler": { "kind": "parameter", "displayName": "Scheduler", "group": "scheduler", "label": "consumer,scheduler", "required": false, "type": "object", "javaType": "java.lang.Object", "deprecated": false, "autowired": false, "secret": false, "defaultValue": "none", "description": "To use a cron scheduler from either camel-spring or camel-quartz component. Use value spring or quartz for built in scheduler" },
    "schedulerProperties": { "kind": "parameter", "displayName": "Scheduler Properties", "group": "scheduler", "label": "consumer,scheduler", "required": false, "type": "object", "javaType": "java.util.Map<java.lang.String, java.lang.Object>", "prefix": "scheduler.", "multiValue": true, "deprecated": false, "autowired": false, "secret": false, "description": "To configure additional properties when using a custom scheduler or any of the Quartz, Spring based scheduler." },
    "startScheduler": { "kind": "parameter", "displayName": "Start Scheduler", "group": "scheduler", "label": "consumer,scheduler", "required": false, "type": "boolean", "javaType": "boolean", "deprecated": false, "autowired": false, "secret": false, "defaultValue": true, "description": "Whether the scheduler should be auto started." },
    "timeUnit": { "kind": "parameter", "displayName": "Time Unit", "group": "scheduler", "label": "consumer,scheduler", "required": false, "type": "object", "javaType": "java.util.concurrent.TimeUnit", "enum": [ "NANOSECONDS", "MICROSECONDS", "MILLISECONDS", "SECONDS", "MINUTES", "HOURS", "DAYS" ], "deprecated": false, "autowired": false, "secret": false, "defaultValue": "MILLISECONDS", "description": "Time unit for initialDelay and delay options." },
    "useFixedDelay": { "kind": "parameter", "displayName": "Use Fixed Delay", "group": "scheduler", "label": "consumer,scheduler", "required": false, "type": "boolean", "javaType": "boolean", "deprecated": false, "autowired": false, "secret": false, "defaultValue": true, "description": "Controls if fixed delay or fixed rate is used. See ScheduledExecutorService in JDK for details." }
  }
}
