{
  "component": {
    "kind": "component",
    "name": "azure-cosmosdb",
    "title": "Azure CosmosDB",
    "description": "To read and write records to the CosmosDB database on Azure cloud platform.",
    "deprecated": false,
    "firstVersion": "3.10.0",
    "label": "cloud,database",
    "javaType": "org.apache.camel.component.azure.cosmosdb.CosmosDbComponent",
    "supportLevel": "Stable",
    "groupId": "org.apache.camel",
    "artifactId": "camel-azure-cosmosdb",
    "version": "3.19.0-SNAPSHOT",
    "scheme": "azure-cosmosdb",
    "extendsScheme": "",
    "syntax": "azure-cosmosdb:databaseName\/containerName",
    "async": false,
    "api": false,
    "consumerOnly": false,
    "producerOnly": false,
    "lenientProperties": false
  },
  "componentProperties": {
    "clientTelemetryEnabled": { "kind": "property", "displayName": "Client Telemetry Enabled", "group": "common", "label": "common", "required": false, "type": "boolean", "javaType": "boolean", "deprecated": false, "autowired": false, "secret": false, "defaultValue": false, "configurationClass": "org.apache.camel.component.azure.cosmosdb.CosmosDbConfiguration", "configurationField": "configuration", "description": "Sets the flag to enable client telemetry which will periodically collect database operations aggregation statistics, system information like cpu\/memory and send it to cosmos monitoring service, which will be helpful during debugging. DEFAULT value is false indicating this is opt in feature, by default no telemetry collection." },
    "configuration": { "kind": "property", "displayName": "Configuration", "group": "common", "label": "", "required": false, "type": "object", "javaType": "org.apache.camel.component.azure.cosmosdb.CosmosDbConfiguration", "deprecated": false, "autowired": false, "secret": false, "description": "The component configurations" },
    "connectionSharingAcrossClientsEnabled": { "kind": "property", "displayName": "Connection Sharing Across Clients Enabled", "group": "common", "label": "common", "required": false, "type": "boolean", "javaType": "boolean", "deprecated": false, "autowired": false, "secret": false, "defaultValue": false, "configurationClass": "org.apache.camel.component.azure.cosmosdb.CosmosDbConfiguration", "configurationField": "configuration", "description": "Enables connections sharing across multiple Cosmos Clients. The default is false. When you have multiple instances of Cosmos Client in the same JVM interacting to multiple Cosmos accounts, enabling this allows connection sharing in Direct mode if possible between instances of Cosmos Client. Please note, when setting this option, the connection configuration (e.g., socket timeout config, idle timeout config) of the first instantiated client will be used for all other client instances." },
    "consistencyLevel": { "kind": "property", "displayName": "Consistency Level", "group": "common", "label": "common", "required": false, "type": "object", "javaType": "com.azure.cosmos.ConsistencyLevel", "enum": [ "Strong", "BoundedStaleness", "Session", "Eventual", "ConsistentPrefix" ], "deprecated": false, "autowired": false, "secret": false, "defaultValue": "SESSION", "configurationClass": "org.apache.camel.component.azure.cosmosdb.CosmosDbConfiguration", "configurationField": "configuration", "description": "Sets the consistency levels supported for Azure Cosmos DB client operations in the Azure Cosmos DB service. The requested ConsistencyLevel must match or be weaker than that provisioned for the database account. Consistency levels by order of strength are STRONG, BOUNDED_STALENESS, SESSION and EVENTUAL. Refer to consistency level documentation for additional details: https:\/\/docs.microsoft.com\/en-us\/azure\/cosmos-db\/consistency-levels" },
    "containerPartitionKeyPath": { "kind": "property", "displayName": "Container Partition Key Path", "group": "common", "label": "common", "required": false, "type": "string", "javaType": "java.lang.String", "deprecated": false, "autowired": false, "secret": false, "configurationClass": "org.apache.camel.component.azure.cosmosdb.CosmosDbConfiguration", "configurationField": "configuration", "description": "Sets the container partition key path." },
    "contentResponseOnWriteEnabled": { "kind": "property", "displayName": "Content Response On Write Enabled", "group": "common", "label": "common", "required": false, "type": "boolean", "javaType": "boolean", "deprecated": false, "autowired": false, "secret": false, "defaultValue": true, "configurationClass": "org.apache.camel.component.azure.cosmosdb.CosmosDbConfiguration", "configurationField": "configuration", "description": "Sets the boolean to only return the headers and status code in Cosmos DB response in case of Create, Update and Delete operations on CosmosItem. In Consumer, it is enabled by default because of the ChangeFeed in the consumer that needs this flag to be enabled and thus is shouldn't be overridden. In Producer, it advised to disable it since it reduces the network overhead" },
    "cosmosAsyncClient": { "kind": "property", "displayName": "Cosmos Async Client", "group": "common", "label": "common", "required": false, "type": "object", "javaType": "com.azure.cosmos.CosmosAsyncClient", "deprecated": false, "deprecationNote": "", "autowired": true, "secret": false, "configurationClass": "org.apache.camel.component.azure.cosmosdb.CosmosDbConfiguration", "configurationField": "configuration", "description": "Inject an external CosmosAsyncClient into the component which provides a client-side logical representation of the Azure Cosmos DB service. This asynchronous client is used to configure and execute requests against the service." },
    "createContainerIfNotExists": { "kind": "property", "displayName": "Create Container If Not Exists", "group": "common", "label": "common", "required": false, "type": "boolean", "javaType": "boolean", "deprecated": false, "autowired": false, "secret": false, "defaultValue": false, "configurationClass": "org.apache.camel.component.azure.cosmosdb.CosmosDbConfiguration", "configurationField": "configuration", "description": "Sets if the component should create Cosmos container automatically in case it doesn't exist in Cosmos database" },
    "createDatabaseIfNotExists": { "kind": "property", "displayName": "Create Database If Not Exists", "group": "common", "label": "common", "required": false, "type": "boolean", "javaType": "boolean", "deprecated": false, "autowired": false, "secret": false, "defaultValue": false, "configurationClass": "org.apache.camel.component.azure.cosmosdb.CosmosDbConfiguration", "configurationField": "configuration", "description": "Sets if the component should create Cosmos database automatically in case it doesn't exist in Cosmos account" },
    "databaseEndpoint": { "kind": "property", "displayName": "Database Endpoint", "group": "common", "label": "common", "required": true, "type": "string", "javaType": "java.lang.String", "deprecated": false, "deprecationNote": "", "autowired": false, "secret": false, "configurationClass": "org.apache.camel.component.azure.cosmosdb.CosmosDbConfiguration", "configurationField": "configuration", "description": "Sets the Azure Cosmos database endpoint the component will connect to." },
    "multipleWriteRegionsEnabled": { "kind": "property", "displayName": "Multiple Write Regions Enabled", "group": "common", "label": "common", "required": false, "type": "boolean", "javaType": "boolean", "deprecated": false, "autowired": false, "secret": false, "defaultValue": true, "configurationClass": "org.apache.camel.component.azure.cosmosdb.CosmosDbConfiguration", "configurationField": "configuration", "description": "Sets the flag to enable writes on any regions for geo-replicated database accounts in the Azure Cosmos DB service. When the value of this property is true, the SDK will direct write operations to available writable regions of geo-replicated database account. Writable regions are ordered by PreferredRegions property. Setting the property value to true has no effect until EnableMultipleWriteRegions in DatabaseAccount is also set to true. DEFAULT value is true indicating that writes are directed to available writable regions of geo-replicated database account." },
    "preferredRegions": { "kind": "property", "displayName": "Preferred Regions", "group": "common", "label": "common", "required": false, "type": "string", "javaType": "java.lang.String", "deprecated": false, "autowired": false, "secret": false, "configurationClass": "org.apache.camel.component.azure.cosmosdb.CosmosDbConfiguration", "configurationField": "configuration", "description": "Sets the comma separated preferred regions for geo-replicated database accounts. For example, East US as the preferred region. When EnableEndpointDiscovery is true and PreferredRegions is non-empty, the SDK will prefer to use the regions in the container in the order they are specified to perform operations." },
    "readRequestsFallbackEnabled": { "kind": "property", "displayName": "Read Requests Fallback Enabled", "group": "common", "label": "common", "required": false, "type": "boolean", "javaType": "boolean", "deprecated": false, "autowired": false, "secret": false, "defaultValue": true, "configurationClass": "org.apache.camel.component.azure.cosmosdb.CosmosDbConfiguration", "configurationField": "configuration", "description": "Sets whether to allow for reads to go to multiple regions configured on an account of Azure Cosmos DB service. DEFAULT value is true. If this property is not set, the default is true for all Consistency Levels other than Bounded Staleness, The default is false for Bounded Staleness. 1. endpointDiscoveryEnabled is true 2. the Azure Cosmos DB account has more than one region" },
    "throughputProperties": { "kind": "property", "displayName": "Throughput Properties", "group": "common", "label": "common", "required": false, "type": "object", "javaType": "com.azure.cosmos.models.ThroughputProperties", "deprecated": false, "autowired": false, "secret": false, "configurationClass": "org.apache.camel.component.azure.cosmosdb.CosmosDbConfiguration", "configurationField": "configuration", "description": "Sets throughput of the resources in the Azure Cosmos DB service." },
    "bridgeErrorHandler": { "kind": "property", "displayName": "Bridge Error Handler", "group": "consumer", "label": "consumer", "required": false, "type": "boolean", "javaType": "boolean", "deprecated": false, "autowired": false, "secret": false, "defaultValue": false, "description": "Allows for bridging the consumer to the Camel routing Error Handler, which mean any exceptions occurred while the consumer is trying to pickup incoming messages, or the likes, will now be processed as a message and handled by the routing Error Handler. By default the consumer will use the org.apache.camel.spi.ExceptionHandler to deal with exceptions, that will be logged at WARN or ERROR level and ignored." },
    "changeFeedProcessorOptions": { "kind": "property", "displayName": "Change Feed Processor Options", "group": "consumer", "label": "consumer", "required": false, "type": "object", "javaType": "com.azure.cosmos.models.ChangeFeedProcessorOptions", "deprecated": false, "autowired": false, "secret": false, "configurationClass": "org.apache.camel.component.azure.cosmosdb.CosmosDbConfiguration", "configurationField": "configuration", "description": "Sets the ChangeFeedProcessorOptions to be used. Unless specifically set the default values that will be used are: maximum items per page or FeedResponse: 100 lease renew interval: 17 seconds lease acquire interval: 13 seconds lease expiration interval: 60 seconds feed poll delay: 5 seconds maximum scale count: unlimited" },
    "createLeaseContainerIfNotExists": { "kind": "property", "displayName": "Create Lease Container If Not Exists", "group": "consumer", "label": "consumer", "required": false, "type": "boolean", "javaType": "boolean", "deprecated": false, "autowired": false, "secret": false, "defaultValue": false, "configurationClass": "org.apache.camel.component.azure.cosmosdb.CosmosDbConfiguration", "configurationField": "configuration", "description": "Sets if the component should create Cosmos lease container for the consumer automatically in case it doesn't exist in Cosmos database" },
    "createLeaseDatabaseIfNotExists": { "kind": "property", "displayName": "Create Lease Database If Not Exists", "group": "consumer", "label": "consumer", "required": false, "type": "boolean", "javaType": "boolean", "deprecated": false, "autowired": false, "secret": false, "defaultValue": false, "configurationClass": "org.apache.camel.component.azure.cosmosdb.CosmosDbConfiguration", "configurationField": "configuration", "description": "Sets if the component should create Cosmos lease database for the consumer automatically in case it doesn't exist in Cosmos account" },
    "hostName": { "kind": "property", "displayName": "Host Name", "group": "consumer", "label": "consumer", "required": false, "type": "string", "javaType": "java.lang.String", "deprecated": false, "autowired": false, "secret": false, "configurationClass": "org.apache.camel.component.azure.cosmosdb.CosmosDbConfiguration", "configurationField": "configuration", "description": "Sets the hostname. The host: a host is an application instance that uses the change feed processor to listen for changes. Multiple instances with the same lease configuration can run in parallel, but each instance should have a different instance name. If not specified, this will be a generated random hostname." },
    "leaseContainerName": { "kind": "property", "displayName": "Lease Container Name", "group": "consumer", "label": "consumer", "required": false, "type": "string", "javaType": "java.lang.String", "deprecated": false, "autowired": false, "secret": false, "defaultValue": "camel-lease", "configurationClass": "org.apache.camel.component.azure.cosmosdb.CosmosDbConfiguration", "configurationField": "configuration", "description": "Sets the lease container which acts as a state storage and coordinates processing the change feed across multiple workers. The lease container can be stored in the same account as the monitored container or in a separate account. It will be auto created if createLeaseContainerIfNotExists is set to true." },
    "leaseDatabaseName": { "kind": "property", "displayName": "Lease Database Name", "group": "consumer", "label": "consumer", "required": false, "type": "string", "javaType": "java.lang.String", "deprecated": false, "autowired": false, "secret": false, "configurationClass": "org.apache.camel.component.azure.cosmosdb.CosmosDbConfiguration", "configurationField": "configuration", "description": "Sets the lease database where the leaseContainerName will be stored. If it is not specified, this component will store the lease container in the same database that is specified in databaseName. It will be auto created if createLeaseDatabaseIfNotExists is set to true." },
    "itemId": { "kind": "property", "displayName": "Item Id", "group": "producer", "label": "producer", "required": false, "type": "string", "javaType": "java.lang.String", "deprecated": false, "autowired": false, "secret": false, "configurationClass": "org.apache.camel.component.azure.cosmosdb.CosmosDbConfiguration", "configurationField": "configuration", "description": "Sets the itemId in case needed for operation on item like delete, replace" },
    "itemPartitionKey": { "kind": "property", "displayName": "Item Partition Key", "group": "producer", "label": "producer", "required": false, "type": "object", "javaType": "com.azure.cosmos.models.PartitionKey", "deprecated": false, "autowired": false, "secret": false, "configurationClass": "org.apache.camel.component.azure.cosmosdb.CosmosDbConfiguration", "configurationField": "configuration", "description": "Sets partition key. Represents a partition key value in the Azure Cosmos DB database service. A partition key identifies the partition where the item is stored in." },
    "lazyStartProducer": { "kind": "property", "displayName": "Lazy Start Producer", "group": "producer", "label": "producer", "required": false, "type": "boolean", "javaType": "boolean", "deprecated": false, "autowired": false, "secret": false, "defaultValue": false, "description": "Whether the producer should be started lazy (on the first message). By starting lazy you can use this to allow CamelContext and routes to startup in situations where a producer may otherwise fail during starting and cause the route to fail being started. By deferring this startup to be lazy then the startup failure can be handled during routing messages via Camel's routing error handlers. Beware that when the first message is processed then creating and starting the producer may take a little time and prolong the total processing time of the processing." },
    "operation": { "kind": "property", "displayName": "Operation", "group": "producer", "label": "producer", "required": false, "type": "object", "javaType": "org.apache.camel.component.azure.cosmosdb.CosmosDbOperationsDefinition", "enum": [ "listDatabases", "createDatabase", "queryDatabases", "deleteDatabase", "createContainer", "replaceDatabaseThroughput", "listContainers", "queryContainers", "deleteContainer", "replaceContainerThroughput", "createItem", "upsertItem", "deleteItem", "replaceItem", "readItem", "readAllItems", "queryItems" ], "deprecated": false, "autowired": false, "secret": false, "defaultValue": "listDatabases", "configurationClass": "org.apache.camel.component.azure.cosmosdb.CosmosDbConfiguration", "configurationField": "configuration", "description": "The CosmosDB operation that can be used with this component on the producer." },
    "query": { "kind": "property", "displayName": "Query", "group": "producer", "label": "producer", "required": false, "type": "string", "javaType": "java.lang.String", "deprecated": false, "autowired": false, "secret": false, "configurationClass": "org.apache.camel.component.azure.cosmosdb.CosmosDbConfiguration", "configurationField": "configuration", "description": "An SQL query to execute on a given resources. To learn more about Cosmos SQL API, check this link {link https:\/\/docs.microsoft.com\/en-us\/azure\/cosmos-db\/sql-query-getting-started}" },
    "queryRequestOptions": { "kind": "property", "displayName": "Query Request Options", "group": "producer", "label": "producer", "required": false, "type": "object", "javaType": "com.azure.cosmos.models.CosmosQueryRequestOptions", "deprecated": false, "autowired": false, "secret": false, "configurationClass": "org.apache.camel.component.azure.cosmosdb.CosmosDbConfiguration", "configurationField": "configuration", "description": "Set additional QueryRequestOptions that can be used with queryItems, queryContainers, queryDatabases, listDatabases, listItems, listContainers operations" },
    "autowiredEnabled": { "kind": "property", "displayName": "Autowired Enabled", "group": "advanced", "label": "advanced", "required": false, "type": "boolean", "javaType": "boolean", "deprecated": false, "autowired": false, "secret": false, "defaultValue": true, "description": "Whether autowiring is enabled. This is used for automatic autowiring options (the option must be marked as autowired) by looking up in the registry to find if there is a single instance of matching type, which then gets configured on the component. This can be used for automatic configuring JDBC data sources, JMS connection factories, AWS Clients, etc." },
    "accountKey": { "kind": "property", "displayName": "Account Key", "group": "security", "label": "security", "required": true, "type": "string", "javaType": "java.lang.String", "deprecated": false, "deprecationNote": "", "autowired": false, "secret": true, "configurationClass": "org.apache.camel.component.azure.cosmosdb.CosmosDbConfiguration", "configurationField": "configuration", "description": "Sets either a master or readonly key used to perform authentication for accessing resource." }
  },
  "properties": {
    "databaseName": { "kind": "path", "displayName": "Database Name", "group": "common", "label": "", "required": false, "type": "string", "javaType": "java.lang.String", "deprecated": false, "autowired": false, "secret": false, "configurationClass": "org.apache.camel.component.azure.cosmosdb.CosmosDbConfiguration", "configurationField": "configuration", "description": "The name of the Cosmos database that component should connect to. In case you are producing data and have createDatabaseIfNotExists=true, the component will automatically auto create a Cosmos database." },
    "containerName": { "kind": "path", "displayName": "Container Name", "group": "common", "label": "", "required": false, "type": "string", "javaType": "java.lang.String", "deprecated": false, "autowired": false, "secret": false, "configurationClass": "org.apache.camel.component.azure.cosmosdb.CosmosDbConfiguration", "configurationField": "configuration", "description": "The name of the Cosmos container that component should connect to. In case you are producing data and have createContainerIfNotExists=true, the component will automatically auto create a Cosmos container." },
    "clientTelemetryEnabled": { "kind": "parameter", "displayName": "Client Telemetry Enabled", "group": "common", "label": "common", "required": false, "type": "boolean", "javaType": "boolean", "deprecated": false, "autowired": false, "secret": false, "defaultValue": false, "configurationClass": "org.apache.camel.component.azure.cosmosdb.CosmosDbConfiguration", "configurationField": "configuration", "description": "Sets the flag to enable client telemetry which will periodically collect database operations aggregation statistics, system information like cpu\/memory and send it to cosmos monitoring service, which will be helpful during debugging. DEFAULT value is false indicating this is opt in feature, by default no telemetry collection." },
    "connectionSharingAcrossClientsEnabled": { "kind": "parameter", "displayName": "Connection Sharing Across Clients Enabled", "group": "common", "label": "common", "required": false, "type": "boolean", "javaType": "boolean", "deprecated": false, "autowired": false, "secret": false, "defaultValue": false, "configurationClass": "org.apache.camel.component.azure.cosmosdb.CosmosDbConfiguration", "configurationField": "configuration", "description": "Enables connections sharing across multiple Cosmos Clients. The default is false. When you have multiple instances of Cosmos Client in the same JVM interacting to multiple Cosmos accounts, enabling this allows connection sharing in Direct mode if possible between instances of Cosmos Client. Please note, when setting this option, the connection configuration (e.g., socket timeout config, idle timeout config) of the first instantiated client will be used for all other client instances." },
    "consistencyLevel": { "kind": "parameter", "displayName": "Consistency Level", "group": "common", "label": "common", "required": false, "type": "object", "javaType": "com.azure.cosmos.ConsistencyLevel", "enum": [ "Strong", "BoundedStaleness", "Session", "Eventual", "ConsistentPrefix" ], "deprecated": false, "autowired": false, "secret": false, "defaultValue": "SESSION", "configurationClass": "org.apache.camel.component.azure.cosmosdb.CosmosDbConfiguration", "configurationField": "configuration", "description": "Sets the consistency levels supported for Azure Cosmos DB client operations in the Azure Cosmos DB service. The requested ConsistencyLevel must match or be weaker than that provisioned for the database account. Consistency levels by order of strength are STRONG, BOUNDED_STALENESS, SESSION and EVENTUAL. Refer to consistency level documentation for additional details: https:\/\/docs.microsoft.com\/en-us\/azure\/cosmos-db\/consistency-levels" },
    "containerPartitionKeyPath": { "kind": "parameter", "displayName": "Container Partition Key Path", "group": "common", "label": "common", "required": false, "type": "string", "javaType": "java.lang.String", "deprecated": false, "autowired": false, "secret": false, "configurationClass": "org.apache.camel.component.azure.cosmosdb.CosmosDbConfiguration", "configurationField": "configuration", "description": "Sets the container partition key path." },
    "contentResponseOnWriteEnabled": { "kind": "parameter", "displayName": "Content Response On Write Enabled", "group": "common", "label": "common", "required": false, "type": "boolean", "javaType": "boolean", "deprecated": false, "autowired": false, "secret": false, "defaultValue": true, "configurationClass": "org.apache.camel.component.azure.cosmosdb.CosmosDbConfiguration", "configurationField": "configuration", "description": "Sets the boolean to only return the headers and status code in Cosmos DB response in case of Create, Update and Delete operations on CosmosItem. In Consumer, it is enabled by default because of the ChangeFeed in the consumer that needs this flag to be enabled and thus is shouldn't be overridden. In Producer, it advised to disable it since it reduces the network overhead" },
    "cosmosAsyncClient": { "kind": "parameter", "displayName": "Cosmos Async Client", "group": "common", "label": "common", "required": false, "type": "object", "javaType": "com.azure.cosmos.CosmosAsyncClient", "deprecated": false, "deprecationNote": "", "autowired": true, "secret": false, "configurationClass": "org.apache.camel.component.azure.cosmosdb.CosmosDbConfiguration", "configurationField": "configuration", "description": "Inject an external CosmosAsyncClient into the component which provides a client-side logical representation of the Azure Cosmos DB service. This asynchronous client is used to configure and execute requests against the service." },
    "createContainerIfNotExists": { "kind": "parameter", "displayName": "Create Container If Not Exists", "group": "common", "label": "common", "required": false, "type": "boolean", "javaType": "boolean", "deprecated": false, "autowired": false, "secret": false, "defaultValue": false, "configurationClass": "org.apache.camel.component.azure.cosmosdb.CosmosDbConfiguration", "configurationField": "configuration", "description": "Sets if the component should create Cosmos container automatically in case it doesn't exist in Cosmos database" },
    "createDatabaseIfNotExists": { "kind": "parameter", "displayName": "Create Database If Not Exists", "group": "common", "label": "common", "required": false, "type": "boolean", "javaType": "boolean", "deprecated": false, "autowired": false, "secret": false, "defaultValue": false, "configurationClass": "org.apache.camel.component.azure.cosmosdb.CosmosDbConfiguration", "configurationField": "configuration", "description": "Sets if the component should create Cosmos database automatically in case it doesn't exist in Cosmos account" },
    "databaseEndpoint": { "kind": "parameter", "displayName": "Database Endpoint", "group": "common", "label": "common", "required": true, "type": "string", "javaType": "java.lang.String", "deprecated": false, "deprecationNote": "", "autowired": false, "secret": false, "configurationClass": "org.apache.camel.component.azure.cosmosdb.CosmosDbConfiguration", "configurationField": "configuration", "description": "Sets the Azure Cosmos database endpoint the component will connect to." },
    "multipleWriteRegionsEnabled": { "kind": "parameter", "displayName": "Multiple Write Regions Enabled", "group": "common", "label": "common", "required": false, "type": "boolean", "javaType": "boolean", "deprecated": false, "autowired": false, "secret": false, "defaultValue": true, "configurationClass": "org.apache.camel.component.azure.cosmosdb.CosmosDbConfiguration", "configurationField": "configuration", "description": "Sets the flag to enable writes on any regions for geo-replicated database accounts in the Azure Cosmos DB service. When the value of this property is true, the SDK will direct write operations to available writable regions of geo-replicated database account. Writable regions are ordered by PreferredRegions property. Setting the property value to true has no effect until EnableMultipleWriteRegions in DatabaseAccount is also set to true. DEFAULT value is true indicating that writes are directed to available writable regions of geo-replicated database account." },
    "preferredRegions": { "kind": "parameter", "displayName": "Preferred Regions", "group": "common", "label": "common", "required": false, "type": "string", "javaType": "java.lang.String", "deprecated": false, "autowired": false, "secret": false, "configurationClass": "org.apache.camel.component.azure.cosmosdb.CosmosDbConfiguration", "configurationField": "configuration", "description": "Sets the comma separated preferred regions for geo-replicated database accounts. For example, East US as the preferred region. When EnableEndpointDiscovery is true and PreferredRegions is non-empty, the SDK will prefer to use the regions in the container in the order they are specified to perform operations." },
    "readRequestsFallbackEnabled": { "kind": "parameter", "displayName": "Read Requests Fallback Enabled", "group": "common", "label": "common", "required": false, "type": "boolean", "javaType": "boolean", "deprecated": false, "autowired": false, "secret": false, "defaultValue": true, "configurationClass": "org.apache.camel.component.azure.cosmosdb.CosmosDbConfiguration", "configurationField": "configuration", "description": "Sets whether to allow for reads to go to multiple regions configured on an account of Azure Cosmos DB service. DEFAULT value is true. If this property is not set, the default is true for all Consistency Levels other than Bounded Staleness, The default is false for Bounded Staleness. 1. endpointDiscoveryEnabled is true 2. the Azure Cosmos DB account has more than one region" },
    "throughputProperties": { "kind": "parameter", "displayName": "Throughput Properties", "group": "common", "label": "common", "required": false, "type": "object", "javaType": "com.azure.cosmos.models.ThroughputProperties", "deprecated": false, "autowired": false, "secret": false, "configurationClass": "org.apache.camel.component.azure.cosmosdb.CosmosDbConfiguration", "configurationField": "configuration", "description": "Sets throughput of the resources in the Azure Cosmos DB service." },
    "changeFeedProcessorOptions": { "kind": "parameter", "displayName": "Change Feed Processor Options", "group": "consumer", "label": "consumer", "required": false, "type": "object", "javaType": "com.azure.cosmos.models.ChangeFeedProcessorOptions", "deprecated": false, "autowired": false, "secret": false, "configurationClass": "org.apache.camel.component.azure.cosmosdb.CosmosDbConfiguration", "configurationField": "configuration", "description": "Sets the ChangeFeedProcessorOptions to be used. Unless specifically set the default values that will be used are: maximum items per page or FeedResponse: 100 lease renew interval: 17 seconds lease acquire interval: 13 seconds lease expiration interval: 60 seconds feed poll delay: 5 seconds maximum scale count: unlimited" },
    "createLeaseContainerIfNotExists": { "kind": "parameter", "displayName": "Create Lease Container If Not Exists", "group": "consumer", "label": "consumer", "required": false, "type": "boolean", "javaType": "boolean", "deprecated": false, "autowired": false, "secret": false, "defaultValue": false, "configurationClass": "org.apache.camel.component.azure.cosmosdb.CosmosDbConfiguration", "configurationField": "configuration", "description": "Sets if the component should create Cosmos lease container for the consumer automatically in case it doesn't exist in Cosmos database" },
    "createLeaseDatabaseIfNotExists": { "kind": "parameter", "displayName": "Create Lease Database If Not Exists", "group": "consumer", "label": "consumer", "required": false, "type": "boolean", "javaType": "boolean", "deprecated": false, "autowired": false, "secret": false, "defaultValue": false, "configurationClass": "org.apache.camel.component.azure.cosmosdb.CosmosDbConfiguration", "configurationField": "configuration", "description": "Sets if the component should create Cosmos lease database for the consumer automatically in case it doesn't exist in Cosmos account" },
    "hostName": { "kind": "parameter", "displayName": "Host Name", "group": "consumer", "label": "consumer", "required": false, "type": "string", "javaType": "java.lang.String", "deprecated": false, "autowired": false, "secret": false, "configurationClass": "org.apache.camel.component.azure.cosmosdb.CosmosDbConfiguration", "configurationField": "configuration", "description": "Sets the hostname. The host: a host is an application instance that uses the change feed processor to listen for changes. Multiple instances with the same lease configuration can run in parallel, but each instance should have a different instance name. If not specified, this will be a generated random hostname." },
    "leaseContainerName": { "kind": "parameter", "displayName": "Lease Container Name", "group": "consumer", "label": "consumer", "required": false, "type": "string", "javaType": "java.lang.String", "deprecated": false, "autowired": false, "secret": false, "defaultValue": "camel-lease", "configurationClass": "org.apache.camel.component.azure.cosmosdb.CosmosDbConfiguration", "configurationField": "configuration", "description": "Sets the lease container which acts as a state storage and coordinates processing the change feed across multiple workers. The lease container can be stored in the same account as the monitored container or in a separate account. It will be auto created if createLeaseContainerIfNotExists is set to true." },
    "leaseDatabaseName": { "kind": "parameter", "displayName": "Lease Database Name", "group": "consumer", "label": "consumer", "required": false, "type": "string", "javaType": "java.lang.String", "deprecated": false, "autowired": false, "secret": false, "configurationClass": "org.apache.camel.component.azure.cosmosdb.CosmosDbConfiguration", "configurationField": "configuration", "description": "Sets the lease database where the leaseContainerName will be stored. If it is not specified, this component will store the lease container in the same database that is specified in databaseName. It will be auto created if createLeaseDatabaseIfNotExists is set to true." },
    "bridgeErrorHandler": { "kind": "parameter", "displayName": "Bridge Error Handler", "group": "consumer (advanced)", "label": "consumer,advanced", "required": false, "type": "boolean", "javaType": "boolean", "deprecated": false, "autowired": false, "secret": false, "defaultValue": false, "description": "Allows for bridging the consumer to the Camel routing Error Handler, which mean any exceptions occurred while the consumer is trying to pickup incoming messages, or the likes, will now be processed as a message and handled by the routing Error Handler. By default the consumer will use the org.apache.camel.spi.ExceptionHandler to deal with exceptions, that will be logged at WARN or ERROR level and ignored." },
    "exceptionHandler": { "kind": "parameter", "displayName": "Exception Handler", "group": "consumer (advanced)", "label": "consumer,advanced", "required": false, "type": "object", "javaType": "org.apache.camel.spi.ExceptionHandler", "optionalPrefix": "consumer.", "deprecated": false, "autowired": false, "secret": false, "description": "To let the consumer use a custom ExceptionHandler. Notice if the option bridgeErrorHandler is enabled then this option is not in use. By default the consumer will deal with exceptions, that will be logged at WARN or ERROR level and ignored." },
    "exchangePattern": { "kind": "parameter", "displayName": "Exchange Pattern", "group": "consumer (advanced)", "label": "consumer,advanced", "required": false, "type": "object", "javaType": "org.apache.camel.ExchangePattern", "enum": [ "InOnly", "InOut", "InOptionalOut" ], "deprecated": false, "autowired": false, "secret": false, "description": "Sets the exchange pattern when the consumer creates an exchange." },
    "itemId": { "kind": "parameter", "displayName": "Item Id", "group": "producer", "label": "producer", "required": false, "type": "string", "javaType": "java.lang.String", "deprecated": false, "autowired": false, "secret": false, "configurationClass": "org.apache.camel.component.azure.cosmosdb.CosmosDbConfiguration", "configurationField": "configuration", "description": "Sets the itemId in case needed for operation on item like delete, replace" },
    "itemPartitionKey": { "kind": "parameter", "displayName": "Item Partition Key", "group": "producer", "label": "producer", "required": false, "type": "object", "javaType": "com.azure.cosmos.models.PartitionKey", "deprecated": false, "autowired": false, "secret": false, "configurationClass": "org.apache.camel.component.azure.cosmosdb.CosmosDbConfiguration", "configurationField": "configuration", "description": "Sets partition key. Represents a partition key value in the Azure Cosmos DB database service. A partition key identifies the partition where the item is stored in." },
    "operation": { "kind": "parameter", "displayName": "Operation", "group": "producer", "label": "producer", "required": false, "type": "object", "javaType": "org.apache.camel.component.azure.cosmosdb.CosmosDbOperationsDefinition", "enum": [ "listDatabases", "createDatabase", "queryDatabases", "deleteDatabase", "createContainer", "replaceDatabaseThroughput", "listContainers", "queryContainers", "deleteContainer", "replaceContainerThroughput", "createItem", "upsertItem", "deleteItem", "replaceItem", "readItem", "readAllItems", "queryItems" ], "deprecated": false, "autowired": false, "secret": false, "defaultValue": "listDatabases", "configurationClass": "org.apache.camel.component.azure.cosmosdb.CosmosDbConfiguration", "configurationField": "configuration", "description": "The CosmosDB operation that can be used with this component on the producer." },
    "query": { "kind": "parameter", "displayName": "Query", "group": "producer", "label": "producer", "required": false, "type": "string", "javaType": "java.lang.String", "deprecated": false, "autowired": false, "secret": false, "configurationClass": "org.apache.camel.component.azure.cosmosdb.CosmosDbConfiguration", "configurationField": "configuration", "description": "An SQL query to execute on a given resources. To learn more about Cosmos SQL API, check this link {link https:\/\/docs.microsoft.com\/en-us\/azure\/cosmos-db\/sql-query-getting-started}" },
    "queryRequestOptions": { "kind": "parameter", "displayName": "Query Request Options", "group": "producer", "label": "producer", "required": false, "type": "object", "javaType": "com.azure.cosmos.models.CosmosQueryRequestOptions", "deprecated": false, "autowired": false, "secret": false, "configurationClass": "org.apache.camel.component.azure.cosmosdb.CosmosDbConfiguration", "configurationField": "configuration", "description": "Set additional QueryRequestOptions that can be used with queryItems, queryContainers, queryDatabases, listDatabases, listItems, listContainers operations" },
    "lazyStartProducer": { "kind": "parameter", "displayName": "Lazy Start Producer", "group": "producer (advanced)", "label": "producer,advanced", "required": false, "type": "boolean", "javaType": "boolean", "deprecated": false, "autowired": false, "secret": false, "defaultValue": false, "description": "Whether the producer should be started lazy (on the first message). By starting lazy you can use this to allow CamelContext and routes to startup in situations where a producer may otherwise fail during starting and cause the route to fail being started. By deferring this startup to be lazy then the startup failure can be handled during routing messages via Camel's routing error handlers. Beware that when the first message is processed then creating and starting the producer may take a little time and prolong the total processing time of the processing." },
    "accountKey": { "kind": "parameter", "displayName": "Account Key", "group": "security", "label": "security", "required": true, "type": "string", "javaType": "java.lang.String", "deprecated": false, "deprecationNote": "", "autowired": false, "secret": true, "configurationClass": "org.apache.camel.component.azure.cosmosdb.CosmosDbConfiguration", "configurationField": "configuration", "description": "Sets either a master or readonly key used to perform authentication for accessing resource." }
  }
}
