{
  "component": {
    "kind": "component",
    "name": "corda",
    "title": "Corda",
    "description": "Perform operations against Corda blockchain platform using corda-rpc library.",
    "deprecated": false,
    "firstVersion": "2.23.0",
    "label": "blockchain,rpc",
    "javaType": "org.apache.camel.component.corda.CordaComponent",
    "supportLevel": "Stable",
    "groupId": "org.apache.camel",
    "artifactId": "camel-corda",
    "version": "3.19.0-SNAPSHOT",
    "scheme": "corda",
    "extendsScheme": "",
    "syntax": "corda:node",
    "async": false,
    "api": false,
    "consumerOnly": false,
    "producerOnly": false,
    "lenientProperties": false
  },
  "componentProperties": {
    "configuration": { "kind": "property", "displayName": "Configuration", "group": "common", "label": "", "required": false, "type": "object", "javaType": "org.apache.camel.component.corda.CordaConfiguration", "deprecated": false, "autowired": false, "secret": false, "description": "To use a shared configuration." },
    "bridgeErrorHandler": { "kind": "property", "displayName": "Bridge Error Handler", "group": "consumer", "label": "consumer", "required": false, "type": "boolean", "javaType": "boolean", "deprecated": false, "autowired": false, "secret": false, "defaultValue": false, "description": "Allows for bridging the consumer to the Camel routing Error Handler, which mean any exceptions occurred while the consumer is trying to pickup incoming messages, or the likes, will now be processed as a message and handled by the routing Error Handler. By default the consumer will use the org.apache.camel.spi.ExceptionHandler to deal with exceptions, that will be logged at WARN or ERROR level and ignored." },
    "pageSpecification": { "kind": "property", "displayName": "Page Specification", "group": "consumer", "label": "consumer", "required": false, "type": "object", "javaType": "net.corda.core.node.services.vault.PageSpecification", "deprecated": false, "autowired": false, "secret": false, "defaultValue": "200", "configurationClass": "org.apache.camel.component.corda.CordaConfiguration", "configurationField": "configuration", "description": "PageSpecification allows specification of a page number (starting from 1) and page size (defaulting to 200 with a maximum page size of (Integer.MAX_INT) Note: we default the page number to 200 to enable queries without requiring a page specification but enabling detection of large results sets that fall out of the 200 requirement. Max page size should be used with extreme caution as results may exceed your JVM memory footprint." },
    "processSnapshot": { "kind": "property", "displayName": "Process Snapshot", "group": "consumer", "label": "consumer", "required": false, "type": "boolean", "javaType": "boolean", "deprecated": false, "autowired": false, "secret": false, "defaultValue": true, "configurationClass": "org.apache.camel.component.corda.CordaConfiguration", "configurationField": "configuration", "description": "Whether to process snapshots or not" },
    "sort": { "kind": "property", "displayName": "Sort", "group": "consumer", "label": "consumer", "required": false, "type": "object", "javaType": "net.corda.core.node.services.vault.Sort", "enum": [ "ASC", "DESC" ], "deprecated": false, "autowired": false, "secret": false, "configurationClass": "org.apache.camel.component.corda.CordaConfiguration", "configurationField": "configuration", "description": "Sort allows specification of a set of entity attribute names and their associated directionality and null handling, to be applied upon processing a query specification." },
    "contractStateClass": { "kind": "property", "displayName": "Contract State Class", "group": "consumer (advanced)", "label": "consumer,advanced", "required": false, "type": "string", "javaType": "java.lang.Class<net.corda.core.contracts.ContractState>", "deprecated": false, "autowired": false, "secret": false, "configurationClass": "org.apache.camel.component.corda.CordaConfiguration", "configurationField": "configuration", "description": "A contract state (or just state) contains opaque data used by a contract program. It can be thought of as a disk file that the program can use to persist data across transactions. States are immutable: once created they are never updated, instead, any changes must generate a new successor state. States can be updated (consumed) only once: the notary is responsible for ensuring there is no double spending by only signing a transaction if the input states are all free." },
    "flowLogicArguments": { "kind": "property", "displayName": "Flow Logic Arguments", "group": "consumer (advanced)", "label": "consumer,advanced", "required": false, "type": "array", "javaType": "java.lang.Object[]", "deprecated": false, "autowired": false, "secret": false, "configurationClass": "org.apache.camel.component.corda.CordaConfiguration", "configurationField": "configuration", "description": "Start the given flow with the given arguments, returning an Observable with a single observation of the result of running the flow. The flowLogicClass must be annotated with net.corda.core.flows.StartableByRPC." },
    "flowLogicClass": { "kind": "property", "displayName": "Flow Logic Class", "group": "consumer (advanced)", "label": "consumer,advanced", "required": false, "type": "string", "javaType": "java.lang.Class<net.corda.core.flows.FlowLogic<java.lang.Object>>", "deprecated": false, "autowired": false, "secret": false, "configurationClass": "org.apache.camel.component.corda.CordaConfiguration", "configurationField": "configuration", "description": "Start the given flow with the given arguments, returning an Observable with a single observation of the result of running the flow. The flowLogicClass must be annotated with net.corda.core.flows.StartableByRPC." },
    "queryCriteria": { "kind": "property", "displayName": "Query Criteria", "group": "consumer (advanced)", "label": "consumer,advanced", "required": false, "type": "object", "javaType": "net.corda.core.node.services.vault.QueryCriteria", "deprecated": false, "autowired": false, "secret": false, "configurationClass": "org.apache.camel.component.corda.CordaConfiguration", "configurationField": "configuration", "description": "QueryCriteria assumes underlying schema tables are correctly indexed for performance." },
    "lazyStartProducer": { "kind": "property", "displayName": "Lazy Start Producer", "group": "producer", "label": "producer", "required": false, "type": "boolean", "javaType": "boolean", "deprecated": false, "autowired": false, "secret": false, "defaultValue": false, "description": "Whether the producer should be started lazy (on the first message). By starting lazy you can use this to allow CamelContext and routes to startup in situations where a producer may otherwise fail during starting and cause the route to fail being started. By deferring this startup to be lazy then the startup failure can be handled during routing messages via Camel's routing error handlers. Beware that when the first message is processed then creating and starting the producer may take a little time and prolong the total processing time of the processing." },
    "operation": { "kind": "property", "displayName": "Operation", "group": "producer", "label": "producer", "required": false, "type": "string", "javaType": "java.lang.String", "deprecated": false, "autowired": false, "secret": false, "configurationClass": "org.apache.camel.component.corda.CordaConfiguration", "configurationField": "configuration", "description": "Operation to use" },
    "autowiredEnabled": { "kind": "property", "displayName": "Autowired Enabled", "group": "advanced", "label": "advanced", "required": false, "type": "boolean", "javaType": "boolean", "deprecated": false, "autowired": false, "secret": false, "defaultValue": true, "description": "Whether autowiring is enabled. This is used for automatic autowiring options (the option must be marked as autowired) by looking up in the registry to find if there is a single instance of matching type, which then gets configured on the component. This can be used for automatic configuring JDBC data sources, JMS connection factories, AWS Clients, etc." },
    "password": { "kind": "property", "displayName": "Password", "group": "security", "label": "security", "required": false, "type": "string", "javaType": "java.lang.String", "deprecated": false, "autowired": false, "secret": true, "configurationClass": "org.apache.camel.component.corda.CordaConfiguration", "configurationField": "configuration", "description": "Password for login" },
    "username": { "kind": "property", "displayName": "Username", "group": "security", "label": "security", "required": false, "type": "string", "javaType": "java.lang.String", "deprecated": false, "autowired": false, "secret": true, "configurationClass": "org.apache.camel.component.corda.CordaConfiguration", "configurationField": "configuration", "description": "Username for login" }
  },
  "headers": {
    "OPERATION": { "kind": "header", "displayName": "", "group": "producer", "label": "producer", "required": false, "javaType": "String", "deprecated": false, "deprecationNote": "", "autowired": false, "secret": false, "description": "The operation to perform", "constantName": "org.apache.camel.component.corda.CordaConstants#OPERATION" },
    "ATTACHMENT_QUERY_CRITERIA": { "kind": "header", "displayName": "", "group": "producer", "label": "producer", "required": false, "javaType": "net.corda.core.node.services.vault.AttachmentQueryCriteria", "deprecated": false, "deprecationNote": "", "autowired": false, "secret": false, "description": "The attachment query criteria", "constantName": "org.apache.camel.component.corda.CordaConstants#ATTACHMENT_QUERY_CRITERIA" },
    "SORT": { "kind": "header", "displayName": "", "group": "producer", "label": "producer", "required": false, "javaType": "", "deprecated": false, "deprecationNote": "", "autowired": false, "secret": false, "description": "The sort", "constantName": "org.apache.camel.component.corda.CordaConstants#SORT" },
    "EXACT_MATCH": { "kind": "header", "displayName": "", "group": "producer", "label": "producer", "required": false, "javaType": "Boolean", "deprecated": false, "deprecationNote": "", "autowired": false, "secret": false, "description": "If true, a case sensitive match is done against each component of each X.500 name.", "constantName": "org.apache.camel.component.corda.CordaConstants#EXACT_MATCH" },
    "ARGUMENTS": { "kind": "header", "displayName": "", "group": "producer", "label": "producer", "required": false, "javaType": "Object[]", "deprecated": false, "deprecationNote": "", "autowired": false, "secret": false, "description": "The arguments.", "constantName": "org.apache.camel.component.corda.CordaConstants#ARGUMENTS" },
    "DRAINING_MODE": { "kind": "header", "displayName": "", "group": "producer", "label": "producer", "required": false, "javaType": "Boolean", "deprecated": false, "deprecationNote": "", "autowired": false, "secret": false, "description": "The value of the node's flows draining mode.", "constantName": "org.apache.camel.component.corda.CordaConstants#DRAINING_MODE" },
    "SECURE_HASH": { "kind": "header", "displayName": "", "group": "producer", "label": "producer", "required": false, "javaType": "net.corda.core.crypto.SecureHash", "deprecated": false, "deprecationNote": "", "autowired": false, "secret": false, "description": "Container for a cryptographically secure hash value.", "constantName": "org.apache.camel.component.corda.CordaConstants#SECURE_HASH" },
    "QUERY_CRITERIA": { "kind": "header", "displayName": "", "group": "producer", "label": "producer", "required": false, "javaType": "net.corda.core.node.services.vault.QueryCriteria", "deprecated": false, "deprecationNote": "", "autowired": false, "secret": false, "description": "The query criteria.", "constantName": "org.apache.camel.component.corda.CordaConstants#QUERY_CRITERIA" },
    "PAGE_SPECIFICATION": { "kind": "header", "displayName": "", "group": "producer", "label": "producer", "required": false, "javaType": "net.corda.core.node.services.vault.PageSpecification", "deprecated": false, "deprecationNote": "", "autowired": false, "secret": false, "description": "The PageSpecification allows specification of a page number and page size", "constantName": "org.apache.camel.component.corda.CordaConstants#PAGE_SPECIFICATION" }
  },
  "properties": {
    "node": { "kind": "path", "displayName": "Node", "group": "common", "label": "", "required": true, "type": "string", "javaType": "java.lang.String", "deprecated": false, "deprecationNote": "", "autowired": false, "secret": false, "configurationClass": "org.apache.camel.component.corda.CordaConfiguration", "configurationField": "configuration", "description": "The url for the corda node" },
    "pageSpecification": { "kind": "parameter", "displayName": "Page Specification", "group": "consumer", "label": "consumer", "required": false, "type": "object", "javaType": "net.corda.core.node.services.vault.PageSpecification", "deprecated": false, "autowired": false, "secret": false, "defaultValue": "200", "configurationClass": "org.apache.camel.component.corda.CordaConfiguration", "configurationField": "configuration", "description": "PageSpecification allows specification of a page number (starting from 1) and page size (defaulting to 200 with a maximum page size of (Integer.MAX_INT) Note: we default the page number to 200 to enable queries without requiring a page specification but enabling detection of large results sets that fall out of the 200 requirement. Max page size should be used with extreme caution as results may exceed your JVM memory footprint." },
    "processSnapshot": { "kind": "parameter", "displayName": "Process Snapshot", "group": "consumer", "label": "consumer", "required": false, "type": "boolean", "javaType": "boolean", "deprecated": false, "autowired": false, "secret": false, "defaultValue": true, "configurationClass": "org.apache.camel.component.corda.CordaConfiguration", "configurationField": "configuration", "description": "Whether to process snapshots or not" },
    "sort": { "kind": "parameter", "displayName": "Sort", "group": "consumer", "label": "consumer", "required": false, "type": "object", "javaType": "net.corda.core.node.services.vault.Sort", "enum": [ "ASC", "DESC" ], "deprecated": false, "autowired": false, "secret": false, "configurationClass": "org.apache.camel.component.corda.CordaConfiguration", "configurationField": "configuration", "description": "Sort allows specification of a set of entity attribute names and their associated directionality and null handling, to be applied upon processing a query specification." },
    "bridgeErrorHandler": { "kind": "parameter", "displayName": "Bridge Error Handler", "group": "consumer (advanced)", "label": "consumer,advanced", "required": false, "type": "boolean", "javaType": "boolean", "deprecated": false, "autowired": false, "secret": false, "defaultValue": false, "description": "Allows for bridging the consumer to the Camel routing Error Handler, which mean any exceptions occurred while the consumer is trying to pickup incoming messages, or the likes, will now be processed as a message and handled by the routing Error Handler. By default the consumer will use the org.apache.camel.spi.ExceptionHandler to deal with exceptions, that will be logged at WARN or ERROR level and ignored." },
    "contractStateClass": { "kind": "parameter", "displayName": "Contract State Class", "group": "consumer (advanced)", "label": "consumer,advanced", "required": false, "type": "string", "javaType": "java.lang.Class<net.corda.core.contracts.ContractState>", "deprecated": false, "autowired": false, "secret": false, "configurationClass": "org.apache.camel.component.corda.CordaConfiguration", "configurationField": "configuration", "description": "A contract state (or just state) contains opaque data used by a contract program. It can be thought of as a disk file that the program can use to persist data across transactions. States are immutable: once created they are never updated, instead, any changes must generate a new successor state. States can be updated (consumed) only once: the notary is responsible for ensuring there is no double spending by only signing a transaction if the input states are all free." },
    "exceptionHandler": { "kind": "parameter", "displayName": "Exception Handler", "group": "consumer (advanced)", "label": "consumer,advanced", "required": false, "type": "object", "javaType": "org.apache.camel.spi.ExceptionHandler", "optionalPrefix": "consumer.", "deprecated": false, "autowired": false, "secret": false, "description": "To let the consumer use a custom ExceptionHandler. Notice if the option bridgeErrorHandler is enabled then this option is not in use. By default the consumer will deal with exceptions, that will be logged at WARN or ERROR level and ignored." },
    "exchangePattern": { "kind": "parameter", "displayName": "Exchange Pattern", "group": "consumer (advanced)", "label": "consumer,advanced", "required": false, "type": "object", "javaType": "org.apache.camel.ExchangePattern", "enum": [ "InOnly", "InOut", "InOptionalOut" ], "deprecated": false, "autowired": false, "secret": false, "description": "Sets the exchange pattern when the consumer creates an exchange." },
    "flowLogicArguments": { "kind": "parameter", "displayName": "Flow Logic Arguments", "group": "consumer (advanced)", "label": "consumer,advanced", "required": false, "type": "array", "javaType": "java.lang.Object[]", "deprecated": false, "autowired": false, "secret": false, "configurationClass": "org.apache.camel.component.corda.CordaConfiguration", "configurationField": "configuration", "description": "Start the given flow with the given arguments, returning an Observable with a single observation of the result of running the flow. The flowLogicClass must be annotated with net.corda.core.flows.StartableByRPC." },
    "flowLogicClass": { "kind": "parameter", "displayName": "Flow Logic Class", "group": "consumer (advanced)", "label": "consumer,advanced", "required": false, "type": "string", "javaType": "java.lang.Class<net.corda.core.flows.FlowLogic<java.lang.Object>>", "deprecated": false, "autowired": false, "secret": false, "configurationClass": "org.apache.camel.component.corda.CordaConfiguration", "configurationField": "configuration", "description": "Start the given flow with the given arguments, returning an Observable with a single observation of the result of running the flow. The flowLogicClass must be annotated with net.corda.core.flows.StartableByRPC." },
    "queryCriteria": { "kind": "parameter", "displayName": "Query Criteria", "group": "consumer (advanced)", "label": "consumer,advanced", "required": false, "type": "object", "javaType": "net.corda.core.node.services.vault.QueryCriteria", "deprecated": false, "autowired": false, "secret": false, "configurationClass": "org.apache.camel.component.corda.CordaConfiguration", "configurationField": "configuration", "description": "QueryCriteria assumes underlying schema tables are correctly indexed for performance." },
    "operation": { "kind": "parameter", "displayName": "Operation", "group": "producer", "label": "producer", "required": false, "type": "string", "javaType": "java.lang.String", "deprecated": false, "autowired": false, "secret": false, "configurationClass": "org.apache.camel.component.corda.CordaConfiguration", "configurationField": "configuration", "description": "Operation to use" },
    "lazyStartProducer": { "kind": "parameter", "displayName": "Lazy Start Producer", "group": "producer (advanced)", "label": "producer,advanced", "required": false, "type": "boolean", "javaType": "boolean", "deprecated": false, "autowired": false, "secret": false, "defaultValue": false, "description": "Whether the producer should be started lazy (on the first message). By starting lazy you can use this to allow CamelContext and routes to startup in situations where a producer may otherwise fail during starting and cause the route to fail being started. By deferring this startup to be lazy then the startup failure can be handled during routing messages via Camel's routing error handlers. Beware that when the first message is processed then creating and starting the producer may take a little time and prolong the total processing time of the processing." },
    "password": { "kind": "parameter", "displayName": "Password", "group": "security", "label": "security", "required": false, "type": "string", "javaType": "java.lang.String", "deprecated": false, "autowired": false, "secret": true, "configurationClass": "org.apache.camel.component.corda.CordaConfiguration", "configurationField": "configuration", "description": "Password for login" },
    "username": { "kind": "parameter", "displayName": "Username", "group": "security", "label": "security", "required": false, "type": "string", "javaType": "java.lang.String", "deprecated": false, "autowired": false, "secret": true, "configurationClass": "org.apache.camel.component.corda.CordaConfiguration", "configurationField": "configuration", "description": "Username for login" }
  }
}
