{
  "component": {
    "kind": "component",
    "name": "dns",
    "title": "DNS",
    "description": "Perform DNS queries using DNSJava.",
    "deprecated": false,
    "firstVersion": "2.7.0",
    "label": "networking",
    "javaType": "org.apache.camel.component.dns.DnsComponent",
    "supportLevel": "Stable",
    "groupId": "org.apache.camel",
    "artifactId": "camel-dns",
    "version": "3.19.0-SNAPSHOT",
    "scheme": "dns",
    "extendsScheme": "",
    "syntax": "dns:dnsType",
    "async": false,
    "api": false,
    "consumerOnly": false,
    "producerOnly": true,
    "lenientProperties": false
  },
  "componentProperties": {
    "lazyStartProducer": { "kind": "property", "displayName": "Lazy Start Producer", "group": "producer", "label": "producer", "required": false, "type": "boolean", "javaType": "boolean", "deprecated": false, "autowired": false, "secret": false, "defaultValue": false, "description": "Whether the producer should be started lazy (on the first message). By starting lazy you can use this to allow CamelContext and routes to startup in situations where a producer may otherwise fail during starting and cause the route to fail being started. By deferring this startup to be lazy then the startup failure can be handled during routing messages via Camel's routing error handlers. Beware that when the first message is processed then creating and starting the producer may take a little time and prolong the total processing time of the processing." },
    "autowiredEnabled": { "kind": "property", "displayName": "Autowired Enabled", "group": "advanced", "label": "advanced", "required": false, "type": "boolean", "javaType": "boolean", "deprecated": false, "autowired": false, "secret": false, "defaultValue": true, "description": "Whether autowiring is enabled. This is used for automatic autowiring options (the option must be marked as autowired) by looking up in the registry to find if there is a single instance of matching type, which then gets configured on the component. This can be used for automatic configuring JDBC data sources, JMS connection factories, AWS Clients, etc." }
  },
  "headers": {
    "dns.class": { "kind": "header", "displayName": "", "group": "lookup dig", "label": "lookup dig", "required": false, "javaType": "String", "deprecated": false, "deprecationNote": "", "autowired": false, "secret": false, "description": "The DNS class of the lookup. Should match the values of org.xbill.dns.DClass. Optional.", "constantName": "org.apache.camel.component.dns.DnsConstants#DNS_CLASS" },
    "dns.name": { "kind": "header", "displayName": "", "group": "lookup", "label": "lookup", "required": true, "javaType": "String", "deprecated": false, "deprecationNote": "", "autowired": false, "secret": false, "description": "The name to lookup", "constantName": "org.apache.camel.component.dns.DnsConstants#DNS_NAME" },
    "dns.domain": { "kind": "header", "displayName": "", "group": "ip", "label": "ip", "required": true, "javaType": "String", "deprecated": false, "deprecationNote": "", "autowired": false, "secret": false, "description": "The domain name.", "constantName": "org.apache.camel.component.dns.DnsConstants#DNS_DOMAIN" },
    "dns.server": { "kind": "header", "displayName": "", "group": "dig", "label": "dig", "required": false, "javaType": "String", "deprecated": false, "deprecationNote": "", "autowired": false, "secret": false, "description": "The server in particular for the query. If none is given, the default one specified by the OS will be used. Optional.", "constantName": "org.apache.camel.component.dns.DnsConstants#DNS_SERVER" },
    "dns.type": { "kind": "header", "displayName": "", "group": "lookup dig", "label": "lookup dig", "required": false, "javaType": "String", "deprecated": false, "deprecationNote": "", "autowired": false, "secret": false, "description": "The type of the lookup. Should match the values of org.xbill.dns.Type. Optional.", "constantName": "org.apache.camel.component.dns.DnsConstants#DNS_TYPE" },
    "term": { "kind": "header", "displayName": "", "group": "wikipedia", "label": "wikipedia", "required": true, "javaType": "", "deprecated": false, "deprecationNote": "", "autowired": false, "secret": false, "description": "The term", "constantName": "org.apache.camel.component.dns.DnsConstants#TERM" }
  },
  "properties": {
    "dnsType": { "kind": "path", "displayName": "Dns Type", "group": "producer", "label": "", "required": true, "type": "object", "javaType": "org.apache.camel.component.dns.DnsType", "enum": [ "dig", "ip", "lookup", "wikipedia" ], "deprecated": false, "deprecationNote": "", "autowired": false, "secret": false, "description": "The type of the lookup." },
    "lazyStartProducer": { "kind": "parameter", "displayName": "Lazy Start Producer", "group": "producer (advanced)", "label": "producer,advanced", "required": false, "type": "boolean", "javaType": "boolean", "deprecated": false, "autowired": false, "secret": false, "defaultValue": false, "description": "Whether the producer should be started lazy (on the first message). By starting lazy you can use this to allow CamelContext and routes to startup in situations where a producer may otherwise fail during starting and cause the route to fail being started. By deferring this startup to be lazy then the startup failure can be handled during routing messages via Camel's routing error handlers. Beware that when the first message is processed then creating and starting the producer may take a little time and prolong the total processing time of the processing." }
  }
}
