{
  "component": {
    "kind": "component",
    "name": "freemarker",
    "title": "Freemarker",
    "description": "Transform messages using FreeMarker templates.",
    "deprecated": false,
    "firstVersion": "2.10.0",
    "label": "transformation",
    "javaType": "org.apache.camel.component.freemarker.FreemarkerComponent",
    "supportLevel": "Stable",
    "groupId": "org.apache.camel",
    "artifactId": "camel-freemarker",
    "version": "3.19.0-SNAPSHOT",
    "scheme": "freemarker",
    "extendsScheme": "",
    "syntax": "freemarker:resourceUri",
    "async": false,
    "api": false,
    "consumerOnly": false,
    "producerOnly": true,
    "lenientProperties": false
  },
  "componentProperties": {
    "allowContextMapAll": { "kind": "property", "displayName": "Allow Context Map All", "group": "producer", "label": "", "required": false, "type": "boolean", "javaType": "boolean", "deprecated": false, "autowired": false, "secret": false, "defaultValue": false, "description": "Sets whether the context map should allow access to all details. By default only the message body and headers can be accessed. This option can be enabled for full access to the current Exchange and CamelContext. Doing so impose a potential security risk as this opens access to the full power of CamelContext API." },
    "allowTemplateFromHeader": { "kind": "property", "displayName": "Allow Template From Header", "group": "producer", "label": "", "required": false, "type": "boolean", "javaType": "boolean", "deprecated": false, "autowired": false, "secret": false, "defaultValue": false, "description": "Whether to allow to use resource template from header or not (default false). Enabling this allows to specify dynamic templates via message header. However this can be seen as a potential security vulnerability if the header is coming from a malicious user, so use this with care." },
    "lazyStartProducer": { "kind": "property", "displayName": "Lazy Start Producer", "group": "producer", "label": "producer", "required": false, "type": "boolean", "javaType": "boolean", "deprecated": false, "autowired": false, "secret": false, "defaultValue": false, "description": "Whether the producer should be started lazy (on the first message). By starting lazy you can use this to allow CamelContext and routes to startup in situations where a producer may otherwise fail during starting and cause the route to fail being started. By deferring this startup to be lazy then the startup failure can be handled during routing messages via Camel's routing error handlers. Beware that when the first message is processed then creating and starting the producer may take a little time and prolong the total processing time of the processing." },
    "localizedLookup": { "kind": "property", "displayName": "Localized Lookup", "group": "producer", "label": "", "required": false, "type": "boolean", "javaType": "boolean", "deprecated": false, "autowired": false, "secret": false, "defaultValue": false, "description": "Enables\/disables localized template lookup. Disabled by default." },
    "autowiredEnabled": { "kind": "property", "displayName": "Autowired Enabled", "group": "advanced", "label": "advanced", "required": false, "type": "boolean", "javaType": "boolean", "deprecated": false, "autowired": false, "secret": false, "defaultValue": true, "description": "Whether autowiring is enabled. This is used for automatic autowiring options (the option must be marked as autowired) by looking up in the registry to find if there is a single instance of matching type, which then gets configured on the component. This can be used for automatic configuring JDBC data sources, JMS connection factories, AWS Clients, etc." },
    "configuration": { "kind": "property", "displayName": "Configuration", "group": "advanced", "label": "advanced", "required": false, "type": "object", "javaType": "freemarker.template.Configuration", "deprecated": false, "autowired": false, "secret": false, "description": "To use an existing freemarker.template.Configuration instance as the configuration." }
  },
  "headers": {
    "CamelFreemarkerResourceUri": { "kind": "header", "displayName": "", "group": "producer", "label": "", "required": false, "javaType": "String", "deprecated": false, "deprecationNote": "", "autowired": false, "secret": false, "description": "A URI for the template resource to use instead of the endpoint configured.", "constantName": "org.apache.camel.component.freemarker.FreemarkerConstants#FREEMARKER_RESOURCE_URI" },
    "CamelFreemarkerTemplate": { "kind": "header", "displayName": "", "group": "producer", "label": "", "required": false, "javaType": "String", "deprecated": false, "deprecationNote": "", "autowired": false, "secret": false, "description": "The template to use instead of the endpoint configured.", "constantName": "org.apache.camel.component.freemarker.FreemarkerConstants#FREEMARKER_TEMPLATE" },
    "CamelFreemarkerDataModel": { "kind": "header", "displayName": "", "group": "producer", "label": "", "required": false, "javaType": "Object", "deprecated": false, "deprecationNote": "", "autowired": false, "secret": false, "description": "The data model", "constantName": "org.apache.camel.component.freemarker.FreemarkerConstants#FREEMARKER_DATA_MODEL" }
  },
  "properties": {
    "resourceUri": { "kind": "path", "displayName": "Resource Uri", "group": "producer", "label": "", "required": true, "type": "string", "javaType": "java.lang.String", "deprecated": false, "deprecationNote": "", "autowired": false, "secret": false, "description": "Path to the resource. You can prefix with: classpath, file, http, ref, or bean. classpath, file and http loads the resource using these protocols (classpath is default). ref will lookup the resource in the registry. bean will call a method on a bean to be used as the resource. For bean you can specify the method name after dot, eg bean:myBean.myMethod." },
    "allowContextMapAll": { "kind": "parameter", "displayName": "Allow Context Map All", "group": "producer", "label": "", "required": false, "type": "boolean", "javaType": "boolean", "deprecated": false, "autowired": false, "secret": false, "defaultValue": false, "description": "Sets whether the context map should allow access to all details. By default only the message body and headers can be accessed. This option can be enabled for full access to the current Exchange and CamelContext. Doing so impose a potential security risk as this opens access to the full power of CamelContext API." },
    "allowTemplateFromHeader": { "kind": "parameter", "displayName": "Allow Template From Header", "group": "producer", "label": "", "required": false, "type": "boolean", "javaType": "boolean", "deprecated": false, "autowired": false, "secret": false, "defaultValue": false, "description": "Whether to allow to use resource template from header or not (default false). Enabling this allows to specify dynamic templates via message header. However this can be seen as a potential security vulnerability if the header is coming from a malicious user, so use this with care." },
    "configuration": { "kind": "parameter", "displayName": "Configuration", "group": "producer", "label": "", "required": false, "type": "object", "javaType": "freemarker.template.Configuration", "deprecated": false, "autowired": false, "secret": false, "description": "Sets the Freemarker configuration to use" },
    "contentCache": { "kind": "parameter", "displayName": "Content Cache", "group": "producer", "label": "", "required": false, "type": "boolean", "javaType": "boolean", "deprecated": false, "autowired": false, "secret": false, "defaultValue": false, "description": "Sets whether to use resource content cache or not" },
    "encoding": { "kind": "parameter", "displayName": "Encoding", "group": "producer", "label": "", "required": false, "type": "string", "javaType": "java.lang.String", "deprecated": false, "autowired": false, "secret": false, "description": "Sets the encoding to be used for loading the template file." },
    "templateUpdateDelay": { "kind": "parameter", "displayName": "Template Update Delay", "group": "producer", "label": "", "required": false, "type": "integer", "javaType": "int", "deprecated": false, "autowired": false, "secret": false, "description": "Number of seconds the loaded template resource will remain in the cache." },
    "lazyStartProducer": { "kind": "parameter", "displayName": "Lazy Start Producer", "group": "producer (advanced)", "label": "producer,advanced", "required": false, "type": "boolean", "javaType": "boolean", "deprecated": false, "autowired": false, "secret": false, "defaultValue": false, "description": "Whether the producer should be started lazy (on the first message). By starting lazy you can use this to allow CamelContext and routes to startup in situations where a producer may otherwise fail during starting and cause the route to fail being started. By deferring this startup to be lazy then the startup failure can be handled during routing messages via Camel's routing error handlers. Beware that when the first message is processed then creating and starting the producer may take a little time and prolong the total processing time of the processing." }
  }
}
