{
  "component": {
    "kind": "component",
    "name": "google-storage",
    "title": "Google Storage",
    "description": "Store and retrieve objects from Google Cloud Storage Service using the google-cloud-storage library.",
    "deprecated": false,
    "firstVersion": "3.9.0",
    "label": "cloud",
    "javaType": "org.apache.camel.component.google.storage.GoogleCloudStorageComponent",
    "supportLevel": "Stable",
    "groupId": "org.apache.camel",
    "artifactId": "camel-google-storage",
    "version": "3.19.0-SNAPSHOT",
    "scheme": "google-storage",
    "extendsScheme": "",
    "syntax": "google-storage:bucketName",
    "async": false,
    "api": false,
    "consumerOnly": false,
    "producerOnly": false,
    "lenientProperties": false
  },
  "componentProperties": {
    "autoCreateBucket": { "kind": "property", "displayName": "Auto Create Bucket", "group": "common", "label": "common", "required": false, "type": "boolean", "javaType": "boolean", "deprecated": false, "autowired": false, "secret": false, "defaultValue": true, "configurationClass": "org.apache.camel.component.google.storage.GoogleCloudStorageConfiguration", "configurationField": "configuration", "description": "Setting the autocreation of the bucket bucketName." },
    "configuration": { "kind": "property", "displayName": "Configuration", "group": "common", "label": "", "required": false, "type": "object", "javaType": "org.apache.camel.component.google.storage.GoogleCloudStorageConfiguration", "deprecated": false, "autowired": false, "secret": false, "description": "The component configuration" },
    "serviceAccountKey": { "kind": "property", "displayName": "Service Account Key", "group": "common", "label": "common", "required": false, "type": "string", "javaType": "java.lang.String", "deprecated": false, "autowired": false, "secret": false, "configurationClass": "org.apache.camel.component.google.storage.GoogleCloudStorageConfiguration", "configurationField": "configuration", "description": "The Service account key that can be used as credentials for the Storage client. It can be loaded by default from classpath, but you can prefix with classpath:, file:, or http: to load the resource from different systems." },
    "storageClass": { "kind": "property", "displayName": "Storage Class", "group": "common", "label": "common", "required": false, "type": "object", "javaType": "com.google.cloud.storage.StorageClass", "deprecated": false, "autowired": false, "secret": false, "defaultValue": "STANDARD", "configurationClass": "org.apache.camel.component.google.storage.GoogleCloudStorageConfiguration", "configurationField": "configuration", "description": "The Cloud Storage class to use when creating the new buckets" },
    "storageClient": { "kind": "property", "displayName": "Storage Client", "group": "common", "label": "", "required": false, "type": "object", "javaType": "com.google.cloud.storage.Storage", "deprecated": false, "deprecationNote": "", "autowired": true, "secret": false, "configurationClass": "org.apache.camel.component.google.storage.GoogleCloudStorageConfiguration", "configurationField": "configuration", "description": "The storage client" },
    "storageLocation": { "kind": "property", "displayName": "Storage Location", "group": "common", "label": "common", "required": false, "type": "string", "javaType": "java.lang.String", "deprecated": false, "autowired": false, "secret": false, "defaultValue": "US-EAST1", "configurationClass": "org.apache.camel.component.google.storage.GoogleCloudStorageConfiguration", "configurationField": "configuration", "description": "The Cloud Storage location to use when creating the new buckets" },
    "bridgeErrorHandler": { "kind": "property", "displayName": "Bridge Error Handler", "group": "consumer", "label": "consumer", "required": false, "type": "boolean", "javaType": "boolean", "deprecated": false, "autowired": false, "secret": false, "defaultValue": false, "description": "Allows for bridging the consumer to the Camel routing Error Handler, which mean any exceptions occurred while the consumer is trying to pickup incoming messages, or the likes, will now be processed as a message and handled by the routing Error Handler. By default the consumer will use the org.apache.camel.spi.ExceptionHandler to deal with exceptions, that will be logged at WARN or ERROR level and ignored." },
    "deleteAfterRead": { "kind": "property", "displayName": "Delete After Read", "group": "consumer", "label": "consumer", "required": false, "type": "boolean", "javaType": "boolean", "deprecated": false, "autowired": false, "secret": false, "defaultValue": true, "configurationClass": "org.apache.camel.component.google.storage.GoogleCloudStorageConfiguration", "configurationField": "configuration", "description": "Delete objects from the bucket after they have been retrieved. The delete is only performed if the Exchange is committed. If a rollback occurs, the object is not deleted. If this option is false, then the same objects will be retrieve over and over again on the polls." },
    "destinationBucket": { "kind": "property", "displayName": "Destination Bucket", "group": "consumer", "label": "consumer", "required": false, "type": "string", "javaType": "java.lang.String", "deprecated": false, "autowired": false, "secret": false, "configurationClass": "org.apache.camel.component.google.storage.GoogleCloudStorageConfiguration", "configurationField": "configuration", "description": "Define the destination bucket where an object must be moved when moveAfterRead is set to true." },
    "downloadFileName": { "kind": "property", "displayName": "Download File Name", "group": "consumer", "label": "consumer", "required": false, "type": "string", "javaType": "java.lang.String", "deprecated": false, "autowired": false, "secret": false, "configurationClass": "org.apache.camel.component.google.storage.GoogleCloudStorageConfiguration", "configurationField": "configuration", "description": "The folder or filename to use when downloading the blob. By default, this specifies the folder name, and the name of the file is the blob name. For example, setting this to mydownload will be the same as setting mydownload\/${file:name}. You can use dynamic expressions for fine-grained control. For example, you can specify ${date:now:yyyyMMdd}\/${file:name} to store the blob in sub folders based on today's day. Only ${file:name} and ${file:name.noext} is supported as dynamic tokens for the blob name." },
    "filter": { "kind": "property", "displayName": "Filter", "group": "consumer", "label": "consumer", "required": false, "type": "string", "javaType": "java.lang.String", "deprecated": false, "autowired": false, "secret": false, "configurationClass": "org.apache.camel.component.google.storage.GoogleCloudStorageConfiguration", "configurationField": "configuration", "description": "A regular expression to include only blobs with name matching it." },
    "includeBody": { "kind": "property", "displayName": "Include Body", "group": "consumer", "label": "consumer", "required": false, "type": "boolean", "javaType": "boolean", "deprecated": false, "autowired": false, "secret": false, "defaultValue": true, "configurationClass": "org.apache.camel.component.google.storage.GoogleCloudStorageConfiguration", "configurationField": "configuration", "description": "If it is true, the Object exchange will be consumed and put into the body. If false the Object stream will be put raw into the body and the headers will be set with the object metadata." },
    "includeFolders": { "kind": "property", "displayName": "Include Folders", "group": "consumer", "label": "consumer", "required": false, "type": "boolean", "javaType": "boolean", "deprecated": false, "autowired": false, "secret": false, "defaultValue": true, "configurationClass": "org.apache.camel.component.google.storage.GoogleCloudStorageConfiguration", "configurationField": "configuration", "description": "If it is true, the folders\/directories will be consumed. If it is false, they will be ignored, and Exchanges will not be created for those" },
    "moveAfterRead": { "kind": "property", "displayName": "Move After Read", "group": "consumer", "label": "consumer", "required": false, "type": "boolean", "javaType": "boolean", "deprecated": false, "autowired": false, "secret": false, "defaultValue": false, "configurationClass": "org.apache.camel.component.google.storage.GoogleCloudStorageConfiguration", "configurationField": "configuration", "description": "Move objects from the origin bucket to a different bucket after they have been retrieved. To accomplish the operation the destinationBucket option must be set. The copy bucket operation is only performed if the Exchange is committed. If a rollback occurs, the object is not moved." },
    "lazyStartProducer": { "kind": "property", "displayName": "Lazy Start Producer", "group": "producer", "label": "producer", "required": false, "type": "boolean", "javaType": "boolean", "deprecated": false, "autowired": false, "secret": false, "defaultValue": false, "description": "Whether the producer should be started lazy (on the first message). By starting lazy you can use this to allow CamelContext and routes to startup in situations where a producer may otherwise fail during starting and cause the route to fail being started. By deferring this startup to be lazy then the startup failure can be handled during routing messages via Camel's routing error handlers. Beware that when the first message is processed then creating and starting the producer may take a little time and prolong the total processing time of the processing." },
    "objectName": { "kind": "property", "displayName": "Object Name", "group": "producer", "label": "producer", "required": false, "type": "string", "javaType": "java.lang.String", "deprecated": false, "autowired": false, "secret": false, "configurationClass": "org.apache.camel.component.google.storage.GoogleCloudStorageConfiguration", "configurationField": "configuration", "description": "The Object name inside the bucket" },
    "operation": { "kind": "property", "displayName": "Operation", "group": "producer", "label": "producer", "required": false, "type": "object", "javaType": "org.apache.camel.component.google.storage.GoogleCloudStorageOperations", "enum": [ "copyObject", "listObjects", "deleteObject", "deleteBucket", "listBuckets", "getObject", "createDownloadLink" ], "deprecated": false, "autowired": false, "secret": false, "configurationClass": "org.apache.camel.component.google.storage.GoogleCloudStorageConfiguration", "configurationField": "configuration", "description": "Set the operation for the producer" },
    "autowiredEnabled": { "kind": "property", "displayName": "Autowired Enabled", "group": "advanced", "label": "advanced", "required": false, "type": "boolean", "javaType": "boolean", "deprecated": false, "autowired": false, "secret": false, "defaultValue": true, "description": "Whether autowiring is enabled. This is used for automatic autowiring options (the option must be marked as autowired) by looking up in the registry to find if there is a single instance of matching type, which then gets configured on the component. This can be used for automatic configuring JDBC data sources, JMS connection factories, AWS Clients, etc." }
  },
  "headers": {
    "CamelGoogleCloudStorageOperation": { "kind": "header", "displayName": "", "group": "producer", "label": "producer", "required": false, "javaType": "org.apache.camel.component.google.storage.GoogleCloudStorageOperations", "enum": [ "copyObject", "listObjects", "deleteObject", "deleteBucket", "listBuckets", "getObject", "createDownloadLink" ], "deprecated": false, "deprecationNote": "", "autowired": false, "secret": false, "description": "The operation to perform.", "constantName": "org.apache.camel.component.google.storage.GoogleCloudStorageConstants#OPERATION" },
    "CamelGoogleCloudStorageBucketName": { "kind": "header", "displayName": "", "group": "producer", "label": "producer", "required": false, "javaType": "String", "deprecated": false, "deprecationNote": "", "autowired": false, "secret": false, "description": "The bucket Name which this object will be stored or which will be used for the current operation", "constantName": "org.apache.camel.component.google.storage.GoogleCloudStorageConstants#BUCKET_NAME" },
    "CamelGoogleCloudStorageObjectName": { "kind": "header", "displayName": "", "group": "producer", "label": "producer", "required": false, "javaType": "String", "deprecated": false, "deprecationNote": "", "autowired": false, "secret": false, "description": "The object Name which will be used for the current operation", "constantName": "org.apache.camel.component.google.storage.GoogleCloudStorageConstants#OBJECT_NAME" },
    "CamelGoogleCloudStorageDestinationObjectName": { "kind": "header", "displayName": "", "group": "producer", "label": "producer", "required": false, "javaType": "String", "deprecated": false, "deprecationNote": "", "autowired": false, "secret": false, "description": "The object Destination Name which will be used for the current operation", "constantName": "org.apache.camel.component.google.storage.GoogleCloudStorageConstants#DESTINATION_OBJECT_NAME" },
    "CamelGoogleCloudStorageDestinationBucketName": { "kind": "header", "displayName": "", "group": "producer", "label": "producer", "required": false, "javaType": "String", "deprecated": false, "deprecationNote": "", "autowired": false, "secret": false, "description": "The bucket Destination Name which will be used for the current operation", "constantName": "org.apache.camel.component.google.storage.GoogleCloudStorageConstants#DESTINATION_BUCKET_NAME" },
    "CamelGoogleCloudStorageDownloadLinkExpirationTime": { "kind": "header", "displayName": "", "group": "producer", "label": "producer", "required": false, "javaType": "Long", "deprecated": false, "deprecationNote": "", "autowired": false, "secret": false, "defaultValue": "300000", "description": "The time in millisecond the download link will be valid.", "constantName": "org.apache.camel.component.google.storage.GoogleCloudStorageConstants#DOWNLOAD_LINK_EXPIRATION_TIME" },
    "CamelGoogleCloudStorageContentLength": { "kind": "header", "displayName": "", "group": "common", "label": "", "required": false, "javaType": "Long", "deprecated": false, "deprecationNote": "", "autowired": false, "secret": false, "description": "The content length of this object.", "constantName": "org.apache.camel.component.google.storage.GoogleCloudStorageConstants#CONTENT_LENGTH" },
    "CamelGoogleCloudStorageContentType": { "kind": "header", "displayName": "", "group": "common", "label": "", "required": false, "javaType": "String", "deprecated": false, "deprecationNote": "", "autowired": false, "secret": false, "description": "The content type of this object.", "constantName": "org.apache.camel.component.google.storage.GoogleCloudStorageConstants#CONTENT_TYPE" },
    "CamelGoogleCloudStorageCacheControl": { "kind": "header", "displayName": "", "group": "common", "label": "", "required": false, "javaType": "String", "deprecated": false, "deprecationNote": "", "autowired": false, "secret": false, "description": "The Cache-Control metadata can specify two different aspects of how data is served from Cloud Storage: whether the data can be cached and whether the data can be transformed", "constantName": "org.apache.camel.component.google.storage.GoogleCloudStorageConstants#CACHE_CONTROL" },
    "CamelGoogleCloudStorageContentDisposition": { "kind": "header", "displayName": "", "group": "common", "label": "", "required": false, "javaType": "String", "deprecated": false, "deprecationNote": "", "autowired": false, "secret": false, "description": "The content disposition of this object.", "constantName": "org.apache.camel.component.google.storage.GoogleCloudStorageConstants#CONTENT_DISPOSITION" },
    "CamelGoogleCloudStorageContentEncoding": { "kind": "header", "displayName": "", "group": "common", "label": "", "required": false, "javaType": "String", "deprecated": false, "deprecationNote": "", "autowired": false, "secret": false, "description": "The content encoding of this object.", "constantName": "org.apache.camel.component.google.storage.GoogleCloudStorageConstants#CONTENT_ENCODING" },
    "CamelGoogleCloudStorageContentMd5": { "kind": "header", "displayName": "", "group": "common", "label": "", "required": false, "javaType": "String", "deprecated": false, "deprecationNote": "", "autowired": false, "secret": false, "description": "The md5 checksum of this object.", "constantName": "org.apache.camel.component.google.storage.GoogleCloudStorageConstants#CONTENT_MD5" },
    "CamelFileName": { "kind": "header", "displayName": "", "group": "consumer", "label": "consumer", "required": false, "javaType": "String", "deprecated": false, "deprecationNote": "", "autowired": false, "secret": false, "description": "The name of the blob", "constantName": "org.apache.camel.component.google.storage.GoogleCloudStorageConstants#FILE_NAME" },
    "CamelGoogleCloudStorageComponentCount": { "kind": "header", "displayName": "", "group": "consumer", "label": "consumer", "required": false, "javaType": "Integer", "deprecated": false, "deprecationNote": "", "autowired": false, "secret": false, "description": "The component count of this object", "constantName": "org.apache.camel.component.google.storage.GoogleCloudStorageConstants#METADATA_COMPONENT_COUNT" },
    "CamelGoogleCloudStorageContentLanguage": { "kind": "header", "displayName": "", "group": "consumer", "label": "consumer", "required": false, "javaType": "String", "deprecated": false, "deprecationNote": "", "autowired": false, "secret": false, "description": "The Content-Language metadata indicates the language(s) that the object is intended for.", "constantName": "org.apache.camel.component.google.storage.GoogleCloudStorageConstants#METADATA_CONTENT_LANGUAGE" },
    "CamelGoogleCloudStorageCustomTime": { "kind": "header", "displayName": "", "group": "consumer", "label": "consumer", "required": false, "javaType": "Long", "deprecated": false, "deprecationNote": "", "autowired": false, "secret": false, "description": "The Custom-Time metadata is a user-specified date and time represented in the RFC 3339 format YYYY-MM-DD'T'HH:MM:SS.SS'Z' or YYYY-MM-DD'T'HH:MM:SS'Z' when milliseconds are zero. This metadata is typically set in order to use the DaysSinceCustomTime condition in Object Lifecycle Management.", "constantName": "org.apache.camel.component.google.storage.GoogleCloudStorageConstants#METADATA_CUSTOM_TIME" },
    "CamelGoogleCloudStorageCrc32cHex": { "kind": "header", "displayName": "", "group": "consumer", "label": "consumer", "required": false, "javaType": "String", "deprecated": false, "deprecationNote": "", "autowired": false, "secret": false, "description": "The CRC32c of the object", "constantName": "org.apache.camel.component.google.storage.GoogleCloudStorageConstants#METADATA_CRC32C_HEX" },
    "CamelGoogleCloudStorageETag": { "kind": "header", "displayName": "", "group": "common", "label": "", "required": false, "javaType": "String", "deprecated": false, "deprecationNote": "", "autowired": false, "secret": false, "description": "The ETag for the Object.", "constantName": "org.apache.camel.component.google.storage.GoogleCloudStorageConstants#METADATA_ETAG" },
    "CamelGoogleCloudStorageGeneration": { "kind": "header", "displayName": "", "group": "consumer", "label": "consumer", "required": false, "javaType": "Long", "deprecated": false, "deprecationNote": "", "autowired": false, "secret": false, "description": "Is the generation number of the object for which you are retrieving information.", "constantName": "org.apache.camel.component.google.storage.GoogleCloudStorageConstants#METADATA_GENERATION" },
    "CamelGoogleCloudStorageBlobId": { "kind": "header", "displayName": "", "group": "consumer", "label": "consumer", "required": false, "javaType": "com.google.cloud.storage.BlobId", "deprecated": false, "deprecationNote": "", "autowired": false, "secret": false, "description": "The blob id of the object", "constantName": "org.apache.camel.component.google.storage.GoogleCloudStorageConstants#METADATA_BLOB_ID" },
    "CamelGoogleCloudStorageKmsKeyName": { "kind": "header", "displayName": "", "group": "consumer", "label": "consumer", "required": false, "javaType": "String", "deprecated": false, "deprecationNote": "", "autowired": false, "secret": false, "description": "The KMS key name", "constantName": "org.apache.camel.component.google.storage.GoogleCloudStorageConstants#METADATA_KMS_KEY_NAME" },
    "CamelGoogleCloudStorageMediaLink": { "kind": "header", "displayName": "", "group": "consumer", "label": "consumer", "required": false, "javaType": "String", "deprecated": false, "deprecationNote": "", "autowired": false, "secret": false, "description": "The media link", "constantName": "org.apache.camel.component.google.storage.GoogleCloudStorageConstants#METADATA_MEDIA_LINK" },
    "CamelGoogleCloudStorageMetageneration": { "kind": "header", "displayName": "", "group": "consumer", "label": "consumer", "required": false, "javaType": "Long", "deprecated": false, "deprecationNote": "", "autowired": false, "secret": false, "description": "The metageneration of the object", "constantName": "org.apache.camel.component.google.storage.GoogleCloudStorageConstants#METADATA_METAGENERATION" },
    "CamelGoogleCloudStorageStorageClass": { "kind": "header", "displayName": "", "group": "consumer", "label": "consumer", "required": false, "javaType": "com.google.cloud.storage.StorageClass", "deprecated": false, "deprecationNote": "", "autowired": false, "secret": false, "description": "The storage class of the object", "constantName": "org.apache.camel.component.google.storage.GoogleCloudStorageConstants#METADATA_STORAGE_CLASS" },
    "CamelGoogleCloudStorageCreateTime": { "kind": "header", "displayName": "", "group": "consumer", "label": "consumer", "required": false, "javaType": "Long", "deprecated": false, "deprecationNote": "", "autowired": false, "secret": false, "description": "The creation time of the object", "constantName": "org.apache.camel.component.google.storage.GoogleCloudStorageConstants#METADATA_CREATE_TIME" },
    "CamelGoogleCloudStorageLastUpdate": { "kind": "header", "displayName": "", "group": "consumer", "label": "consumer", "required": false, "javaType": "Date", "deprecated": false, "deprecationNote": "", "autowired": false, "secret": false, "description": "The last update of the object", "constantName": "org.apache.camel.component.google.storage.GoogleCloudStorageConstants#METADATA_LAST_UPDATE" }
  },
  "properties": {
    "bucketName": { "kind": "path", "displayName": "Bucket Name", "group": "common", "label": "common", "required": true, "type": "string", "javaType": "java.lang.String", "deprecated": false, "deprecationNote": "", "autowired": false, "secret": false, "configurationClass": "org.apache.camel.component.google.storage.GoogleCloudStorageConfiguration", "configurationField": "configuration", "description": "Bucket name or ARN" },
    "autoCreateBucket": { "kind": "parameter", "displayName": "Auto Create Bucket", "group": "common", "label": "common", "required": false, "type": "boolean", "javaType": "boolean", "deprecated": false, "autowired": false, "secret": false, "defaultValue": true, "configurationClass": "org.apache.camel.component.google.storage.GoogleCloudStorageConfiguration", "configurationField": "configuration", "description": "Setting the autocreation of the bucket bucketName." },
    "serviceAccountKey": { "kind": "parameter", "displayName": "Service Account Key", "group": "common", "label": "common", "required": false, "type": "string", "javaType": "java.lang.String", "deprecated": false, "autowired": false, "secret": false, "configurationClass": "org.apache.camel.component.google.storage.GoogleCloudStorageConfiguration", "configurationField": "configuration", "description": "The Service account key that can be used as credentials for the Storage client. It can be loaded by default from classpath, but you can prefix with classpath:, file:, or http: to load the resource from different systems." },
    "storageClass": { "kind": "parameter", "displayName": "Storage Class", "group": "common", "label": "common", "required": false, "type": "object", "javaType": "com.google.cloud.storage.StorageClass", "deprecated": false, "autowired": false, "secret": false, "defaultValue": "STANDARD", "configurationClass": "org.apache.camel.component.google.storage.GoogleCloudStorageConfiguration", "configurationField": "configuration", "description": "The Cloud Storage class to use when creating the new buckets" },
    "storageClient": { "kind": "parameter", "displayName": "Storage Client", "group": "common", "label": "", "required": false, "type": "object", "javaType": "com.google.cloud.storage.Storage", "deprecated": false, "deprecationNote": "", "autowired": true, "secret": false, "configurationClass": "org.apache.camel.component.google.storage.GoogleCloudStorageConfiguration", "configurationField": "configuration", "description": "The storage client" },
    "storageLocation": { "kind": "parameter", "displayName": "Storage Location", "group": "common", "label": "common", "required": false, "type": "string", "javaType": "java.lang.String", "deprecated": false, "autowired": false, "secret": false, "defaultValue": "US-EAST1", "configurationClass": "org.apache.camel.component.google.storage.GoogleCloudStorageConfiguration", "configurationField": "configuration", "description": "The Cloud Storage location to use when creating the new buckets" },
    "deleteAfterRead": { "kind": "parameter", "displayName": "Delete After Read", "group": "consumer", "label": "consumer", "required": false, "type": "boolean", "javaType": "boolean", "deprecated": false, "autowired": false, "secret": false, "defaultValue": true, "configurationClass": "org.apache.camel.component.google.storage.GoogleCloudStorageConfiguration", "configurationField": "configuration", "description": "Delete objects from the bucket after they have been retrieved. The delete is only performed if the Exchange is committed. If a rollback occurs, the object is not deleted. If this option is false, then the same objects will be retrieve over and over again on the polls." },
    "destinationBucket": { "kind": "parameter", "displayName": "Destination Bucket", "group": "consumer", "label": "consumer", "required": false, "type": "string", "javaType": "java.lang.String", "deprecated": false, "autowired": false, "secret": false, "configurationClass": "org.apache.camel.component.google.storage.GoogleCloudStorageConfiguration", "configurationField": "configuration", "description": "Define the destination bucket where an object must be moved when moveAfterRead is set to true." },
    "downloadFileName": { "kind": "parameter", "displayName": "Download File Name", "group": "consumer", "label": "consumer", "required": false, "type": "string", "javaType": "java.lang.String", "deprecated": false, "autowired": false, "secret": false, "configurationClass": "org.apache.camel.component.google.storage.GoogleCloudStorageConfiguration", "configurationField": "configuration", "description": "The folder or filename to use when downloading the blob. By default, this specifies the folder name, and the name of the file is the blob name. For example, setting this to mydownload will be the same as setting mydownload\/${file:name}. You can use dynamic expressions for fine-grained control. For example, you can specify ${date:now:yyyyMMdd}\/${file:name} to store the blob in sub folders based on today's day. Only ${file:name} and ${file:name.noext} is supported as dynamic tokens for the blob name." },
    "filter": { "kind": "parameter", "displayName": "Filter", "group": "consumer", "label": "consumer", "required": false, "type": "string", "javaType": "java.lang.String", "deprecated": false, "autowired": false, "secret": false, "configurationClass": "org.apache.camel.component.google.storage.GoogleCloudStorageConfiguration", "configurationField": "configuration", "description": "A regular expression to include only blobs with name matching it." },
    "includeBody": { "kind": "parameter", "displayName": "Include Body", "group": "consumer", "label": "consumer", "required": false, "type": "boolean", "javaType": "boolean", "deprecated": false, "autowired": false, "secret": false, "defaultValue": true, "configurationClass": "org.apache.camel.component.google.storage.GoogleCloudStorageConfiguration", "configurationField": "configuration", "description": "If it is true, the Object exchange will be consumed and put into the body. If false the Object stream will be put raw into the body and the headers will be set with the object metadata." },
    "includeFolders": { "kind": "parameter", "displayName": "Include Folders", "group": "consumer", "label": "consumer", "required": false, "type": "boolean", "javaType": "boolean", "deprecated": false, "autowired": false, "secret": false, "defaultValue": true, "configurationClass": "org.apache.camel.component.google.storage.GoogleCloudStorageConfiguration", "configurationField": "configuration", "description": "If it is true, the folders\/directories will be consumed. If it is false, they will be ignored, and Exchanges will not be created for those" },
    "moveAfterRead": { "kind": "parameter", "displayName": "Move After Read", "group": "consumer", "label": "consumer", "required": false, "type": "boolean", "javaType": "boolean", "deprecated": false, "autowired": false, "secret": false, "defaultValue": false, "configurationClass": "org.apache.camel.component.google.storage.GoogleCloudStorageConfiguration", "configurationField": "configuration", "description": "Move objects from the origin bucket to a different bucket after they have been retrieved. To accomplish the operation the destinationBucket option must be set. The copy bucket operation is only performed if the Exchange is committed. If a rollback occurs, the object is not moved." },
    "sendEmptyMessageWhenIdle": { "kind": "parameter", "displayName": "Send Empty Message When Idle", "group": "consumer", "label": "consumer", "required": false, "type": "boolean", "javaType": "boolean", "deprecated": false, "autowired": false, "secret": false, "defaultValue": false, "description": "If the polling consumer did not poll any files, you can enable this option to send an empty message (no body) instead." },
    "bridgeErrorHandler": { "kind": "parameter", "displayName": "Bridge Error Handler", "group": "consumer (advanced)", "label": "consumer,advanced", "required": false, "type": "boolean", "javaType": "boolean", "deprecated": false, "autowired": false, "secret": false, "defaultValue": false, "description": "Allows for bridging the consumer to the Camel routing Error Handler, which mean any exceptions occurred while the consumer is trying to pickup incoming messages, or the likes, will now be processed as a message and handled by the routing Error Handler. By default the consumer will use the org.apache.camel.spi.ExceptionHandler to deal with exceptions, that will be logged at WARN or ERROR level and ignored." },
    "exceptionHandler": { "kind": "parameter", "displayName": "Exception Handler", "group": "consumer (advanced)", "label": "consumer,advanced", "required": false, "type": "object", "javaType": "org.apache.camel.spi.ExceptionHandler", "optionalPrefix": "consumer.", "deprecated": false, "autowired": false, "secret": false, "description": "To let the consumer use a custom ExceptionHandler. Notice if the option bridgeErrorHandler is enabled then this option is not in use. By default the consumer will deal with exceptions, that will be logged at WARN or ERROR level and ignored." },
    "exchangePattern": { "kind": "parameter", "displayName": "Exchange Pattern", "group": "consumer (advanced)", "label": "consumer,advanced", "required": false, "type": "object", "javaType": "org.apache.camel.ExchangePattern", "enum": [ "InOnly", "InOut", "InOptionalOut" ], "deprecated": false, "autowired": false, "secret": false, "description": "Sets the exchange pattern when the consumer creates an exchange." },
    "pollStrategy": { "kind": "parameter", "displayName": "Poll Strategy", "group": "consumer (advanced)", "label": "consumer,advanced", "required": false, "type": "object", "javaType": "org.apache.camel.spi.PollingConsumerPollStrategy", "deprecated": false, "autowired": false, "secret": false, "description": "A pluggable org.apache.camel.PollingConsumerPollingStrategy allowing you to provide your custom implementation to control error handling usually occurred during the poll operation before an Exchange have been created and being routed in Camel." },
    "objectName": { "kind": "parameter", "displayName": "Object Name", "group": "producer", "label": "producer", "required": false, "type": "string", "javaType": "java.lang.String", "deprecated": false, "autowired": false, "secret": false, "configurationClass": "org.apache.camel.component.google.storage.GoogleCloudStorageConfiguration", "configurationField": "configuration", "description": "The Object name inside the bucket" },
    "operation": { "kind": "parameter", "displayName": "Operation", "group": "producer", "label": "producer", "required": false, "type": "object", "javaType": "org.apache.camel.component.google.storage.GoogleCloudStorageOperations", "enum": [ "copyObject", "listObjects", "deleteObject", "deleteBucket", "listBuckets", "getObject", "createDownloadLink" ], "deprecated": false, "autowired": false, "secret": false, "configurationClass": "org.apache.camel.component.google.storage.GoogleCloudStorageConfiguration", "configurationField": "configuration", "description": "Set the operation for the producer" },
    "lazyStartProducer": { "kind": "parameter", "displayName": "Lazy Start Producer", "group": "producer (advanced)", "label": "producer,advanced", "required": false, "type": "boolean", "javaType": "boolean", "deprecated": false, "autowired": false, "secret": false, "defaultValue": false, "description": "Whether the producer should be started lazy (on the first message). By starting lazy you can use this to allow CamelContext and routes to startup in situations where a producer may otherwise fail during starting and cause the route to fail being started. By deferring this startup to be lazy then the startup failure can be handled during routing messages via Camel's routing error handlers. Beware that when the first message is processed then creating and starting the producer may take a little time and prolong the total processing time of the processing." },
    "backoffErrorThreshold": { "kind": "parameter", "displayName": "Backoff Error Threshold", "group": "scheduler", "label": "consumer,scheduler", "required": false, "type": "integer", "javaType": "int", "deprecated": false, "autowired": false, "secret": false, "description": "The number of subsequent error polls (failed due some error) that should happen before the backoffMultipler should kick-in." },
    "backoffIdleThreshold": { "kind": "parameter", "displayName": "Backoff Idle Threshold", "group": "scheduler", "label": "consumer,scheduler", "required": false, "type": "integer", "javaType": "int", "deprecated": false, "autowired": false, "secret": false, "description": "The number of subsequent idle polls that should happen before the backoffMultipler should kick-in." },
    "backoffMultiplier": { "kind": "parameter", "displayName": "Backoff Multiplier", "group": "scheduler", "label": "consumer,scheduler", "required": false, "type": "integer", "javaType": "int", "deprecated": false, "autowired": false, "secret": false, "description": "To let the scheduled polling consumer backoff if there has been a number of subsequent idles\/errors in a row. The multiplier is then the number of polls that will be skipped before the next actual attempt is happening again. When this option is in use then backoffIdleThreshold and\/or backoffErrorThreshold must also be configured." },
    "delay": { "kind": "parameter", "displayName": "Delay", "group": "scheduler", "label": "consumer,scheduler", "required": false, "type": "integer", "javaType": "long", "deprecated": false, "autowired": false, "secret": false, "defaultValue": 500, "description": "Milliseconds before the next poll." },
    "greedy": { "kind": "parameter", "displayName": "Greedy", "group": "scheduler", "label": "consumer,scheduler", "required": false, "type": "boolean", "javaType": "boolean", "deprecated": false, "autowired": false, "secret": false, "defaultValue": false, "description": "If greedy is enabled, then the ScheduledPollConsumer will run immediately again, if the previous run polled 1 or more messages." },
    "initialDelay": { "kind": "parameter", "displayName": "Initial Delay", "group": "scheduler", "label": "consumer,scheduler", "required": false, "type": "integer", "javaType": "long", "deprecated": false, "autowired": false, "secret": false, "defaultValue": 1000, "description": "Milliseconds before the first poll starts." },
    "repeatCount": { "kind": "parameter", "displayName": "Repeat Count", "group": "scheduler", "label": "consumer,scheduler", "required": false, "type": "integer", "javaType": "long", "deprecated": false, "autowired": false, "secret": false, "defaultValue": 0, "description": "Specifies a maximum limit of number of fires. So if you set it to 1, the scheduler will only fire once. If you set it to 5, it will only fire five times. A value of zero or negative means fire forever." },
    "runLoggingLevel": { "kind": "parameter", "displayName": "Run Logging Level", "group": "scheduler", "label": "consumer,scheduler", "required": false, "type": "object", "javaType": "org.apache.camel.LoggingLevel", "enum": [ "TRACE", "DEBUG", "INFO", "WARN", "ERROR", "OFF" ], "deprecated": false, "autowired": false, "secret": false, "defaultValue": "TRACE", "description": "The consumer logs a start\/complete log line when it polls. This option allows you to configure the logging level for that." },
    "scheduledExecutorService": { "kind": "parameter", "displayName": "Scheduled Executor Service", "group": "scheduler", "label": "consumer,scheduler", "required": false, "type": "object", "javaType": "java.util.concurrent.ScheduledExecutorService", "deprecated": false, "autowired": false, "secret": false, "description": "Allows for configuring a custom\/shared thread pool to use for the consumer. By default each consumer has its own single threaded thread pool." },
    "scheduler": { "kind": "parameter", "displayName": "Scheduler", "group": "scheduler", "label": "consumer,scheduler", "required": false, "type": "object", "javaType": "java.lang.Object", "deprecated": false, "autowired": false, "secret": false, "defaultValue": "none", "description": "To use a cron scheduler from either camel-spring or camel-quartz component. Use value spring or quartz for built in scheduler" },
    "schedulerProperties": { "kind": "parameter", "displayName": "Scheduler Properties", "group": "scheduler", "label": "consumer,scheduler", "required": false, "type": "object", "javaType": "java.util.Map<java.lang.String, java.lang.Object>", "prefix": "scheduler.", "multiValue": true, "deprecated": false, "autowired": false, "secret": false, "description": "To configure additional properties when using a custom scheduler or any of the Quartz, Spring based scheduler." },
    "startScheduler": { "kind": "parameter", "displayName": "Start Scheduler", "group": "scheduler", "label": "consumer,scheduler", "required": false, "type": "boolean", "javaType": "boolean", "deprecated": false, "autowired": false, "secret": false, "defaultValue": true, "description": "Whether the scheduler should be auto started." },
    "timeUnit": { "kind": "parameter", "displayName": "Time Unit", "group": "scheduler", "label": "consumer,scheduler", "required": false, "type": "object", "javaType": "java.util.concurrent.TimeUnit", "enum": [ "NANOSECONDS", "MICROSECONDS", "MILLISECONDS", "SECONDS", "MINUTES", "HOURS", "DAYS" ], "deprecated": false, "autowired": false, "secret": false, "defaultValue": "MILLISECONDS", "description": "Time unit for initialDelay and delay options." },
    "useFixedDelay": { "kind": "parameter", "displayName": "Use Fixed Delay", "group": "scheduler", "label": "consumer,scheduler", "required": false, "type": "boolean", "javaType": "boolean", "deprecated": false, "autowired": false, "secret": false, "defaultValue": true, "description": "Controls if fixed delay or fixed rate is used. See ScheduledExecutorService in JDK for details." }
  }
}
