{
  "component": {
    "kind": "component",
    "name": "guava-eventbus",
    "title": "Guava EventBus",
    "description": "Send and receive messages to\/from Guava EventBus.",
    "deprecated": false,
    "firstVersion": "2.10.0",
    "label": "eventbus",
    "javaType": "org.apache.camel.component.guava.eventbus.GuavaEventBusComponent",
    "supportLevel": "Stable",
    "groupId": "org.apache.camel",
    "artifactId": "camel-guava-eventbus",
    "version": "3.19.0-SNAPSHOT",
    "scheme": "guava-eventbus",
    "extendsScheme": "",
    "syntax": "guava-eventbus:eventBusRef",
    "async": false,
    "api": false,
    "consumerOnly": false,
    "producerOnly": false,
    "lenientProperties": false
  },
  "componentProperties": {
    "eventBus": { "kind": "property", "displayName": "Event Bus", "group": "common", "label": "", "required": false, "type": "object", "javaType": "com.google.common.eventbus.EventBus", "deprecated": false, "autowired": false, "secret": false, "description": "To use the given Guava EventBus instance" },
    "bridgeErrorHandler": { "kind": "property", "displayName": "Bridge Error Handler", "group": "consumer", "label": "consumer", "required": false, "type": "boolean", "javaType": "boolean", "deprecated": false, "autowired": false, "secret": false, "defaultValue": false, "description": "Allows for bridging the consumer to the Camel routing Error Handler, which mean any exceptions occurred while the consumer is trying to pickup incoming messages, or the likes, will now be processed as a message and handled by the routing Error Handler. By default the consumer will use the org.apache.camel.spi.ExceptionHandler to deal with exceptions, that will be logged at WARN or ERROR level and ignored." },
    "listenerInterface": { "kind": "property", "displayName": "Listener Interface", "group": "consumer", "label": "consumer", "required": false, "type": "string", "javaType": "java.lang.Class<java.lang.Object>", "deprecated": false, "autowired": false, "secret": false, "description": "The interface with method(s) marked with the Subscribe annotation. Dynamic proxy will be created over the interface so it could be registered as the EventBus listener. Particularly useful when creating multi-event listeners and for handling DeadEvent properly. This option cannot be used together with eventClass option." },
    "lazyStartProducer": { "kind": "property", "displayName": "Lazy Start Producer", "group": "producer", "label": "producer", "required": false, "type": "boolean", "javaType": "boolean", "deprecated": false, "autowired": false, "secret": false, "defaultValue": false, "description": "Whether the producer should be started lazy (on the first message). By starting lazy you can use this to allow CamelContext and routes to startup in situations where a producer may otherwise fail during starting and cause the route to fail being started. By deferring this startup to be lazy then the startup failure can be handled during routing messages via Camel's routing error handlers. Beware that when the first message is processed then creating and starting the producer may take a little time and prolong the total processing time of the processing." },
    "autowiredEnabled": { "kind": "property", "displayName": "Autowired Enabled", "group": "advanced", "label": "advanced", "required": false, "type": "boolean", "javaType": "boolean", "deprecated": false, "autowired": false, "secret": false, "defaultValue": true, "description": "Whether autowiring is enabled. This is used for automatic autowiring options (the option must be marked as autowired) by looking up in the registry to find if there is a single instance of matching type, which then gets configured on the component. This can be used for automatic configuring JDBC data sources, JMS connection factories, AWS Clients, etc." }
  },
  "properties": {
    "eventBusRef": { "kind": "path", "displayName": "Event Bus Ref", "group": "common", "label": "", "required": false, "type": "string", "javaType": "java.lang.String", "deprecated": false, "autowired": false, "secret": false, "description": "To lookup the Guava EventBus from the registry with the given name" },
    "eventClass": { "kind": "parameter", "displayName": "Event Class", "group": "common", "label": "", "required": false, "type": "string", "javaType": "java.lang.Class<java.lang.Object>", "deprecated": false, "autowired": false, "secret": false, "description": "If used on the consumer side of the route, will filter events received from the EventBus to the instances of the class and superclasses of eventClass. Null value of this option is equal to setting it to the java.lang.Object i.e. the consumer will capture all messages incoming to the event bus. This option cannot be used together with listenerInterface option." },
    "listenerInterface": { "kind": "parameter", "displayName": "Listener Interface", "group": "common", "label": "", "required": false, "type": "string", "javaType": "java.lang.Class<java.lang.Object>", "deprecated": false, "autowired": false, "secret": false, "description": "The interface with method(s) marked with the Subscribe annotation. Dynamic proxy will be created over the interface so it could be registered as the EventBus listener. Particularly useful when creating multi-event listeners and for handling DeadEvent properly. This option cannot be used together with eventClass option." },
    "bridgeErrorHandler": { "kind": "parameter", "displayName": "Bridge Error Handler", "group": "consumer (advanced)", "label": "consumer,advanced", "required": false, "type": "boolean", "javaType": "boolean", "deprecated": false, "autowired": false, "secret": false, "defaultValue": false, "description": "Allows for bridging the consumer to the Camel routing Error Handler, which mean any exceptions occurred while the consumer is trying to pickup incoming messages, or the likes, will now be processed as a message and handled by the routing Error Handler. By default the consumer will use the org.apache.camel.spi.ExceptionHandler to deal with exceptions, that will be logged at WARN or ERROR level and ignored." },
    "exceptionHandler": { "kind": "parameter", "displayName": "Exception Handler", "group": "consumer (advanced)", "label": "consumer,advanced", "required": false, "type": "object", "javaType": "org.apache.camel.spi.ExceptionHandler", "optionalPrefix": "consumer.", "deprecated": false, "autowired": false, "secret": false, "description": "To let the consumer use a custom ExceptionHandler. Notice if the option bridgeErrorHandler is enabled then this option is not in use. By default the consumer will deal with exceptions, that will be logged at WARN or ERROR level and ignored." },
    "exchangePattern": { "kind": "parameter", "displayName": "Exchange Pattern", "group": "consumer (advanced)", "label": "consumer,advanced", "required": false, "type": "object", "javaType": "org.apache.camel.ExchangePattern", "enum": [ "InOnly", "InOut", "InOptionalOut" ], "deprecated": false, "autowired": false, "secret": false, "description": "Sets the exchange pattern when the consumer creates an exchange." },
    "lazyStartProducer": { "kind": "parameter", "displayName": "Lazy Start Producer", "group": "producer (advanced)", "label": "producer,advanced", "required": false, "type": "boolean", "javaType": "boolean", "deprecated": false, "autowired": false, "secret": false, "defaultValue": false, "description": "Whether the producer should be started lazy (on the first message). By starting lazy you can use this to allow CamelContext and routes to startup in situations where a producer may otherwise fail during starting and cause the route to fail being started. By deferring this startup to be lazy then the startup failure can be handled during routing messages via Camel's routing error handlers. Beware that when the first message is processed then creating and starting the producer may take a little time and prolong the total processing time of the processing." }
  }
}
