{
  "component": {
    "kind": "component",
    "name": "hazelcast-ringbuffer",
    "title": "Hazelcast Ringbuffer",
    "description": "Perform operations on Hazelcast distributed ringbuffer.",
    "deprecated": false,
    "firstVersion": "2.16.0",
    "label": "cache,datagrid",
    "javaType": "org.apache.camel.component.hazelcast.ringbuffer.HazelcastRingbufferComponent",
    "supportLevel": "Stable",
    "groupId": "org.apache.camel",
    "artifactId": "camel-hazelcast",
    "version": "3.19.0-SNAPSHOT",
    "scheme": "hazelcast-ringbuffer",
    "extendsScheme": "",
    "syntax": "hazelcast-ringbuffer:cacheName",
    "async": false,
    "api": false,
    "consumerOnly": false,
    "producerOnly": true,
    "lenientProperties": false
  },
  "componentProperties": {
    "lazyStartProducer": { "kind": "property", "displayName": "Lazy Start Producer", "group": "producer", "label": "producer", "required": false, "type": "boolean", "javaType": "boolean", "deprecated": false, "autowired": false, "secret": false, "defaultValue": false, "description": "Whether the producer should be started lazy (on the first message). By starting lazy you can use this to allow CamelContext and routes to startup in situations where a producer may otherwise fail during starting and cause the route to fail being started. By deferring this startup to be lazy then the startup failure can be handled during routing messages via Camel's routing error handlers. Beware that when the first message is processed then creating and starting the producer may take a little time and prolong the total processing time of the processing." },
    "autowiredEnabled": { "kind": "property", "displayName": "Autowired Enabled", "group": "advanced", "label": "advanced", "required": false, "type": "boolean", "javaType": "boolean", "deprecated": false, "autowired": false, "secret": false, "defaultValue": true, "description": "Whether autowiring is enabled. This is used for automatic autowiring options (the option must be marked as autowired) by looking up in the registry to find if there is a single instance of matching type, which then gets configured on the component. This can be used for automatic configuring JDBC data sources, JMS connection factories, AWS Clients, etc." },
    "hazelcastInstance": { "kind": "property", "displayName": "Hazelcast Instance", "group": "advanced", "label": "advanced", "required": false, "type": "object", "javaType": "com.hazelcast.core.HazelcastInstance", "deprecated": false, "autowired": false, "secret": false, "description": "The hazelcast instance reference which can be used for hazelcast endpoint. If you don't specify the instance reference, camel use the default hazelcast instance from the camel-hazelcast instance." },
    "hazelcastMode": { "kind": "property", "displayName": "Hazelcast Mode", "group": "advanced", "label": "advanced", "required": false, "type": "string", "javaType": "java.lang.String", "deprecated": false, "autowired": false, "secret": false, "defaultValue": "node", "description": "The hazelcast mode reference which kind of instance should be used. If you don't specify the mode, then the node mode will be the default." }
  },
  "headers": {
    "CamelHazelcastOperationType": { "kind": "header", "displayName": "", "group": "producer", "label": "producer", "required": false, "javaType": "String", "deprecated": false, "deprecationNote": "", "autowired": false, "secret": false, "description": "The operation to perform", "constantName": "org.apache.camel.component.hazelcast.HazelcastConstants#OPERATION" }
  },
  "properties": {
    "cacheName": { "kind": "path", "displayName": "Cache Name", "group": "producer", "label": "", "required": true, "type": "string", "javaType": "java.lang.String", "deprecated": false, "deprecationNote": "", "autowired": false, "secret": false, "description": "The name of the cache" },
    "defaultOperation": { "kind": "parameter", "displayName": "Default Operation", "group": "producer", "label": "", "required": false, "type": "object", "javaType": "org.apache.camel.component.hazelcast.HazelcastOperation", "enum": [ "put", "delete", "get", "update", "query", "getAll", "clear", "putIfAbsent", "addAll", "removeAll", "retainAll", "evict", "evictAll", "valueCount", "containsKey", "containsValue", "getKeys", "removeValue", "increment", "decrement", "setValue", "destroy", "compareAndSet", "getAndAdd", "add", "offer", "peek", "poll", "remainingCapacity", "drainTo", "removeIf", "take", "publish", "readOnceHead", "readOnceTail", "capacity" ], "deprecated": false, "autowired": false, "secret": false, "description": "To specify a default operation to use, if no operation header has been provided." },
    "hazelcastInstance": { "kind": "parameter", "displayName": "Hazelcast Instance", "group": "producer", "label": "", "required": false, "type": "object", "javaType": "com.hazelcast.core.HazelcastInstance", "deprecated": false, "autowired": false, "secret": false, "description": "The hazelcast instance reference which can be used for hazelcast endpoint." },
    "hazelcastInstanceName": { "kind": "parameter", "displayName": "Hazelcast Instance Name", "group": "producer", "label": "", "required": false, "type": "string", "javaType": "java.lang.String", "deprecated": false, "autowired": false, "secret": false, "description": "The hazelcast instance reference name which can be used for hazelcast endpoint. If you don't specify the instance reference, camel use the default hazelcast instance from the camel-hazelcast instance." },
    "lazyStartProducer": { "kind": "parameter", "displayName": "Lazy Start Producer", "group": "producer (advanced)", "label": "producer,advanced", "required": false, "type": "boolean", "javaType": "boolean", "deprecated": false, "autowired": false, "secret": false, "defaultValue": false, "description": "Whether the producer should be started lazy (on the first message). By starting lazy you can use this to allow CamelContext and routes to startup in situations where a producer may otherwise fail during starting and cause the route to fail being started. By deferring this startup to be lazy then the startup failure can be handled during routing messages via Camel's routing error handlers. Beware that when the first message is processed then creating and starting the producer may take a little time and prolong the total processing time of the processing." }
  }
}
