{
  "component": {
    "kind": "component",
    "name": "hdfs",
    "title": "HDFS",
    "description": "Read and write from\/to an HDFS filesystem using Hadoop 2.x.",
    "deprecated": false,
    "firstVersion": "2.14.0",
    "label": "bigdata,hadoop,file",
    "javaType": "org.apache.camel.component.hdfs.HdfsComponent",
    "supportLevel": "Stable",
    "groupId": "org.apache.camel",
    "artifactId": "camel-hdfs",
    "version": "3.19.0-SNAPSHOT",
    "scheme": "hdfs",
    "extendsScheme": "",
    "syntax": "hdfs:hostName:port\/path",
    "async": false,
    "api": false,
    "consumerOnly": false,
    "producerOnly": false,
    "lenientProperties": false
  },
  "componentProperties": {
    "bridgeErrorHandler": { "kind": "property", "displayName": "Bridge Error Handler", "group": "consumer", "label": "consumer", "required": false, "type": "boolean", "javaType": "boolean", "deprecated": false, "autowired": false, "secret": false, "defaultValue": false, "description": "Allows for bridging the consumer to the Camel routing Error Handler, which mean any exceptions occurred while the consumer is trying to pickup incoming messages, or the likes, will now be processed as a message and handled by the routing Error Handler. By default the consumer will use the org.apache.camel.spi.ExceptionHandler to deal with exceptions, that will be logged at WARN or ERROR level and ignored." },
    "lazyStartProducer": { "kind": "property", "displayName": "Lazy Start Producer", "group": "producer", "label": "producer", "required": false, "type": "boolean", "javaType": "boolean", "deprecated": false, "autowired": false, "secret": false, "defaultValue": false, "description": "Whether the producer should be started lazy (on the first message). By starting lazy you can use this to allow CamelContext and routes to startup in situations where a producer may otherwise fail during starting and cause the route to fail being started. By deferring this startup to be lazy then the startup failure can be handled during routing messages via Camel's routing error handlers. Beware that when the first message is processed then creating and starting the producer may take a little time and prolong the total processing time of the processing." },
    "autowiredEnabled": { "kind": "property", "displayName": "Autowired Enabled", "group": "advanced", "label": "advanced", "required": false, "type": "boolean", "javaType": "boolean", "deprecated": false, "autowired": false, "secret": false, "defaultValue": true, "description": "Whether autowiring is enabled. This is used for automatic autowiring options (the option must be marked as autowired) by looking up in the registry to find if there is a single instance of matching type, which then gets configured on the component. This can be used for automatic configuring JDBC data sources, JMS connection factories, AWS Clients, etc." },
    "jAASConfiguration": { "kind": "property", "displayName": "JAASConfiguration", "group": "security", "label": "security", "required": false, "type": "object", "javaType": "javax.security.auth.login.Configuration", "deprecated": false, "deprecationNote": "", "autowired": false, "secret": false, "description": "To use the given configuration for security with JAAS." },
    "kerberosConfigFile": { "kind": "property", "displayName": "Kerberos Config File", "group": "security", "label": "security", "required": false, "type": "string", "javaType": "java.lang.String", "deprecated": false, "deprecationNote": "", "autowired": false, "secret": false, "description": "To use kerberos authentication, set the value of the 'java.security.krb5.conf' environment variable to an existing file. If the environment variable is already set, warn if different than the specified parameter" }
  },
  "headers": {
    "CamelHdfsClose": { "kind": "header", "displayName": "", "group": "producer", "label": "producer", "required": false, "javaType": "Boolean", "deprecated": false, "deprecationNote": "", "autowired": false, "secret": false, "description": "Indicates to close the stream", "constantName": "org.apache.camel.component.hdfs.HdfsConstants#HDFS_CLOSE" },
    "CamelFileName": { "kind": "header", "displayName": "", "group": "common", "label": "", "required": false, "javaType": "String", "deprecated": false, "deprecationNote": "", "autowired": false, "secret": false, "description": "(producer) Specifies the name of the file to write (relative to the endpoint path). The name can be a String or an Expression object. Only relevant when not using a split strategy. (consumer) Specifies the name of the file to read", "constantName": "org.apache.camel.component.hdfs.HdfsConstants#FILE_NAME" },
    "CamelFileNameConsumed": { "kind": "header", "displayName": "", "group": "consumer", "label": "consumer", "required": false, "javaType": "String", "deprecated": false, "deprecationNote": "", "autowired": false, "secret": false, "description": "The name of the file consumed", "constantName": "org.apache.camel.component.hdfs.HdfsConstants#FILE_NAME_CONSUMED" },
    "CamelFileAbsolutePath": { "kind": "header", "displayName": "", "group": "consumer", "label": "consumer", "required": false, "javaType": "String", "deprecated": false, "deprecationNote": "", "autowired": false, "secret": false, "description": "The absolute path of the file", "constantName": "org.apache.camel.component.hdfs.HdfsConstants#FILE_ABSOLUTE_PATH" },
    "KEY": { "kind": "header", "displayName": "", "group": "common", "label": "", "required": false, "javaType": "Object", "deprecated": false, "deprecationNote": "", "autowired": false, "secret": false, "description": "The HDFS key", "constantName": "org.apache.camel.component.hdfs.HdfsConstants#KEY" },
    "CamelFileLength": { "kind": "header", "displayName": "", "group": "consumer", "label": "consumer", "required": false, "javaType": "Long", "deprecated": false, "deprecationNote": "", "autowired": false, "secret": false, "description": "The size of the file", "constantName": "org.apache.camel.component.hdfs.HdfsConstants#FILE_LENGTH" }
  },
  "properties": {
    "hostName": { "kind": "path", "displayName": "Host Name", "group": "common", "label": "", "required": true, "type": "string", "javaType": "java.lang.String", "deprecated": false, "deprecationNote": "", "autowired": false, "secret": false, "configurationClass": "org.apache.camel.component.hdfs.HdfsConfiguration", "configurationField": "config", "description": "HDFS host to use" },
    "port": { "kind": "path", "displayName": "Port", "group": "common", "label": "", "required": false, "type": "integer", "javaType": "int", "deprecated": false, "autowired": false, "secret": false, "defaultValue": 8020, "configurationClass": "org.apache.camel.component.hdfs.HdfsConfiguration", "configurationField": "config", "description": "HDFS port to use" },
    "path": { "kind": "path", "displayName": "Path", "group": "common", "label": "", "required": true, "type": "string", "javaType": "java.lang.String", "deprecated": false, "deprecationNote": "", "autowired": false, "secret": false, "configurationClass": "org.apache.camel.component.hdfs.HdfsConfiguration", "configurationField": "config", "description": "The directory path to use" },
    "connectOnStartup": { "kind": "parameter", "displayName": "Connect On Startup", "group": "common", "label": "", "required": false, "type": "boolean", "javaType": "boolean", "deprecated": false, "autowired": false, "secret": false, "defaultValue": true, "configurationClass": "org.apache.camel.component.hdfs.HdfsConfiguration", "configurationField": "config", "description": "Whether to connect to the HDFS file system on starting the producer\/consumer. If false then the connection is created on-demand. Notice that HDFS may take up till 15 minutes to establish a connection, as it has hardcoded 45 x 20 sec redelivery. By setting this option to false allows your application to startup, and not block for up till 15 minutes." },
    "fileSystemType": { "kind": "parameter", "displayName": "File System Type", "group": "common", "label": "", "required": false, "type": "object", "javaType": "org.apache.camel.component.hdfs.HdfsFileSystemType", "enum": [ "LOCAL", "HDFS" ], "deprecated": false, "autowired": false, "secret": false, "defaultValue": "HDFS", "configurationClass": "org.apache.camel.component.hdfs.HdfsConfiguration", "configurationField": "config", "description": "Set to LOCAL to not use HDFS but local java.io.File instead." },
    "fileType": { "kind": "parameter", "displayName": "File Type", "group": "common", "label": "", "required": false, "type": "object", "javaType": "org.apache.camel.component.hdfs.HdfsFileType", "enum": [ "NORMAL_FILE", "SEQUENCE_FILE", "MAP_FILE", "BLOOMMAP_FILE", "ARRAY_FILE" ], "deprecated": false, "autowired": false, "secret": false, "defaultValue": "NORMAL_FILE", "configurationClass": "org.apache.camel.component.hdfs.HdfsConfiguration", "configurationField": "config", "description": "The file type to use. For more details see Hadoop HDFS documentation about the various files types." },
    "keyType": { "kind": "parameter", "displayName": "Key Type", "group": "common", "label": "", "required": false, "type": "object", "javaType": "org.apache.camel.component.hdfs.WritableType", "enum": [ "NULL", "BOOLEAN", "BYTE", "INT", "FLOAT", "LONG", "DOUBLE", "TEXT", "BYTES" ], "deprecated": false, "autowired": false, "secret": false, "defaultValue": "NULL", "configurationClass": "org.apache.camel.component.hdfs.HdfsConfiguration", "configurationField": "config", "description": "The type for the key in case of sequence or map files." },
    "namedNodes": { "kind": "parameter", "displayName": "Named Nodes", "group": "common", "label": "", "required": false, "type": "string", "javaType": "java.lang.String", "deprecated": false, "autowired": false, "secret": false, "configurationClass": "org.apache.camel.component.hdfs.HdfsConfiguration", "configurationField": "config", "description": "A comma separated list of named nodes (e.g. srv11.example.com:8020,srv12.example.com:8020)" },
    "owner": { "kind": "parameter", "displayName": "Owner", "group": "common", "label": "", "required": false, "type": "string", "javaType": "java.lang.String", "deprecated": false, "autowired": false, "secret": false, "configurationClass": "org.apache.camel.component.hdfs.HdfsConfiguration", "configurationField": "config", "description": "The file owner must match this owner for the consumer to pickup the file. Otherwise the file is skipped." },
    "valueType": { "kind": "parameter", "displayName": "Value Type", "group": "common", "label": "", "required": false, "type": "object", "javaType": "org.apache.camel.component.hdfs.WritableType", "enum": [ "NULL", "BOOLEAN", "BYTE", "INT", "FLOAT", "LONG", "DOUBLE", "TEXT", "BYTES" ], "deprecated": false, "autowired": false, "secret": false, "defaultValue": "BYTES", "configurationClass": "org.apache.camel.component.hdfs.HdfsConfiguration", "configurationField": "config", "description": "The type for the key in case of sequence or map files" },
    "pattern": { "kind": "parameter", "displayName": "Pattern", "group": "consumer", "label": "consumer", "required": false, "type": "string", "javaType": "java.lang.String", "deprecated": false, "autowired": false, "secret": false, "defaultValue": "*", "configurationClass": "org.apache.camel.component.hdfs.HdfsConfiguration", "configurationField": "config", "description": "The pattern used for scanning the directory" },
    "sendEmptyMessageWhenIdle": { "kind": "parameter", "displayName": "Send Empty Message When Idle", "group": "consumer", "label": "consumer", "required": false, "type": "boolean", "javaType": "boolean", "deprecated": false, "autowired": false, "secret": false, "defaultValue": false, "description": "If the polling consumer did not poll any files, you can enable this option to send an empty message (no body) instead." },
    "streamDownload": { "kind": "parameter", "displayName": "Stream Download", "group": "consumer", "label": "consumer", "required": false, "type": "boolean", "javaType": "boolean", "deprecated": false, "autowired": false, "secret": false, "defaultValue": false, "configurationClass": "org.apache.camel.component.hdfs.HdfsConfiguration", "configurationField": "config", "description": "Sets the download method to use when not using a local working directory. If set to true, the remote files are streamed to the route as they are read. When set to false, the remote files are loaded into memory before being sent into the route." },
    "bridgeErrorHandler": { "kind": "parameter", "displayName": "Bridge Error Handler", "group": "consumer (advanced)", "label": "consumer,advanced", "required": false, "type": "boolean", "javaType": "boolean", "deprecated": false, "autowired": false, "secret": false, "defaultValue": false, "description": "Allows for bridging the consumer to the Camel routing Error Handler, which mean any exceptions occurred while the consumer is trying to pickup incoming messages, or the likes, will now be processed as a message and handled by the routing Error Handler. By default the consumer will use the org.apache.camel.spi.ExceptionHandler to deal with exceptions, that will be logged at WARN or ERROR level and ignored." },
    "exceptionHandler": { "kind": "parameter", "displayName": "Exception Handler", "group": "consumer (advanced)", "label": "consumer,advanced", "required": false, "type": "object", "javaType": "org.apache.camel.spi.ExceptionHandler", "optionalPrefix": "consumer.", "deprecated": false, "autowired": false, "secret": false, "description": "To let the consumer use a custom ExceptionHandler. Notice if the option bridgeErrorHandler is enabled then this option is not in use. By default the consumer will deal with exceptions, that will be logged at WARN or ERROR level and ignored." },
    "exchangePattern": { "kind": "parameter", "displayName": "Exchange Pattern", "group": "consumer (advanced)", "label": "consumer,advanced", "required": false, "type": "object", "javaType": "org.apache.camel.ExchangePattern", "enum": [ "InOnly", "InOut", "InOptionalOut" ], "deprecated": false, "autowired": false, "secret": false, "description": "Sets the exchange pattern when the consumer creates an exchange." },
    "pollStrategy": { "kind": "parameter", "displayName": "Poll Strategy", "group": "consumer (advanced)", "label": "consumer,advanced", "required": false, "type": "object", "javaType": "org.apache.camel.spi.PollingConsumerPollStrategy", "deprecated": false, "autowired": false, "secret": false, "description": "A pluggable org.apache.camel.PollingConsumerPollingStrategy allowing you to provide your custom implementation to control error handling usually occurred during the poll operation before an Exchange have been created and being routed in Camel." },
    "append": { "kind": "parameter", "displayName": "Append", "group": "producer", "label": "producer", "required": false, "type": "boolean", "javaType": "boolean", "deprecated": false, "autowired": false, "secret": false, "defaultValue": false, "configurationClass": "org.apache.camel.component.hdfs.HdfsConfiguration", "configurationField": "config", "description": "Append to existing file. Notice that not all HDFS file systems support the append option." },
    "overwrite": { "kind": "parameter", "displayName": "Overwrite", "group": "producer", "label": "producer", "required": false, "type": "boolean", "javaType": "boolean", "deprecated": false, "autowired": false, "secret": false, "defaultValue": true, "configurationClass": "org.apache.camel.component.hdfs.HdfsConfiguration", "configurationField": "config", "description": "Whether to overwrite existing files with the same name" },
    "lazyStartProducer": { "kind": "parameter", "displayName": "Lazy Start Producer", "group": "producer (advanced)", "label": "producer,advanced", "required": false, "type": "boolean", "javaType": "boolean", "deprecated": false, "autowired": false, "secret": false, "defaultValue": false, "description": "Whether the producer should be started lazy (on the first message). By starting lazy you can use this to allow CamelContext and routes to startup in situations where a producer may otherwise fail during starting and cause the route to fail being started. By deferring this startup to be lazy then the startup failure can be handled during routing messages via Camel's routing error handlers. Beware that when the first message is processed then creating and starting the producer may take a little time and prolong the total processing time of the processing." },
    "blockSize": { "kind": "parameter", "displayName": "Block Size", "group": "advanced", "label": "advanced", "required": false, "type": "integer", "javaType": "long", "deprecated": false, "autowired": false, "secret": false, "defaultValue": 67108864, "configurationClass": "org.apache.camel.component.hdfs.HdfsConfiguration", "configurationField": "config", "description": "The size of the HDFS blocks" },
    "bufferSize": { "kind": "parameter", "displayName": "Buffer Size", "group": "advanced", "label": "advanced", "required": false, "type": "integer", "javaType": "int", "deprecated": false, "autowired": false, "secret": false, "defaultValue": 4096, "configurationClass": "org.apache.camel.component.hdfs.HdfsConfiguration", "configurationField": "config", "description": "The buffer size used by HDFS" },
    "checkIdleInterval": { "kind": "parameter", "displayName": "Check Idle Interval", "group": "advanced", "label": "advanced", "required": false, "type": "integer", "javaType": "int", "deprecated": false, "autowired": false, "secret": false, "defaultValue": 500, "configurationClass": "org.apache.camel.component.hdfs.HdfsConfiguration", "configurationField": "config", "description": "How often (time in millis) in to run the idle checker background task. This option is only in use if the splitter strategy is IDLE." },
    "chunkSize": { "kind": "parameter", "displayName": "Chunk Size", "group": "advanced", "label": "advanced", "required": false, "type": "integer", "javaType": "int", "deprecated": false, "autowired": false, "secret": false, "defaultValue": 4096, "configurationClass": "org.apache.camel.component.hdfs.HdfsConfiguration", "configurationField": "config", "description": "When reading a normal file, this is split into chunks producing a message per chunk." },
    "compressionCodec": { "kind": "parameter", "displayName": "Compression Codec", "group": "advanced", "label": "advanced", "required": false, "type": "object", "javaType": "org.apache.camel.component.hdfs.HdfsCompressionCodec", "enum": [ "DEFAULT", "GZIP", "BZIP2" ], "deprecated": false, "autowired": false, "secret": false, "defaultValue": "DEFAULT", "configurationClass": "org.apache.camel.component.hdfs.HdfsConfiguration", "configurationField": "config", "description": "The compression codec to use" },
    "compressionType": { "kind": "parameter", "displayName": "Compression Type", "group": "advanced", "label": "advanced", "required": false, "type": "object", "javaType": "org.apache.hadoop.io.SequenceFile.CompressionType", "enum": [ "NONE", "RECORD", "BLOCK" ], "deprecated": false, "autowired": false, "secret": false, "defaultValue": "NONE", "configurationClass": "org.apache.camel.component.hdfs.HdfsConfiguration", "configurationField": "config", "description": "The compression type to use (is default not in use)" },
    "openedSuffix": { "kind": "parameter", "displayName": "Opened Suffix", "group": "advanced", "label": "advanced", "required": false, "type": "string", "javaType": "java.lang.String", "deprecated": false, "autowired": false, "secret": false, "defaultValue": "opened", "configurationClass": "org.apache.camel.component.hdfs.HdfsConfiguration", "configurationField": "config", "description": "When a file is opened for reading\/writing the file is renamed with this suffix to avoid to read it during the writing phase." },
    "readSuffix": { "kind": "parameter", "displayName": "Read Suffix", "group": "advanced", "label": "advanced", "required": false, "type": "string", "javaType": "java.lang.String", "deprecated": false, "autowired": false, "secret": false, "defaultValue": "read", "configurationClass": "org.apache.camel.component.hdfs.HdfsConfiguration", "configurationField": "config", "description": "Once the file has been read is renamed with this suffix to avoid to read it again." },
    "replication": { "kind": "parameter", "displayName": "Replication", "group": "advanced", "label": "advanced", "required": false, "type": "integer", "javaType": "short", "deprecated": false, "autowired": false, "secret": false, "defaultValue": "3", "configurationClass": "org.apache.camel.component.hdfs.HdfsConfiguration", "configurationField": "config", "description": "The HDFS replication factor" },
    "splitStrategy": { "kind": "parameter", "displayName": "Split Strategy", "group": "advanced", "label": "advanced", "required": false, "type": "string", "javaType": "java.lang.String", "deprecated": false, "autowired": false, "secret": false, "configurationClass": "org.apache.camel.component.hdfs.HdfsConfiguration", "configurationField": "config", "description": "In the current version of Hadoop opening a file in append mode is disabled since it's not very reliable. So, for the moment, it's only possible to create new files. The Camel HDFS endpoint tries to solve this problem in this way: If the split strategy option has been defined, the hdfs path will be used as a directory and files will be created using the configured UuidGenerator. Every time a splitting condition is met, a new file is created. The splitStrategy option is defined as a string with the following syntax: splitStrategy=ST:value,ST:value,... where ST can be: BYTES a new file is created, and the old is closed when the number of written bytes is more than value MESSAGES a new file is created, and the old is closed when the number of written messages is more than value IDLE a new file is created, and the old is closed when no writing happened in the last value milliseconds" },
    "maxMessagesPerPoll": { "kind": "parameter", "displayName": "Max Messages Per Poll", "group": "filter", "label": "consumer,filter", "required": false, "type": "integer", "javaType": "int", "deprecated": false, "autowired": false, "secret": false, "defaultValue": 100, "configurationClass": "org.apache.camel.component.hdfs.HdfsConfiguration", "configurationField": "config", "description": "To define a maximum messages to gather per poll. By default a limit of 100 is set. Can be used to set a limit of e.g. 1000 to avoid when starting up the server that there are thousands of files. Values can only be greater than 0. Notice: If this option is in use then the limit will be applied on the valid files. For example if you have 100000 files and use maxMessagesPerPoll=500, then only the first 500 files will be picked up." },
    "backoffErrorThreshold": { "kind": "parameter", "displayName": "Backoff Error Threshold", "group": "scheduler", "label": "consumer,scheduler", "required": false, "type": "integer", "javaType": "int", "deprecated": false, "autowired": false, "secret": false, "description": "The number of subsequent error polls (failed due some error) that should happen before the backoffMultipler should kick-in." },
    "backoffIdleThreshold": { "kind": "parameter", "displayName": "Backoff Idle Threshold", "group": "scheduler", "label": "consumer,scheduler", "required": false, "type": "integer", "javaType": "int", "deprecated": false, "autowired": false, "secret": false, "description": "The number of subsequent idle polls that should happen before the backoffMultipler should kick-in." },
    "backoffMultiplier": { "kind": "parameter", "displayName": "Backoff Multiplier", "group": "scheduler", "label": "consumer,scheduler", "required": false, "type": "integer", "javaType": "int", "deprecated": false, "autowired": false, "secret": false, "description": "To let the scheduled polling consumer backoff if there has been a number of subsequent idles\/errors in a row. The multiplier is then the number of polls that will be skipped before the next actual attempt is happening again. When this option is in use then backoffIdleThreshold and\/or backoffErrorThreshold must also be configured." },
    "delay": { "kind": "parameter", "displayName": "Delay", "group": "scheduler", "label": "consumer,scheduler", "required": false, "type": "integer", "javaType": "long", "deprecated": false, "autowired": false, "secret": false, "defaultValue": 500, "description": "Milliseconds before the next poll." },
    "greedy": { "kind": "parameter", "displayName": "Greedy", "group": "scheduler", "label": "consumer,scheduler", "required": false, "type": "boolean", "javaType": "boolean", "deprecated": false, "autowired": false, "secret": false, "defaultValue": false, "description": "If greedy is enabled, then the ScheduledPollConsumer will run immediately again, if the previous run polled 1 or more messages." },
    "initialDelay": { "kind": "parameter", "displayName": "Initial Delay", "group": "scheduler", "label": "consumer,scheduler", "required": false, "type": "integer", "javaType": "long", "deprecated": false, "autowired": false, "secret": false, "defaultValue": 1000, "description": "Milliseconds before the first poll starts." },
    "repeatCount": { "kind": "parameter", "displayName": "Repeat Count", "group": "scheduler", "label": "consumer,scheduler", "required": false, "type": "integer", "javaType": "long", "deprecated": false, "autowired": false, "secret": false, "defaultValue": 0, "description": "Specifies a maximum limit of number of fires. So if you set it to 1, the scheduler will only fire once. If you set it to 5, it will only fire five times. A value of zero or negative means fire forever." },
    "runLoggingLevel": { "kind": "parameter", "displayName": "Run Logging Level", "group": "scheduler", "label": "consumer,scheduler", "required": false, "type": "object", "javaType": "org.apache.camel.LoggingLevel", "enum": [ "TRACE", "DEBUG", "INFO", "WARN", "ERROR", "OFF" ], "deprecated": false, "autowired": false, "secret": false, "defaultValue": "TRACE", "description": "The consumer logs a start\/complete log line when it polls. This option allows you to configure the logging level for that." },
    "scheduledExecutorService": { "kind": "parameter", "displayName": "Scheduled Executor Service", "group": "scheduler", "label": "consumer,scheduler", "required": false, "type": "object", "javaType": "java.util.concurrent.ScheduledExecutorService", "deprecated": false, "autowired": false, "secret": false, "description": "Allows for configuring a custom\/shared thread pool to use for the consumer. By default each consumer has its own single threaded thread pool." },
    "scheduler": { "kind": "parameter", "displayName": "Scheduler", "group": "scheduler", "label": "consumer,scheduler", "required": false, "type": "object", "javaType": "java.lang.Object", "deprecated": false, "autowired": false, "secret": false, "defaultValue": "none", "description": "To use a cron scheduler from either camel-spring or camel-quartz component. Use value spring or quartz for built in scheduler" },
    "schedulerProperties": { "kind": "parameter", "displayName": "Scheduler Properties", "group": "scheduler", "label": "consumer,scheduler", "required": false, "type": "object", "javaType": "java.util.Map<java.lang.String, java.lang.Object>", "prefix": "scheduler.", "multiValue": true, "deprecated": false, "autowired": false, "secret": false, "description": "To configure additional properties when using a custom scheduler or any of the Quartz, Spring based scheduler." },
    "startScheduler": { "kind": "parameter", "displayName": "Start Scheduler", "group": "scheduler", "label": "consumer,scheduler", "required": false, "type": "boolean", "javaType": "boolean", "deprecated": false, "autowired": false, "secret": false, "defaultValue": true, "description": "Whether the scheduler should be auto started." },
    "timeUnit": { "kind": "parameter", "displayName": "Time Unit", "group": "scheduler", "label": "consumer,scheduler", "required": false, "type": "object", "javaType": "java.util.concurrent.TimeUnit", "enum": [ "NANOSECONDS", "MICROSECONDS", "MILLISECONDS", "SECONDS", "MINUTES", "HOURS", "DAYS" ], "deprecated": false, "autowired": false, "secret": false, "defaultValue": "MILLISECONDS", "description": "Time unit for initialDelay and delay options." },
    "useFixedDelay": { "kind": "parameter", "displayName": "Use Fixed Delay", "group": "scheduler", "label": "consumer,scheduler", "required": false, "type": "boolean", "javaType": "boolean", "deprecated": false, "autowired": false, "secret": false, "defaultValue": true, "description": "Controls if fixed delay or fixed rate is used. See ScheduledExecutorService in JDK for details." },
    "kerberosConfigFileLocation": { "kind": "parameter", "displayName": "Kerberos Config File Location", "group": "security", "label": "security", "required": false, "type": "string", "javaType": "java.lang.String", "deprecated": false, "autowired": false, "secret": false, "configurationClass": "org.apache.camel.component.hdfs.HdfsConfiguration", "configurationField": "config", "description": "The location of the kerb5.conf file (https:\/\/web.mit.edu\/kerberos\/krb5-1.12\/doc\/admin\/conf_files\/krb5_conf.html)" },
    "kerberosKeytabLocation": { "kind": "parameter", "displayName": "Kerberos Keytab Location", "group": "security", "label": "security", "required": false, "type": "string", "javaType": "java.lang.String", "deprecated": false, "autowired": false, "secret": false, "configurationClass": "org.apache.camel.component.hdfs.HdfsConfiguration", "configurationField": "config", "description": "The location of the keytab file used to authenticate with the kerberos nodes (contains pairs of kerberos principals and encrypted keys (which are derived from the Kerberos password))" },
    "kerberosUsername": { "kind": "parameter", "displayName": "Kerberos Username", "group": "security", "label": "security", "required": false, "type": "string", "javaType": "java.lang.String", "deprecated": false, "autowired": false, "secret": false, "configurationClass": "org.apache.camel.component.hdfs.HdfsConfiguration", "configurationField": "config", "description": "The username used to authenticate with the kerberos nodes" }
  }
}
