{
  "component": {
    "kind": "component",
    "name": "iota",
    "title": "IOTA",
    "description": "Manage financial transactions using IOTA distributed ledger.",
    "deprecated": true,
    "firstVersion": "2.23.0",
    "label": "ledger,api",
    "javaType": "org.apache.camel.component.iota.IOTAComponent",
    "supportLevel": "Stable",
    "groupId": "org.apache.camel",
    "artifactId": "camel-iota",
    "version": "3.19.0-SNAPSHOT",
    "scheme": "iota",
    "extendsScheme": "",
    "syntax": "iota:name",
    "async": false,
    "api": false,
    "consumerOnly": false,
    "producerOnly": true,
    "lenientProperties": false
  },
  "componentProperties": {
    "lazyStartProducer": { "kind": "property", "displayName": "Lazy Start Producer", "group": "producer", "label": "producer", "required": false, "type": "boolean", "javaType": "boolean", "deprecated": false, "autowired": false, "secret": false, "defaultValue": false, "description": "Whether the producer should be started lazy (on the first message). By starting lazy you can use this to allow CamelContext and routes to startup in situations where a producer may otherwise fail during starting and cause the route to fail being started. By deferring this startup to be lazy then the startup failure can be handled during routing messages via Camel's routing error handlers. Beware that when the first message is processed then creating and starting the producer may take a little time and prolong the total processing time of the processing." },
    "autowiredEnabled": { "kind": "property", "displayName": "Autowired Enabled", "group": "advanced", "label": "advanced", "required": false, "type": "boolean", "javaType": "boolean", "deprecated": false, "autowired": false, "secret": false, "defaultValue": true, "description": "Whether autowiring is enabled. This is used for automatic autowiring options (the option must be marked as autowired) by looking up in the registry to find if there is a single instance of matching type, which then gets configured on the component. This can be used for automatic configuring JDBC data sources, JMS connection factories, AWS Clients, etc." }
  },
  "headers": {
    "CamelIOTASeed": { "kind": "header", "displayName": "", "group": "producer", "label": "", "required": false, "javaType": "String", "deprecated": false, "deprecationNote": "", "autowired": false, "secret": false, "description": "The tryte-encoded seed.", "constantName": "org.apache.camel.component.iota.IOTAConstants#SEED_HEADER" },
    "CamelIOTAValue": { "kind": "header", "displayName": "", "group": "producer", "label": "", "required": false, "javaType": "Integer", "deprecated": false, "deprecationNote": "", "autowired": false, "secret": false, "description": "The value to transfer", "constantName": "org.apache.camel.component.iota.IOTAConstants#VALUE_HEADER" },
    "CamelIOTAToAddress": { "kind": "header", "displayName": "", "group": "producer", "label": "", "required": false, "javaType": "String", "deprecated": false, "deprecationNote": "", "autowired": false, "secret": false, "description": "The address of the recipient", "constantName": "org.apache.camel.component.iota.IOTAConstants#TO_ADDRESS_HEADER" },
    "CamelIOTAAddressIndex": { "kind": "header", "displayName": "", "group": "producer", "label": "", "required": false, "javaType": "Integer", "deprecated": false, "deprecationNote": "", "autowired": false, "secret": false, "description": "The key index to start search from", "constantName": "org.apache.camel.component.iota.IOTAConstants#ADDRESS_INDEX_HEADER" },
    "CamelIOTAAddressStartIndex": { "kind": "header", "displayName": "", "group": "producer", "label": "", "required": false, "javaType": "Integer", "deprecated": false, "deprecationNote": "", "autowired": false, "secret": false, "description": "The starting key index, must be at least 0.", "constantName": "org.apache.camel.component.iota.IOTAConstants#ADDRESS_START_INDEX_HEADER" },
    "CamelIOTAAddressEndIndex": { "kind": "header", "displayName": "", "group": "producer", "label": "", "required": false, "javaType": "Integer", "deprecated": false, "deprecationNote": "", "autowired": false, "secret": false, "description": "The ending key index, must be bigger then start", "constantName": "org.apache.camel.component.iota.IOTAConstants#ADDRESS_END_INDEX_HEADER" }
  },
  "properties": {
    "name": { "kind": "path", "displayName": "Name", "group": "producer", "label": "", "required": true, "type": "string", "javaType": "java.lang.String", "deprecated": false, "deprecationNote": "", "autowired": false, "secret": false, "description": "Component name" },
    "depth": { "kind": "parameter", "displayName": "Depth", "group": "producer", "label": "", "required": false, "type": "integer", "javaType": "java.lang.Integer", "deprecated": false, "autowired": false, "secret": false, "defaultValue": "9", "description": "The depth determines how deep the tangle is analysed for getting Tips" },
    "minWeightMagnitude": { "kind": "parameter", "displayName": "Min Weight Magnitude", "group": "producer", "label": "", "required": false, "type": "integer", "javaType": "java.lang.Integer", "deprecated": false, "autowired": false, "secret": false, "defaultValue": "14", "description": "The minWeightMagnitude is the minimum number of zeroes that a proof-of-work output\/transaction hash must end with to be considered valid by full nodes" },
    "operation": { "kind": "parameter", "displayName": "Operation", "group": "producer", "label": "", "required": true, "type": "string", "javaType": "java.lang.String", "enum": [ "sendTransfer", "getNewAddress", "getTransfers" ], "deprecated": false, "deprecationNote": "", "autowired": false, "secret": false, "description": "Which operation to perform, one of: sendTransfer, getNewAddress, getTransfers" },
    "tag": { "kind": "parameter", "displayName": "Tag", "group": "producer", "label": "", "required": false, "type": "string", "javaType": "java.lang.String", "deprecated": false, "autowired": false, "secret": false, "description": "TAG" },
    "url": { "kind": "parameter", "displayName": "Url", "group": "producer", "label": "", "required": true, "type": "string", "javaType": "java.lang.String", "deprecated": false, "deprecationNote": "", "autowired": false, "secret": false, "description": "Node url" },
    "lazyStartProducer": { "kind": "parameter", "displayName": "Lazy Start Producer", "group": "producer (advanced)", "label": "producer,advanced", "required": false, "type": "boolean", "javaType": "boolean", "deprecated": false, "autowired": false, "secret": false, "defaultValue": false, "description": "Whether the producer should be started lazy (on the first message). By starting lazy you can use this to allow CamelContext and routes to startup in situations where a producer may otherwise fail during starting and cause the route to fail being started. By deferring this startup to be lazy then the startup failure can be handled during routing messages via Camel's routing error handlers. Beware that when the first message is processed then creating and starting the producer may take a little time and prolong the total processing time of the processing." },
    "securityLevel": { "kind": "parameter", "displayName": "Security Level", "group": "security", "label": "security", "required": false, "type": "integer", "javaType": "java.lang.Integer", "deprecated": false, "autowired": false, "secret": false, "defaultValue": "1", "description": "Security level to be used for the private key \/ address. Can be 1, 2 or 3." }
  }
}
