{
  "component": {
    "kind": "component",
    "name": "jetty",
    "title": "Jetty",
    "description": "Expose HTTP endpoints using Jetty 9.",
    "deprecated": false,
    "deprecationNote": "",
    "firstVersion": "1.2.0",
    "label": "http",
    "javaType": "org.apache.camel.component.jetty9.JettyHttpComponent9",
    "supportLevel": "Stable",
    "groupId": "org.apache.camel",
    "artifactId": "camel-jetty",
    "version": "3.19.0-SNAPSHOT",
    "scheme": "jetty",
    "extendsScheme": "http",
    "syntax": "jetty:httpUri",
    "async": true,
    "api": false,
    "consumerOnly": true,
    "producerOnly": false,
    "lenientProperties": true
  },
  "componentProperties": {
    "bridgeErrorHandler": { "kind": "property", "displayName": "Bridge Error Handler", "group": "consumer", "label": "consumer", "required": false, "type": "boolean", "javaType": "boolean", "deprecated": false, "autowired": false, "secret": false, "defaultValue": false, "description": "Allows for bridging the consumer to the Camel routing Error Handler, which mean any exceptions occurred while the consumer is trying to pickup incoming messages, or the likes, will now be processed as a message and handled by the routing Error Handler. By default the consumer will use the org.apache.camel.spi.ExceptionHandler to deal with exceptions, that will be logged at WARN or ERROR level and ignored." },
    "continuationTimeout": { "kind": "property", "displayName": "Continuation Timeout", "group": "consumer", "label": "consumer", "required": false, "type": "integer", "javaType": "java.lang.Long", "deprecated": false, "deprecationNote": "", "autowired": false, "secret": false, "defaultValue": "30000", "description": "Allows to set a timeout in millis when using Jetty as consumer (server). By default Jetty uses 30000. You can use a value of = 0 to never expire. If a timeout occurs then the request will be expired and Jetty will return back a http error 503 to the client. This option is only in use when using Jetty with the Asynchronous Routing Engine." },
    "enableJmx": { "kind": "property", "displayName": "Enable Jmx", "group": "consumer", "label": "", "required": false, "type": "boolean", "javaType": "boolean", "deprecated": false, "deprecationNote": "", "autowired": false, "secret": false, "defaultValue": false, "description": "If this option is true, Jetty JMX support will be enabled for this endpoint." },
    "maxThreads": { "kind": "property", "displayName": "Max Threads", "group": "consumer", "label": "consumer", "required": false, "type": "integer", "javaType": "java.lang.Integer", "deprecated": false, "deprecationNote": "", "autowired": false, "secret": false, "description": "To set a value for maximum number of threads in server thread pool. Notice that both a min and max size must be configured." },
    "minThreads": { "kind": "property", "displayName": "Min Threads", "group": "consumer", "label": "consumer", "required": false, "type": "integer", "javaType": "java.lang.Integer", "deprecated": false, "deprecationNote": "", "autowired": false, "secret": false, "description": "To set a value for minimum number of threads in server thread pool. Notice that both a min and max size must be configured." },
    "muteException": { "kind": "property", "displayName": "Mute Exception", "group": "consumer", "label": "consumer", "required": false, "type": "boolean", "javaType": "boolean", "deprecated": false, "autowired": false, "secret": false, "defaultValue": false, "description": "If enabled and an Exchange failed processing on the consumer side the response's body won't contain the exception's stack trace." },
    "requestBufferSize": { "kind": "property", "displayName": "Request Buffer Size", "group": "consumer", "label": "", "required": false, "type": "integer", "javaType": "java.lang.Integer", "deprecated": false, "deprecationNote": "", "autowired": false, "secret": false, "description": "Allows to configure a custom value of the request buffer size on the Jetty connectors." },
    "requestHeaderSize": { "kind": "property", "displayName": "Request Header Size", "group": "consumer", "label": "", "required": false, "type": "integer", "javaType": "java.lang.Integer", "deprecated": false, "deprecationNote": "", "autowired": false, "secret": false, "description": "Allows to configure a custom value of the request header size on the Jetty connectors." },
    "responseBufferSize": { "kind": "property", "displayName": "Response Buffer Size", "group": "consumer", "label": "", "required": false, "type": "integer", "javaType": "java.lang.Integer", "deprecated": false, "deprecationNote": "", "autowired": false, "secret": false, "description": "Allows to configure a custom value of the response buffer size on the Jetty connectors." },
    "responseHeaderSize": { "kind": "property", "displayName": "Response Header Size", "group": "consumer", "label": "", "required": false, "type": "integer", "javaType": "java.lang.Integer", "deprecated": false, "deprecationNote": "", "autowired": false, "secret": false, "description": "Allows to configure a custom value of the response header size on the Jetty connectors." },
    "sendServerVersion": { "kind": "property", "displayName": "Send Server Version", "group": "consumer", "label": "consumer", "required": false, "type": "boolean", "javaType": "boolean", "deprecated": false, "deprecationNote": "", "autowired": false, "secret": false, "defaultValue": true, "description": "If the option is true, jetty will send the server header with the jetty version information to the client which sends the request. NOTE please make sure there is no any other camel-jetty endpoint is share the same port, otherwise this option may not work as expected." },
    "useContinuation": { "kind": "property", "displayName": "Use Continuation", "group": "consumer", "label": "consumer", "required": false, "type": "boolean", "javaType": "boolean", "deprecated": false, "deprecationNote": "", "autowired": false, "secret": false, "defaultValue": true, "description": "Whether or not to use Jetty continuations for the Jetty Server." },
    "useXForwardedForHeader": { "kind": "property", "displayName": "Use XForwarded For Header", "group": "consumer", "label": "", "required": false, "type": "boolean", "javaType": "boolean", "deprecated": false, "deprecationNote": "", "autowired": false, "secret": false, "defaultValue": false, "description": "To use the X-Forwarded-For header in HttpServletRequest.getRemoteAddr." },
    "threadPool": { "kind": "property", "displayName": "Thread Pool", "group": "consumer (advanced)", "label": "consumer,advanced", "required": false, "type": "object", "javaType": "org.eclipse.jetty.util.thread.ThreadPool", "deprecated": false, "deprecationNote": "", "autowired": false, "secret": false, "description": "To use a custom thread pool for the server. This option should only be used in special circumstances." },
    "allowJavaSerializedObject": { "kind": "property", "displayName": "Allow Java Serialized Object", "group": "advanced", "label": "advanced", "required": false, "type": "boolean", "javaType": "boolean", "deprecated": false, "autowired": false, "secret": false, "defaultValue": false, "description": "Whether to allow java serialization when a request uses context-type=application\/x-java-serialized-object. This is by default turned off. If you enable this then be aware that Java will deserialize the incoming data from the request to Java and that can be a potential security risk." },
    "autowiredEnabled": { "kind": "property", "displayName": "Autowired Enabled", "group": "advanced", "label": "advanced", "required": false, "type": "boolean", "javaType": "boolean", "deprecated": false, "autowired": false, "secret": false, "defaultValue": true, "description": "Whether autowiring is enabled. This is used for automatic autowiring options (the option must be marked as autowired) by looking up in the registry to find if there is a single instance of matching type, which then gets configured on the component. This can be used for automatic configuring JDBC data sources, JMS connection factories, AWS Clients, etc." },
    "errorHandler": { "kind": "property", "displayName": "Error Handler", "group": "advanced", "label": "advanced", "required": false, "type": "object", "javaType": "org.eclipse.jetty.server.handler.ErrorHandler", "deprecated": false, "deprecationNote": "", "autowired": false, "secret": false, "description": "This option is used to set the ErrorHandler that Jetty server uses." },
    "httpBinding": { "kind": "property", "displayName": "Http Binding", "group": "advanced", "label": "advanced", "required": false, "type": "object", "javaType": "org.apache.camel.http.common.HttpBinding", "deprecated": false, "deprecationNote": "", "autowired": false, "secret": false, "description": "Not to be used - use JettyHttpBinding instead." },
    "httpConfiguration": { "kind": "property", "displayName": "Http Configuration", "group": "advanced", "label": "advanced", "required": false, "type": "object", "javaType": "org.apache.camel.http.common.HttpConfiguration", "deprecated": false, "deprecationNote": "", "autowired": false, "secret": false, "description": "Jetty component does not use HttpConfiguration." },
    "jettyHttpBinding": { "kind": "property", "displayName": "Jetty Http Binding", "group": "advanced", "label": "advanced", "required": false, "type": "object", "javaType": "org.apache.camel.component.jetty.JettyHttpBinding", "deprecated": false, "deprecationNote": "", "autowired": false, "secret": false, "description": "To use a custom org.apache.camel.component.jetty.JettyHttpBinding, which are used to customize how a response should be written for the producer." },
    "mbContainer": { "kind": "property", "displayName": "Mb Container", "group": "advanced", "label": "advanced", "required": false, "type": "object", "javaType": "org.eclipse.jetty.jmx.MBeanContainer", "deprecated": false, "deprecationNote": "", "autowired": false, "secret": false, "description": "To use a existing configured org.eclipse.jetty.jmx.MBeanContainer if JMX is enabled that Jetty uses for registering mbeans." },
    "headerFilterStrategy": { "kind": "property", "displayName": "Header Filter Strategy", "group": "filter", "label": "filter", "required": false, "type": "object", "javaType": "org.apache.camel.spi.HeaderFilterStrategy", "deprecated": false, "autowired": false, "secret": false, "description": "To use a custom org.apache.camel.spi.HeaderFilterStrategy to filter header to and from Camel message." },
    "proxyHost": { "kind": "property", "displayName": "Proxy Host", "group": "proxy", "label": "proxy", "required": false, "type": "string", "javaType": "java.lang.String", "deprecated": false, "deprecationNote": "", "autowired": false, "secret": false, "description": "To use a http proxy to configure the hostname." },
    "proxyPort": { "kind": "property", "displayName": "Proxy Port", "group": "proxy", "label": "proxy", "required": false, "type": "integer", "javaType": "java.lang.Integer", "deprecated": false, "deprecationNote": "", "autowired": false, "secret": false, "description": "To use a http proxy to configure the port number." },
    "keystore": { "kind": "property", "displayName": "Keystore", "group": "security", "label": "security", "required": false, "type": "string", "javaType": "java.lang.String", "deprecated": false, "deprecationNote": "", "autowired": false, "secret": true, "description": "Specifies the location of the Java keystore file, which contains the Jetty server's own X.509 certificate in a key entry." },
    "socketConnectorProperties": { "kind": "property", "displayName": "Socket Connector Properties", "group": "security", "label": "security", "required": false, "type": "object", "javaType": "java.util.Map<java.lang.String, java.lang.Object>", "deprecated": false, "deprecationNote": "", "autowired": false, "secret": false, "description": "A map which contains general HTTP connector properties. Uses the same principle as sslSocketConnectorProperties." },
    "socketConnectors": { "kind": "property", "displayName": "Socket Connectors", "group": "security", "label": "security", "required": false, "type": "object", "javaType": "java.util.Map<java.lang.Integer, org.eclipse.jetty.server.Connector>", "deprecated": false, "deprecationNote": "", "autowired": false, "secret": false, "description": "A map which contains per port number specific HTTP connectors. Uses the same principle as sslSocketConnectors." },
    "sslContextParameters": { "kind": "property", "displayName": "Ssl Context Parameters", "group": "security", "label": "security", "required": false, "type": "object", "javaType": "org.apache.camel.support.jsse.SSLContextParameters", "deprecated": false, "deprecationNote": "", "autowired": false, "secret": false, "description": "To configure security using SSLContextParameters" },
    "sslKeyPassword": { "kind": "property", "displayName": "Ssl Key Password", "group": "security", "label": "security", "required": false, "type": "string", "javaType": "java.lang.String", "deprecated": false, "deprecationNote": "", "autowired": false, "secret": true, "description": "The key password, which is used to access the certificate's key entry in the keystore (this is the same password that is supplied to the keystore command's -keypass option)." },
    "sslPassword": { "kind": "property", "displayName": "Ssl Password", "group": "security", "label": "security", "required": false, "type": "string", "javaType": "java.lang.String", "deprecated": false, "deprecationNote": "", "autowired": false, "secret": true, "description": "The ssl password, which is required to access the keystore file (this is the same password that is supplied to the keystore command's -storepass option)." },
    "sslSocketConnectorProperties": { "kind": "property", "displayName": "Ssl Socket Connector Properties", "group": "security", "label": "security", "required": false, "type": "object", "javaType": "java.util.Map<java.lang.String, java.lang.Object>", "deprecated": false, "deprecationNote": "", "autowired": false, "secret": false, "description": "A map which contains general SSL connector properties." },
    "sslSocketConnectors": { "kind": "property", "displayName": "Ssl Socket Connectors", "group": "security", "label": "security", "required": false, "type": "object", "javaType": "java.util.Map<java.lang.Integer, org.eclipse.jetty.server.Connector>", "deprecated": false, "deprecationNote": "", "autowired": false, "secret": false, "description": "A map which contains per port number specific SSL connectors." },
    "useGlobalSslContextParameters": { "kind": "property", "displayName": "Use Global Ssl Context Parameters", "group": "security", "label": "security", "required": false, "type": "boolean", "javaType": "boolean", "deprecated": false, "deprecationNote": "", "autowired": false, "secret": false, "defaultValue": false, "description": "Enable usage of global SSL context parameters" }
  },
  "headers": {
    "CamelServletContextPath": { "kind": "header", "displayName": "", "group": "consumer", "label": "", "required": false, "javaType": "String", "deprecated": false, "deprecationNote": "", "autowired": false, "secret": false, "description": "The servlet context path used", "constantName": "org.apache.camel.component.jetty.JettyHttpConstants#SERVLET_CONTEXT_PATH" },
    "CamelHttpPath": { "kind": "header", "displayName": "", "group": "consumer", "label": "", "required": false, "javaType": "String", "deprecated": false, "deprecationNote": "", "autowired": false, "secret": false, "description": "Request URI's path, the header will be used to build the request URI with the HTTP_URI.", "constantName": "org.apache.camel.component.jetty.JettyHttpConstants#HTTP_PATH" }
  },
  "properties": {
    "httpUri": { "kind": "path", "displayName": "Http Uri", "group": "common", "label": "common", "required": true, "type": "string", "javaType": "java.net.URI", "deprecated": false, "deprecationNote": "", "autowired": false, "secret": false, "description": "The url of the HTTP endpoint to call." },
    "chunked": { "kind": "parameter", "displayName": "Chunked", "group": "consumer", "label": "", "required": false, "type": "boolean", "javaType": "boolean", "deprecated": false, "autowired": false, "secret": false, "defaultValue": true, "description": "If this option is false the Servlet will disable the HTTP streaming and set the content-length header on the response" },
    "disableStreamCache": { "kind": "parameter", "displayName": "Disable Stream Cache", "group": "common", "label": "common", "required": false, "type": "boolean", "javaType": "boolean", "deprecated": false, "autowired": false, "secret": false, "defaultValue": false, "description": "Determines whether or not the raw input stream from Servlet is cached or not (Camel will read the stream into a in memory\/overflow to file, Stream caching) cache. By default Camel will cache the Servlet input stream to support reading it multiple times to ensure it Camel can retrieve all data from the stream. However you can set this option to true when you for example need to access the raw stream, such as streaming it directly to a file or other persistent store. DefaultHttpBinding will copy the request input stream into a stream cache and put it into message body if this option is false to support reading the stream multiple times. If you use Servlet to bridge\/proxy an endpoint then consider enabling this option to improve performance, in case you do not need to read the message payload multiple times. The http producer will by default cache the response body stream. If setting this option to true, then the producers will not cache the response body stream but use the response stream as-is as the message body." },
    "headerFilterStrategy": { "kind": "parameter", "displayName": "Header Filter Strategy", "group": "common", "label": "common", "required": false, "type": "object", "javaType": "org.apache.camel.spi.HeaderFilterStrategy", "deprecated": false, "autowired": false, "secret": false, "description": "To use a custom HeaderFilterStrategy to filter header to and from Camel message." },
    "httpBinding": { "kind": "parameter", "displayName": "Http Binding", "group": "common (advanced)", "label": "common,advanced", "required": false, "type": "object", "javaType": "org.apache.camel.http.common.HttpBinding", "deprecated": false, "autowired": false, "secret": false, "description": "To use a custom HttpBinding to control the mapping between Camel message and HttpClient." },
    "async": { "kind": "parameter", "displayName": "Async", "group": "consumer", "label": "consumer", "required": false, "type": "boolean", "javaType": "boolean", "deprecated": false, "autowired": false, "secret": false, "defaultValue": false, "description": "Configure the consumer to work in async mode" },
    "continuationTimeout": { "kind": "parameter", "displayName": "Continuation Timeout", "group": "consumer", "label": "consumer", "required": false, "type": "integer", "javaType": "java.lang.Long", "deprecated": false, "autowired": false, "secret": false, "defaultValue": "30000", "description": "Allows to set a timeout in millis when using Jetty as consumer (server). By default Jetty uses 30000. You can use a value of = 0 to never expire. If a timeout occurs then the request will be expired and Jetty will return back a http error 503 to the client. This option is only in use when using Jetty with the Asynchronous Routing Engine." },
    "enableCORS": { "kind": "parameter", "displayName": "Enable CORS", "group": "consumer", "label": "consumer", "required": false, "type": "boolean", "javaType": "boolean", "deprecated": false, "autowired": false, "secret": false, "defaultValue": false, "description": "If the option is true, Jetty server will setup the CrossOriginFilter which supports the CORS out of box." },
    "enableJmx": { "kind": "parameter", "displayName": "Enable Jmx", "group": "consumer", "label": "consumer", "required": false, "type": "boolean", "javaType": "boolean", "deprecated": false, "autowired": false, "secret": false, "defaultValue": false, "description": "If this option is true, Jetty JMX support will be enabled for this endpoint. See Jetty JMX support for more details." },
    "enableMultipartFilter": { "kind": "parameter", "displayName": "Enable Multipart Filter", "group": "consumer", "label": "", "required": false, "type": "boolean", "javaType": "boolean", "deprecated": false, "autowired": false, "secret": false, "defaultValue": false, "description": "Whether org.apache.camel.component.jetty.MultiPartFilter is enabled or not. You should set this value to false when bridging endpoints, to ensure multipart requests is proxied\/bridged as well." },
    "httpMethodRestrict": { "kind": "parameter", "displayName": "Http Method Restrict", "group": "consumer", "label": "consumer", "required": false, "type": "string", "javaType": "java.lang.String", "deprecated": false, "autowired": false, "secret": false, "description": "Used to only allow consuming if the HttpMethod matches, such as GET\/POST\/PUT etc. Multiple methods can be specified separated by comma." },
    "matchOnUriPrefix": { "kind": "parameter", "displayName": "Match On Uri Prefix", "group": "consumer", "label": "consumer", "required": false, "type": "boolean", "javaType": "boolean", "deprecated": false, "autowired": false, "secret": false, "defaultValue": false, "description": "Whether or not the consumer should try to find a target consumer by matching the URI prefix if no exact match is found." },
    "muteException": { "kind": "parameter", "displayName": "Mute Exception", "group": "consumer", "label": "consumer", "required": false, "type": "boolean", "javaType": "boolean", "deprecated": false, "autowired": false, "secret": false, "defaultValue": false, "description": "If enabled and an Exchange failed processing on the consumer side the response's body won't contain the exception's stack trace." },
    "responseBufferSize": { "kind": "parameter", "displayName": "Response Buffer Size", "group": "consumer", "label": "consumer", "required": false, "type": "integer", "javaType": "java.lang.Integer", "deprecated": false, "autowired": false, "secret": false, "description": "To use a custom buffer size on the javax.servlet.ServletResponse." },
    "sendDateHeader": { "kind": "parameter", "displayName": "Send Date Header", "group": "consumer", "label": "consumer", "required": false, "type": "boolean", "javaType": "boolean", "deprecated": false, "autowired": false, "secret": false, "defaultValue": false, "description": "If the option is true, jetty server will send the date header to the client which sends the request. NOTE please make sure there is no any other camel-jetty endpoint is share the same port, otherwise this option may not work as expected." },
    "sendServerVersion": { "kind": "parameter", "displayName": "Send Server Version", "group": "consumer", "label": "consumer", "required": false, "type": "boolean", "javaType": "boolean", "deprecated": false, "autowired": false, "secret": false, "defaultValue": true, "description": "If the option is true, jetty will send the server header with the jetty version information to the client which sends the request. NOTE please make sure there is no any other camel-jetty endpoint is share the same port, otherwise this option may not work as expected." },
    "sessionSupport": { "kind": "parameter", "displayName": "Session Support", "group": "consumer", "label": "consumer", "required": false, "type": "boolean", "javaType": "boolean", "deprecated": false, "autowired": false, "secret": false, "defaultValue": false, "description": "Specifies whether to enable the session manager on the server side of Jetty." },
    "transferException": { "kind": "parameter", "displayName": "Transfer Exception", "group": "consumer", "label": "", "required": false, "type": "boolean", "javaType": "boolean", "deprecated": false, "autowired": false, "secret": false, "defaultValue": false, "description": "If enabled and an Exchange failed processing on the consumer side, and if the caused Exception was send back serialized in the response as a application\/x-java-serialized-object content type. On the producer side the exception will be deserialized and thrown as is, instead of the HttpOperationFailedException. The caused exception is required to be serialized. This is by default turned off. If you enable this then be aware that Java will deserialize the incoming data from the request to Java and that can be a potential security risk." },
    "useContinuation": { "kind": "parameter", "displayName": "Use Continuation", "group": "consumer", "label": "consumer", "required": false, "type": "boolean", "javaType": "java.lang.Boolean", "deprecated": false, "autowired": false, "secret": false, "description": "Whether or not to use Jetty continuations for the Jetty Server." },
    "bridgeErrorHandler": { "kind": "parameter", "displayName": "Bridge Error Handler", "group": "consumer (advanced)", "label": "consumer,advanced", "required": false, "type": "boolean", "javaType": "boolean", "deprecated": false, "autowired": false, "secret": false, "defaultValue": false, "description": "Allows for bridging the consumer to the Camel routing Error Handler, which mean any exceptions occurred while the consumer is trying to pickup incoming messages, or the likes, will now be processed as a message and handled by the routing Error Handler. By default the consumer will use the org.apache.camel.spi.ExceptionHandler to deal with exceptions, that will be logged at WARN or ERROR level and ignored." },
    "eagerCheckContentAvailable": { "kind": "parameter", "displayName": "Eager Check Content Available", "group": "consumer (advanced)", "label": "consumer,advanced", "required": false, "type": "boolean", "javaType": "boolean", "deprecated": false, "autowired": false, "secret": false, "defaultValue": false, "description": "Whether to eager check whether the HTTP requests has content if the content-length header is 0 or not present. This can be turned on in case HTTP clients do not send streamed data." },
    "exceptionHandler": { "kind": "parameter", "displayName": "Exception Handler", "group": "consumer (advanced)", "label": "consumer,advanced", "required": false, "type": "object", "javaType": "org.apache.camel.spi.ExceptionHandler", "optionalPrefix": "consumer.", "deprecated": false, "autowired": false, "secret": false, "description": "To let the consumer use a custom ExceptionHandler. Notice if the option bridgeErrorHandler is enabled then this option is not in use. By default the consumer will deal with exceptions, that will be logged at WARN or ERROR level and ignored." },
    "exchangePattern": { "kind": "parameter", "displayName": "Exchange Pattern", "group": "consumer (advanced)", "label": "consumer,advanced", "required": false, "type": "object", "javaType": "org.apache.camel.ExchangePattern", "enum": [ "InOnly", "InOut", "InOptionalOut" ], "deprecated": false, "autowired": false, "secret": false, "description": "Sets the exchange pattern when the consumer creates an exchange." },
    "filterInitParameters": { "kind": "parameter", "displayName": "Filter Init Parameters", "group": "consumer (advanced)", "label": "consumer,advanced", "required": false, "type": "object", "javaType": "java.util.Map<java.lang.String, java.lang.String>", "prefix": "filter.", "multiValue": true, "deprecated": false, "autowired": false, "secret": false, "description": "Configuration of the filter init parameters. These parameters will be applied to the filter list before starting the jetty server." },
    "filters": { "kind": "parameter", "displayName": "Filters", "group": "consumer (advanced)", "label": "consumer,advanced", "required": false, "type": "array", "javaType": "java.util.List<javax.servlet.Filter>", "deprecated": false, "autowired": false, "secret": false, "description": "Allows using a custom filters which is putted into a list and can be find in the Registry. Multiple values can be separated by comma." },
    "handlers": { "kind": "parameter", "displayName": "Handlers", "group": "consumer (advanced)", "label": "consumer,advanced", "required": false, "type": "array", "javaType": "java.util.List<org.eclipse.jetty.server.Handler>", "deprecated": false, "autowired": false, "secret": false, "description": "Specifies a comma-delimited set of Handler instances to lookup in your Registry. These handlers are added to the Jetty servlet context (for example, to add security). Important: You can not use different handlers with different Jetty endpoints using the same port number. The handlers is associated to the port number. If you need different handlers, then use different port numbers." },
    "mapHttpMessageBody": { "kind": "parameter", "displayName": "Map Http Message Body", "group": "consumer (advanced)", "label": "consumer,advanced", "required": false, "type": "boolean", "javaType": "boolean", "deprecated": false, "autowired": false, "secret": false, "defaultValue": true, "description": "If this option is true then IN exchange Body of the exchange will be mapped to HTTP body. Setting this to false will avoid the HTTP mapping." },
    "mapHttpMessageFormUrlEncodedBody": { "kind": "parameter", "displayName": "Map Http Message Form Url Encoded Body", "group": "consumer (advanced)", "label": "consumer,advanced", "required": false, "type": "boolean", "javaType": "boolean", "deprecated": false, "autowired": false, "secret": false, "defaultValue": true, "description": "If this option is true then IN exchange Form Encoded body of the exchange will be mapped to HTTP. Setting this to false will avoid the HTTP Form Encoded body mapping." },
    "mapHttpMessageHeaders": { "kind": "parameter", "displayName": "Map Http Message Headers", "group": "consumer (advanced)", "label": "consumer,advanced", "required": false, "type": "boolean", "javaType": "boolean", "deprecated": false, "autowired": false, "secret": false, "defaultValue": true, "description": "If this option is true then IN exchange Headers of the exchange will be mapped to HTTP headers. Setting this to false will avoid the HTTP Headers mapping." },
    "multipartFilter": { "kind": "parameter", "displayName": "Multipart Filter", "group": "consumer (advanced)", "label": "consumer,advanced", "required": false, "type": "object", "javaType": "javax.servlet.Filter", "deprecated": false, "autowired": false, "secret": false, "description": "Allows using a custom multipart filter. Note: setting multipartFilterRef forces the value of enableMultipartFilter to true." },
    "optionsEnabled": { "kind": "parameter", "displayName": "Options Enabled", "group": "consumer (advanced)", "label": "consumer,advanced", "required": false, "type": "boolean", "javaType": "boolean", "deprecated": false, "autowired": false, "secret": false, "defaultValue": false, "description": "Specifies whether to enable HTTP OPTIONS for this Servlet consumer. By default OPTIONS is turned off." },
    "traceEnabled": { "kind": "parameter", "displayName": "Trace Enabled", "group": "consumer (advanced)", "label": "consumer,advanced", "required": false, "type": "boolean", "javaType": "boolean", "deprecated": false, "autowired": false, "secret": false, "defaultValue": false, "description": "Specifies whether to enable HTTP TRACE for this Servlet consumer. By default TRACE is turned off." },
    "sslContextParameters": { "kind": "parameter", "displayName": "Ssl Context Parameters", "group": "security", "label": "security", "required": false, "type": "object", "javaType": "org.apache.camel.support.jsse.SSLContextParameters", "deprecated": false, "autowired": false, "secret": false, "description": "To configure security using SSLContextParameters" }
  }
}
