{
  "component": {
    "kind": "component",
    "name": "jt400",
    "title": "JT400",
    "description": "Exchanges messages with an IBM i system using data queues, message queues, or program call. IBM i is the replacement for AS\/400 and iSeries servers.",
    "deprecated": false,
    "firstVersion": "1.5.0",
    "label": "messaging",
    "javaType": "org.apache.camel.component.jt400.Jt400Component",
    "supportLevel": "Stable",
    "groupId": "org.apache.camel",
    "artifactId": "camel-jt400",
    "version": "3.19.0-SNAPSHOT",
    "scheme": "jt400",
    "extendsScheme": "",
    "syntax": "jt400:userID:password@systemName\/QSYS.LIB\/objectPath.type",
    "async": false,
    "api": false,
    "consumerOnly": false,
    "producerOnly": false,
    "lenientProperties": false
  },
  "componentProperties": {
    "bridgeErrorHandler": { "kind": "property", "displayName": "Bridge Error Handler", "group": "consumer", "label": "consumer", "required": false, "type": "boolean", "javaType": "boolean", "deprecated": false, "autowired": false, "secret": false, "defaultValue": false, "description": "Allows for bridging the consumer to the Camel routing Error Handler, which mean any exceptions occurred while the consumer is trying to pickup incoming messages, or the likes, will now be processed as a message and handled by the routing Error Handler. By default the consumer will use the org.apache.camel.spi.ExceptionHandler to deal with exceptions, that will be logged at WARN or ERROR level and ignored." },
    "lazyStartProducer": { "kind": "property", "displayName": "Lazy Start Producer", "group": "producer", "label": "producer", "required": false, "type": "boolean", "javaType": "boolean", "deprecated": false, "autowired": false, "secret": false, "defaultValue": false, "description": "Whether the producer should be started lazy (on the first message). By starting lazy you can use this to allow CamelContext and routes to startup in situations where a producer may otherwise fail during starting and cause the route to fail being started. By deferring this startup to be lazy then the startup failure can be handled during routing messages via Camel's routing error handlers. Beware that when the first message is processed then creating and starting the producer may take a little time and prolong the total processing time of the processing." },
    "autowiredEnabled": { "kind": "property", "displayName": "Autowired Enabled", "group": "advanced", "label": "advanced", "required": false, "type": "boolean", "javaType": "boolean", "deprecated": false, "autowired": false, "secret": false, "defaultValue": true, "description": "Whether autowiring is enabled. This is used for automatic autowiring options (the option must be marked as autowired) by looking up in the registry to find if there is a single instance of matching type, which then gets configured on the component. This can be used for automatic configuring JDBC data sources, JMS connection factories, AWS Clients, etc." },
    "connectionPool": { "kind": "property", "displayName": "Connection Pool", "group": "advanced", "label": "advanced", "required": false, "type": "object", "javaType": "com.ibm.as400.access.AS400ConnectionPool", "deprecated": false, "autowired": false, "secret": false, "description": "Default connection pool used by the component. Note that this pool is lazily initialized. This is because in a scenario where the user always provides a pool, it would be wasteful for Camel to initialize and keep an idle pool." }
  },
  "headers": {
    "SENDER_INFORMATION": { "kind": "header", "displayName": "", "group": "consumer", "label": "consumer", "required": false, "javaType": "String", "deprecated": false, "deprecationNote": "", "autowired": false, "secret": false, "description": "Data queues: Returns the sender information for this data queue entry, or an empty string if not available.Message queues: The job identifier of the sending job", "constantName": "org.apache.camel.component.jt400.Jt400Constants#SENDER_INFORMATION" },
    "KEY": { "kind": "header", "displayName": "", "group": "common", "label": "", "required": false, "javaType": "String or byte[]", "deprecated": false, "deprecationNote": "", "autowired": false, "secret": false, "description": "The data queue key.", "constantName": "org.apache.camel.component.jt400.Jt400Constants#KEY" },
    "CamelJt400Message": { "kind": "header", "displayName": "", "group": "consumer", "label": "consumer", "required": false, "javaType": "com.ibm.as400.access.QueuedMessage", "deprecated": false, "deprecationNote": "", "autowired": false, "secret": false, "description": "The message received", "constantName": "org.apache.camel.component.jt400.Jt400Constants#MESSAGE" },
    "CamelJt400MessageID": { "kind": "header", "displayName": "", "group": "consumer", "label": "consumer", "required": false, "javaType": "String", "deprecated": false, "deprecationNote": "", "autowired": false, "secret": false, "description": "The message identifier", "constantName": "org.apache.camel.component.jt400.Jt400Constants#MESSAGE_ID" },
    "CamelJt400MessageFile": { "kind": "header", "displayName": "", "group": "consumer", "label": "consumer", "required": false, "javaType": "String", "deprecated": false, "deprecationNote": "", "autowired": false, "secret": false, "description": "The message file name", "constantName": "org.apache.camel.component.jt400.Jt400Constants#MESSAGE_FILE" },
    "CamelJt400MessageType": { "kind": "header", "displayName": "", "group": "consumer", "label": "consumer", "required": false, "javaType": "Integer", "deprecated": false, "deprecationNote": "", "autowired": false, "secret": false, "description": "The message type (corresponds to constants defined in the AS400Message class)", "constantName": "org.apache.camel.component.jt400.Jt400Constants#MESSAGE_TYPE" },
    "CamelJt400MessageSeverity": { "kind": "header", "displayName": "", "group": "consumer", "label": "consumer", "required": false, "javaType": "Integer", "deprecated": false, "deprecationNote": "", "autowired": false, "secret": false, "description": "The message severity (Valid values are between 0 and 99, or -1 if it is not set)", "constantName": "org.apache.camel.component.jt400.Jt400Constants#MESSAGE_SEVERITY" },
    "CamelJt400MessageDefaultReply": { "kind": "header", "displayName": "", "group": "consumer", "label": "consumer", "required": false, "javaType": "String", "deprecated": false, "deprecationNote": "", "autowired": false, "secret": false, "description": "The default message reply, when the message is an inquiry message", "constantName": "org.apache.camel.component.jt400.Jt400Constants#MESSAGE_DFT_RPY" },
    "CamelJt400MessageReplyToKey": { "kind": "header", "displayName": "", "group": "common", "label": "", "required": false, "javaType": "byte[]", "deprecated": false, "deprecationNote": "", "autowired": false, "secret": false, "description": "Consumer: The key of the message that will be replied to (if the sendingReply parameter is set to true). Producer: If set, and if the message body is not empty, a new message will not be sent to the provided message queue. Instead, a response will be sent to the message identified by the given key. This is set automatically when reading from the message queue if the sendingReply parameter is set to true.", "constantName": "org.apache.camel.component.jt400.Jt400Constants#MESSAGE_REPLYTO_KEY" }
  },
  "properties": {
    "userID": { "kind": "path", "displayName": "User ID", "group": "security", "label": "security", "required": true, "type": "string", "javaType": "java.lang.String", "deprecated": false, "deprecationNote": "", "autowired": false, "secret": true, "configurationClass": "org.apache.camel.component.jt400.Jt400Configuration", "configurationField": "configuration", "description": "Returns the ID of the IBM i user." },
    "password": { "kind": "path", "displayName": "Password", "group": "security", "label": "security", "required": true, "type": "string", "javaType": "java.lang.String", "deprecated": false, "deprecationNote": "", "autowired": false, "secret": true, "configurationClass": "org.apache.camel.component.jt400.Jt400Configuration", "configurationField": "configuration", "description": "Returns the password of the IBM i user." },
    "systemName": { "kind": "path", "displayName": "System Name", "group": "security", "label": "security", "required": true, "type": "string", "javaType": "java.lang.String", "deprecated": false, "deprecationNote": "", "autowired": false, "secret": false, "configurationClass": "org.apache.camel.component.jt400.Jt400Configuration", "configurationField": "configuration", "description": "Returns the name of the IBM i system." },
    "objectPath": { "kind": "path", "displayName": "Object Path", "group": "common", "label": "", "required": true, "type": "string", "javaType": "java.lang.String", "deprecated": false, "deprecationNote": "", "autowired": false, "secret": false, "configurationClass": "org.apache.camel.component.jt400.Jt400Configuration", "configurationField": "configuration", "description": "Returns the fully qualified integrated file system path name of the target object of this endpoint." },
    "type": { "kind": "path", "displayName": "Type", "group": "common", "label": "", "required": true, "type": "object", "javaType": "org.apache.camel.component.jt400.Jt400Type", "enum": [ "DTAQ", "PGM", "SRVPGM", "MSGQ" ], "deprecated": false, "deprecationNote": "", "autowired": false, "secret": false, "configurationClass": "org.apache.camel.component.jt400.Jt400Configuration", "configurationField": "configuration", "description": "Whether to work with data queues or remote program call" },
    "ccsid": { "kind": "parameter", "displayName": "Ccsid", "group": "common", "label": "", "required": false, "type": "integer", "javaType": "int", "deprecated": false, "autowired": false, "secret": false, "configurationClass": "org.apache.camel.component.jt400.Jt400Configuration", "configurationField": "configuration", "description": "Sets the CCSID to use for the connection with the IBM i system." },
    "format": { "kind": "parameter", "displayName": "Format", "group": "common", "label": "", "required": false, "type": "object", "javaType": "org.apache.camel.component.jt400.Jt400Configuration.Format", "enum": [ "text", "binary" ], "deprecated": false, "autowired": false, "secret": false, "defaultValue": "text", "configurationClass": "org.apache.camel.component.jt400.Jt400Configuration", "configurationField": "configuration", "description": "Sets the data format for sending messages." },
    "guiAvailable": { "kind": "parameter", "displayName": "Gui Available", "group": "common", "label": "", "required": false, "type": "boolean", "javaType": "boolean", "deprecated": false, "autowired": false, "secret": false, "defaultValue": false, "configurationClass": "org.apache.camel.component.jt400.Jt400Configuration", "configurationField": "configuration", "description": "Sets whether IBM i prompting is enabled in the environment running Camel." },
    "keyed": { "kind": "parameter", "displayName": "Keyed", "group": "common", "label": "", "required": false, "type": "boolean", "javaType": "boolean", "deprecated": false, "autowired": false, "secret": false, "defaultValue": false, "configurationClass": "org.apache.camel.component.jt400.Jt400Configuration", "configurationField": "configuration", "description": "Whether to use keyed or non-keyed data queues." },
    "searchKey": { "kind": "parameter", "displayName": "Search Key", "group": "common", "label": "", "required": false, "type": "string", "javaType": "java.lang.String", "deprecated": false, "autowired": false, "secret": false, "configurationClass": "org.apache.camel.component.jt400.Jt400Configuration", "configurationField": "configuration", "description": "Search key for keyed data queues." },
    "messageAction": { "kind": "parameter", "displayName": "Message Action", "group": "consumer", "label": "consumer", "required": false, "type": "object", "javaType": "org.apache.camel.component.jt400.Jt400Configuration.MessageAction", "enum": [ "OLD", "REMOVE", "SAME" ], "deprecated": false, "autowired": false, "secret": false, "defaultValue": "OLD", "configurationClass": "org.apache.camel.component.jt400.Jt400Configuration", "configurationField": "configuration", "description": "Action to be taken on messages when read from a message queue. Messages can be marked as old (OLD), removed from the queue (REMOVE), or neither (SAME)." },
    "readTimeout": { "kind": "parameter", "displayName": "Read Timeout", "group": "consumer", "label": "consumer", "required": false, "type": "integer", "javaType": "int", "deprecated": false, "autowired": false, "secret": false, "defaultValue": 30000, "configurationClass": "org.apache.camel.component.jt400.Jt400Configuration", "configurationField": "configuration", "description": "Timeout in millis the consumer will wait while trying to read a new message of the data queue." },
    "searchType": { "kind": "parameter", "displayName": "Search Type", "group": "consumer", "label": "consumer", "required": false, "type": "object", "javaType": "org.apache.camel.component.jt400.Jt400Configuration.SearchType", "enum": [ "EQ", "NE", "LT", "LE", "GT", "GE" ], "deprecated": false, "autowired": false, "secret": false, "defaultValue": "EQ", "configurationClass": "org.apache.camel.component.jt400.Jt400Configuration", "configurationField": "configuration", "description": "Search type such as EQ for equal etc." },
    "sendEmptyMessageWhenIdle": { "kind": "parameter", "displayName": "Send Empty Message When Idle", "group": "consumer", "label": "consumer", "required": false, "type": "boolean", "javaType": "boolean", "deprecated": false, "autowired": false, "secret": false, "defaultValue": false, "description": "If the polling consumer did not poll any files, you can enable this option to send an empty message (no body) instead." },
    "sendingReply": { "kind": "parameter", "displayName": "Sending Reply", "group": "consumer", "label": "consumer", "required": false, "type": "boolean", "javaType": "boolean", "deprecated": false, "autowired": false, "secret": false, "defaultValue": true, "configurationClass": "org.apache.camel.component.jt400.Jt400Configuration", "configurationField": "configuration", "description": "If true, the consumer endpoint will set the Jt400Constants.MESSAGE_REPLYTO_KEY header of the camel message for any IBM i inquiry messages received. If that message is then routed to a producer endpoint, the action will not be processed as sending a message to the queue, but rather a reply to the specific inquiry message." },
    "bridgeErrorHandler": { "kind": "parameter", "displayName": "Bridge Error Handler", "group": "consumer (advanced)", "label": "consumer,advanced", "required": false, "type": "boolean", "javaType": "boolean", "deprecated": false, "autowired": false, "secret": false, "defaultValue": false, "description": "Allows for bridging the consumer to the Camel routing Error Handler, which mean any exceptions occurred while the consumer is trying to pickup incoming messages, or the likes, will now be processed as a message and handled by the routing Error Handler. By default the consumer will use the org.apache.camel.spi.ExceptionHandler to deal with exceptions, that will be logged at WARN or ERROR level and ignored." },
    "exceptionHandler": { "kind": "parameter", "displayName": "Exception Handler", "group": "consumer (advanced)", "label": "consumer,advanced", "required": false, "type": "object", "javaType": "org.apache.camel.spi.ExceptionHandler", "optionalPrefix": "consumer.", "deprecated": false, "autowired": false, "secret": false, "description": "To let the consumer use a custom ExceptionHandler. Notice if the option bridgeErrorHandler is enabled then this option is not in use. By default the consumer will deal with exceptions, that will be logged at WARN or ERROR level and ignored." },
    "exchangePattern": { "kind": "parameter", "displayName": "Exchange Pattern", "group": "consumer (advanced)", "label": "consumer,advanced", "required": false, "type": "object", "javaType": "org.apache.camel.ExchangePattern", "enum": [ "InOnly", "InOut", "InOptionalOut" ], "deprecated": false, "autowired": false, "secret": false, "description": "Sets the exchange pattern when the consumer creates an exchange." },
    "pollStrategy": { "kind": "parameter", "displayName": "Poll Strategy", "group": "consumer (advanced)", "label": "consumer,advanced", "required": false, "type": "object", "javaType": "org.apache.camel.spi.PollingConsumerPollStrategy", "deprecated": false, "autowired": false, "secret": false, "description": "A pluggable org.apache.camel.PollingConsumerPollingStrategy allowing you to provide your custom implementation to control error handling usually occurred during the poll operation before an Exchange have been created and being routed in Camel." },
    "outputFieldsIdxArray": { "kind": "parameter", "displayName": "Output Fields Idx Array", "group": "producer", "label": "producer", "required": false, "type": "object", "javaType": "java.lang.Integer[]", "deprecated": false, "autowired": false, "secret": false, "configurationClass": "org.apache.camel.component.jt400.Jt400Configuration", "configurationField": "configuration", "description": "Specifies which fields (program parameters) are output parameters." },
    "outputFieldsLengthArray": { "kind": "parameter", "displayName": "Output Fields Length Array", "group": "producer", "label": "producer", "required": false, "type": "object", "javaType": "java.lang.Integer[]", "deprecated": false, "autowired": false, "secret": false, "configurationClass": "org.apache.camel.component.jt400.Jt400Configuration", "configurationField": "configuration", "description": "Specifies the fields (program parameters) length as in the IBM i program definition." },
    "procedureName": { "kind": "parameter", "displayName": "Procedure Name", "group": "producer", "label": "producer", "required": false, "type": "string", "javaType": "java.lang.String", "deprecated": false, "autowired": false, "secret": false, "configurationClass": "org.apache.camel.component.jt400.Jt400Configuration", "configurationField": "configuration", "description": "Procedure name from a service program to call" },
    "lazyStartProducer": { "kind": "parameter", "displayName": "Lazy Start Producer", "group": "producer (advanced)", "label": "producer,advanced", "required": false, "type": "boolean", "javaType": "boolean", "deprecated": false, "autowired": false, "secret": false, "defaultValue": false, "description": "Whether the producer should be started lazy (on the first message). By starting lazy you can use this to allow CamelContext and routes to startup in situations where a producer may otherwise fail during starting and cause the route to fail being started. By deferring this startup to be lazy then the startup failure can be handled during routing messages via Camel's routing error handlers. Beware that when the first message is processed then creating and starting the producer may take a little time and prolong the total processing time of the processing." },
    "backoffErrorThreshold": { "kind": "parameter", "displayName": "Backoff Error Threshold", "group": "scheduler", "label": "consumer,scheduler", "required": false, "type": "integer", "javaType": "int", "deprecated": false, "autowired": false, "secret": false, "description": "The number of subsequent error polls (failed due some error) that should happen before the backoffMultipler should kick-in." },
    "backoffIdleThreshold": { "kind": "parameter", "displayName": "Backoff Idle Threshold", "group": "scheduler", "label": "consumer,scheduler", "required": false, "type": "integer", "javaType": "int", "deprecated": false, "autowired": false, "secret": false, "description": "The number of subsequent idle polls that should happen before the backoffMultipler should kick-in." },
    "backoffMultiplier": { "kind": "parameter", "displayName": "Backoff Multiplier", "group": "scheduler", "label": "consumer,scheduler", "required": false, "type": "integer", "javaType": "int", "deprecated": false, "autowired": false, "secret": false, "description": "To let the scheduled polling consumer backoff if there has been a number of subsequent idles\/errors in a row. The multiplier is then the number of polls that will be skipped before the next actual attempt is happening again. When this option is in use then backoffIdleThreshold and\/or backoffErrorThreshold must also be configured." },
    "delay": { "kind": "parameter", "displayName": "Delay", "group": "scheduler", "label": "consumer,scheduler", "required": false, "type": "integer", "javaType": "long", "deprecated": false, "autowired": false, "secret": false, "defaultValue": 500, "description": "Milliseconds before the next poll." },
    "greedy": { "kind": "parameter", "displayName": "Greedy", "group": "scheduler", "label": "consumer,scheduler", "required": false, "type": "boolean", "javaType": "boolean", "deprecated": false, "autowired": false, "secret": false, "defaultValue": false, "description": "If greedy is enabled, then the ScheduledPollConsumer will run immediately again, if the previous run polled 1 or more messages." },
    "initialDelay": { "kind": "parameter", "displayName": "Initial Delay", "group": "scheduler", "label": "consumer,scheduler", "required": false, "type": "integer", "javaType": "long", "deprecated": false, "autowired": false, "secret": false, "defaultValue": 1000, "description": "Milliseconds before the first poll starts." },
    "repeatCount": { "kind": "parameter", "displayName": "Repeat Count", "group": "scheduler", "label": "consumer,scheduler", "required": false, "type": "integer", "javaType": "long", "deprecated": false, "autowired": false, "secret": false, "defaultValue": 0, "description": "Specifies a maximum limit of number of fires. So if you set it to 1, the scheduler will only fire once. If you set it to 5, it will only fire five times. A value of zero or negative means fire forever." },
    "runLoggingLevel": { "kind": "parameter", "displayName": "Run Logging Level", "group": "scheduler", "label": "consumer,scheduler", "required": false, "type": "object", "javaType": "org.apache.camel.LoggingLevel", "enum": [ "TRACE", "DEBUG", "INFO", "WARN", "ERROR", "OFF" ], "deprecated": false, "autowired": false, "secret": false, "defaultValue": "TRACE", "description": "The consumer logs a start\/complete log line when it polls. This option allows you to configure the logging level for that." },
    "scheduledExecutorService": { "kind": "parameter", "displayName": "Scheduled Executor Service", "group": "scheduler", "label": "consumer,scheduler", "required": false, "type": "object", "javaType": "java.util.concurrent.ScheduledExecutorService", "deprecated": false, "autowired": false, "secret": false, "description": "Allows for configuring a custom\/shared thread pool to use for the consumer. By default each consumer has its own single threaded thread pool." },
    "scheduler": { "kind": "parameter", "displayName": "Scheduler", "group": "scheduler", "label": "consumer,scheduler", "required": false, "type": "object", "javaType": "java.lang.Object", "deprecated": false, "autowired": false, "secret": false, "defaultValue": "none", "description": "To use a cron scheduler from either camel-spring or camel-quartz component. Use value spring or quartz for built in scheduler" },
    "schedulerProperties": { "kind": "parameter", "displayName": "Scheduler Properties", "group": "scheduler", "label": "consumer,scheduler", "required": false, "type": "object", "javaType": "java.util.Map<java.lang.String, java.lang.Object>", "prefix": "scheduler.", "multiValue": true, "deprecated": false, "autowired": false, "secret": false, "description": "To configure additional properties when using a custom scheduler or any of the Quartz, Spring based scheduler." },
    "startScheduler": { "kind": "parameter", "displayName": "Start Scheduler", "group": "scheduler", "label": "consumer,scheduler", "required": false, "type": "boolean", "javaType": "boolean", "deprecated": false, "autowired": false, "secret": false, "defaultValue": true, "description": "Whether the scheduler should be auto started." },
    "timeUnit": { "kind": "parameter", "displayName": "Time Unit", "group": "scheduler", "label": "consumer,scheduler", "required": false, "type": "object", "javaType": "java.util.concurrent.TimeUnit", "enum": [ "NANOSECONDS", "MICROSECONDS", "MILLISECONDS", "SECONDS", "MINUTES", "HOURS", "DAYS" ], "deprecated": false, "autowired": false, "secret": false, "defaultValue": "MILLISECONDS", "description": "Time unit for initialDelay and delay options." },
    "useFixedDelay": { "kind": "parameter", "displayName": "Use Fixed Delay", "group": "scheduler", "label": "consumer,scheduler", "required": false, "type": "boolean", "javaType": "boolean", "deprecated": false, "autowired": false, "secret": false, "defaultValue": true, "description": "Controls if fixed delay or fixed rate is used. See ScheduledExecutorService in JDK for details." },
    "secured": { "kind": "parameter", "displayName": "Secured", "group": "security", "label": "security", "required": false, "type": "boolean", "javaType": "boolean", "deprecated": false, "autowired": false, "secret": false, "defaultValue": false, "configurationClass": "org.apache.camel.component.jt400.Jt400Configuration", "configurationField": "configuration", "description": "Whether connections to IBM i are secured with SSL." }
  }
}
