{
  "component": {
    "kind": "component",
    "name": "kudu",
    "title": "Kudu",
    "description": "Interact with Apache Kudu, a free and open source column-oriented data store of the Apache Hadoop ecosystem.",
    "deprecated": false,
    "firstVersion": "3.0",
    "label": "database,iot,cloud",
    "javaType": "org.apache.camel.component.kudu.KuduComponent",
    "supportLevel": "Stable",
    "groupId": "org.apache.camel",
    "artifactId": "camel-kudu",
    "version": "3.19.0-SNAPSHOT",
    "scheme": "kudu",
    "extendsScheme": "",
    "syntax": "kudu:host:port\/tableName",
    "async": false,
    "api": false,
    "consumerOnly": false,
    "producerOnly": true,
    "lenientProperties": false
  },
  "componentProperties": {
    "lazyStartProducer": { "kind": "property", "displayName": "Lazy Start Producer", "group": "producer", "label": "producer", "required": false, "type": "boolean", "javaType": "boolean", "deprecated": false, "autowired": false, "secret": false, "defaultValue": false, "description": "Whether the producer should be started lazy (on the first message). By starting lazy you can use this to allow CamelContext and routes to startup in situations where a producer may otherwise fail during starting and cause the route to fail being started. By deferring this startup to be lazy then the startup failure can be handled during routing messages via Camel's routing error handlers. Beware that when the first message is processed then creating and starting the producer may take a little time and prolong the total processing time of the processing." },
    "autowiredEnabled": { "kind": "property", "displayName": "Autowired Enabled", "group": "advanced", "label": "advanced", "required": false, "type": "boolean", "javaType": "boolean", "deprecated": false, "autowired": false, "secret": false, "defaultValue": true, "description": "Whether autowiring is enabled. This is used for automatic autowiring options (the option must be marked as autowired) by looking up in the registry to find if there is a single instance of matching type, which then gets configured on the component. This can be used for automatic configuring JDBC data sources, JMS connection factories, AWS Clients, etc." }
  },
  "headers": {
    "CamelKuduSchema": { "kind": "header", "displayName": "", "group": "producer", "label": "", "required": false, "javaType": "org.apache.kudu.Schema", "deprecated": false, "deprecationNote": "", "autowired": false, "secret": false, "description": "The schema", "constantName": "org.apache.camel.component.kudu.KuduConstants#CAMEL_KUDU_SCHEMA" },
    "CamelKuduTableOptions": { "kind": "header", "displayName": "", "group": "producer", "label": "", "required": false, "javaType": "org.apache.kudu.client.CreateTableOptions", "deprecated": false, "deprecationNote": "", "autowired": false, "secret": false, "description": "The create table options", "constantName": "org.apache.camel.component.kudu.KuduConstants#CAMEL_KUDU_TABLE_OPTIONS" }
  },
  "properties": {
    "host": { "kind": "path", "displayName": "Host", "group": "common", "label": "common", "required": false, "type": "string", "javaType": "java.lang.String", "deprecated": false, "autowired": false, "secret": false, "description": "Host of the server to connect to" },
    "port": { "kind": "path", "displayName": "Port", "group": "common", "label": "common", "required": false, "type": "string", "javaType": "java.lang.String", "deprecated": false, "autowired": false, "secret": false, "description": "Port of the server to connect to" },
    "tableName": { "kind": "path", "displayName": "Table Name", "group": "common", "label": "common", "required": false, "type": "string", "javaType": "java.lang.String", "deprecated": false, "autowired": false, "secret": false, "description": "Table to connect to" },
    "operation": { "kind": "parameter", "displayName": "Operation", "group": "producer", "label": "", "required": false, "type": "object", "javaType": "org.apache.camel.component.kudu.KuduOperations", "enum": [ "INSERT", "CREATE_TABLE", "SCAN" ], "deprecated": false, "autowired": false, "secret": false, "description": "Operation to perform" },
    "lazyStartProducer": { "kind": "parameter", "displayName": "Lazy Start Producer", "group": "producer (advanced)", "label": "producer,advanced", "required": false, "type": "boolean", "javaType": "boolean", "deprecated": false, "autowired": false, "secret": false, "defaultValue": false, "description": "Whether the producer should be started lazy (on the first message). By starting lazy you can use this to allow CamelContext and routes to startup in situations where a producer may otherwise fail during starting and cause the route to fail being started. By deferring this startup to be lazy then the startup failure can be handled during routing messages via Camel's routing error handlers. Beware that when the first message is processed then creating and starting the producer may take a little time and prolong the total processing time of the processing." }
  }
}
