{
  "component": {
    "kind": "component",
    "name": "minio",
    "title": "Minio",
    "description": "Store and retrieve objects from Minio Storage Service using Minio SDK.",
    "deprecated": false,
    "firstVersion": "3.5.0",
    "label": "cloud,file",
    "javaType": "org.apache.camel.component.minio.MinioComponent",
    "supportLevel": "Stable",
    "groupId": "org.apache.camel",
    "artifactId": "camel-minio",
    "version": "3.19.0-SNAPSHOT",
    "scheme": "minio",
    "extendsScheme": "",
    "syntax": "minio:bucketName",
    "async": false,
    "api": false,
    "consumerOnly": false,
    "producerOnly": false,
    "lenientProperties": false
  },
  "componentProperties": {
    "autoCreateBucket": { "kind": "property", "displayName": "Auto Create Bucket", "group": "common", "label": "common", "required": false, "type": "boolean", "javaType": "boolean", "deprecated": false, "autowired": false, "secret": false, "defaultValue": true, "configurationClass": "org.apache.camel.component.minio.MinioConfiguration", "configurationField": "configuration", "description": "Setting the autocreation of the bucket if bucket name not exist." },
    "configuration": { "kind": "property", "displayName": "Configuration", "group": "common", "label": "", "required": false, "type": "object", "javaType": "org.apache.camel.component.minio.MinioConfiguration", "deprecated": false, "autowired": false, "secret": false, "description": "The component configuration" },
    "customHttpClient": { "kind": "property", "displayName": "Custom Http Client", "group": "common", "label": "common", "required": false, "type": "object", "javaType": "okhttp3.OkHttpClient", "deprecated": false, "autowired": false, "secret": false, "configurationClass": "org.apache.camel.component.minio.MinioConfiguration", "configurationField": "configuration", "description": "Set custom HTTP client for authenticated access." },
    "endpoint": { "kind": "property", "displayName": "Endpoint", "group": "common", "label": "common", "required": false, "type": "string", "javaType": "java.lang.String", "deprecated": false, "autowired": false, "secret": false, "configurationClass": "org.apache.camel.component.minio.MinioConfiguration", "configurationField": "configuration", "description": "Endpoint can be an URL, domain name, IPv4 address or IPv6 address." },
    "minioClient": { "kind": "property", "displayName": "Minio Client", "group": "common", "label": "common", "required": false, "type": "object", "javaType": "io.minio.MinioClient", "deprecated": false, "deprecationNote": "", "autowired": true, "secret": false, "configurationClass": "org.apache.camel.component.minio.MinioConfiguration", "configurationField": "configuration", "description": "Reference to a Minio Client object in the registry." },
    "objectLock": { "kind": "property", "displayName": "Object Lock", "group": "common", "label": "common", "required": false, "type": "boolean", "javaType": "boolean", "deprecated": false, "autowired": false, "secret": false, "defaultValue": false, "configurationClass": "org.apache.camel.component.minio.MinioConfiguration", "configurationField": "configuration", "description": "Set when creating new bucket." },
    "policy": { "kind": "property", "displayName": "Policy", "group": "common", "label": "common", "required": false, "type": "string", "javaType": "java.lang.String", "deprecated": false, "autowired": false, "secret": false, "configurationClass": "org.apache.camel.component.minio.MinioConfiguration", "configurationField": "configuration", "description": "The policy for this queue to set in the method." },
    "proxyPort": { "kind": "property", "displayName": "Proxy Port", "group": "common", "label": "common", "required": false, "type": "integer", "javaType": "java.lang.Integer", "deprecated": false, "autowired": false, "secret": false, "configurationClass": "org.apache.camel.component.minio.MinioConfiguration", "configurationField": "configuration", "description": "TCP\/IP port number. 80 and 443 are used as defaults for HTTP and HTTPS." },
    "region": { "kind": "property", "displayName": "Region", "group": "common", "label": "common", "required": false, "type": "string", "javaType": "java.lang.String", "deprecated": false, "autowired": false, "secret": false, "configurationClass": "org.apache.camel.component.minio.MinioConfiguration", "configurationField": "configuration", "description": "The region in which Minio client needs to work. When using this parameter, the configuration will expect the lowercase name of the region (for example ap-east-1). You'll need to use the name Region.EU_WEST_1.id()" },
    "secure": { "kind": "property", "displayName": "Secure", "group": "common", "label": "common", "required": false, "type": "boolean", "javaType": "boolean", "deprecated": false, "autowired": false, "secret": false, "defaultValue": false, "configurationClass": "org.apache.camel.component.minio.MinioConfiguration", "configurationField": "configuration", "description": "Flag to indicate to use secure connection to minio service or not." },
    "serverSideEncryption": { "kind": "property", "displayName": "Server Side Encryption", "group": "common", "label": "common", "required": false, "type": "object", "javaType": "io.minio.ServerSideEncryption", "deprecated": false, "autowired": false, "secret": false, "configurationClass": "org.apache.camel.component.minio.MinioConfiguration", "configurationField": "configuration", "description": "Server-side encryption." },
    "serverSideEncryptionCustomerKey": { "kind": "property", "displayName": "Server Side Encryption Customer Key", "group": "common", "label": "common", "required": false, "type": "object", "javaType": "io.minio.ServerSideEncryptionCustomerKey", "deprecated": false, "autowired": false, "secret": false, "configurationClass": "org.apache.camel.component.minio.MinioConfiguration", "configurationField": "configuration", "description": "Server-side encryption for source object while copy\/move objects." },
    "autoCloseBody": { "kind": "property", "displayName": "Auto Close Body", "group": "consumer", "label": "consumer", "required": false, "type": "boolean", "javaType": "boolean", "deprecated": false, "autowired": false, "secret": false, "defaultValue": true, "configurationClass": "org.apache.camel.component.minio.MinioConfiguration", "configurationField": "configuration", "description": "If this option is true and includeBody is true, then the MinioObject.close() method will be called on exchange completion. This option is strongly related to includeBody option. In case of setting includeBody to true and autocloseBody to false, it will be up to the caller to close the MinioObject stream. Setting autocloseBody to true, will close the MinioObject stream automatically." },
    "bridgeErrorHandler": { "kind": "property", "displayName": "Bridge Error Handler", "group": "consumer", "label": "consumer", "required": false, "type": "boolean", "javaType": "boolean", "deprecated": false, "autowired": false, "secret": false, "defaultValue": false, "description": "Allows for bridging the consumer to the Camel routing Error Handler, which mean any exceptions occurred while the consumer is trying to pickup incoming messages, or the likes, will now be processed as a message and handled by the routing Error Handler. By default the consumer will use the org.apache.camel.spi.ExceptionHandler to deal with exceptions, that will be logged at WARN or ERROR level and ignored." },
    "bypassGovernanceMode": { "kind": "property", "displayName": "Bypass Governance Mode", "group": "consumer", "label": "consumer", "required": false, "type": "boolean", "javaType": "boolean", "deprecated": false, "autowired": false, "secret": false, "defaultValue": false, "configurationClass": "org.apache.camel.component.minio.MinioConfiguration", "configurationField": "configuration", "description": "Set this flag if you want to bypassGovernanceMode when deleting a particular object." },
    "deleteAfterRead": { "kind": "property", "displayName": "Delete After Read", "group": "consumer", "label": "consumer", "required": false, "type": "boolean", "javaType": "boolean", "deprecated": false, "autowired": false, "secret": false, "defaultValue": true, "configurationClass": "org.apache.camel.component.minio.MinioConfiguration", "configurationField": "configuration", "description": "Delete objects from Minio after they have been retrieved. The delete is only performed if the Exchange is committed. If a rollback occurs, the object is not deleted. If this option is false, then the same objects will be retrieve over and over again on the polls. Therefore you need to use the Idempotent Consumer EIP in the route to filter out duplicates. You can filter using the MinioConstants#BUCKET_NAME and MinioConstants#OBJECT_NAME headers, or only the MinioConstants#OBJECT_NAME header." },
    "delimiter": { "kind": "property", "displayName": "Delimiter", "group": "consumer", "label": "consumer", "required": false, "type": "string", "javaType": "java.lang.String", "deprecated": false, "autowired": false, "secret": false, "configurationClass": "org.apache.camel.component.minio.MinioConfiguration", "configurationField": "configuration", "description": "The delimiter which is used in the ListObjectsRequest to only consume objects we are interested in." },
    "destinationBucketName": { "kind": "property", "displayName": "Destination Bucket Name", "group": "consumer", "label": "consumer", "required": false, "type": "string", "javaType": "java.lang.String", "deprecated": false, "autowired": false, "secret": false, "configurationClass": "org.apache.camel.component.minio.MinioConfiguration", "configurationField": "configuration", "description": "Source bucket name." },
    "destinationObjectName": { "kind": "property", "displayName": "Destination Object Name", "group": "consumer", "label": "consumer", "required": false, "type": "string", "javaType": "java.lang.String", "deprecated": false, "autowired": false, "secret": false, "configurationClass": "org.apache.camel.component.minio.MinioConfiguration", "configurationField": "configuration", "description": "Source object name." },
    "includeBody": { "kind": "property", "displayName": "Include Body", "group": "consumer", "label": "consumer", "required": false, "type": "boolean", "javaType": "boolean", "deprecated": false, "autowired": false, "secret": false, "defaultValue": true, "configurationClass": "org.apache.camel.component.minio.MinioConfiguration", "configurationField": "configuration", "description": "If it is true, the exchange body will be set to a stream to the contents of the file. If false, the headers will be set with the Minio object metadata, but the body will be null. This option is strongly related to autocloseBody option. In case of setting includeBody to true and autocloseBody to false, it will be up to the caller to close the MinioObject stream. Setting autocloseBody to true, will close the MinioObject stream automatically." },
    "includeFolders": { "kind": "property", "displayName": "Include Folders", "group": "consumer", "label": "consumer", "required": false, "type": "boolean", "javaType": "boolean", "deprecated": false, "autowired": false, "secret": false, "defaultValue": false, "configurationClass": "org.apache.camel.component.minio.MinioConfiguration", "configurationField": "configuration", "description": "The flag which is used in the ListObjectsRequest to set include folders." },
    "includeUserMetadata": { "kind": "property", "displayName": "Include User Metadata", "group": "consumer", "label": "consumer", "required": false, "type": "boolean", "javaType": "boolean", "deprecated": false, "autowired": false, "secret": false, "defaultValue": false, "configurationClass": "org.apache.camel.component.minio.MinioConfiguration", "configurationField": "configuration", "description": "The flag which is used in the ListObjectsRequest to get objects with user meta data." },
    "includeVersions": { "kind": "property", "displayName": "Include Versions", "group": "consumer", "label": "consumer", "required": false, "type": "boolean", "javaType": "boolean", "deprecated": false, "autowired": false, "secret": false, "defaultValue": false, "configurationClass": "org.apache.camel.component.minio.MinioConfiguration", "configurationField": "configuration", "description": "The flag which is used in the ListObjectsRequest to get objects with versioning." },
    "length": { "kind": "property", "displayName": "Length", "group": "consumer", "label": "consumer", "required": false, "type": "integer", "javaType": "long", "deprecated": false, "autowired": false, "secret": false, "configurationClass": "org.apache.camel.component.minio.MinioConfiguration", "configurationField": "configuration", "description": "Number of bytes of object data from offset." },
    "matchETag": { "kind": "property", "displayName": "Match ETag", "group": "consumer", "label": "consumer", "required": false, "type": "string", "javaType": "java.lang.String", "deprecated": false, "autowired": false, "secret": false, "configurationClass": "org.apache.camel.component.minio.MinioConfiguration", "configurationField": "configuration", "description": "Set match ETag parameter for get object(s)." },
    "maxConnections": { "kind": "property", "displayName": "Max Connections", "group": "consumer", "label": "consumer", "required": false, "type": "integer", "javaType": "int", "deprecated": false, "autowired": false, "secret": false, "defaultValue": 60, "configurationClass": "org.apache.camel.component.minio.MinioConfiguration", "configurationField": "configuration", "description": "Set the maxConnections parameter in the minio client configuration" },
    "maxMessagesPerPoll": { "kind": "property", "displayName": "Max Messages Per Poll", "group": "consumer", "label": "consumer", "required": false, "type": "integer", "javaType": "int", "deprecated": false, "autowired": false, "secret": false, "defaultValue": 10, "configurationClass": "org.apache.camel.component.minio.MinioConfiguration", "configurationField": "configuration", "description": "Gets the maximum number of messages as a limit to poll at each polling. Gets the maximum number of messages as a limit to poll at each polling. The default value is 10. Use 0 or a negative number to set it as unlimited." },
    "modifiedSince": { "kind": "property", "displayName": "Modified Since", "group": "consumer", "label": "consumer", "required": false, "type": "object", "javaType": "java.time.ZonedDateTime", "deprecated": false, "autowired": false, "secret": false, "configurationClass": "org.apache.camel.component.minio.MinioConfiguration", "configurationField": "configuration", "description": "Set modified since parameter for get object(s)." },
    "moveAfterRead": { "kind": "property", "displayName": "Move After Read", "group": "consumer", "label": "consumer", "required": false, "type": "boolean", "javaType": "boolean", "deprecated": false, "autowired": false, "secret": false, "defaultValue": false, "configurationClass": "org.apache.camel.component.minio.MinioConfiguration", "configurationField": "configuration", "description": "Move objects from bucket to a different bucket after they have been retrieved. To accomplish the operation the destinationBucket option must be set. The copy bucket operation is only performed if the Exchange is committed. If a rollback occurs, the object is not moved." },
    "notMatchETag": { "kind": "property", "displayName": "Not Match ETag", "group": "consumer", "label": "consumer", "required": false, "type": "string", "javaType": "java.lang.String", "deprecated": false, "autowired": false, "secret": false, "configurationClass": "org.apache.camel.component.minio.MinioConfiguration", "configurationField": "configuration", "description": "Set not match ETag parameter for get object(s)." },
    "objectName": { "kind": "property", "displayName": "Object Name", "group": "consumer", "label": "consumer", "required": false, "type": "string", "javaType": "java.lang.String", "deprecated": false, "autowired": false, "secret": false, "configurationClass": "org.apache.camel.component.minio.MinioConfiguration", "configurationField": "configuration", "description": "To get the object from the bucket with the given object name." },
    "offset": { "kind": "property", "displayName": "Offset", "group": "consumer", "label": "consumer", "required": false, "type": "integer", "javaType": "long", "deprecated": false, "autowired": false, "secret": false, "configurationClass": "org.apache.camel.component.minio.MinioConfiguration", "configurationField": "configuration", "description": "Start byte position of object data." },
    "prefix": { "kind": "property", "displayName": "Prefix", "group": "consumer", "label": "consumer", "required": false, "type": "string", "javaType": "java.lang.String", "deprecated": false, "autowired": false, "secret": false, "configurationClass": "org.apache.camel.component.minio.MinioConfiguration", "configurationField": "configuration", "description": "Object name starts with prefix." },
    "recursive": { "kind": "property", "displayName": "Recursive", "group": "consumer", "label": "consumer", "required": false, "type": "boolean", "javaType": "boolean", "deprecated": false, "autowired": false, "secret": false, "defaultValue": false, "configurationClass": "org.apache.camel.component.minio.MinioConfiguration", "configurationField": "configuration", "description": "List recursively than directory structure emulation." },
    "startAfter": { "kind": "property", "displayName": "Start After", "group": "consumer", "label": "consumer", "required": false, "type": "string", "javaType": "java.lang.String", "deprecated": false, "autowired": false, "secret": false, "configurationClass": "org.apache.camel.component.minio.MinioConfiguration", "configurationField": "configuration", "description": "list objects in bucket after this object name." },
    "unModifiedSince": { "kind": "property", "displayName": "Un Modified Since", "group": "consumer", "label": "consumer", "required": false, "type": "object", "javaType": "java.time.ZonedDateTime", "deprecated": false, "autowired": false, "secret": false, "configurationClass": "org.apache.camel.component.minio.MinioConfiguration", "configurationField": "configuration", "description": "Set un modified since parameter for get object(s)." },
    "useVersion1": { "kind": "property", "displayName": "Use Version1", "group": "consumer", "label": "consumer", "required": false, "type": "boolean", "javaType": "boolean", "deprecated": false, "autowired": false, "secret": false, "defaultValue": false, "configurationClass": "org.apache.camel.component.minio.MinioConfiguration", "configurationField": "configuration", "description": "when true, version 1 of REST API is used." },
    "versionId": { "kind": "property", "displayName": "Version Id", "group": "consumer", "label": "consumer", "required": false, "type": "string", "javaType": "java.lang.String", "deprecated": false, "autowired": false, "secret": false, "configurationClass": "org.apache.camel.component.minio.MinioConfiguration", "configurationField": "configuration", "description": "Set specific version_ID of a object when deleting the object." },
    "deleteAfterWrite": { "kind": "property", "displayName": "Delete After Write", "group": "producer", "label": "producer", "required": false, "type": "boolean", "javaType": "boolean", "deprecated": false, "autowired": false, "secret": false, "defaultValue": false, "configurationClass": "org.apache.camel.component.minio.MinioConfiguration", "configurationField": "configuration", "description": "Delete file object after the Minio file has been uploaded." },
    "keyName": { "kind": "property", "displayName": "Key Name", "group": "producer", "label": "producer", "required": false, "type": "string", "javaType": "java.lang.String", "deprecated": false, "autowired": false, "secret": false, "configurationClass": "org.apache.camel.component.minio.MinioConfiguration", "configurationField": "configuration", "description": "Setting the key name for an element in the bucket through endpoint parameter." },
    "lazyStartProducer": { "kind": "property", "displayName": "Lazy Start Producer", "group": "producer", "label": "producer", "required": false, "type": "boolean", "javaType": "boolean", "deprecated": false, "autowired": false, "secret": false, "defaultValue": false, "description": "Whether the producer should be started lazy (on the first message). By starting lazy you can use this to allow CamelContext and routes to startup in situations where a producer may otherwise fail during starting and cause the route to fail being started. By deferring this startup to be lazy then the startup failure can be handled during routing messages via Camel's routing error handlers. Beware that when the first message is processed then creating and starting the producer may take a little time and prolong the total processing time of the processing." },
    "operation": { "kind": "property", "displayName": "Operation", "group": "producer", "label": "producer", "required": false, "type": "object", "javaType": "org.apache.camel.component.minio.MinioOperations", "enum": [ "copyObject", "listObjects", "deleteObject", "deleteObjects", "deleteBucket", "listBuckets", "getObject", "getObjectRange" ], "deprecated": false, "autowired": false, "secret": false, "configurationClass": "org.apache.camel.component.minio.MinioConfiguration", "configurationField": "configuration", "description": "The operation to do in case the user don't want to do only an upload." },
    "pojoRequest": { "kind": "property", "displayName": "Pojo Request", "group": "producer", "label": "producer", "required": false, "type": "boolean", "javaType": "boolean", "deprecated": false, "autowired": false, "secret": false, "defaultValue": false, "configurationClass": "org.apache.camel.component.minio.MinioConfiguration", "configurationField": "configuration", "description": "If we want to use a POJO request as body or not." },
    "storageClass": { "kind": "property", "displayName": "Storage Class", "group": "producer", "label": "producer", "required": false, "type": "string", "javaType": "java.lang.String", "deprecated": false, "autowired": false, "secret": false, "configurationClass": "org.apache.camel.component.minio.MinioConfiguration", "configurationField": "configuration", "description": "The storage class to set in the request." },
    "autowiredEnabled": { "kind": "property", "displayName": "Autowired Enabled", "group": "advanced", "label": "advanced", "required": false, "type": "boolean", "javaType": "boolean", "deprecated": false, "autowired": false, "secret": false, "defaultValue": true, "description": "Whether autowiring is enabled. This is used for automatic autowiring options (the option must be marked as autowired) by looking up in the registry to find if there is a single instance of matching type, which then gets configured on the component. This can be used for automatic configuring JDBC data sources, JMS connection factories, AWS Clients, etc." },
    "accessKey": { "kind": "property", "displayName": "Access Key", "group": "security", "label": "security", "required": false, "type": "string", "javaType": "java.lang.String", "deprecated": false, "autowired": false, "secret": true, "configurationClass": "org.apache.camel.component.minio.MinioConfiguration", "configurationField": "configuration", "description": "Amazon AWS Secret Access Key or Minio Access Key. If not set camel will connect to service for anonymous access." },
    "secretKey": { "kind": "property", "displayName": "Secret Key", "group": "security", "label": "security", "required": false, "type": "string", "javaType": "java.lang.String", "deprecated": false, "autowired": false, "secret": true, "configurationClass": "org.apache.camel.component.minio.MinioConfiguration", "configurationField": "configuration", "description": "Amazon AWS Access Key Id or Minio Secret Key. If not set camel will connect to service for anonymous access." }
  },
  "headers": {
    "CamelMinioBucketName": { "kind": "header", "displayName": "", "group": "common", "label": "", "required": false, "javaType": "String", "deprecated": false, "deprecationNote": "", "autowired": false, "secret": false, "description": "Producer: The bucket Name which this object will be stored or which will be used for the current operation. Consumer: The name of the bucket in which this object is contained.", "constantName": "org.apache.camel.component.minio.MinioConstants#BUCKET_NAME" },
    "CamelMinioDestinationBucketName": { "kind": "header", "displayName": "", "group": "producer", "label": "producer", "required": false, "javaType": "String", "deprecated": false, "deprecationNote": "", "autowired": false, "secret": false, "description": "The bucket Destination Name which will be used for the current operation.", "constantName": "org.apache.camel.component.minio.MinioConstants#DESTINATION_BUCKET_NAME" },
    "CamelMinioContentControl": { "kind": "header", "displayName": "", "group": "common", "label": "", "required": false, "javaType": "String", "deprecated": false, "deprecationNote": "", "autowired": false, "secret": false, "description": "Producer: The content control of this object. Consumer: The optional Cache-Control HTTP header which allows the user to specify caching behavior along the HTTP request\/reply chain.", "constantName": "org.apache.camel.component.minio.MinioConstants#CACHE_CONTROL" },
    "CamelMinioContentDisposition": { "kind": "header", "displayName": "", "group": "common", "label": "", "required": false, "javaType": "String", "deprecated": false, "deprecationNote": "", "autowired": false, "secret": false, "description": "Producer: The content disposition of this object. Consumer: The optional Content-Disposition HTTP header, which specifies presentational information such as the recommended filename for the object to be saved as.", "constantName": "org.apache.camel.component.minio.MinioConstants#CONTENT_DISPOSITION" },
    "CamelMinioContentEncoding": { "kind": "header", "displayName": "", "group": "common", "label": "", "required": false, "javaType": "String", "deprecated": false, "deprecationNote": "", "autowired": false, "secret": false, "description": "Producer: The content encoding of this object. Consumer: The optional Content-Encoding HTTP header specifying what content encodings have been applied to the object and what decoding mechanisms must be applied in order to obtain the media-type referenced by the Content-Type field.", "constantName": "org.apache.camel.component.minio.MinioConstants#CONTENT_ENCODING" },
    "CamelMinioContentLength": { "kind": "header", "displayName": "", "group": "common", "label": "", "required": false, "javaType": "Long", "deprecated": false, "deprecationNote": "", "autowired": false, "secret": false, "description": "Producer: The content length of this object. Consumer: The Content-Length HTTP header indicating the size of the associated object in bytes.", "constantName": "org.apache.camel.component.minio.MinioConstants#CONTENT_LENGTH" },
    "CamelMinioContentMD5": { "kind": "header", "displayName": "", "group": "common", "label": "", "required": false, "javaType": "String", "deprecated": false, "deprecationNote": "", "autowired": false, "secret": false, "description": "Producer: The md5 checksum of this object. Consumer: The base64 encoded 128-bit MD5 digest of the associated object (content - not including headers) according to RFC 1864. This data is used as a message integrity check to verify that the data received by Minio is the same data that the caller sent.", "constantName": "org.apache.camel.component.minio.MinioConstants#CONTENT_MD5" },
    "CamelMinioContentType": { "kind": "header", "displayName": "", "group": "common", "label": "", "required": false, "javaType": "String", "deprecated": false, "deprecationNote": "", "autowired": false, "secret": false, "description": "Producer: The content type of this object. Consumer: The Content-Type HTTP header, which indicates the type of content stored in the associated object. The value of this header is a standard MIME type.", "constantName": "org.apache.camel.component.minio.MinioConstants#CONTENT_TYPE" },
    "CamelMinioETag": { "kind": "header", "displayName": "", "group": "common", "label": "", "required": false, "javaType": "String", "deprecated": false, "deprecationNote": "", "autowired": false, "secret": false, "description": "Producer: The ETag value for the newly uploaded object. Consumer: The hex encoded 128-bit MD5 digest of the associated object according to RFC 1864. This data is used as an integrity check to verify that the data received by the caller is the same data that was sent by Minio", "constantName": "org.apache.camel.component.minio.MinioConstants#E_TAG" },
    "CamelMinioObjectName": { "kind": "header", "displayName": "", "group": "common", "label": "", "required": false, "javaType": "String", "deprecated": false, "deprecationNote": "", "autowired": false, "secret": false, "description": "Producer: The key under which this object will be stored or which will be used for the current operation. Consumer: The key under which this object is stored.", "constantName": "org.apache.camel.component.minio.MinioConstants#OBJECT_NAME" },
    "CamelMinioDestinationObjectName": { "kind": "header", "displayName": "", "group": "producer", "label": "producer", "required": false, "javaType": "String", "deprecated": false, "deprecationNote": "", "autowired": false, "secret": false, "description": "The Destination key which will be used for the current operation.", "constantName": "org.apache.camel.component.minio.MinioConstants#DESTINATION_OBJECT_NAME" },
    "CamelMinioLastModified": { "kind": "header", "displayName": "", "group": "common", "label": "", "required": false, "javaType": "java.util.Date", "deprecated": false, "deprecationNote": "", "autowired": false, "secret": false, "description": "Producer: The last modified timestamp of this object. Consumer: The value of the Last-Modified header, indicating the date and time at which Minio last recorded a modification to the associated object.", "constantName": "org.apache.camel.component.minio.MinioConstants#LAST_MODIFIED" },
    "CamelMinioStorageClass": { "kind": "header", "displayName": "", "group": "producer", "label": "producer", "required": false, "javaType": "String", "deprecated": false, "deprecationNote": "", "autowired": false, "secret": false, "description": "The storage class of this object.", "constantName": "org.apache.camel.component.minio.MinioConstants#STORAGE_CLASS" },
    "CamelMinioVersionId": { "kind": "header", "displayName": "", "group": "common", "label": "", "required": false, "javaType": "String", "deprecated": false, "deprecationNote": "", "autowired": false, "secret": false, "description": "Producer: The version Id of the object to be stored or returned from the current operation. Consumer: The version ID of the associated Minio object if available. Version IDs are only assigned to objects when an object is uploaded to an Minio bucket that has object versioning enabled.", "constantName": "org.apache.camel.component.minio.MinioConstants#VERSION_ID" },
    "CamelMinioCannedAcl": { "kind": "header", "displayName": "", "group": "producer", "label": "producer", "required": false, "javaType": "String", "deprecated": false, "deprecationNote": "", "autowired": false, "secret": false, "description": "The canned acl that will be applied to the object. see com.amazonaws.services.s3.model.CannedAccessControlList for allowed values.", "constantName": "org.apache.camel.component.minio.MinioConstants#CANNED_ACL" },
    "CamelMinioOperation": { "kind": "header", "displayName": "", "group": "producer", "label": "producer", "required": false, "javaType": "org.apache.camel.component.minio.MinioOperations", "enum": [ "copyObject", "listObjects", "deleteObject", "deleteObjects", "deleteBucket", "listBuckets", "getObject", "getPartialObject" ], "deprecated": false, "deprecationNote": "", "autowired": false, "secret": false, "description": "The operation to perform.", "constantName": "org.apache.camel.component.minio.MinioConstants#MINIO_OPERATION" },
    "CamelMinioServerSideEncryption": { "kind": "header", "displayName": "", "group": "common", "label": "", "required": false, "javaType": "String", "deprecated": false, "deprecationNote": "", "autowired": false, "secret": false, "description": "Producer: Sets the server-side encryption algorithm when encrypting the object using Minio-managed keys. For example use AES256. Consumer: The server-side encryption algorithm when encrypting the object using Minio-managed keys.", "constantName": "org.apache.camel.component.minio.MinioConstants#SERVER_SIDE_ENCRYPTION" },
    "CamelMinioExpirationTime": { "kind": "header", "displayName": "", "group": "common", "label": "", "required": false, "javaType": "String", "deprecated": false, "deprecationNote": "", "autowired": false, "secret": false, "description": "The expiration time", "constantName": "org.apache.camel.component.minio.MinioConstants#EXPIRATION_TIME" },
    "CamelMinioReplicationStatus": { "kind": "header", "displayName": "", "group": "common", "label": "", "required": false, "javaType": "String", "deprecated": false, "deprecationNote": "", "autowired": false, "secret": false, "description": "The replication status", "constantName": "org.apache.camel.component.minio.MinioConstants#REPLICATION_STATUS" },
    "CamelMinioOffset": { "kind": "header", "displayName": "", "group": "producer", "label": "producer", "required": false, "javaType": "String", "deprecated": false, "deprecationNote": "", "autowired": false, "secret": false, "description": "The offset", "constantName": "org.apache.camel.component.minio.MinioConstants#OFFSET" },
    "CamelMinioLength": { "kind": "header", "displayName": "", "group": "producer", "label": "producer", "required": false, "javaType": "String", "deprecated": false, "deprecationNote": "", "autowired": false, "secret": false, "description": "The length", "constantName": "org.apache.camel.component.minio.MinioConstants#LENGTH" }
  },
  "properties": {
    "bucketName": { "kind": "path", "displayName": "Bucket Name", "group": "common", "label": "", "required": true, "type": "string", "javaType": "java.lang.String", "deprecated": false, "deprecationNote": "", "autowired": false, "secret": false, "configurationClass": "org.apache.camel.component.minio.MinioConfiguration", "configurationField": "configuration", "description": "Bucket name" },
    "autoCreateBucket": { "kind": "parameter", "displayName": "Auto Create Bucket", "group": "common", "label": "common", "required": false, "type": "boolean", "javaType": "boolean", "deprecated": false, "autowired": false, "secret": false, "defaultValue": true, "configurationClass": "org.apache.camel.component.minio.MinioConfiguration", "configurationField": "configuration", "description": "Setting the autocreation of the bucket if bucket name not exist." },
    "customHttpClient": { "kind": "parameter", "displayName": "Custom Http Client", "group": "common", "label": "common", "required": false, "type": "object", "javaType": "okhttp3.OkHttpClient", "deprecated": false, "autowired": false, "secret": false, "configurationClass": "org.apache.camel.component.minio.MinioConfiguration", "configurationField": "configuration", "description": "Set custom HTTP client for authenticated access." },
    "endpoint": { "kind": "parameter", "displayName": "Endpoint", "group": "common", "label": "common", "required": false, "type": "string", "javaType": "java.lang.String", "deprecated": false, "autowired": false, "secret": false, "configurationClass": "org.apache.camel.component.minio.MinioConfiguration", "configurationField": "configuration", "description": "Endpoint can be an URL, domain name, IPv4 address or IPv6 address." },
    "minioClient": { "kind": "parameter", "displayName": "Minio Client", "group": "common", "label": "common", "required": false, "type": "object", "javaType": "io.minio.MinioClient", "deprecated": false, "deprecationNote": "", "autowired": true, "secret": false, "configurationClass": "org.apache.camel.component.minio.MinioConfiguration", "configurationField": "configuration", "description": "Reference to a Minio Client object in the registry." },
    "objectLock": { "kind": "parameter", "displayName": "Object Lock", "group": "common", "label": "common", "required": false, "type": "boolean", "javaType": "boolean", "deprecated": false, "autowired": false, "secret": false, "defaultValue": false, "configurationClass": "org.apache.camel.component.minio.MinioConfiguration", "configurationField": "configuration", "description": "Set when creating new bucket." },
    "policy": { "kind": "parameter", "displayName": "Policy", "group": "common", "label": "common", "required": false, "type": "string", "javaType": "java.lang.String", "deprecated": false, "autowired": false, "secret": false, "configurationClass": "org.apache.camel.component.minio.MinioConfiguration", "configurationField": "configuration", "description": "The policy for this queue to set in the method." },
    "proxyPort": { "kind": "parameter", "displayName": "Proxy Port", "group": "common", "label": "common", "required": false, "type": "integer", "javaType": "java.lang.Integer", "deprecated": false, "autowired": false, "secret": false, "configurationClass": "org.apache.camel.component.minio.MinioConfiguration", "configurationField": "configuration", "description": "TCP\/IP port number. 80 and 443 are used as defaults for HTTP and HTTPS." },
    "region": { "kind": "parameter", "displayName": "Region", "group": "common", "label": "common", "required": false, "type": "string", "javaType": "java.lang.String", "deprecated": false, "autowired": false, "secret": false, "configurationClass": "org.apache.camel.component.minio.MinioConfiguration", "configurationField": "configuration", "description": "The region in which Minio client needs to work. When using this parameter, the configuration will expect the lowercase name of the region (for example ap-east-1). You'll need to use the name Region.EU_WEST_1.id()" },
    "secure": { "kind": "parameter", "displayName": "Secure", "group": "common", "label": "common", "required": false, "type": "boolean", "javaType": "boolean", "deprecated": false, "autowired": false, "secret": false, "defaultValue": false, "configurationClass": "org.apache.camel.component.minio.MinioConfiguration", "configurationField": "configuration", "description": "Flag to indicate to use secure connection to minio service or not." },
    "serverSideEncryption": { "kind": "parameter", "displayName": "Server Side Encryption", "group": "common", "label": "common", "required": false, "type": "object", "javaType": "io.minio.ServerSideEncryption", "deprecated": false, "autowired": false, "secret": false, "configurationClass": "org.apache.camel.component.minio.MinioConfiguration", "configurationField": "configuration", "description": "Server-side encryption." },
    "serverSideEncryptionCustomerKey": { "kind": "parameter", "displayName": "Server Side Encryption Customer Key", "group": "common", "label": "common", "required": false, "type": "object", "javaType": "io.minio.ServerSideEncryptionCustomerKey", "deprecated": false, "autowired": false, "secret": false, "configurationClass": "org.apache.camel.component.minio.MinioConfiguration", "configurationField": "configuration", "description": "Server-side encryption for source object while copy\/move objects." },
    "autoCloseBody": { "kind": "parameter", "displayName": "Auto Close Body", "group": "consumer", "label": "consumer", "required": false, "type": "boolean", "javaType": "boolean", "deprecated": false, "autowired": false, "secret": false, "defaultValue": true, "configurationClass": "org.apache.camel.component.minio.MinioConfiguration", "configurationField": "configuration", "description": "If this option is true and includeBody is true, then the MinioObject.close() method will be called on exchange completion. This option is strongly related to includeBody option. In case of setting includeBody to true and autocloseBody to false, it will be up to the caller to close the MinioObject stream. Setting autocloseBody to true, will close the MinioObject stream automatically." },
    "bypassGovernanceMode": { "kind": "parameter", "displayName": "Bypass Governance Mode", "group": "consumer", "label": "consumer", "required": false, "type": "boolean", "javaType": "boolean", "deprecated": false, "autowired": false, "secret": false, "defaultValue": false, "configurationClass": "org.apache.camel.component.minio.MinioConfiguration", "configurationField": "configuration", "description": "Set this flag if you want to bypassGovernanceMode when deleting a particular object." },
    "deleteAfterRead": { "kind": "parameter", "displayName": "Delete After Read", "group": "consumer", "label": "consumer", "required": false, "type": "boolean", "javaType": "boolean", "deprecated": false, "autowired": false, "secret": false, "defaultValue": true, "configurationClass": "org.apache.camel.component.minio.MinioConfiguration", "configurationField": "configuration", "description": "Delete objects from Minio after they have been retrieved. The delete is only performed if the Exchange is committed. If a rollback occurs, the object is not deleted. If this option is false, then the same objects will be retrieve over and over again on the polls. Therefore you need to use the Idempotent Consumer EIP in the route to filter out duplicates. You can filter using the MinioConstants#BUCKET_NAME and MinioConstants#OBJECT_NAME headers, or only the MinioConstants#OBJECT_NAME header." },
    "delimiter": { "kind": "parameter", "displayName": "Delimiter", "group": "consumer", "label": "consumer", "required": false, "type": "string", "javaType": "java.lang.String", "deprecated": false, "autowired": false, "secret": false, "configurationClass": "org.apache.camel.component.minio.MinioConfiguration", "configurationField": "configuration", "description": "The delimiter which is used in the ListObjectsRequest to only consume objects we are interested in." },
    "destinationBucketName": { "kind": "parameter", "displayName": "Destination Bucket Name", "group": "consumer", "label": "consumer", "required": false, "type": "string", "javaType": "java.lang.String", "deprecated": false, "autowired": false, "secret": false, "configurationClass": "org.apache.camel.component.minio.MinioConfiguration", "configurationField": "configuration", "description": "Source bucket name." },
    "destinationObjectName": { "kind": "parameter", "displayName": "Destination Object Name", "group": "consumer", "label": "consumer", "required": false, "type": "string", "javaType": "java.lang.String", "deprecated": false, "autowired": false, "secret": false, "configurationClass": "org.apache.camel.component.minio.MinioConfiguration", "configurationField": "configuration", "description": "Source object name." },
    "includeBody": { "kind": "parameter", "displayName": "Include Body", "group": "consumer", "label": "consumer", "required": false, "type": "boolean", "javaType": "boolean", "deprecated": false, "autowired": false, "secret": false, "defaultValue": true, "configurationClass": "org.apache.camel.component.minio.MinioConfiguration", "configurationField": "configuration", "description": "If it is true, the exchange body will be set to a stream to the contents of the file. If false, the headers will be set with the Minio object metadata, but the body will be null. This option is strongly related to autocloseBody option. In case of setting includeBody to true and autocloseBody to false, it will be up to the caller to close the MinioObject stream. Setting autocloseBody to true, will close the MinioObject stream automatically." },
    "includeFolders": { "kind": "parameter", "displayName": "Include Folders", "group": "consumer", "label": "consumer", "required": false, "type": "boolean", "javaType": "boolean", "deprecated": false, "autowired": false, "secret": false, "defaultValue": false, "configurationClass": "org.apache.camel.component.minio.MinioConfiguration", "configurationField": "configuration", "description": "The flag which is used in the ListObjectsRequest to set include folders." },
    "includeUserMetadata": { "kind": "parameter", "displayName": "Include User Metadata", "group": "consumer", "label": "consumer", "required": false, "type": "boolean", "javaType": "boolean", "deprecated": false, "autowired": false, "secret": false, "defaultValue": false, "configurationClass": "org.apache.camel.component.minio.MinioConfiguration", "configurationField": "configuration", "description": "The flag which is used in the ListObjectsRequest to get objects with user meta data." },
    "includeVersions": { "kind": "parameter", "displayName": "Include Versions", "group": "consumer", "label": "consumer", "required": false, "type": "boolean", "javaType": "boolean", "deprecated": false, "autowired": false, "secret": false, "defaultValue": false, "configurationClass": "org.apache.camel.component.minio.MinioConfiguration", "configurationField": "configuration", "description": "The flag which is used in the ListObjectsRequest to get objects with versioning." },
    "length": { "kind": "parameter", "displayName": "Length", "group": "consumer", "label": "consumer", "required": false, "type": "integer", "javaType": "long", "deprecated": false, "autowired": false, "secret": false, "configurationClass": "org.apache.camel.component.minio.MinioConfiguration", "configurationField": "configuration", "description": "Number of bytes of object data from offset." },
    "matchETag": { "kind": "parameter", "displayName": "Match ETag", "group": "consumer", "label": "consumer", "required": false, "type": "string", "javaType": "java.lang.String", "deprecated": false, "autowired": false, "secret": false, "configurationClass": "org.apache.camel.component.minio.MinioConfiguration", "configurationField": "configuration", "description": "Set match ETag parameter for get object(s)." },
    "maxConnections": { "kind": "parameter", "displayName": "Max Connections", "group": "consumer", "label": "consumer", "required": false, "type": "integer", "javaType": "int", "deprecated": false, "autowired": false, "secret": false, "defaultValue": 60, "configurationClass": "org.apache.camel.component.minio.MinioConfiguration", "configurationField": "configuration", "description": "Set the maxConnections parameter in the minio client configuration" },
    "maxMessagesPerPoll": { "kind": "parameter", "displayName": "Max Messages Per Poll", "group": "consumer", "label": "consumer", "required": false, "type": "integer", "javaType": "int", "deprecated": false, "autowired": false, "secret": false, "defaultValue": 10, "configurationClass": "org.apache.camel.component.minio.MinioConfiguration", "configurationField": "configuration", "description": "Gets the maximum number of messages as a limit to poll at each polling. Gets the maximum number of messages as a limit to poll at each polling. The default value is 10. Use 0 or a negative number to set it as unlimited." },
    "modifiedSince": { "kind": "parameter", "displayName": "Modified Since", "group": "consumer", "label": "consumer", "required": false, "type": "object", "javaType": "java.time.ZonedDateTime", "deprecated": false, "autowired": false, "secret": false, "configurationClass": "org.apache.camel.component.minio.MinioConfiguration", "configurationField": "configuration", "description": "Set modified since parameter for get object(s)." },
    "moveAfterRead": { "kind": "parameter", "displayName": "Move After Read", "group": "consumer", "label": "consumer", "required": false, "type": "boolean", "javaType": "boolean", "deprecated": false, "autowired": false, "secret": false, "defaultValue": false, "configurationClass": "org.apache.camel.component.minio.MinioConfiguration", "configurationField": "configuration", "description": "Move objects from bucket to a different bucket after they have been retrieved. To accomplish the operation the destinationBucket option must be set. The copy bucket operation is only performed if the Exchange is committed. If a rollback occurs, the object is not moved." },
    "notMatchETag": { "kind": "parameter", "displayName": "Not Match ETag", "group": "consumer", "label": "consumer", "required": false, "type": "string", "javaType": "java.lang.String", "deprecated": false, "autowired": false, "secret": false, "configurationClass": "org.apache.camel.component.minio.MinioConfiguration", "configurationField": "configuration", "description": "Set not match ETag parameter for get object(s)." },
    "objectName": { "kind": "parameter", "displayName": "Object Name", "group": "consumer", "label": "consumer", "required": false, "type": "string", "javaType": "java.lang.String", "deprecated": false, "autowired": false, "secret": false, "configurationClass": "org.apache.camel.component.minio.MinioConfiguration", "configurationField": "configuration", "description": "To get the object from the bucket with the given object name." },
    "offset": { "kind": "parameter", "displayName": "Offset", "group": "consumer", "label": "consumer", "required": false, "type": "integer", "javaType": "long", "deprecated": false, "autowired": false, "secret": false, "configurationClass": "org.apache.camel.component.minio.MinioConfiguration", "configurationField": "configuration", "description": "Start byte position of object data." },
    "prefix": { "kind": "parameter", "displayName": "Prefix", "group": "consumer", "label": "consumer", "required": false, "type": "string", "javaType": "java.lang.String", "deprecated": false, "autowired": false, "secret": false, "configurationClass": "org.apache.camel.component.minio.MinioConfiguration", "configurationField": "configuration", "description": "Object name starts with prefix." },
    "recursive": { "kind": "parameter", "displayName": "Recursive", "group": "consumer", "label": "consumer", "required": false, "type": "boolean", "javaType": "boolean", "deprecated": false, "autowired": false, "secret": false, "defaultValue": false, "configurationClass": "org.apache.camel.component.minio.MinioConfiguration", "configurationField": "configuration", "description": "List recursively than directory structure emulation." },
    "sendEmptyMessageWhenIdle": { "kind": "parameter", "displayName": "Send Empty Message When Idle", "group": "consumer", "label": "consumer", "required": false, "type": "boolean", "javaType": "boolean", "deprecated": false, "autowired": false, "secret": false, "defaultValue": false, "description": "If the polling consumer did not poll any files, you can enable this option to send an empty message (no body) instead." },
    "startAfter": { "kind": "parameter", "displayName": "Start After", "group": "consumer", "label": "consumer", "required": false, "type": "string", "javaType": "java.lang.String", "deprecated": false, "autowired": false, "secret": false, "configurationClass": "org.apache.camel.component.minio.MinioConfiguration", "configurationField": "configuration", "description": "list objects in bucket after this object name." },
    "unModifiedSince": { "kind": "parameter", "displayName": "Un Modified Since", "group": "consumer", "label": "consumer", "required": false, "type": "object", "javaType": "java.time.ZonedDateTime", "deprecated": false, "autowired": false, "secret": false, "configurationClass": "org.apache.camel.component.minio.MinioConfiguration", "configurationField": "configuration", "description": "Set un modified since parameter for get object(s)." },
    "useVersion1": { "kind": "parameter", "displayName": "Use Version1", "group": "consumer", "label": "consumer", "required": false, "type": "boolean", "javaType": "boolean", "deprecated": false, "autowired": false, "secret": false, "defaultValue": false, "configurationClass": "org.apache.camel.component.minio.MinioConfiguration", "configurationField": "configuration", "description": "when true, version 1 of REST API is used." },
    "versionId": { "kind": "parameter", "displayName": "Version Id", "group": "consumer", "label": "consumer", "required": false, "type": "string", "javaType": "java.lang.String", "deprecated": false, "autowired": false, "secret": false, "configurationClass": "org.apache.camel.component.minio.MinioConfiguration", "configurationField": "configuration", "description": "Set specific version_ID of a object when deleting the object." },
    "bridgeErrorHandler": { "kind": "parameter", "displayName": "Bridge Error Handler", "group": "consumer (advanced)", "label": "consumer,advanced", "required": false, "type": "boolean", "javaType": "boolean", "deprecated": false, "autowired": false, "secret": false, "defaultValue": false, "description": "Allows for bridging the consumer to the Camel routing Error Handler, which mean any exceptions occurred while the consumer is trying to pickup incoming messages, or the likes, will now be processed as a message and handled by the routing Error Handler. By default the consumer will use the org.apache.camel.spi.ExceptionHandler to deal with exceptions, that will be logged at WARN or ERROR level and ignored." },
    "exceptionHandler": { "kind": "parameter", "displayName": "Exception Handler", "group": "consumer (advanced)", "label": "consumer,advanced", "required": false, "type": "object", "javaType": "org.apache.camel.spi.ExceptionHandler", "optionalPrefix": "consumer.", "deprecated": false, "autowired": false, "secret": false, "description": "To let the consumer use a custom ExceptionHandler. Notice if the option bridgeErrorHandler is enabled then this option is not in use. By default the consumer will deal with exceptions, that will be logged at WARN or ERROR level and ignored." },
    "exchangePattern": { "kind": "parameter", "displayName": "Exchange Pattern", "group": "consumer (advanced)", "label": "consumer,advanced", "required": false, "type": "object", "javaType": "org.apache.camel.ExchangePattern", "enum": [ "InOnly", "InOut", "InOptionalOut" ], "deprecated": false, "autowired": false, "secret": false, "description": "Sets the exchange pattern when the consumer creates an exchange." },
    "pollStrategy": { "kind": "parameter", "displayName": "Poll Strategy", "group": "consumer (advanced)", "label": "consumer,advanced", "required": false, "type": "object", "javaType": "org.apache.camel.spi.PollingConsumerPollStrategy", "deprecated": false, "autowired": false, "secret": false, "description": "A pluggable org.apache.camel.PollingConsumerPollingStrategy allowing you to provide your custom implementation to control error handling usually occurred during the poll operation before an Exchange have been created and being routed in Camel." },
    "deleteAfterWrite": { "kind": "parameter", "displayName": "Delete After Write", "group": "producer", "label": "producer", "required": false, "type": "boolean", "javaType": "boolean", "deprecated": false, "autowired": false, "secret": false, "defaultValue": false, "configurationClass": "org.apache.camel.component.minio.MinioConfiguration", "configurationField": "configuration", "description": "Delete file object after the Minio file has been uploaded." },
    "keyName": { "kind": "parameter", "displayName": "Key Name", "group": "producer", "label": "producer", "required": false, "type": "string", "javaType": "java.lang.String", "deprecated": false, "autowired": false, "secret": false, "configurationClass": "org.apache.camel.component.minio.MinioConfiguration", "configurationField": "configuration", "description": "Setting the key name for an element in the bucket through endpoint parameter." },
    "operation": { "kind": "parameter", "displayName": "Operation", "group": "producer", "label": "producer", "required": false, "type": "object", "javaType": "org.apache.camel.component.minio.MinioOperations", "enum": [ "copyObject", "listObjects", "deleteObject", "deleteObjects", "deleteBucket", "listBuckets", "getObject", "getObjectRange" ], "deprecated": false, "autowired": false, "secret": false, "configurationClass": "org.apache.camel.component.minio.MinioConfiguration", "configurationField": "configuration", "description": "The operation to do in case the user don't want to do only an upload." },
    "pojoRequest": { "kind": "parameter", "displayName": "Pojo Request", "group": "producer", "label": "producer", "required": false, "type": "boolean", "javaType": "boolean", "deprecated": false, "autowired": false, "secret": false, "defaultValue": false, "configurationClass": "org.apache.camel.component.minio.MinioConfiguration", "configurationField": "configuration", "description": "If we want to use a POJO request as body or not." },
    "storageClass": { "kind": "parameter", "displayName": "Storage Class", "group": "producer", "label": "producer", "required": false, "type": "string", "javaType": "java.lang.String", "deprecated": false, "autowired": false, "secret": false, "configurationClass": "org.apache.camel.component.minio.MinioConfiguration", "configurationField": "configuration", "description": "The storage class to set in the request." },
    "lazyStartProducer": { "kind": "parameter", "displayName": "Lazy Start Producer", "group": "producer (advanced)", "label": "producer,advanced", "required": false, "type": "boolean", "javaType": "boolean", "deprecated": false, "autowired": false, "secret": false, "defaultValue": false, "description": "Whether the producer should be started lazy (on the first message). By starting lazy you can use this to allow CamelContext and routes to startup in situations where a producer may otherwise fail during starting and cause the route to fail being started. By deferring this startup to be lazy then the startup failure can be handled during routing messages via Camel's routing error handlers. Beware that when the first message is processed then creating and starting the producer may take a little time and prolong the total processing time of the processing." },
    "backoffErrorThreshold": { "kind": "parameter", "displayName": "Backoff Error Threshold", "group": "scheduler", "label": "consumer,scheduler", "required": false, "type": "integer", "javaType": "int", "deprecated": false, "autowired": false, "secret": false, "description": "The number of subsequent error polls (failed due some error) that should happen before the backoffMultipler should kick-in." },
    "backoffIdleThreshold": { "kind": "parameter", "displayName": "Backoff Idle Threshold", "group": "scheduler", "label": "consumer,scheduler", "required": false, "type": "integer", "javaType": "int", "deprecated": false, "autowired": false, "secret": false, "description": "The number of subsequent idle polls that should happen before the backoffMultipler should kick-in." },
    "backoffMultiplier": { "kind": "parameter", "displayName": "Backoff Multiplier", "group": "scheduler", "label": "consumer,scheduler", "required": false, "type": "integer", "javaType": "int", "deprecated": false, "autowired": false, "secret": false, "description": "To let the scheduled polling consumer backoff if there has been a number of subsequent idles\/errors in a row. The multiplier is then the number of polls that will be skipped before the next actual attempt is happening again. When this option is in use then backoffIdleThreshold and\/or backoffErrorThreshold must also be configured." },
    "delay": { "kind": "parameter", "displayName": "Delay", "group": "scheduler", "label": "consumer,scheduler", "required": false, "type": "integer", "javaType": "long", "deprecated": false, "autowired": false, "secret": false, "defaultValue": 500, "description": "Milliseconds before the next poll." },
    "greedy": { "kind": "parameter", "displayName": "Greedy", "group": "scheduler", "label": "consumer,scheduler", "required": false, "type": "boolean", "javaType": "boolean", "deprecated": false, "autowired": false, "secret": false, "defaultValue": false, "description": "If greedy is enabled, then the ScheduledPollConsumer will run immediately again, if the previous run polled 1 or more messages." },
    "initialDelay": { "kind": "parameter", "displayName": "Initial Delay", "group": "scheduler", "label": "consumer,scheduler", "required": false, "type": "integer", "javaType": "long", "deprecated": false, "autowired": false, "secret": false, "defaultValue": 1000, "description": "Milliseconds before the first poll starts." },
    "repeatCount": { "kind": "parameter", "displayName": "Repeat Count", "group": "scheduler", "label": "consumer,scheduler", "required": false, "type": "integer", "javaType": "long", "deprecated": false, "autowired": false, "secret": false, "defaultValue": 0, "description": "Specifies a maximum limit of number of fires. So if you set it to 1, the scheduler will only fire once. If you set it to 5, it will only fire five times. A value of zero or negative means fire forever." },
    "runLoggingLevel": { "kind": "parameter", "displayName": "Run Logging Level", "group": "scheduler", "label": "consumer,scheduler", "required": false, "type": "object", "javaType": "org.apache.camel.LoggingLevel", "enum": [ "TRACE", "DEBUG", "INFO", "WARN", "ERROR", "OFF" ], "deprecated": false, "autowired": false, "secret": false, "defaultValue": "TRACE", "description": "The consumer logs a start\/complete log line when it polls. This option allows you to configure the logging level for that." },
    "scheduledExecutorService": { "kind": "parameter", "displayName": "Scheduled Executor Service", "group": "scheduler", "label": "consumer,scheduler", "required": false, "type": "object", "javaType": "java.util.concurrent.ScheduledExecutorService", "deprecated": false, "autowired": false, "secret": false, "description": "Allows for configuring a custom\/shared thread pool to use for the consumer. By default each consumer has its own single threaded thread pool." },
    "scheduler": { "kind": "parameter", "displayName": "Scheduler", "group": "scheduler", "label": "consumer,scheduler", "required": false, "type": "object", "javaType": "java.lang.Object", "deprecated": false, "autowired": false, "secret": false, "defaultValue": "none", "description": "To use a cron scheduler from either camel-spring or camel-quartz component. Use value spring or quartz for built in scheduler" },
    "schedulerProperties": { "kind": "parameter", "displayName": "Scheduler Properties", "group": "scheduler", "label": "consumer,scheduler", "required": false, "type": "object", "javaType": "java.util.Map<java.lang.String, java.lang.Object>", "prefix": "scheduler.", "multiValue": true, "deprecated": false, "autowired": false, "secret": false, "description": "To configure additional properties when using a custom scheduler or any of the Quartz, Spring based scheduler." },
    "startScheduler": { "kind": "parameter", "displayName": "Start Scheduler", "group": "scheduler", "label": "consumer,scheduler", "required": false, "type": "boolean", "javaType": "boolean", "deprecated": false, "autowired": false, "secret": false, "defaultValue": true, "description": "Whether the scheduler should be auto started." },
    "timeUnit": { "kind": "parameter", "displayName": "Time Unit", "group": "scheduler", "label": "consumer,scheduler", "required": false, "type": "object", "javaType": "java.util.concurrent.TimeUnit", "enum": [ "NANOSECONDS", "MICROSECONDS", "MILLISECONDS", "SECONDS", "MINUTES", "HOURS", "DAYS" ], "deprecated": false, "autowired": false, "secret": false, "defaultValue": "MILLISECONDS", "description": "Time unit for initialDelay and delay options." },
    "useFixedDelay": { "kind": "parameter", "displayName": "Use Fixed Delay", "group": "scheduler", "label": "consumer,scheduler", "required": false, "type": "boolean", "javaType": "boolean", "deprecated": false, "autowired": false, "secret": false, "defaultValue": true, "description": "Controls if fixed delay or fixed rate is used. See ScheduledExecutorService in JDK for details." },
    "accessKey": { "kind": "parameter", "displayName": "Access Key", "group": "security", "label": "security", "required": false, "type": "string", "javaType": "java.lang.String", "deprecated": false, "autowired": false, "secret": true, "configurationClass": "org.apache.camel.component.minio.MinioConfiguration", "configurationField": "configuration", "description": "Amazon AWS Secret Access Key or Minio Access Key. If not set camel will connect to service for anonymous access." },
    "secretKey": { "kind": "parameter", "displayName": "Secret Key", "group": "security", "label": "security", "required": false, "type": "string", "javaType": "java.lang.String", "deprecated": false, "autowired": false, "secret": true, "configurationClass": "org.apache.camel.component.minio.MinioConfiguration", "configurationField": "configuration", "description": "Amazon AWS Access Key Id or Minio Secret Key. If not set camel will connect to service for anonymous access." }
  }
}
