{
  "component": {
    "kind": "component",
    "name": "platform-http",
    "title": "Platform HTTP",
    "description": "Expose HTTP endpoints using the HTTP server available in the current platform.",
    "deprecated": false,
    "firstVersion": "3.0.0",
    "label": "http",
    "javaType": "org.apache.camel.component.platform.http.PlatformHttpComponent",
    "supportLevel": "Stable",
    "groupId": "org.apache.camel",
    "artifactId": "camel-platform-http",
    "version": "3.19.0-SNAPSHOT",
    "scheme": "platform-http",
    "extendsScheme": "",
    "syntax": "platform-http:path",
    "async": true,
    "api": false,
    "consumerOnly": true,
    "producerOnly": false,
    "lenientProperties": false
  },
  "componentProperties": {
    "bridgeErrorHandler": { "kind": "property", "displayName": "Bridge Error Handler", "group": "consumer", "label": "consumer", "required": false, "type": "boolean", "javaType": "boolean", "deprecated": false, "autowired": false, "secret": false, "defaultValue": false, "description": "Allows for bridging the consumer to the Camel routing Error Handler, which mean any exceptions occurred while the consumer is trying to pickup incoming messages, or the likes, will now be processed as a message and handled by the routing Error Handler. By default the consumer will use the org.apache.camel.spi.ExceptionHandler to deal with exceptions, that will be logged at WARN or ERROR level and ignored." },
    "autowiredEnabled": { "kind": "property", "displayName": "Autowired Enabled", "group": "advanced", "label": "advanced", "required": false, "type": "boolean", "javaType": "boolean", "deprecated": false, "autowired": false, "secret": false, "defaultValue": true, "description": "Whether autowiring is enabled. This is used for automatic autowiring options (the option must be marked as autowired) by looking up in the registry to find if there is a single instance of matching type, which then gets configured on the component. This can be used for automatic configuring JDBC data sources, JMS connection factories, AWS Clients, etc." },
    "engine": { "kind": "property", "displayName": "Engine", "group": "advanced", "label": "advanced", "required": false, "type": "object", "javaType": "org.apache.camel.component.platform.http.spi.PlatformHttpEngine", "deprecated": false, "autowired": false, "secret": false, "description": "An HTTP Server engine implementation to serve the requests" }
  },
  "properties": {
    "path": { "kind": "path", "displayName": "Path", "group": "consumer", "label": "", "required": true, "type": "string", "javaType": "java.lang.String", "deprecated": false, "deprecationNote": "", "autowired": false, "secret": false, "description": "The path under which this endpoint serves the HTTP requests" },
    "consumes": { "kind": "parameter", "displayName": "Consumes", "group": "consumer", "label": "consumer", "required": false, "type": "string", "javaType": "java.lang.String", "deprecated": false, "autowired": false, "secret": false, "description": "The content type this endpoint accepts as an input, such as application\/xml or application\/json. null or &#42;\/&#42; mean no restriction." },
    "httpMethodRestrict": { "kind": "parameter", "displayName": "Http Method Restrict", "group": "consumer", "label": "consumer", "required": false, "type": "string", "javaType": "java.lang.String", "deprecated": false, "autowired": false, "secret": false, "description": "A comma separated list of HTTP methods to serve, e.g. GET,POST . If no methods are specified, all methods will be served." },
    "matchOnUriPrefix": { "kind": "parameter", "displayName": "Match On Uri Prefix", "group": "consumer", "label": "consumer", "required": false, "type": "boolean", "javaType": "boolean", "deprecated": false, "autowired": false, "secret": false, "defaultValue": false, "description": "Whether or not the consumer should try to find a target consumer by matching the URI prefix if no exact match is found." },
    "muteException": { "kind": "parameter", "displayName": "Mute Exception", "group": "consumer", "label": "consumer", "required": false, "type": "boolean", "javaType": "boolean", "deprecated": false, "autowired": false, "secret": false, "defaultValue": true, "description": "If enabled and an Exchange failed processing on the consumer side the response's body won't contain the exception's stack trace." },
    "produces": { "kind": "parameter", "displayName": "Produces", "group": "consumer", "label": "consumer", "required": false, "type": "string", "javaType": "java.lang.String", "deprecated": false, "autowired": false, "secret": false, "description": "The content type this endpoint produces, such as application\/xml or application\/json." },
    "bridgeErrorHandler": { "kind": "parameter", "displayName": "Bridge Error Handler", "group": "consumer (advanced)", "label": "consumer,advanced", "required": false, "type": "boolean", "javaType": "boolean", "deprecated": false, "autowired": false, "secret": false, "defaultValue": false, "description": "Allows for bridging the consumer to the Camel routing Error Handler, which mean any exceptions occurred while the consumer is trying to pickup incoming messages, or the likes, will now be processed as a message and handled by the routing Error Handler. By default the consumer will use the org.apache.camel.spi.ExceptionHandler to deal with exceptions, that will be logged at WARN or ERROR level and ignored." },
    "exceptionHandler": { "kind": "parameter", "displayName": "Exception Handler", "group": "consumer (advanced)", "label": "consumer,advanced", "required": false, "type": "object", "javaType": "org.apache.camel.spi.ExceptionHandler", "optionalPrefix": "consumer.", "deprecated": false, "autowired": false, "secret": false, "description": "To let the consumer use a custom ExceptionHandler. Notice if the option bridgeErrorHandler is enabled then this option is not in use. By default the consumer will deal with exceptions, that will be logged at WARN or ERROR level and ignored." },
    "exchangePattern": { "kind": "parameter", "displayName": "Exchange Pattern", "group": "consumer (advanced)", "label": "consumer,advanced", "required": false, "type": "object", "javaType": "org.apache.camel.ExchangePattern", "enum": [ "InOnly", "InOut", "InOptionalOut" ], "deprecated": false, "autowired": false, "secret": false, "description": "Sets the exchange pattern when the consumer creates an exchange." },
    "fileNameExtWhitelist": { "kind": "parameter", "displayName": "File Name Ext Whitelist", "group": "consumer (advanced)", "label": "consumer,advanced", "required": false, "type": "string", "javaType": "java.lang.String", "deprecated": false, "autowired": false, "secret": false, "description": "A comma or whitespace separated list of file extensions. Uploads having these extensions will be stored locally. Null value or asterisk () will allow all files." },
    "headerFilterStrategy": { "kind": "parameter", "displayName": "Header Filter Strategy", "group": "advanced", "label": "advanced", "required": false, "type": "object", "javaType": "org.apache.camel.spi.HeaderFilterStrategy", "deprecated": false, "autowired": false, "secret": false, "description": "To use a custom HeaderFilterStrategy to filter headers to and from Camel message." },
    "platformHttpEngine": { "kind": "parameter", "displayName": "Platform Http Engine", "group": "advanced", "label": "advanced", "required": false, "type": "object", "javaType": "org.apache.camel.component.platform.http.spi.PlatformHttpEngine", "deprecated": false, "autowired": false, "secret": false, "description": "An HTTP Server engine implementation to serve the requests of this endpoint." }
  }
}
