{
  "component": {
    "kind": "component",
    "name": "pubnub",
    "title": "PubNub",
    "description": "Send and receive messages to\/from PubNub data stream network for connected devices.",
    "deprecated": false,
    "firstVersion": "2.19.0",
    "label": "cloud,iot,messaging",
    "javaType": "org.apache.camel.component.pubnub.PubNubComponent",
    "supportLevel": "Stable",
    "groupId": "org.apache.camel",
    "artifactId": "camel-pubnub",
    "version": "3.19.0-SNAPSHOT",
    "scheme": "pubnub",
    "extendsScheme": "",
    "syntax": "pubnub:channel",
    "async": false,
    "api": false,
    "consumerOnly": false,
    "producerOnly": false,
    "lenientProperties": false
  },
  "componentProperties": {
    "configuration": { "kind": "property", "displayName": "Configuration", "group": "common", "label": "", "required": false, "type": "object", "javaType": "org.apache.camel.component.pubnub.PubNubConfiguration", "deprecated": false, "autowired": false, "secret": false, "description": "The component configurations" },
    "uuid": { "kind": "property", "displayName": "Uuid", "group": "common", "label": "", "required": false, "type": "string", "javaType": "java.lang.String", "deprecated": false, "autowired": false, "secret": false, "configurationClass": "org.apache.camel.component.pubnub.PubNubConfiguration", "configurationField": "configuration", "description": "UUID to be used as a device identifier, a default UUID is generated if not passed." },
    "bridgeErrorHandler": { "kind": "property", "displayName": "Bridge Error Handler", "group": "consumer", "label": "consumer", "required": false, "type": "boolean", "javaType": "boolean", "deprecated": false, "autowired": false, "secret": false, "defaultValue": false, "description": "Allows for bridging the consumer to the Camel routing Error Handler, which mean any exceptions occurred while the consumer is trying to pickup incoming messages, or the likes, will now be processed as a message and handled by the routing Error Handler. By default the consumer will use the org.apache.camel.spi.ExceptionHandler to deal with exceptions, that will be logged at WARN or ERROR level and ignored." },
    "withPresence": { "kind": "property", "displayName": "With Presence", "group": "consumer", "label": "consumer", "required": false, "type": "boolean", "javaType": "boolean", "deprecated": false, "autowired": false, "secret": false, "defaultValue": false, "configurationClass": "org.apache.camel.component.pubnub.PubNubConfiguration", "configurationField": "configuration", "description": "Also subscribe to related presence information" },
    "lazyStartProducer": { "kind": "property", "displayName": "Lazy Start Producer", "group": "producer", "label": "producer", "required": false, "type": "boolean", "javaType": "boolean", "deprecated": false, "autowired": false, "secret": false, "defaultValue": false, "description": "Whether the producer should be started lazy (on the first message). By starting lazy you can use this to allow CamelContext and routes to startup in situations where a producer may otherwise fail during starting and cause the route to fail being started. By deferring this startup to be lazy then the startup failure can be handled during routing messages via Camel's routing error handlers. Beware that when the first message is processed then creating and starting the producer may take a little time and prolong the total processing time of the processing." },
    "operation": { "kind": "property", "displayName": "Operation", "group": "producer", "label": "producer", "required": false, "type": "string", "javaType": "java.lang.String", "enum": [ "HERENOW", "WHERENOW", "GETSTATE", "SETSTATE", "GETHISTORY", "PUBLISH", "FIRE" ], "deprecated": false, "autowired": false, "secret": false, "configurationClass": "org.apache.camel.component.pubnub.PubNubConfiguration", "configurationField": "configuration", "description": "The operation to perform. PUBLISH: Default. Send a message to all subscribers of a channel. FIRE: allows the client to send a message to BLOCKS Event Handlers. These messages will go directly to any Event Handlers registered on the channel. HERENOW: Obtain information about the current state of a channel including a list of unique user-ids currently subscribed to the channel and the total occupancy count. WHERENOW: Obtain information about the current list of channels to which a uuid is subscribed to. GETSTATE: Used to get key\/value pairs specific to a subscriber uuid. State information is supplied as a JSON object of key\/value pairs SETSTATE: Used to set key\/value pairs specific to a subscriber uuid GETHISTORY: Fetches historical messages of a channel." },
    "autowiredEnabled": { "kind": "property", "displayName": "Autowired Enabled", "group": "advanced", "label": "advanced", "required": false, "type": "boolean", "javaType": "boolean", "deprecated": false, "autowired": false, "secret": false, "defaultValue": true, "description": "Whether autowiring is enabled. This is used for automatic autowiring options (the option must be marked as autowired) by looking up in the registry to find if there is a single instance of matching type, which then gets configured on the component. This can be used for automatic configuring JDBC data sources, JMS connection factories, AWS Clients, etc." },
    "authKey": { "kind": "property", "displayName": "Auth Key", "group": "security", "label": "security", "required": false, "type": "string", "javaType": "java.lang.String", "deprecated": false, "autowired": false, "secret": true, "configurationClass": "org.apache.camel.component.pubnub.PubNubConfiguration", "configurationField": "configuration", "description": "If Access Manager is utilized, client will use this authKey in all restricted requests." },
    "cipherKey": { "kind": "property", "displayName": "Cipher Key", "group": "security", "label": "security", "required": false, "type": "string", "javaType": "java.lang.String", "deprecated": false, "autowired": false, "secret": true, "configurationClass": "org.apache.camel.component.pubnub.PubNubConfiguration", "configurationField": "configuration", "description": "If cipher is passed, all communications to\/from PubNub will be encrypted." },
    "publishKey": { "kind": "property", "displayName": "Publish Key", "group": "security", "label": "security", "required": false, "type": "string", "javaType": "java.lang.String", "deprecated": false, "autowired": false, "secret": true, "configurationClass": "org.apache.camel.component.pubnub.PubNubConfiguration", "configurationField": "configuration", "description": "The publish key obtained from your PubNub account. Required when publishing messages." },
    "secretKey": { "kind": "property", "displayName": "Secret Key", "group": "security", "label": "security", "required": false, "type": "string", "javaType": "java.lang.String", "deprecated": false, "autowired": false, "secret": true, "configurationClass": "org.apache.camel.component.pubnub.PubNubConfiguration", "configurationField": "configuration", "description": "The secret key used for message signing." },
    "secure": { "kind": "property", "displayName": "Secure", "group": "security", "label": "security", "required": false, "type": "boolean", "javaType": "boolean", "deprecated": false, "autowired": false, "secret": false, "defaultValue": true, "configurationClass": "org.apache.camel.component.pubnub.PubNubConfiguration", "configurationField": "configuration", "description": "Use SSL for secure transmission." },
    "subscribeKey": { "kind": "property", "displayName": "Subscribe Key", "group": "security", "label": "security", "required": false, "type": "string", "javaType": "java.lang.String", "deprecated": false, "autowired": false, "secret": true, "configurationClass": "org.apache.camel.component.pubnub.PubNubConfiguration", "configurationField": "configuration", "description": "The subscribe key obtained from your PubNub account. Required when subscribing to channels or listening for presence events" }
  },
  "headers": {
    "CamelPubNubOperation": { "kind": "header", "displayName": "", "group": "producer", "label": "producer", "required": false, "javaType": "String", "deprecated": false, "deprecationNote": "", "autowired": false, "secret": false, "description": "The operation to perform.", "constantName": "org.apache.camel.component.pubnub.PubNubConstants#OPERATION" },
    "CamelPubNubTimeToken": { "kind": "header", "displayName": "", "group": "common", "label": "", "required": false, "javaType": "Long", "deprecated": false, "deprecationNote": "", "autowired": false, "secret": false, "description": "The Timestamp for the event.", "constantName": "org.apache.camel.component.pubnub.PubNubConstants#TIMETOKEN" },
    "CamelPubNubChannel": { "kind": "header", "displayName": "", "group": "consumer", "label": "consumer", "required": false, "javaType": "String", "deprecated": false, "deprecationNote": "", "autowired": false, "secret": false, "description": "The channel for which the message belongs.", "constantName": "org.apache.camel.component.pubnub.PubNubConstants#CHANNEL" },
    "CamelPubNubUUID": { "kind": "header", "displayName": "", "group": "producer", "label": "producer", "required": false, "javaType": "String", "deprecated": false, "deprecationNote": "", "autowired": false, "secret": false, "description": "UUID to be used as a device identifier.", "constantName": "org.apache.camel.component.pubnub.PubNubConstants#UUID" }
  },
  "properties": {
    "channel": { "kind": "path", "displayName": "Channel", "group": "common", "label": "", "required": true, "type": "string", "javaType": "java.lang.String", "deprecated": false, "deprecationNote": "", "autowired": false, "secret": false, "configurationClass": "org.apache.camel.component.pubnub.PubNubConfiguration", "configurationField": "configuration", "description": "The channel used for subscribing\/publishing events" },
    "uuid": { "kind": "parameter", "displayName": "Uuid", "group": "common", "label": "", "required": false, "type": "string", "javaType": "java.lang.String", "deprecated": false, "autowired": false, "secret": false, "configurationClass": "org.apache.camel.component.pubnub.PubNubConfiguration", "configurationField": "configuration", "description": "UUID to be used as a device identifier, a default UUID is generated if not passed." },
    "withPresence": { "kind": "parameter", "displayName": "With Presence", "group": "consumer", "label": "consumer", "required": false, "type": "boolean", "javaType": "boolean", "deprecated": false, "autowired": false, "secret": false, "defaultValue": false, "configurationClass": "org.apache.camel.component.pubnub.PubNubConfiguration", "configurationField": "configuration", "description": "Also subscribe to related presence information" },
    "bridgeErrorHandler": { "kind": "parameter", "displayName": "Bridge Error Handler", "group": "consumer (advanced)", "label": "consumer,advanced", "required": false, "type": "boolean", "javaType": "boolean", "deprecated": false, "autowired": false, "secret": false, "defaultValue": false, "description": "Allows for bridging the consumer to the Camel routing Error Handler, which mean any exceptions occurred while the consumer is trying to pickup incoming messages, or the likes, will now be processed as a message and handled by the routing Error Handler. By default the consumer will use the org.apache.camel.spi.ExceptionHandler to deal with exceptions, that will be logged at WARN or ERROR level and ignored." },
    "exceptionHandler": { "kind": "parameter", "displayName": "Exception Handler", "group": "consumer (advanced)", "label": "consumer,advanced", "required": false, "type": "object", "javaType": "org.apache.camel.spi.ExceptionHandler", "optionalPrefix": "consumer.", "deprecated": false, "autowired": false, "secret": false, "description": "To let the consumer use a custom ExceptionHandler. Notice if the option bridgeErrorHandler is enabled then this option is not in use. By default the consumer will deal with exceptions, that will be logged at WARN or ERROR level and ignored." },
    "exchangePattern": { "kind": "parameter", "displayName": "Exchange Pattern", "group": "consumer (advanced)", "label": "consumer,advanced", "required": false, "type": "object", "javaType": "org.apache.camel.ExchangePattern", "enum": [ "InOnly", "InOut", "InOptionalOut" ], "deprecated": false, "autowired": false, "secret": false, "description": "Sets the exchange pattern when the consumer creates an exchange." },
    "operation": { "kind": "parameter", "displayName": "Operation", "group": "producer", "label": "producer", "required": false, "type": "string", "javaType": "java.lang.String", "enum": [ "HERENOW", "WHERENOW", "GETSTATE", "SETSTATE", "GETHISTORY", "PUBLISH", "FIRE" ], "deprecated": false, "autowired": false, "secret": false, "configurationClass": "org.apache.camel.component.pubnub.PubNubConfiguration", "configurationField": "configuration", "description": "The operation to perform. PUBLISH: Default. Send a message to all subscribers of a channel. FIRE: allows the client to send a message to BLOCKS Event Handlers. These messages will go directly to any Event Handlers registered on the channel. HERENOW: Obtain information about the current state of a channel including a list of unique user-ids currently subscribed to the channel and the total occupancy count. WHERENOW: Obtain information about the current list of channels to which a uuid is subscribed to. GETSTATE: Used to get key\/value pairs specific to a subscriber uuid. State information is supplied as a JSON object of key\/value pairs SETSTATE: Used to set key\/value pairs specific to a subscriber uuid GETHISTORY: Fetches historical messages of a channel." },
    "lazyStartProducer": { "kind": "parameter", "displayName": "Lazy Start Producer", "group": "producer (advanced)", "label": "producer,advanced", "required": false, "type": "boolean", "javaType": "boolean", "deprecated": false, "autowired": false, "secret": false, "defaultValue": false, "description": "Whether the producer should be started lazy (on the first message). By starting lazy you can use this to allow CamelContext and routes to startup in situations where a producer may otherwise fail during starting and cause the route to fail being started. By deferring this startup to be lazy then the startup failure can be handled during routing messages via Camel's routing error handlers. Beware that when the first message is processed then creating and starting the producer may take a little time and prolong the total processing time of the processing." },
    "pubnub": { "kind": "parameter", "displayName": "Pubnub", "group": "advanced", "label": "advanced", "required": false, "type": "object", "javaType": "com.pubnub.api.PubNub", "deprecated": false, "deprecationNote": "", "autowired": true, "secret": false, "description": "Reference to a Pubnub client in the registry." },
    "authKey": { "kind": "parameter", "displayName": "Auth Key", "group": "security", "label": "security", "required": false, "type": "string", "javaType": "java.lang.String", "deprecated": false, "autowired": false, "secret": true, "configurationClass": "org.apache.camel.component.pubnub.PubNubConfiguration", "configurationField": "configuration", "description": "If Access Manager is utilized, client will use this authKey in all restricted requests." },
    "cipherKey": { "kind": "parameter", "displayName": "Cipher Key", "group": "security", "label": "security", "required": false, "type": "string", "javaType": "java.lang.String", "deprecated": false, "autowired": false, "secret": true, "configurationClass": "org.apache.camel.component.pubnub.PubNubConfiguration", "configurationField": "configuration", "description": "If cipher is passed, all communications to\/from PubNub will be encrypted." },
    "publishKey": { "kind": "parameter", "displayName": "Publish Key", "group": "security", "label": "security", "required": false, "type": "string", "javaType": "java.lang.String", "deprecated": false, "autowired": false, "secret": true, "configurationClass": "org.apache.camel.component.pubnub.PubNubConfiguration", "configurationField": "configuration", "description": "The publish key obtained from your PubNub account. Required when publishing messages." },
    "secretKey": { "kind": "parameter", "displayName": "Secret Key", "group": "security", "label": "security", "required": false, "type": "string", "javaType": "java.lang.String", "deprecated": false, "autowired": false, "secret": true, "configurationClass": "org.apache.camel.component.pubnub.PubNubConfiguration", "configurationField": "configuration", "description": "The secret key used for message signing." },
    "secure": { "kind": "parameter", "displayName": "Secure", "group": "security", "label": "security", "required": false, "type": "boolean", "javaType": "boolean", "deprecated": false, "autowired": false, "secret": false, "defaultValue": true, "configurationClass": "org.apache.camel.component.pubnub.PubNubConfiguration", "configurationField": "configuration", "description": "Use SSL for secure transmission." },
    "subscribeKey": { "kind": "parameter", "displayName": "Subscribe Key", "group": "security", "label": "security", "required": false, "type": "string", "javaType": "java.lang.String", "deprecated": false, "autowired": false, "secret": true, "configurationClass": "org.apache.camel.component.pubnub.PubNubConfiguration", "configurationField": "configuration", "description": "The subscribe key obtained from your PubNub account. Required when subscribing to channels or listening for presence events" }
  }
}
