{
  "component": {
    "kind": "component",
    "name": "sap-netweaver",
    "title": "SAP NetWeaver",
    "description": "Send requests to SAP NetWeaver Gateway using HTTP.",
    "deprecated": false,
    "firstVersion": "2.12.0",
    "label": "sap,cloud,api",
    "javaType": "org.apache.camel.component.sap.netweaver.NetWeaverComponent",
    "supportLevel": "Stable",
    "groupId": "org.apache.camel",
    "artifactId": "camel-sap-netweaver",
    "version": "3.19.0-SNAPSHOT",
    "scheme": "sap-netweaver",
    "extendsScheme": "",
    "syntax": "sap-netweaver:url",
    "async": false,
    "api": false,
    "consumerOnly": false,
    "producerOnly": true,
    "lenientProperties": false
  },
  "componentProperties": {
    "lazyStartProducer": { "kind": "property", "displayName": "Lazy Start Producer", "group": "producer", "label": "producer", "required": false, "type": "boolean", "javaType": "boolean", "deprecated": false, "autowired": false, "secret": false, "defaultValue": false, "description": "Whether the producer should be started lazy (on the first message). By starting lazy you can use this to allow CamelContext and routes to startup in situations where a producer may otherwise fail during starting and cause the route to fail being started. By deferring this startup to be lazy then the startup failure can be handled during routing messages via Camel's routing error handlers. Beware that when the first message is processed then creating and starting the producer may take a little time and prolong the total processing time of the processing." },
    "autowiredEnabled": { "kind": "property", "displayName": "Autowired Enabled", "group": "advanced", "label": "advanced", "required": false, "type": "boolean", "javaType": "boolean", "deprecated": false, "autowired": false, "secret": false, "defaultValue": true, "description": "Whether autowiring is enabled. This is used for automatic autowiring options (the option must be marked as autowired) by looking up in the registry to find if there is a single instance of matching type, which then gets configured on the component. This can be used for automatic configuring JDBC data sources, JMS connection factories, AWS Clients, etc." }
  },
  "headers": {
    "CamelNetWeaverCommand": { "kind": "header", "displayName": "", "group": "producer", "label": "", "required": true, "javaType": "String", "deprecated": false, "deprecationNote": "", "autowired": false, "secret": false, "description": "The command to execute in http:\/\/msdn.microsoft.com\/en-us\/library\/cc956153.aspxMS ADO.Net Data Service format.", "constantName": "org.apache.camel.component.sap.netweaver.NetWeaverConstants#COMMAND" },
    "CamelHttpPath": { "kind": "header", "displayName": "", "group": "producer", "label": "", "required": false, "javaType": "String", "deprecated": false, "deprecationNote": "", "autowired": false, "secret": false, "description": "The http path.", "constantName": "org.apache.camel.component.sap.netweaver.NetWeaverConstants#HTTP_PATH" },
    "Accept": { "kind": "header", "displayName": "", "group": "producer", "label": "", "required": false, "javaType": "String", "deprecated": false, "deprecationNote": "", "autowired": false, "secret": false, "description": "The media type.", "constantName": "org.apache.camel.component.sap.netweaver.NetWeaverConstants#ACCEPT" }
  },
  "properties": {
    "url": { "kind": "path", "displayName": "Url", "group": "producer", "label": "", "required": true, "type": "string", "javaType": "java.lang.String", "deprecated": false, "deprecationNote": "", "autowired": false, "secret": false, "description": "Url to the SAP net-weaver gateway server." },
    "flatternMap": { "kind": "parameter", "displayName": "Flattern Map", "group": "producer", "label": "", "required": false, "type": "boolean", "javaType": "boolean", "deprecated": false, "autowired": false, "secret": false, "defaultValue": true, "description": "If the JSON Map contains only a single entry, then flattern by storing that single entry value as the message body." },
    "json": { "kind": "parameter", "displayName": "Json", "group": "producer", "label": "", "required": false, "type": "boolean", "javaType": "boolean", "deprecated": false, "autowired": false, "secret": false, "defaultValue": true, "description": "Whether to return data in JSON format. If this option is false, then XML is returned in Atom format." },
    "jsonAsMap": { "kind": "parameter", "displayName": "Json As Map", "group": "producer", "label": "", "required": false, "type": "boolean", "javaType": "boolean", "deprecated": false, "autowired": false, "secret": false, "defaultValue": true, "description": "To transform the JSON from a String to a Map in the message body." },
    "password": { "kind": "parameter", "displayName": "Password", "group": "producer", "label": "", "required": true, "type": "string", "javaType": "java.lang.String", "deprecated": false, "deprecationNote": "", "autowired": false, "secret": true, "description": "Password for account." },
    "username": { "kind": "parameter", "displayName": "Username", "group": "producer", "label": "", "required": true, "type": "string", "javaType": "java.lang.String", "deprecated": false, "deprecationNote": "", "autowired": false, "secret": true, "description": "Username for account." },
    "lazyStartProducer": { "kind": "parameter", "displayName": "Lazy Start Producer", "group": "producer (advanced)", "label": "producer,advanced", "required": false, "type": "boolean", "javaType": "boolean", "deprecated": false, "autowired": false, "secret": false, "defaultValue": false, "description": "Whether the producer should be started lazy (on the first message). By starting lazy you can use this to allow CamelContext and routes to startup in situations where a producer may otherwise fail during starting and cause the route to fail being started. By deferring this startup to be lazy then the startup failure can be handled during routing messages via Camel's routing error handlers. Beware that when the first message is processed then creating and starting the producer may take a little time and prolong the total processing time of the processing." }
  }
}
