{
  "component": {
    "kind": "component",
    "name": "spring-rabbitmq",
    "title": "Spring RabbitMQ",
    "description": "Send and receive messages from RabbitMQ using Spring RabbitMQ client.",
    "deprecated": false,
    "firstVersion": "3.8.0",
    "label": "messaging",
    "javaType": "org.apache.camel.component.springrabbit.SpringRabbitMQComponent",
    "supportLevel": "Stable",
    "groupId": "org.apache.camel",
    "artifactId": "camel-spring-rabbitmq",
    "version": "3.19.0-SNAPSHOT",
    "scheme": "spring-rabbitmq",
    "extendsScheme": "",
    "syntax": "spring-rabbitmq:exchangeName",
    "async": true,
    "api": false,
    "consumerOnly": false,
    "producerOnly": false,
    "lenientProperties": false
  },
  "componentProperties": {
    "amqpAdmin": { "kind": "property", "displayName": "Amqp Admin", "group": "common", "label": "", "required": false, "type": "object", "javaType": "org.springframework.amqp.core.AmqpAdmin", "deprecated": false, "autowired": true, "secret": false, "description": "Optional AMQP Admin service to use for auto declaring elements (queues, exchanges, bindings)" },
    "connectionFactory": { "kind": "property", "displayName": "Connection Factory", "group": "common", "label": "", "required": false, "type": "object", "javaType": "org.springframework.amqp.rabbit.connection.ConnectionFactory", "deprecated": false, "autowired": true, "secret": false, "description": "The connection factory to be use. A connection factory must be configured either on the component or endpoint." },
    "testConnectionOnStartup": { "kind": "property", "displayName": "Test Connection On Startup", "group": "common", "label": "", "required": false, "type": "boolean", "javaType": "boolean", "deprecated": false, "autowired": false, "secret": false, "defaultValue": false, "description": "Specifies whether to test the connection on startup. This ensures that when Camel starts that all the JMS consumers have a valid connection to the JMS broker. If a connection cannot be granted then Camel throws an exception on startup. This ensures that Camel is not started with failed connections. The JMS producers is tested as well." },
    "autoDeclare": { "kind": "property", "displayName": "Auto Declare", "group": "consumer", "label": "consumer", "required": false, "type": "boolean", "javaType": "boolean", "deprecated": false, "autowired": false, "secret": false, "defaultValue": false, "description": "Specifies whether the consumer should auto declare binding between exchange, queue and routing key when starting. Enabling this can be good for development to make it easy to standup exchanges, queues and bindings on the broker." },
    "autoStartup": { "kind": "property", "displayName": "Auto Startup", "group": "consumer", "label": "consumer", "required": false, "type": "boolean", "javaType": "boolean", "deprecated": false, "autowired": false, "secret": false, "defaultValue": true, "description": "Specifies whether the consumer container should auto-startup." },
    "bridgeErrorHandler": { "kind": "property", "displayName": "Bridge Error Handler", "group": "consumer", "label": "consumer", "required": false, "type": "boolean", "javaType": "boolean", "deprecated": false, "autowired": false, "secret": false, "defaultValue": false, "description": "Allows for bridging the consumer to the Camel routing Error Handler, which mean any exceptions occurred while the consumer is trying to pickup incoming messages, or the likes, will now be processed as a message and handled by the routing Error Handler. By default the consumer will use the org.apache.camel.spi.ExceptionHandler to deal with exceptions, that will be logged at WARN or ERROR level and ignored." },
    "deadLetterExchange": { "kind": "property", "displayName": "Dead Letter Exchange", "group": "consumer", "label": "consumer", "required": false, "type": "string", "javaType": "java.lang.String", "deprecated": false, "autowired": false, "secret": false, "description": "The name of the dead letter exchange" },
    "deadLetterExchangeType": { "kind": "property", "displayName": "Dead Letter Exchange Type", "group": "consumer", "label": "consumer", "required": false, "type": "string", "javaType": "java.lang.String", "enum": [ "direct", "fanout", "headers", "topic" ], "deprecated": false, "autowired": false, "secret": false, "defaultValue": "direct", "description": "The type of the dead letter exchange" },
    "deadLetterQueue": { "kind": "property", "displayName": "Dead Letter Queue", "group": "consumer", "label": "consumer", "required": false, "type": "string", "javaType": "java.lang.String", "deprecated": false, "autowired": false, "secret": false, "description": "The name of the dead letter queue" },
    "deadLetterRoutingKey": { "kind": "property", "displayName": "Dead Letter Routing Key", "group": "consumer", "label": "consumer", "required": false, "type": "string", "javaType": "java.lang.String", "deprecated": false, "autowired": false, "secret": false, "description": "The routing key for the dead letter exchange" },
    "maximumRetryAttempts": { "kind": "property", "displayName": "Maximum Retry Attempts", "group": "consumer", "label": "consumer", "required": false, "type": "integer", "javaType": "int", "deprecated": false, "autowired": false, "secret": false, "defaultValue": 5, "description": "How many times a Rabbitmq consumer will retry the same message if Camel failed to process the message" },
    "rejectAndDontRequeue": { "kind": "property", "displayName": "Reject And Dont Requeue", "group": "consumer", "label": "consumer", "required": false, "type": "boolean", "javaType": "boolean", "deprecated": false, "autowired": false, "secret": false, "defaultValue": true, "description": "Whether a Rabbitmq consumer should reject the message without requeuing. This enables failed messages to be sent to a Dead Letter Exchange\/Queue, if the broker is so configured." },
    "retryDelay": { "kind": "property", "displayName": "Retry Delay", "group": "consumer", "label": "consumer", "required": false, "type": "integer", "javaType": "int", "deprecated": false, "autowired": false, "secret": false, "defaultValue": 1000, "description": "Delay in msec a Rabbitmq consumer will wait before redelivering a message that Camel failed to process" },
    "concurrentConsumers": { "kind": "property", "displayName": "Concurrent Consumers", "group": "consumer (advanced)", "label": "consumer,advanced", "required": false, "type": "integer", "javaType": "int", "deprecated": false, "autowired": false, "secret": false, "defaultValue": 1, "description": "The number of consumers" },
    "errorHandler": { "kind": "property", "displayName": "Error Handler", "group": "consumer (advanced)", "label": "consumer,advanced", "required": false, "type": "object", "javaType": "org.springframework.util.ErrorHandler", "deprecated": false, "autowired": false, "secret": false, "description": "To use a custom ErrorHandler for handling exceptions from the message listener (consumer)" },
    "listenerContainerFactory": { "kind": "property", "displayName": "Listener Container Factory", "group": "consumer (advanced)", "label": "consumer,advanced", "required": false, "type": "object", "javaType": "org.apache.camel.component.springrabbit.ListenerContainerFactory", "deprecated": false, "autowired": false, "secret": false, "description": "To use a custom factory for creating and configuring ListenerContainer to be used by the consumer for receiving messages" },
    "maxConcurrentConsumers": { "kind": "property", "displayName": "Max Concurrent Consumers", "group": "consumer (advanced)", "label": "consumer,advanced", "required": false, "type": "integer", "javaType": "java.lang.Integer", "deprecated": false, "autowired": false, "secret": false, "description": "The maximum number of consumers (available only with SMLC)" },
    "messageListenerContainerType": { "kind": "property", "displayName": "Message Listener Container Type", "group": "consumer (advanced)", "label": "consumer,advanced", "required": false, "type": "string", "javaType": "java.lang.String", "enum": [ "DMLC", "SMLC" ], "deprecated": false, "autowired": false, "secret": false, "defaultValue": "DMLC", "description": "The type of the MessageListenerContainer" },
    "prefetchCount": { "kind": "property", "displayName": "Prefetch Count", "group": "consumer (advanced)", "label": "consumer,advanced", "required": false, "type": "integer", "javaType": "int", "deprecated": false, "autowired": false, "secret": false, "defaultValue": 250, "description": "Tell the broker how many messages to send to each consumer in a single request. Often this can be set quite high to improve throughput." },
    "retry": { "kind": "property", "displayName": "Retry", "group": "consumer (advanced)", "label": "consumer,advanced", "required": false, "type": "object", "javaType": "org.springframework.retry.interceptor.RetryOperationsInterceptor", "deprecated": false, "autowired": false, "secret": false, "description": "Custom retry configuration to use. If this is configured then the other settings such as maximumRetryAttempts for retry are not in use." },
    "shutdownTimeout": { "kind": "property", "displayName": "Shutdown Timeout", "group": "consumer (advanced)", "label": "consumer,advanced", "required": false, "type": "duration", "javaType": "long", "deprecated": false, "autowired": false, "secret": false, "defaultValue": "5000", "description": "The time to wait for workers in milliseconds after the container is stopped. If any workers are active when the shutdown signal comes they will be allowed to finish processing as long as they can finish within this timeout." },
    "allowNullBody": { "kind": "property", "displayName": "Allow Null Body", "group": "producer", "label": "producer", "required": false, "type": "boolean", "javaType": "boolean", "deprecated": false, "autowired": false, "secret": false, "defaultValue": false, "description": "Whether to allow sending messages with no body. If this option is false and the message body is null, then an MessageConversionException is thrown." },
    "lazyStartProducer": { "kind": "property", "displayName": "Lazy Start Producer", "group": "producer", "label": "producer", "required": false, "type": "boolean", "javaType": "boolean", "deprecated": false, "autowired": false, "secret": false, "defaultValue": false, "description": "Whether the producer should be started lazy (on the first message). By starting lazy you can use this to allow CamelContext and routes to startup in situations where a producer may otherwise fail during starting and cause the route to fail being started. By deferring this startup to be lazy then the startup failure can be handled during routing messages via Camel's routing error handlers. Beware that when the first message is processed then creating and starting the producer may take a little time and prolong the total processing time of the processing." },
    "replyTimeout": { "kind": "property", "displayName": "Reply Timeout", "group": "producer", "label": "producer", "required": false, "type": "duration", "javaType": "long", "deprecated": false, "autowired": false, "secret": false, "defaultValue": "5000", "description": "Specify the timeout in milliseconds to be used when waiting for a reply message when doing request\/reply messaging. The default value is 5 seconds. A negative value indicates an indefinite timeout." },
    "autowiredEnabled": { "kind": "property", "displayName": "Autowired Enabled", "group": "advanced", "label": "advanced", "required": false, "type": "boolean", "javaType": "boolean", "deprecated": false, "autowired": false, "secret": false, "defaultValue": true, "description": "Whether autowiring is enabled. This is used for automatic autowiring options (the option must be marked as autowired) by looking up in the registry to find if there is a single instance of matching type, which then gets configured on the component. This can be used for automatic configuring JDBC data sources, JMS connection factories, AWS Clients, etc." },
    "ignoreDeclarationExceptions": { "kind": "property", "displayName": "Ignore Declaration Exceptions", "group": "advanced", "label": "advanced", "required": false, "type": "boolean", "javaType": "boolean", "deprecated": false, "autowired": false, "secret": false, "defaultValue": false, "description": "Switch on ignore exceptions such as mismatched properties when declaring" },
    "messageConverter": { "kind": "property", "displayName": "Message Converter", "group": "advanced", "label": "advanced", "required": false, "type": "object", "javaType": "org.springframework.amqp.support.converter.MessageConverter", "deprecated": false, "autowired": false, "secret": false, "description": "To use a custom MessageConverter so you can be in control how to map to\/from a org.springframework.amqp.core.Message." },
    "messagePropertiesConverter": { "kind": "property", "displayName": "Message Properties Converter", "group": "advanced", "label": "advanced", "required": false, "type": "object", "javaType": "org.apache.camel.component.springrabbit.MessagePropertiesConverter", "deprecated": false, "autowired": false, "secret": false, "description": "To use a custom MessagePropertiesConverter so you can be in control how to map to\/from a org.springframework.amqp.core.MessageProperties." },
    "headerFilterStrategy": { "kind": "property", "displayName": "Header Filter Strategy", "group": "filter", "label": "filter", "required": false, "type": "object", "javaType": "org.apache.camel.spi.HeaderFilterStrategy", "deprecated": false, "autowired": false, "secret": false, "description": "To use a custom org.apache.camel.spi.HeaderFilterStrategy to filter header to and from Camel message." }
  },
  "headers": {
    "CamelSpringRabbitmqRoutingOverrideKey": { "kind": "header", "displayName": "", "group": "common", "label": "", "required": false, "javaType": "String", "deprecated": false, "deprecationNote": "", "autowired": false, "secret": false, "description": "The exchange key.", "constantName": "org.apache.camel.component.springrabbit.SpringRabbitMQConstants#ROUTING_OVERRIDE_KEY" },
    "CamelSpringRabbitmqExchangeOverrideName": { "kind": "header", "displayName": "", "group": "common", "label": "", "required": false, "javaType": "String", "deprecated": false, "deprecationNote": "", "autowired": false, "secret": false, "description": "The exchange name.", "constantName": "org.apache.camel.component.springrabbit.SpringRabbitMQConstants#EXCHANGE_OVERRIDE_NAME" }
  },
  "properties": {
    "exchangeName": { "kind": "path", "displayName": "Exchange Name", "group": "common", "label": "", "required": true, "type": "string", "javaType": "java.lang.String", "deprecated": false, "deprecationNote": "", "autowired": false, "secret": false, "description": "The exchange name determines the exchange to which the produced messages will be sent to. In the case of consumers, the exchange name determines the exchange the queue will be bound to. Note: to use default exchange then do not use empty name, but use default instead." },
    "connectionFactory": { "kind": "parameter", "displayName": "Connection Factory", "group": "common", "label": "common", "required": false, "type": "object", "javaType": "org.springframework.amqp.rabbit.connection.ConnectionFactory", "deprecated": false, "autowired": false, "secret": false, "description": "The connection factory to be use. A connection factory must be configured either on the component or endpoint." },
    "disableReplyTo": { "kind": "parameter", "displayName": "Disable Reply To", "group": "common", "label": "common", "required": false, "type": "boolean", "javaType": "boolean", "deprecated": false, "autowired": false, "secret": false, "defaultValue": false, "description": "Specifies whether Camel ignores the ReplyTo header in messages. If true, Camel does not send a reply back to the destination specified in the ReplyTo header. You can use this option if you want Camel to consume from a route and you do not want Camel to automatically send back a reply message because another component in your code handles the reply message. You can also use this option if you want to use Camel as a proxy between different message brokers and you want to route message from one system to another." },
    "routingKey": { "kind": "parameter", "displayName": "Routing Key", "group": "common", "label": "common", "required": false, "type": "string", "javaType": "java.lang.String", "deprecated": false, "autowired": false, "secret": false, "description": "The value of a routing key to use. Default is empty which is not helpful when using the default (or any direct) exchange, but fine if the exchange is a headers exchange for instance." },
    "testConnectionOnStartup": { "kind": "parameter", "displayName": "Test Connection On Startup", "group": "common", "label": "", "required": false, "type": "boolean", "javaType": "boolean", "deprecated": false, "autowired": false, "secret": false, "defaultValue": false, "description": "Specifies whether to test the connection on startup. This ensures that when Camel starts that all the JMS consumers have a valid connection to the JMS broker. If a connection cannot be granted then Camel throws an exception on startup. This ensures that Camel is not started with failed connections. The JMS producers is tested as well." },
    "acknowledgeMode": { "kind": "parameter", "displayName": "Acknowledge Mode", "group": "consumer", "label": "consumer", "required": false, "type": "object", "javaType": "org.springframework.amqp.core.AcknowledgeMode", "enum": [ "NONE", "MANUAL", "AUTO" ], "deprecated": false, "autowired": false, "secret": false, "description": "Flag controlling the behaviour of the container with respect to message acknowledgement. The most common usage is to let the container handle the acknowledgements (so the listener doesn't need to know about the channel or the message). Set to AcknowledgeMode.MANUAL if the listener will send the acknowledgements itself using Channel.basicAck(long, boolean). Manual acks are consistent with either a transactional or non-transactional channel, but if you are doing no other work on the channel at the same other than receiving a single message then the transaction is probably unnecessary. Set to AcknowledgeMode.NONE to tell the broker not to expect any acknowledgements, and it will assume all messages are acknowledged as soon as they are sent (this is autoack in native Rabbit broker terms). If AcknowledgeMode.NONE then the channel cannot be transactional (so the container will fail on start up if that flag is accidentally set)." },
    "asyncConsumer": { "kind": "parameter", "displayName": "Async Consumer", "group": "consumer", "label": "consumer", "required": false, "type": "boolean", "javaType": "boolean", "deprecated": false, "autowired": false, "secret": false, "defaultValue": false, "description": "Whether the consumer processes the Exchange asynchronously. If enabled then the consumer may pickup the next message from the queue, while the previous message is being processed asynchronously (by the Asynchronous Routing Engine). This means that messages may be processed not 100% strictly in order. If disabled (as default) then the Exchange is fully processed before the consumer will pickup the next message from the queue." },
    "autoDeclare": { "kind": "parameter", "displayName": "Auto Declare", "group": "consumer", "label": "consumer", "required": false, "type": "boolean", "javaType": "boolean", "deprecated": false, "autowired": false, "secret": false, "defaultValue": true, "description": "Specifies whether the consumer should auto declare binding between exchange, queue and routing key when starting." },
    "autoStartup": { "kind": "parameter", "displayName": "Auto Startup", "group": "consumer", "label": "consumer", "required": false, "type": "boolean", "javaType": "boolean", "deprecated": false, "autowired": false, "secret": false, "defaultValue": true, "description": "Specifies whether the consumer container should auto-startup." },
    "deadLetterExchange": { "kind": "parameter", "displayName": "Dead Letter Exchange", "group": "consumer", "label": "consumer", "required": false, "type": "string", "javaType": "java.lang.String", "deprecated": false, "autowired": false, "secret": false, "description": "The name of the dead letter exchange" },
    "deadLetterExchangeType": { "kind": "parameter", "displayName": "Dead Letter Exchange Type", "group": "consumer", "label": "consumer", "required": false, "type": "string", "javaType": "java.lang.String", "enum": [ "direct", "fanout", "headers", "topic" ], "deprecated": false, "autowired": false, "secret": false, "defaultValue": "direct", "description": "The type of the dead letter exchange" },
    "deadLetterQueue": { "kind": "parameter", "displayName": "Dead Letter Queue", "group": "consumer", "label": "consumer", "required": false, "type": "string", "javaType": "java.lang.String", "deprecated": false, "autowired": false, "secret": false, "description": "The name of the dead letter queue" },
    "deadLetterRoutingKey": { "kind": "parameter", "displayName": "Dead Letter Routing Key", "group": "consumer", "label": "consumer", "required": false, "type": "string", "javaType": "java.lang.String", "deprecated": false, "autowired": false, "secret": false, "description": "The routing key for the dead letter exchange" },
    "exchangeType": { "kind": "parameter", "displayName": "Exchange Type", "group": "consumer", "label": "consumer", "required": false, "type": "string", "javaType": "java.lang.String", "enum": [ "direct", "fanout", "headers", "topic" ], "deprecated": false, "autowired": false, "secret": false, "defaultValue": "direct", "description": "The type of the exchange" },
    "exclusive": { "kind": "parameter", "displayName": "Exclusive", "group": "consumer", "label": "consumer", "required": false, "type": "boolean", "javaType": "boolean", "deprecated": false, "autowired": false, "secret": false, "defaultValue": false, "description": "Set to true for an exclusive consumer" },
    "maximumRetryAttempts": { "kind": "parameter", "displayName": "Maximum Retry Attempts", "group": "consumer", "label": "consumer", "required": false, "type": "integer", "javaType": "int", "deprecated": false, "autowired": false, "secret": false, "defaultValue": 5, "description": "How many times a Rabbitmq consumer will retry the same message if Camel failed to process the message" },
    "noLocal": { "kind": "parameter", "displayName": "No Local", "group": "consumer", "label": "consumer", "required": false, "type": "boolean", "javaType": "boolean", "deprecated": false, "autowired": false, "secret": false, "defaultValue": false, "description": "Set to true for an no-local consumer" },
    "queues": { "kind": "parameter", "displayName": "Queues", "group": "consumer", "label": "consumer", "required": false, "type": "string", "javaType": "java.lang.String", "deprecated": false, "autowired": false, "secret": false, "description": "The queue(s) to use for consuming messages. Multiple queue names can be separated by comma. If none has been configured then Camel will generate an unique id as the queue name for the consumer." },
    "rejectAndDontRequeue": { "kind": "parameter", "displayName": "Reject And Dont Requeue", "group": "consumer", "label": "consumer", "required": false, "type": "boolean", "javaType": "boolean", "deprecated": false, "autowired": false, "secret": false, "defaultValue": true, "description": "Whether a Rabbitmq consumer should reject the message without requeuing. This enables failed messages to be sent to a Dead Letter Exchange\/Queue, if the broker is so configured." },
    "retryDelay": { "kind": "parameter", "displayName": "Retry Delay", "group": "consumer", "label": "consumer", "required": false, "type": "integer", "javaType": "int", "deprecated": false, "autowired": false, "secret": false, "defaultValue": 1000, "description": "Delay in msec a Rabbitmq consumer will wait before redelivering a message that Camel failed to process" },
    "bridgeErrorHandler": { "kind": "parameter", "displayName": "Bridge Error Handler", "group": "consumer (advanced)", "label": "consumer,advanced", "required": false, "type": "boolean", "javaType": "boolean", "deprecated": false, "autowired": false, "secret": false, "defaultValue": false, "description": "Allows for bridging the consumer to the Camel routing Error Handler, which mean any exceptions occurred while the consumer is trying to pickup incoming messages, or the likes, will now be processed as a message and handled by the routing Error Handler. By default the consumer will use the org.apache.camel.spi.ExceptionHandler to deal with exceptions, that will be logged at WARN or ERROR level and ignored." },
    "concurrentConsumers": { "kind": "parameter", "displayName": "Concurrent Consumers", "group": "consumer (advanced)", "label": "consumer,advanced", "required": false, "type": "integer", "javaType": "java.lang.Integer", "deprecated": false, "autowired": false, "secret": false, "description": "The number of consumers" },
    "exceptionHandler": { "kind": "parameter", "displayName": "Exception Handler", "group": "consumer (advanced)", "label": "consumer,advanced", "required": false, "type": "object", "javaType": "org.apache.camel.spi.ExceptionHandler", "optionalPrefix": "consumer.", "deprecated": false, "autowired": false, "secret": false, "description": "To let the consumer use a custom ExceptionHandler. Notice if the option bridgeErrorHandler is enabled then this option is not in use. By default the consumer will deal with exceptions, that will be logged at WARN or ERROR level and ignored." },
    "exchangePattern": { "kind": "parameter", "displayName": "Exchange Pattern", "group": "consumer (advanced)", "label": "consumer,advanced", "required": false, "type": "object", "javaType": "org.apache.camel.ExchangePattern", "enum": [ "InOnly", "InOut", "InOptionalOut" ], "deprecated": false, "autowired": false, "secret": false, "description": "Sets the exchange pattern when the consumer creates an exchange." },
    "maxConcurrentConsumers": { "kind": "parameter", "displayName": "Max Concurrent Consumers", "group": "consumer (advanced)", "label": "consumer,advanced", "required": false, "type": "integer", "javaType": "java.lang.Integer", "deprecated": false, "autowired": false, "secret": false, "description": "The maximum number of consumers (available only with SMLC)" },
    "messageListenerContainerType": { "kind": "parameter", "displayName": "Message Listener Container Type", "group": "consumer (advanced)", "label": "consumer,advanced", "required": false, "type": "string", "javaType": "java.lang.String", "enum": [ "DMLC", "SMLC" ], "deprecated": false, "autowired": false, "secret": false, "defaultValue": "DMLC", "description": "The type of the MessageListenerContainer" },
    "prefetchCount": { "kind": "parameter", "displayName": "Prefetch Count", "group": "consumer (advanced)", "label": "consumer,advanced", "required": false, "type": "integer", "javaType": "java.lang.Integer", "deprecated": false, "autowired": false, "secret": false, "description": "Tell the broker how many messages to send in a single request. Often this can be set quite high to improve throughput." },
    "retry": { "kind": "parameter", "displayName": "Retry", "group": "consumer (advanced)", "label": "consumer,advanced", "required": false, "type": "object", "javaType": "org.springframework.retry.interceptor.RetryOperationsInterceptor", "deprecated": false, "autowired": false, "secret": false, "description": "Custom retry configuration to use. If this is configured then the other settings such as maximumRetryAttempts for retry are not in use." },
    "replyTimeout": { "kind": "parameter", "displayName": "Reply Timeout", "group": "producer", "label": "producer", "required": false, "type": "duration", "javaType": "long", "deprecated": false, "autowired": false, "secret": false, "defaultValue": "5000", "description": "Specify the timeout in milliseconds to be used when waiting for a reply message when doing request\/reply messaging. The default value is 5 seconds. A negative value indicates an indefinite timeout." },
    "usePublisherConnection": { "kind": "parameter", "displayName": "Use Publisher Connection", "group": "producer", "label": "producer", "required": false, "type": "boolean", "javaType": "boolean", "deprecated": false, "autowired": false, "secret": false, "defaultValue": false, "description": "Use a separate connection for publishers and consumers" },
    "lazyStartProducer": { "kind": "parameter", "displayName": "Lazy Start Producer", "group": "producer (advanced)", "label": "producer,advanced", "required": false, "type": "boolean", "javaType": "boolean", "deprecated": false, "autowired": false, "secret": false, "defaultValue": false, "description": "Whether the producer should be started lazy (on the first message). By starting lazy you can use this to allow CamelContext and routes to startup in situations where a producer may otherwise fail during starting and cause the route to fail being started. By deferring this startup to be lazy then the startup failure can be handled during routing messages via Camel's routing error handlers. Beware that when the first message is processed then creating and starting the producer may take a little time and prolong the total processing time of the processing." },
    "args": { "kind": "parameter", "displayName": "Args", "group": "advanced", "label": "advanced", "required": false, "type": "object", "javaType": "java.util.Map<java.lang.String, java.lang.Object>", "prefix": "arg.", "multiValue": true, "deprecated": false, "autowired": false, "secret": false, "description": "Specify arguments for configuring the different RabbitMQ concepts, a different prefix is required for each element: arg.consumer. arg.exchange. arg.queue. arg.binding. arg.dlq.exchange. arg.dlq.queue. arg.dlq.binding. For example to declare a queue with message ttl argument: args=arg.queue.x-message-ttl=60000" },
    "messageConverter": { "kind": "parameter", "displayName": "Message Converter", "group": "advanced", "label": "advanced", "required": false, "type": "object", "javaType": "org.springframework.amqp.support.converter.MessageConverter", "deprecated": false, "autowired": false, "secret": false, "description": "To use a custom MessageConverter so you can be in control how to map to\/from a org.springframework.amqp.core.Message." },
    "messagePropertiesConverter": { "kind": "parameter", "displayName": "Message Properties Converter", "group": "advanced", "label": "advanced", "required": false, "type": "object", "javaType": "org.apache.camel.component.springrabbit.MessagePropertiesConverter", "deprecated": false, "autowired": false, "secret": false, "description": "To use a custom MessagePropertiesConverter so you can be in control how to map to\/from a org.springframework.amqp.core.MessageProperties." },
    "synchronous": { "kind": "parameter", "displayName": "Synchronous", "group": "advanced", "label": "advanced", "required": false, "type": "boolean", "javaType": "boolean", "deprecated": false, "autowired": false, "secret": false, "defaultValue": false, "description": "Sets whether synchronous processing should be strictly used" }
  }
}
