{
  "component": {
    "kind": "component",
    "name": "undertow",
    "title": "Undertow",
    "description": "Expose HTTP and WebSocket endpoints and access external HTTP\/WebSocket servers.",
    "deprecated": false,
    "firstVersion": "2.16.0",
    "label": "http,websocket",
    "javaType": "org.apache.camel.component.undertow.UndertowComponent",
    "supportLevel": "Stable",
    "groupId": "org.apache.camel",
    "artifactId": "camel-undertow",
    "version": "3.19.0-SNAPSHOT",
    "scheme": "undertow",
    "extendsScheme": "",
    "syntax": "undertow:httpURI",
    "async": true,
    "api": false,
    "consumerOnly": false,
    "producerOnly": false,
    "lenientProperties": true,
    "verifiers": "parameters,connectivity"
  },
  "componentProperties": {
    "bridgeErrorHandler": { "kind": "property", "displayName": "Bridge Error Handler", "group": "consumer", "label": "consumer", "required": false, "type": "boolean", "javaType": "boolean", "deprecated": false, "autowired": false, "secret": false, "defaultValue": false, "description": "Allows for bridging the consumer to the Camel routing Error Handler, which mean any exceptions occurred while the consumer is trying to pickup incoming messages, or the likes, will now be processed as a message and handled by the routing Error Handler. By default the consumer will use the org.apache.camel.spi.ExceptionHandler to deal with exceptions, that will be logged at WARN or ERROR level and ignored." },
    "muteException": { "kind": "property", "displayName": "Mute Exception", "group": "consumer", "label": "consumer", "required": false, "type": "boolean", "javaType": "boolean", "deprecated": false, "autowired": false, "secret": false, "defaultValue": false, "description": "If enabled and an Exchange failed processing on the consumer side the response's body won't contain the exception's stack trace." },
    "lazyStartProducer": { "kind": "property", "displayName": "Lazy Start Producer", "group": "producer", "label": "producer", "required": false, "type": "boolean", "javaType": "boolean", "deprecated": false, "autowired": false, "secret": false, "defaultValue": false, "description": "Whether the producer should be started lazy (on the first message). By starting lazy you can use this to allow CamelContext and routes to startup in situations where a producer may otherwise fail during starting and cause the route to fail being started. By deferring this startup to be lazy then the startup failure can be handled during routing messages via Camel's routing error handlers. Beware that when the first message is processed then creating and starting the producer may take a little time and prolong the total processing time of the processing." },
    "autowiredEnabled": { "kind": "property", "displayName": "Autowired Enabled", "group": "advanced", "label": "advanced", "required": false, "type": "boolean", "javaType": "boolean", "deprecated": false, "autowired": false, "secret": false, "defaultValue": true, "description": "Whether autowiring is enabled. This is used for automatic autowiring options (the option must be marked as autowired) by looking up in the registry to find if there is a single instance of matching type, which then gets configured on the component. This can be used for automatic configuring JDBC data sources, JMS connection factories, AWS Clients, etc." },
    "hostOptions": { "kind": "property", "displayName": "Host Options", "group": "advanced", "label": "advanced", "required": false, "type": "object", "javaType": "org.apache.camel.component.undertow.UndertowHostOptions", "deprecated": false, "autowired": false, "secret": false, "description": "To configure common options, such as thread pools" },
    "undertowHttpBinding": { "kind": "property", "displayName": "Undertow Http Binding", "group": "advanced", "label": "advanced", "required": false, "type": "object", "javaType": "org.apache.camel.component.undertow.UndertowHttpBinding", "deprecated": false, "autowired": false, "secret": false, "description": "To use a custom HttpBinding to control the mapping between Camel message and HttpClient." },
    "allowedRoles": { "kind": "property", "displayName": "Allowed Roles", "group": "security", "label": "security", "required": false, "type": "string", "javaType": "java.lang.String", "deprecated": false, "autowired": false, "secret": false, "description": "Configuration used by UndertowSecurityProvider. Comma separated list of allowed roles." },
    "securityConfiguration": { "kind": "property", "displayName": "Security Configuration", "group": "security", "label": "security", "required": false, "type": "object", "javaType": "java.lang.Object", "deprecated": false, "autowired": false, "secret": false, "description": "Configuration used by UndertowSecurityProvider. Security configuration object for use from UndertowSecurityProvider. Configuration is UndertowSecurityProvider specific. Each provider decides, whether it accepts configuration." },
    "securityProvider": { "kind": "property", "displayName": "Security Provider", "group": "security", "label": "security", "required": false, "type": "object", "javaType": "org.apache.camel.component.undertow.spi.UndertowSecurityProvider", "deprecated": false, "autowired": false, "secret": false, "description": "Security provider allows plug in the provider, which will be used to secure requests. SPI approach could be used too (component then finds security provider using SPI)." },
    "sslContextParameters": { "kind": "property", "displayName": "Ssl Context Parameters", "group": "security", "label": "security", "required": false, "type": "object", "javaType": "org.apache.camel.support.jsse.SSLContextParameters", "deprecated": false, "autowired": false, "secret": false, "description": "To configure security using SSLContextParameters" },
    "useGlobalSslContextParameters": { "kind": "property", "displayName": "Use Global Ssl Context Parameters", "group": "security", "label": "security", "required": false, "type": "boolean", "javaType": "boolean", "deprecated": false, "autowired": false, "secret": false, "defaultValue": false, "description": "Enable usage of global SSL context parameters." }
  },
  "headers": {
    "websocket.connectionKey": { "kind": "header", "displayName": "", "group": "common", "label": "", "required": false, "javaType": "String", "deprecated": false, "deprecationNote": "", "autowired": false, "secret": false, "description": "An identifier of WebSocketChannel through which the message was received or should be sent.", "constantName": "org.apache.camel.component.undertow.UndertowConstants#CONNECTION_KEY" },
    "websocket.connectionKey.list": { "kind": "header", "displayName": "", "group": "producer", "label": "producer", "required": false, "javaType": "List<String>", "deprecated": false, "deprecationNote": "", "autowired": false, "secret": false, "description": "The list of websocket connection keys", "constantName": "org.apache.camel.component.undertow.UndertowConstants#CONNECTION_KEY_LIST" },
    "websocket.sendToAll": { "kind": "header", "displayName": "", "group": "common", "label": "", "required": false, "javaType": "Boolean", "deprecated": false, "deprecationNote": "", "autowired": false, "secret": false, "description": "To send to all websocket subscribers. Can be used to configure on endpoint level, instead of having to use the UndertowConstants.SEND_TO_ALL header on the message.", "constantName": "org.apache.camel.component.undertow.UndertowConstants#SEND_TO_ALL" },
    "websocket.eventType": { "kind": "header", "displayName": "", "group": "consumer", "label": "consumer", "required": false, "javaType": "Integer", "deprecated": false, "deprecationNote": "", "autowired": false, "secret": false, "description": "The numeric identifier of the type of websocket event", "constantName": "org.apache.camel.component.undertow.UndertowConstants#EVENT_TYPE" },
    "websocket.eventTypeEnum": { "kind": "header", "displayName": "", "group": "consumer", "label": "consumer", "required": false, "javaType": "org.apache.camel.component.undertow.UndertowConstants.EventType", "enum": [ "ONOPEN", "ONCLOSE", "ONERROR" ], "deprecated": false, "deprecationNote": "", "autowired": false, "secret": false, "description": "The type of websocket event", "constantName": "org.apache.camel.component.undertow.UndertowConstants#EVENT_TYPE_ENUM" },
    "websocket.channel": { "kind": "header", "displayName": "", "group": "consumer", "label": "consumer", "required": false, "javaType": "io.undertow.websockets.core.WebSocketChannel", "deprecated": false, "deprecationNote": "", "autowired": false, "secret": false, "description": "The WebSocketChannel through which the message was received", "constantName": "org.apache.camel.component.undertow.UndertowConstants#CHANNEL" },
    "websocket.exchange": { "kind": "header", "displayName": "", "group": "consumer", "label": "consumer", "required": false, "javaType": "io.undertow.websockets.spi.WebSocketHttpExchange", "deprecated": false, "deprecationNote": "", "autowired": false, "secret": false, "description": "The exchange for the websocket transport, only available for ON_OPEN events", "constantName": "org.apache.camel.component.undertow.UndertowConstants#EXCHANGE" },
    "CamelHttpResponseCode": { "kind": "header", "displayName": "", "group": "common", "label": "", "required": false, "javaType": "Integer", "deprecated": false, "deprecationNote": "", "autowired": false, "secret": false, "description": "The http response code", "constantName": "org.apache.camel.component.undertow.UndertowConstants#HTTP_RESPONSE_CODE" },
    "Content-Type": { "kind": "header", "displayName": "", "group": "common", "label": "", "required": false, "javaType": "String", "deprecated": false, "deprecationNote": "", "autowired": false, "secret": false, "description": "The content type", "constantName": "org.apache.camel.component.undertow.UndertowConstants#CONTENT_TYPE" },
    "CamelHttpCharacterEncoding": { "kind": "header", "displayName": "", "group": "consumer", "label": "consumer", "required": false, "javaType": "String", "deprecated": false, "deprecationNote": "", "autowired": false, "secret": false, "description": "The http character encoding", "constantName": "org.apache.camel.component.undertow.UndertowConstants#HTTP_CHARACTER_ENCODING" },
    "CamelHttpPath": { "kind": "header", "displayName": "", "group": "common", "label": "", "required": false, "javaType": "String", "deprecated": false, "deprecationNote": "", "autowired": false, "secret": false, "description": "The http path", "constantName": "org.apache.camel.component.undertow.UndertowConstants#HTTP_PATH" },
    "CamelHttpQuery": { "kind": "header", "displayName": "", "group": "common", "label": "", "required": false, "javaType": "String", "deprecated": false, "deprecationNote": "", "autowired": false, "secret": false, "description": "The http query", "constantName": "org.apache.camel.component.undertow.UndertowConstants#HTTP_QUERY" },
    "CamelHttpUri": { "kind": "header", "displayName": "", "group": "common", "label": "", "required": false, "javaType": "String", "deprecated": false, "deprecationNote": "", "autowired": false, "secret": false, "description": "The http URI", "constantName": "org.apache.camel.component.undertow.UndertowConstants#HTTP_URI" },
    "CamelHttpMethod": { "kind": "header", "displayName": "", "group": "producer", "label": "producer", "required": false, "javaType": "String", "deprecated": false, "deprecationNote": "", "autowired": false, "secret": false, "description": "The http method", "constantName": "org.apache.camel.component.undertow.UndertowConstants#HTTP_METHOD" },
    "Host": { "kind": "header", "displayName": "", "group": "producer", "label": "producer", "required": false, "javaType": "String", "deprecated": false, "deprecationNote": "", "autowired": false, "secret": false, "description": "The host http header", "constantName": "org.apache.camel.component.undertow.UndertowConstants#HOST_STRING" }
  },
  "properties": {
    "httpURI": { "kind": "path", "displayName": "Http URI", "group": "common", "label": "", "required": true, "type": "string", "javaType": "java.net.URI", "deprecated": false, "deprecationNote": "", "autowired": false, "secret": false, "description": "The url of the HTTP endpoint to use." },
    "useStreaming": { "kind": "parameter", "displayName": "Use Streaming", "group": "common", "label": "common", "required": false, "type": "boolean", "javaType": "boolean", "deprecated": false, "autowired": false, "secret": false, "defaultValue": false, "description": "For HTTP endpoint: if true, text and binary messages will be wrapped as java.io.InputStream before they are passed to an Exchange; otherwise they will be passed as byte. For WebSocket endpoint: if true, text and binary messages will be wrapped as java.io.Reader and java.io.InputStream respectively before they are passed to an Exchange; otherwise they will be passed as String and byte respectively." },
    "accessLog": { "kind": "parameter", "displayName": "Access Log", "group": "consumer", "label": "consumer", "required": false, "type": "boolean", "javaType": "java.lang.Boolean", "deprecated": false, "autowired": false, "secret": false, "defaultValue": "false", "description": "Whether or not the consumer should write access log" },
    "httpMethodRestrict": { "kind": "parameter", "displayName": "Http Method Restrict", "group": "consumer", "label": "consumer", "required": false, "type": "string", "javaType": "java.lang.String", "deprecated": false, "autowired": false, "secret": false, "description": "Used to only allow consuming if the HttpMethod matches, such as GET\/POST\/PUT etc. Multiple methods can be specified separated by comma." },
    "matchOnUriPrefix": { "kind": "parameter", "displayName": "Match On Uri Prefix", "group": "consumer", "label": "consumer", "required": false, "type": "boolean", "javaType": "java.lang.Boolean", "deprecated": false, "autowired": false, "secret": false, "defaultValue": "false", "description": "Whether or not the consumer should try to find a target consumer by matching the URI prefix if no exact match is found." },
    "muteException": { "kind": "parameter", "displayName": "Mute Exception", "group": "consumer", "label": "consumer", "required": false, "type": "boolean", "javaType": "java.lang.Boolean", "deprecated": false, "autowired": false, "secret": false, "defaultValue": "false", "description": "If enabled and an Exchange failed processing on the consumer side the response's body won't contain the exception's stack trace." },
    "optionsEnabled": { "kind": "parameter", "displayName": "Options Enabled", "group": "consumer", "label": "consumer", "required": false, "type": "boolean", "javaType": "boolean", "deprecated": false, "autowired": false, "secret": false, "defaultValue": false, "description": "Specifies whether to enable HTTP OPTIONS for this Servlet consumer. By default OPTIONS is turned off." },
    "transferException": { "kind": "parameter", "displayName": "Transfer Exception", "group": "consumer", "label": "consumer", "required": false, "type": "boolean", "javaType": "java.lang.Boolean", "deprecated": false, "autowired": false, "secret": false, "defaultValue": "false", "description": "If enabled and an Exchange failed processing on the consumer side and if the caused Exception was send back serialized in the response as a application\/x-java-serialized-object content type. On the producer side the exception will be deserialized and thrown as is instead of the HttpOperationFailedException. The caused exception is required to be serialized. This is by default turned off. If you enable this then be aware that Java will deserialize the incoming data from the request to Java and that can be a potential security risk." },
    "bridgeErrorHandler": { "kind": "parameter", "displayName": "Bridge Error Handler", "group": "consumer (advanced)", "label": "consumer,advanced", "required": false, "type": "boolean", "javaType": "boolean", "deprecated": false, "autowired": false, "secret": false, "defaultValue": false, "description": "Allows for bridging the consumer to the Camel routing Error Handler, which mean any exceptions occurred while the consumer is trying to pickup incoming messages, or the likes, will now be processed as a message and handled by the routing Error Handler. By default the consumer will use the org.apache.camel.spi.ExceptionHandler to deal with exceptions, that will be logged at WARN or ERROR level and ignored." },
    "exceptionHandler": { "kind": "parameter", "displayName": "Exception Handler", "group": "consumer (advanced)", "label": "consumer,advanced", "required": false, "type": "object", "javaType": "org.apache.camel.spi.ExceptionHandler", "optionalPrefix": "consumer.", "deprecated": false, "autowired": false, "secret": false, "description": "To let the consumer use a custom ExceptionHandler. Notice if the option bridgeErrorHandler is enabled then this option is not in use. By default the consumer will deal with exceptions, that will be logged at WARN or ERROR level and ignored." },
    "exchangePattern": { "kind": "parameter", "displayName": "Exchange Pattern", "group": "consumer (advanced)", "label": "consumer,advanced", "required": false, "type": "object", "javaType": "org.apache.camel.ExchangePattern", "enum": [ "InOnly", "InOut", "InOptionalOut" ], "deprecated": false, "autowired": false, "secret": false, "description": "Sets the exchange pattern when the consumer creates an exchange." },
    "handlers": { "kind": "parameter", "displayName": "Handlers", "group": "consumer (advanced)", "label": "consumer,advanced", "required": false, "type": "string", "javaType": "java.lang.String", "deprecated": false, "autowired": false, "secret": false, "description": "Specifies a comma-delimited set of io.undertow.server.HttpHandler instances to lookup in your Registry. These handlers are added to the Undertow handler chain (for example, to add security). Important: You can not use different handlers with different Undertow endpoints using the same port number. The handlers is associated to the port number. If you need different handlers, then use different port numbers." },
    "cookieHandler": { "kind": "parameter", "displayName": "Cookie Handler", "group": "producer", "label": "producer", "required": false, "type": "object", "javaType": "org.apache.camel.http.base.cookie.CookieHandler", "deprecated": false, "autowired": false, "secret": false, "description": "Configure a cookie handler to maintain a HTTP session" },
    "keepAlive": { "kind": "parameter", "displayName": "Keep Alive", "group": "producer", "label": "producer", "required": false, "type": "boolean", "javaType": "java.lang.Boolean", "deprecated": false, "autowired": false, "secret": false, "defaultValue": "true", "description": "Setting to ensure socket is not closed due to inactivity" },
    "options": { "kind": "parameter", "displayName": "Options", "group": "producer", "label": "producer", "required": false, "type": "object", "javaType": "java.util.Map<java.lang.String, java.lang.Object>", "prefix": "option.", "multiValue": true, "deprecated": false, "autowired": false, "secret": false, "description": "Sets additional channel options. The options that can be used are defined in org.xnio.Options. To configure from endpoint uri, then prefix each option with option., such as option.close-abort=true&option.send-buffer=8192" },
    "preserveHostHeader": { "kind": "parameter", "displayName": "Preserve Host Header", "group": "producer", "label": "producer", "required": false, "type": "boolean", "javaType": "boolean", "deprecated": false, "autowired": false, "secret": false, "defaultValue": true, "description": "If the option is true, UndertowProducer will set the Host header to the value contained in the current exchange Host header, useful in reverse proxy applications where you want the Host header received by the downstream server to reflect the URL called by the upstream client, this allows applications which use the Host header to generate accurate URL's for a proxied service." },
    "reuseAddresses": { "kind": "parameter", "displayName": "Reuse Addresses", "group": "producer", "label": "producer", "required": false, "type": "boolean", "javaType": "java.lang.Boolean", "deprecated": false, "autowired": false, "secret": false, "defaultValue": "true", "description": "Setting to facilitate socket multiplexing" },
    "tcpNoDelay": { "kind": "parameter", "displayName": "Tcp No Delay", "group": "producer", "label": "producer", "required": false, "type": "boolean", "javaType": "java.lang.Boolean", "deprecated": false, "autowired": false, "secret": false, "defaultValue": "true", "description": "Setting to improve TCP protocol performance" },
    "throwExceptionOnFailure": { "kind": "parameter", "displayName": "Throw Exception On Failure", "group": "producer", "label": "producer", "required": false, "type": "boolean", "javaType": "java.lang.Boolean", "deprecated": false, "autowired": false, "secret": false, "defaultValue": "true", "description": "Option to disable throwing the HttpOperationFailedException in case of failed responses from the remote server. This allows you to get all responses regardless of the HTTP status code." },
    "lazyStartProducer": { "kind": "parameter", "displayName": "Lazy Start Producer", "group": "producer (advanced)", "label": "producer,advanced", "required": false, "type": "boolean", "javaType": "boolean", "deprecated": false, "autowired": false, "secret": false, "defaultValue": false, "description": "Whether the producer should be started lazy (on the first message). By starting lazy you can use this to allow CamelContext and routes to startup in situations where a producer may otherwise fail during starting and cause the route to fail being started. By deferring this startup to be lazy then the startup failure can be handled during routing messages via Camel's routing error handlers. Beware that when the first message is processed then creating and starting the producer may take a little time and prolong the total processing time of the processing." },
    "accessLogReceiver": { "kind": "parameter", "displayName": "Access Log Receiver", "group": "advanced", "label": "advanced", "required": false, "type": "object", "javaType": "io.undertow.server.handlers.accesslog.AccessLogReceiver", "deprecated": false, "autowired": false, "secret": false, "description": "Which Undertow AccessLogReceiver should be used Will use JBossLoggingAccessLogReceiver if not specified" },
    "headerFilterStrategy": { "kind": "parameter", "displayName": "Header Filter Strategy", "group": "advanced", "label": "advanced", "required": false, "type": "object", "javaType": "org.apache.camel.spi.HeaderFilterStrategy", "deprecated": false, "autowired": false, "secret": false, "description": "To use a custom HeaderFilterStrategy to filter header to and from Camel message." },
    "undertowHttpBinding": { "kind": "parameter", "displayName": "Undertow Http Binding", "group": "advanced", "label": "advanced", "required": false, "type": "object", "javaType": "org.apache.camel.component.undertow.UndertowHttpBinding", "deprecated": false, "autowired": false, "secret": false, "description": "To use a custom UndertowHttpBinding to control the mapping between Camel message and undertow." },
    "allowedRoles": { "kind": "parameter", "displayName": "Allowed Roles", "group": "security", "label": "security", "required": false, "type": "string", "javaType": "java.lang.String", "deprecated": false, "autowired": false, "secret": false, "description": "Configuration used by UndertowSecurityProvider. Comma separated list of allowed roles." },
    "securityConfiguration": { "kind": "parameter", "displayName": "Security Configuration", "group": "security", "label": "security", "required": false, "type": "object", "javaType": "java.lang.Object", "deprecated": false, "autowired": false, "secret": false, "description": "OConfiguration used by UndertowSecurityProvider. Security configuration object for use from UndertowSecurityProvider. Configuration is UndertowSecurityProvider specific. Each provider decides whether accepts configuration." },
    "securityProvider": { "kind": "parameter", "displayName": "Security Provider", "group": "security", "label": "security", "required": false, "type": "object", "javaType": "org.apache.camel.component.undertow.spi.UndertowSecurityProvider", "deprecated": false, "autowired": false, "secret": false, "description": "Security provider allows plug in the provider, which will be used to secure requests. SPI approach could be used too (endpoint then finds security provider using SPI)." },
    "sslContextParameters": { "kind": "parameter", "displayName": "Ssl Context Parameters", "group": "security", "label": "security", "required": false, "type": "object", "javaType": "org.apache.camel.support.jsse.SSLContextParameters", "deprecated": false, "autowired": false, "secret": false, "description": "To configure security using SSLContextParameters" },
    "fireWebSocketChannelEvents": { "kind": "parameter", "displayName": "Fire Web Socket Channel Events", "group": "websocket", "label": "consumer,websocket", "required": false, "type": "boolean", "javaType": "boolean", "deprecated": false, "autowired": false, "secret": false, "defaultValue": false, "description": "if true, the consumer will post notifications to the route when a new WebSocket peer connects, disconnects, etc. See UndertowConstants.EVENT_TYPE and EventType." },
    "sendTimeout": { "kind": "parameter", "displayName": "Send Timeout", "group": "websocket", "label": "producer,websocket", "required": false, "type": "integer", "javaType": "java.lang.Integer", "deprecated": false, "autowired": false, "secret": false, "defaultValue": "30000", "description": "Timeout in milliseconds when sending to a websocket channel. The default timeout is 30000 (30 seconds)." },
    "sendToAll": { "kind": "parameter", "displayName": "Send To All", "group": "websocket", "label": "producer,websocket", "required": false, "type": "boolean", "javaType": "java.lang.Boolean", "deprecated": false, "autowired": false, "secret": false, "description": "To send to all websocket subscribers. Can be used to configure on endpoint level, instead of having to use the UndertowConstants.SEND_TO_ALL header on the message." }
  }
}
