{
  "component": {
    "kind": "component",
    "name": "weather",
    "title": "Weather",
    "description": "Poll the weather information from Open Weather Map.",
    "deprecated": false,
    "firstVersion": "2.12.0",
    "label": "api",
    "javaType": "org.apache.camel.component.weather.WeatherComponent",
    "supportLevel": "Stable",
    "groupId": "org.apache.camel",
    "artifactId": "camel-weather",
    "version": "3.19.0-SNAPSHOT",
    "scheme": "weather",
    "extendsScheme": "",
    "syntax": "weather:name",
    "async": false,
    "api": false,
    "consumerOnly": false,
    "producerOnly": false,
    "lenientProperties": false
  },
  "componentProperties": {
    "bridgeErrorHandler": { "kind": "property", "displayName": "Bridge Error Handler", "group": "consumer", "label": "consumer", "required": false, "type": "boolean", "javaType": "boolean", "deprecated": false, "autowired": false, "secret": false, "defaultValue": false, "description": "Allows for bridging the consumer to the Camel routing Error Handler, which mean any exceptions occurred while the consumer is trying to pickup incoming messages, or the likes, will now be processed as a message and handled by the routing Error Handler. By default the consumer will use the org.apache.camel.spi.ExceptionHandler to deal with exceptions, that will be logged at WARN or ERROR level and ignored." },
    "lazyStartProducer": { "kind": "property", "displayName": "Lazy Start Producer", "group": "producer", "label": "producer", "required": false, "type": "boolean", "javaType": "boolean", "deprecated": false, "autowired": false, "secret": false, "defaultValue": false, "description": "Whether the producer should be started lazy (on the first message). By starting lazy you can use this to allow CamelContext and routes to startup in situations where a producer may otherwise fail during starting and cause the route to fail being started. By deferring this startup to be lazy then the startup failure can be handled during routing messages via Camel's routing error handlers. Beware that when the first message is processed then creating and starting the producer may take a little time and prolong the total processing time of the processing." },
    "autowiredEnabled": { "kind": "property", "displayName": "Autowired Enabled", "group": "advanced", "label": "advanced", "required": false, "type": "boolean", "javaType": "boolean", "deprecated": false, "autowired": false, "secret": false, "defaultValue": true, "description": "Whether autowiring is enabled. This is used for automatic autowiring options (the option must be marked as autowired) by looking up in the registry to find if there is a single instance of matching type, which then gets configured on the component. This can be used for automatic configuring JDBC data sources, JMS connection factories, AWS Clients, etc." }
  },
  "headers": {
    "CamelWeatherLocation": { "kind": "header", "displayName": "", "group": "producer", "label": "producer", "required": false, "javaType": "String", "deprecated": false, "deprecationNote": "", "autowired": false, "secret": false, "description": "Used by the producer to override the endpoint location and use the location from this header instead.", "constantName": "org.apache.camel.component.weather.WeatherConstants#WEATHER_LOCATION" },
    "CamelWeatherQuery": { "kind": "header", "displayName": "", "group": "common", "label": "", "required": false, "javaType": "String", "deprecated": false, "deprecationNote": "", "autowired": false, "secret": false, "description": "The original query URL sent to the Open Weather Map site", "constantName": "org.apache.camel.component.weather.WeatherConstants#WEATHER_QUERY" }
  },
  "properties": {
    "name": { "kind": "path", "displayName": "Name", "group": "common", "label": "", "required": true, "type": "string", "javaType": "java.lang.String", "deprecated": false, "deprecationNote": "", "autowired": false, "secret": false, "configurationClass": "org.apache.camel.component.weather.WeatherConfiguration", "configurationField": "configuration", "description": "The name value is not used." },
    "appid": { "kind": "parameter", "displayName": "Appid", "group": "common", "label": "", "required": true, "type": "string", "javaType": "java.lang.String", "deprecated": false, "deprecationNote": "", "autowired": false, "secret": false, "configurationClass": "org.apache.camel.component.weather.WeatherConfiguration", "configurationField": "configuration", "description": "APPID ID used to authenticate the user connected to the API Server" },
    "headerName": { "kind": "parameter", "displayName": "Header Name", "group": "common", "label": "", "required": false, "type": "string", "javaType": "java.lang.String", "deprecated": false, "autowired": false, "secret": false, "configurationClass": "org.apache.camel.component.weather.WeatherConfiguration", "configurationField": "configuration", "description": "To store the weather result in this header instead of the message body. This is useable if you want to keep current message body as-is." },
    "language": { "kind": "parameter", "displayName": "Language", "group": "common", "label": "", "required": false, "type": "object", "javaType": "org.apache.camel.component.weather.WeatherLanguage", "enum": [ "en", "ru", "it", "es", "sp", "uk", "ua", "de", "pt", "ro", "pl", "fi", "nl", "fr", "bg", "sv", "se", "zh_tw", "zh", "zh_cn", "tr", "hr", "ca" ], "deprecated": false, "autowired": false, "secret": false, "defaultValue": "en", "configurationClass": "org.apache.camel.component.weather.WeatherConfiguration", "configurationField": "configuration", "description": "Language of the response." },
    "mode": { "kind": "parameter", "displayName": "Mode", "group": "common", "label": "", "required": false, "type": "object", "javaType": "org.apache.camel.component.weather.WeatherMode", "enum": [ "HTML", "JSON", "XML" ], "deprecated": false, "autowired": false, "secret": false, "defaultValue": "JSON", "configurationClass": "org.apache.camel.component.weather.WeatherConfiguration", "configurationField": "configuration", "description": "The output format of the weather data." },
    "period": { "kind": "parameter", "displayName": "Period", "group": "common", "label": "", "required": false, "type": "string", "javaType": "java.lang.String", "deprecated": false, "autowired": false, "secret": false, "configurationClass": "org.apache.camel.component.weather.WeatherConfiguration", "configurationField": "configuration", "description": "If null, the current weather will be returned, else use values of 5, 7, 14 days. Only the numeric value for the forecast period is actually parsed, so spelling, capitalisation of the time period is up to you (its ignored)" },
    "units": { "kind": "parameter", "displayName": "Units", "group": "common", "label": "", "required": false, "type": "object", "javaType": "org.apache.camel.component.weather.WeatherUnits", "enum": [ "IMPERIAL", "METRIC" ], "deprecated": false, "autowired": false, "secret": false, "configurationClass": "org.apache.camel.component.weather.WeatherConfiguration", "configurationField": "configuration", "description": "The units for temperature measurement." },
    "weatherApi": { "kind": "parameter", "displayName": "Weather Api", "group": "common", "label": "", "required": false, "type": "object", "javaType": "org.apache.camel.component.weather.WeatherApi", "enum": [ "Current", "Station", "Hourly", "Daily" ], "deprecated": false, "autowired": false, "secret": false, "configurationClass": "org.apache.camel.component.weather.WeatherConfiguration", "configurationField": "configuration", "description": "The API to use (current, forecast\/3 hour, forecast daily, station)" },
    "sendEmptyMessageWhenIdle": { "kind": "parameter", "displayName": "Send Empty Message When Idle", "group": "consumer", "label": "consumer", "required": false, "type": "boolean", "javaType": "boolean", "deprecated": false, "autowired": false, "secret": false, "defaultValue": false, "description": "If the polling consumer did not poll any files, you can enable this option to send an empty message (no body) instead." },
    "bridgeErrorHandler": { "kind": "parameter", "displayName": "Bridge Error Handler", "group": "consumer (advanced)", "label": "consumer,advanced", "required": false, "type": "boolean", "javaType": "boolean", "deprecated": false, "autowired": false, "secret": false, "defaultValue": false, "description": "Allows for bridging the consumer to the Camel routing Error Handler, which mean any exceptions occurred while the consumer is trying to pickup incoming messages, or the likes, will now be processed as a message and handled by the routing Error Handler. By default the consumer will use the org.apache.camel.spi.ExceptionHandler to deal with exceptions, that will be logged at WARN or ERROR level and ignored." },
    "exceptionHandler": { "kind": "parameter", "displayName": "Exception Handler", "group": "consumer (advanced)", "label": "consumer,advanced", "required": false, "type": "object", "javaType": "org.apache.camel.spi.ExceptionHandler", "optionalPrefix": "consumer.", "deprecated": false, "autowired": false, "secret": false, "description": "To let the consumer use a custom ExceptionHandler. Notice if the option bridgeErrorHandler is enabled then this option is not in use. By default the consumer will deal with exceptions, that will be logged at WARN or ERROR level and ignored." },
    "exchangePattern": { "kind": "parameter", "displayName": "Exchange Pattern", "group": "consumer (advanced)", "label": "consumer,advanced", "required": false, "type": "object", "javaType": "org.apache.camel.ExchangePattern", "enum": [ "InOnly", "InOut", "InOptionalOut" ], "deprecated": false, "autowired": false, "secret": false, "description": "Sets the exchange pattern when the consumer creates an exchange." },
    "pollStrategy": { "kind": "parameter", "displayName": "Poll Strategy", "group": "consumer (advanced)", "label": "consumer,advanced", "required": false, "type": "object", "javaType": "org.apache.camel.spi.PollingConsumerPollStrategy", "deprecated": false, "autowired": false, "secret": false, "description": "A pluggable org.apache.camel.PollingConsumerPollingStrategy allowing you to provide your custom implementation to control error handling usually occurred during the poll operation before an Exchange have been created and being routed in Camel." },
    "lazyStartProducer": { "kind": "parameter", "displayName": "Lazy Start Producer", "group": "producer (advanced)", "label": "producer,advanced", "required": false, "type": "boolean", "javaType": "boolean", "deprecated": false, "autowired": false, "secret": false, "defaultValue": false, "description": "Whether the producer should be started lazy (on the first message). By starting lazy you can use this to allow CamelContext and routes to startup in situations where a producer may otherwise fail during starting and cause the route to fail being started. By deferring this startup to be lazy then the startup failure can be handled during routing messages via Camel's routing error handlers. Beware that when the first message is processed then creating and starting the producer may take a little time and prolong the total processing time of the processing." },
    "geoLocationProvider": { "kind": "parameter", "displayName": "Geo Location Provider", "group": "advanced", "label": "advanced", "required": false, "type": "object", "javaType": "org.apache.camel.component.weather.geolocation.GeoLocationProvider", "deprecated": false, "autowired": false, "secret": false, "configurationClass": "org.apache.camel.component.weather.WeatherConfiguration", "configurationField": "configuration", "description": "A custum geolocation provider to determine the longitude and latitude to use when no location information is set. The default implementaion uses the ipstack API and requires geolocationAccessKey and geolocationRequestHostIP" },
    "httpClient": { "kind": "parameter", "displayName": "Http Client", "group": "advanced", "label": "advanced", "required": false, "type": "object", "javaType": "org.apache.http.impl.client.CloseableHttpClient", "deprecated": false, "autowired": false, "secret": false, "configurationClass": "org.apache.camel.component.weather.WeatherConfiguration", "configurationField": "configuration", "description": "To use an existing configured http client (for example with http proxy)" },
    "cnt": { "kind": "parameter", "displayName": "Cnt", "group": "filter", "label": "filter", "required": false, "type": "integer", "javaType": "java.lang.Integer", "deprecated": false, "autowired": false, "secret": false, "configurationClass": "org.apache.camel.component.weather.WeatherConfiguration", "configurationField": "configuration", "description": "Number of results to be found" },
    "ids": { "kind": "parameter", "displayName": "Ids", "group": "filter", "label": "filter", "required": false, "type": "string", "javaType": "java.lang.String", "deprecated": false, "autowired": false, "secret": false, "configurationClass": "org.apache.camel.component.weather.WeatherConfiguration", "configurationField": "configuration", "description": "List of id's of city\/stations. You can separate multiple ids by comma." },
    "lat": { "kind": "parameter", "displayName": "Lat", "group": "filter", "label": "filter", "required": false, "type": "string", "javaType": "java.lang.String", "deprecated": false, "autowired": false, "secret": false, "configurationClass": "org.apache.camel.component.weather.WeatherConfiguration", "configurationField": "configuration", "description": "Latitude of location. You can use lat and lon options instead of location. For boxed queries this is the bottom latitude." },
    "location": { "kind": "parameter", "displayName": "Location", "group": "filter", "label": "filter", "required": false, "type": "string", "javaType": "java.lang.String", "deprecated": false, "autowired": false, "secret": false, "configurationClass": "org.apache.camel.component.weather.WeatherConfiguration", "configurationField": "configuration", "description": "If null Camel will try and determine your current location using the geolocation of your ip address, else specify the city,country. For well known city names, Open Weather Map will determine the best fit, but multiple results may be returned. Hence specifying and country as well will return more accurate data. If you specify current as the location then the component will try to get the current latitude and longitude and use that to get the weather details. You can use lat and lon options instead of location." },
    "lon": { "kind": "parameter", "displayName": "Lon", "group": "filter", "label": "filter", "required": false, "type": "string", "javaType": "java.lang.String", "deprecated": false, "autowired": false, "secret": false, "configurationClass": "org.apache.camel.component.weather.WeatherConfiguration", "configurationField": "configuration", "description": "Longitude of location. You can use lat and lon options instead of location. For boxed queries this is the left longtitude." },
    "rightLon": { "kind": "parameter", "displayName": "Right Lon", "group": "filter", "label": "filter", "required": false, "type": "string", "javaType": "java.lang.String", "deprecated": false, "autowired": false, "secret": false, "configurationClass": "org.apache.camel.component.weather.WeatherConfiguration", "configurationField": "configuration", "description": "For boxed queries this is the right longtitude. Needs to be used in combination with topLat and zoom." },
    "topLat": { "kind": "parameter", "displayName": "Top Lat", "group": "filter", "label": "filter", "required": false, "type": "string", "javaType": "java.lang.String", "deprecated": false, "autowired": false, "secret": false, "configurationClass": "org.apache.camel.component.weather.WeatherConfiguration", "configurationField": "configuration", "description": "For boxed queries this is the top latitude. Needs to be used in combination with rightLon and zoom." },
    "zip": { "kind": "parameter", "displayName": "Zip", "group": "filter", "label": "filter", "required": false, "type": "string", "javaType": "java.lang.String", "deprecated": false, "autowired": false, "secret": false, "configurationClass": "org.apache.camel.component.weather.WeatherConfiguration", "configurationField": "configuration", "description": "Zip-code, e.g. 94040,us" },
    "zoom": { "kind": "parameter", "displayName": "Zoom", "group": "filter", "label": "filter", "required": false, "type": "integer", "javaType": "java.lang.Integer", "deprecated": false, "autowired": false, "secret": false, "configurationClass": "org.apache.camel.component.weather.WeatherConfiguration", "configurationField": "configuration", "description": "For boxed queries this is the zoom. Needs to be used in combination with rightLon and topLat." },
    "backoffErrorThreshold": { "kind": "parameter", "displayName": "Backoff Error Threshold", "group": "scheduler", "label": "consumer,scheduler", "required": false, "type": "integer", "javaType": "int", "deprecated": false, "autowired": false, "secret": false, "description": "The number of subsequent error polls (failed due some error) that should happen before the backoffMultipler should kick-in." },
    "backoffIdleThreshold": { "kind": "parameter", "displayName": "Backoff Idle Threshold", "group": "scheduler", "label": "consumer,scheduler", "required": false, "type": "integer", "javaType": "int", "deprecated": false, "autowired": false, "secret": false, "description": "The number of subsequent idle polls that should happen before the backoffMultipler should kick-in." },
    "backoffMultiplier": { "kind": "parameter", "displayName": "Backoff Multiplier", "group": "scheduler", "label": "consumer,scheduler", "required": false, "type": "integer", "javaType": "int", "deprecated": false, "autowired": false, "secret": false, "description": "To let the scheduled polling consumer backoff if there has been a number of subsequent idles\/errors in a row. The multiplier is then the number of polls that will be skipped before the next actual attempt is happening again. When this option is in use then backoffIdleThreshold and\/or backoffErrorThreshold must also be configured." },
    "delay": { "kind": "parameter", "displayName": "Delay", "group": "scheduler", "label": "consumer,scheduler", "required": false, "type": "integer", "javaType": "long", "deprecated": false, "autowired": false, "secret": false, "defaultValue": 500, "description": "Milliseconds before the next poll." },
    "greedy": { "kind": "parameter", "displayName": "Greedy", "group": "scheduler", "label": "consumer,scheduler", "required": false, "type": "boolean", "javaType": "boolean", "deprecated": false, "autowired": false, "secret": false, "defaultValue": false, "description": "If greedy is enabled, then the ScheduledPollConsumer will run immediately again, if the previous run polled 1 or more messages." },
    "initialDelay": { "kind": "parameter", "displayName": "Initial Delay", "group": "scheduler", "label": "consumer,scheduler", "required": false, "type": "integer", "javaType": "long", "deprecated": false, "autowired": false, "secret": false, "defaultValue": 1000, "description": "Milliseconds before the first poll starts." },
    "repeatCount": { "kind": "parameter", "displayName": "Repeat Count", "group": "scheduler", "label": "consumer,scheduler", "required": false, "type": "integer", "javaType": "long", "deprecated": false, "autowired": false, "secret": false, "defaultValue": 0, "description": "Specifies a maximum limit of number of fires. So if you set it to 1, the scheduler will only fire once. If you set it to 5, it will only fire five times. A value of zero or negative means fire forever." },
    "runLoggingLevel": { "kind": "parameter", "displayName": "Run Logging Level", "group": "scheduler", "label": "consumer,scheduler", "required": false, "type": "object", "javaType": "org.apache.camel.LoggingLevel", "enum": [ "TRACE", "DEBUG", "INFO", "WARN", "ERROR", "OFF" ], "deprecated": false, "autowired": false, "secret": false, "defaultValue": "TRACE", "description": "The consumer logs a start\/complete log line when it polls. This option allows you to configure the logging level for that." },
    "scheduledExecutorService": { "kind": "parameter", "displayName": "Scheduled Executor Service", "group": "scheduler", "label": "consumer,scheduler", "required": false, "type": "object", "javaType": "java.util.concurrent.ScheduledExecutorService", "deprecated": false, "autowired": false, "secret": false, "description": "Allows for configuring a custom\/shared thread pool to use for the consumer. By default each consumer has its own single threaded thread pool." },
    "scheduler": { "kind": "parameter", "displayName": "Scheduler", "group": "scheduler", "label": "consumer,scheduler", "required": false, "type": "object", "javaType": "java.lang.Object", "deprecated": false, "autowired": false, "secret": false, "defaultValue": "none", "description": "To use a cron scheduler from either camel-spring or camel-quartz component. Use value spring or quartz for built in scheduler" },
    "schedulerProperties": { "kind": "parameter", "displayName": "Scheduler Properties", "group": "scheduler", "label": "consumer,scheduler", "required": false, "type": "object", "javaType": "java.util.Map<java.lang.String, java.lang.Object>", "prefix": "scheduler.", "multiValue": true, "deprecated": false, "autowired": false, "secret": false, "description": "To configure additional properties when using a custom scheduler or any of the Quartz, Spring based scheduler." },
    "startScheduler": { "kind": "parameter", "displayName": "Start Scheduler", "group": "scheduler", "label": "consumer,scheduler", "required": false, "type": "boolean", "javaType": "boolean", "deprecated": false, "autowired": false, "secret": false, "defaultValue": true, "description": "Whether the scheduler should be auto started." },
    "timeUnit": { "kind": "parameter", "displayName": "Time Unit", "group": "scheduler", "label": "consumer,scheduler", "required": false, "type": "object", "javaType": "java.util.concurrent.TimeUnit", "enum": [ "NANOSECONDS", "MICROSECONDS", "MILLISECONDS", "SECONDS", "MINUTES", "HOURS", "DAYS" ], "deprecated": false, "autowired": false, "secret": false, "defaultValue": "MILLISECONDS", "description": "Time unit for initialDelay and delay options." },
    "useFixedDelay": { "kind": "parameter", "displayName": "Use Fixed Delay", "group": "scheduler", "label": "consumer,scheduler", "required": false, "type": "boolean", "javaType": "boolean", "deprecated": false, "autowired": false, "secret": false, "defaultValue": true, "description": "Controls if fixed delay or fixed rate is used. See ScheduledExecutorService in JDK for details." },
    "geolocationAccessKey": { "kind": "parameter", "displayName": "Geolocation Access Key", "group": "security", "label": "security", "required": true, "type": "string", "javaType": "java.lang.String", "deprecated": false, "deprecationNote": "", "autowired": false, "secret": false, "configurationClass": "org.apache.camel.component.weather.WeatherConfiguration", "configurationField": "configuration", "description": "The geolocation service now needs an accessKey to be used" },
    "geolocationRequestHostIP": { "kind": "parameter", "displayName": "Geolocation Request Host IP", "group": "security", "label": "security", "required": true, "type": "string", "javaType": "java.lang.String", "deprecated": false, "deprecationNote": "", "autowired": false, "secret": false, "configurationClass": "org.apache.camel.component.weather.WeatherConfiguration", "configurationField": "configuration", "description": "The geolocation service now needs to specify the IP associated to the accessKey you're using" }
  }
}
