{
  "component": {
    "kind": "component",
    "name": "xslt-saxon",
    "title": "XSLT Saxon",
    "description": "Transform XML payloads using an XSLT template using Saxon.",
    "deprecated": false,
    "firstVersion": "3.0.0",
    "label": "core,transformation",
    "javaType": "org.apache.camel.component.xslt.saxon.XsltSaxonComponent",
    "supportLevel": "Stable",
    "groupId": "org.apache.camel",
    "artifactId": "camel-xslt-saxon",
    "version": "3.19.0-SNAPSHOT",
    "scheme": "xslt-saxon",
    "extendsScheme": "",
    "syntax": "xslt-saxon:resourceUri",
    "async": false,
    "api": false,
    "consumerOnly": false,
    "producerOnly": true,
    "lenientProperties": false
  },
  "componentProperties": {
    "contentCache": { "kind": "property", "displayName": "Content Cache", "group": "producer", "label": "", "required": false, "type": "boolean", "javaType": "boolean", "deprecated": false, "autowired": false, "secret": false, "defaultValue": true, "description": "Cache for the resource content (the stylesheet file) when it is loaded. If set to false Camel will reload the stylesheet file on each message processing. This is good for development. A cached stylesheet can be forced to reload at runtime via JMX using the clearCachedStylesheet operation." },
    "lazyStartProducer": { "kind": "property", "displayName": "Lazy Start Producer", "group": "producer", "label": "producer", "required": false, "type": "boolean", "javaType": "boolean", "deprecated": false, "autowired": false, "secret": false, "defaultValue": false, "description": "Whether the producer should be started lazy (on the first message). By starting lazy you can use this to allow CamelContext and routes to startup in situations where a producer may otherwise fail during starting and cause the route to fail being started. By deferring this startup to be lazy then the startup failure can be handled during routing messages via Camel's routing error handlers. Beware that when the first message is processed then creating and starting the producer may take a little time and prolong the total processing time of the processing." },
    "autowiredEnabled": { "kind": "property", "displayName": "Autowired Enabled", "group": "advanced", "label": "advanced", "required": false, "type": "boolean", "javaType": "boolean", "deprecated": false, "autowired": false, "secret": false, "defaultValue": true, "description": "Whether autowiring is enabled. This is used for automatic autowiring options (the option must be marked as autowired) by looking up in the registry to find if there is a single instance of matching type, which then gets configured on the component. This can be used for automatic configuring JDBC data sources, JMS connection factories, AWS Clients, etc." },
    "saxonConfiguration": { "kind": "property", "displayName": "Saxon Configuration", "group": "advanced", "label": "advanced", "required": false, "type": "object", "javaType": "net.sf.saxon.Configuration", "deprecated": false, "autowired": false, "secret": false, "description": "To use a custom Saxon configuration" },
    "saxonConfigurationProperties": { "kind": "property", "displayName": "Saxon Configuration Properties", "group": "advanced", "label": "advanced", "required": false, "type": "object", "javaType": "java.util.Map<java.lang.String, java.lang.Object>", "deprecated": false, "autowired": false, "secret": false, "description": "To set custom Saxon configuration properties" },
    "saxonExtensionFunctions": { "kind": "property", "displayName": "Saxon Extension Functions", "group": "advanced", "label": "advanced", "required": false, "type": "string", "javaType": "java.lang.String", "deprecated": false, "autowired": false, "secret": false, "description": "Allows you to use a custom net.sf.saxon.lib.ExtensionFunctionDefinition. You would need to add camel-saxon to the classpath. The function is looked up in the registry, where you can comma to separate multiple values to lookup." },
    "secureProcessing": { "kind": "property", "displayName": "Secure Processing", "group": "advanced", "label": "advanced", "required": false, "type": "boolean", "javaType": "boolean", "deprecated": false, "autowired": false, "secret": false, "defaultValue": true, "description": "Feature for XML secure processing (see javax.xml.XMLConstants). This is enabled by default. However, when using Saxon Professional you may need to turn this off to allow Saxon to be able to use Java extension functions." },
    "transformerFactoryClass": { "kind": "property", "displayName": "Transformer Factory Class", "group": "advanced", "label": "advanced", "required": false, "type": "string", "javaType": "java.lang.String", "deprecated": false, "autowired": false, "secret": false, "description": "To use a custom XSLT transformer factory, specified as a FQN class name" },
    "transformerFactoryConfigurationStrategy": { "kind": "property", "displayName": "Transformer Factory Configuration Strategy", "group": "advanced", "label": "advanced", "required": false, "type": "object", "javaType": "org.apache.camel.component.xslt.TransformerFactoryConfigurationStrategy", "deprecated": false, "autowired": false, "secret": false, "description": "A configuration strategy to apply on freshly created instances of TransformerFactory." },
    "uriResolver": { "kind": "property", "displayName": "Uri Resolver", "group": "advanced", "label": "advanced", "required": false, "type": "object", "javaType": "javax.xml.transform.URIResolver", "deprecated": false, "autowired": false, "secret": false, "description": "To use a custom UriResolver. Should not be used together with the option 'uriResolverFactory'." },
    "uriResolverFactory": { "kind": "property", "displayName": "Uri Resolver Factory", "group": "advanced", "label": "advanced", "required": false, "type": "object", "javaType": "org.apache.camel.component.xslt.XsltUriResolverFactory", "deprecated": false, "autowired": false, "secret": false, "description": "To use a custom UriResolver which depends on a dynamic endpoint resource URI. Should not be used together with the option 'uriResolver'." }
  },
  "properties": {
    "resourceUri": { "kind": "path", "displayName": "Resource Uri", "group": "producer", "label": "", "required": true, "type": "string", "javaType": "java.lang.String", "deprecated": false, "deprecationNote": "", "autowired": false, "secret": false, "description": "Path to the template. The following is supported by the default URIResolver. You can prefix with: classpath, file, http, ref, or bean. classpath, file and http loads the resource using these protocols (classpath is default). ref will lookup the resource in the registry. bean will call a method on a bean to be used as the resource. For bean you can specify the method name after dot, eg bean:myBean.myMethod" },
    "allowStAX": { "kind": "parameter", "displayName": "Allow StAX", "group": "producer", "label": "", "required": false, "type": "boolean", "javaType": "boolean", "deprecated": false, "autowired": false, "secret": false, "defaultValue": true, "description": "Whether to allow using StAX as the javax.xml.transform.Source. You can enable this if the XSLT library supports StAX such as the Saxon library (camel-saxon). The Xalan library (default in JVM) does not support StAXSource." },
    "contentCache": { "kind": "parameter", "displayName": "Content Cache", "group": "producer", "label": "", "required": false, "type": "boolean", "javaType": "boolean", "deprecated": false, "autowired": false, "secret": false, "defaultValue": true, "description": "Cache for the resource content (the stylesheet file) when it is loaded. If set to false Camel will reload the stylesheet file on each message processing. This is good for development. A cached stylesheet can be forced to reload at runtime via JMX using the clearCachedStylesheet operation." },
    "deleteOutputFile": { "kind": "parameter", "displayName": "Delete Output File", "group": "producer", "label": "", "required": false, "type": "boolean", "javaType": "boolean", "deprecated": false, "autowired": false, "secret": false, "defaultValue": false, "description": "If you have output=file then this option dictates whether or not the output file should be deleted when the Exchange is done processing. For example suppose the output file is a temporary file, then it can be a good idea to delete it after use." },
    "failOnNullBody": { "kind": "parameter", "displayName": "Fail On Null Body", "group": "producer", "label": "", "required": false, "type": "boolean", "javaType": "boolean", "deprecated": false, "autowired": false, "secret": false, "defaultValue": true, "description": "Whether or not to throw an exception if the input body is null." },
    "output": { "kind": "parameter", "displayName": "Output", "group": "producer", "label": "", "required": false, "type": "object", "javaType": "org.apache.camel.component.xslt.XsltOutput", "enum": [ "string", "bytes", "DOM", "file" ], "deprecated": false, "autowired": false, "secret": false, "defaultValue": "string", "description": "Option to specify which output type to use. Possible values are: string, bytes, DOM, file. The first three options are all in memory based, where as file is streamed directly to a java.io.File. For file you must specify the filename in the IN header with the key XsltConstants.XSLT_FILE_NAME which is also CamelXsltFileName. Also any paths leading to the filename must be created beforehand, otherwise an exception is thrown at runtime." },
    "transformerCacheSize": { "kind": "parameter", "displayName": "Transformer Cache Size", "group": "producer", "label": "", "required": false, "type": "integer", "javaType": "int", "deprecated": false, "autowired": false, "secret": false, "defaultValue": 0, "description": "The number of javax.xml.transform.Transformer object that are cached for reuse to avoid calls to Template.newTransformer()." },
    "lazyStartProducer": { "kind": "parameter", "displayName": "Lazy Start Producer", "group": "producer (advanced)", "label": "producer,advanced", "required": false, "type": "boolean", "javaType": "boolean", "deprecated": false, "autowired": false, "secret": false, "defaultValue": false, "description": "Whether the producer should be started lazy (on the first message). By starting lazy you can use this to allow CamelContext and routes to startup in situations where a producer may otherwise fail during starting and cause the route to fail being started. By deferring this startup to be lazy then the startup failure can be handled during routing messages via Camel's routing error handlers. Beware that when the first message is processed then creating and starting the producer may take a little time and prolong the total processing time of the processing." },
    "entityResolver": { "kind": "parameter", "displayName": "Entity Resolver", "group": "advanced", "label": "advanced", "required": false, "type": "object", "javaType": "org.xml.sax.EntityResolver", "deprecated": false, "autowired": false, "secret": false, "description": "To use a custom org.xml.sax.EntityResolver with javax.xml.transform.sax.SAXSource." },
    "errorListener": { "kind": "parameter", "displayName": "Error Listener", "group": "advanced", "label": "advanced", "required": false, "type": "object", "javaType": "javax.xml.transform.ErrorListener", "deprecated": false, "autowired": false, "secret": false, "description": "Allows to configure to use a custom javax.xml.transform.ErrorListener. Beware when doing this then the default error listener which captures any errors or fatal errors and store information on the Exchange as properties is not in use. So only use this option for special use-cases." },
    "resultHandlerFactory": { "kind": "parameter", "displayName": "Result Handler Factory", "group": "advanced", "label": "advanced", "required": false, "type": "object", "javaType": "org.apache.camel.component.xslt.ResultHandlerFactory", "deprecated": false, "autowired": false, "secret": false, "description": "Allows you to use a custom org.apache.camel.builder.xml.ResultHandlerFactory which is capable of using custom org.apache.camel.builder.xml.ResultHandler types." },
    "saxonConfiguration": { "kind": "parameter", "displayName": "Saxon Configuration", "group": "advanced", "label": "advanced", "required": false, "type": "object", "javaType": "net.sf.saxon.Configuration", "deprecated": false, "autowired": false, "secret": false, "description": "To use a custom Saxon configuration" },
    "saxonExtensionFunctions": { "kind": "parameter", "displayName": "Saxon Extension Functions", "group": "advanced", "label": "advanced", "required": false, "type": "string", "javaType": "java.lang.String", "deprecated": false, "autowired": false, "secret": false, "description": "Allows you to use a custom net.sf.saxon.lib.ExtensionFunctionDefinition. You would need to add camel-saxon to the classpath. The function is looked up in the registry, where you can comma to separate multiple values to lookup." },
    "secureProcessing": { "kind": "parameter", "displayName": "Secure Processing", "group": "advanced", "label": "advanced", "required": false, "type": "boolean", "javaType": "boolean", "deprecated": false, "autowired": false, "secret": false, "defaultValue": true, "description": "Feature for XML secure processing (see javax.xml.XMLConstants). This is enabled by default. However, when using Saxon Professional you may need to turn this off to allow Saxon to be able to use Java extension functions." },
    "transformerFactory": { "kind": "parameter", "displayName": "Transformer Factory", "group": "advanced", "label": "advanced", "required": false, "type": "object", "javaType": "javax.xml.transform.TransformerFactory", "deprecated": false, "autowired": false, "secret": false, "description": "To use a custom XSLT transformer factory" },
    "transformerFactoryClass": { "kind": "parameter", "displayName": "Transformer Factory Class", "group": "advanced", "label": "advanced", "required": false, "type": "string", "javaType": "java.lang.String", "deprecated": false, "autowired": false, "secret": false, "description": "To use a custom XSLT transformer factory, specified as a FQN class name" },
    "transformerFactoryConfigurationStrategy": { "kind": "parameter", "displayName": "Transformer Factory Configuration Strategy", "group": "advanced", "label": "advanced", "required": false, "type": "object", "javaType": "org.apache.camel.component.xslt.TransformerFactoryConfigurationStrategy", "deprecated": false, "autowired": false, "secret": false, "description": "A configuration strategy to apply on freshly created instances of TransformerFactory." },
    "uriResolver": { "kind": "parameter", "displayName": "Uri Resolver", "group": "advanced", "label": "advanced", "required": false, "type": "object", "javaType": "javax.xml.transform.URIResolver", "deprecated": false, "autowired": false, "secret": false, "description": "To use a custom javax.xml.transform.URIResolver" }
  }
}
